data,assunto,veiculo,link,eixo_institucional,abrangencia,campus,origem,tipo_mencao
2025-12-29,minidocumentário - Institutos Federais,Portal do IFTM,https://iftm.edu.br/noticias/2025/12/29/em-celebracao-a-data-de-instituicao-da-rede-federal-de-epct-conif-lanca-documentario,Institucional,Imprensa Local,Reitoria (Salvador),curadoria_dicom,correta
2025-12-26,ConcursoProfessor Substituto,Agência Sertão,https://agenciasertao.com/2025/12/26/processos-seletivos-do-if-baiano-ofertam-vagas-para-professores-em-duas-cidades/,Gestão e RH,Imprensa Local,Guanambi,curadoria_dicom,correta
2025-12-24,Concurso Professor Substituto,Qconcursos,https://folha.qconcursos.com/n/if-baiano-publica-edital-de-processo-seletivo-para-o-campus-de-itaberaba,Gestão e RH,Especializados (Nichos),Itaberaba,curadoria_dicom,correta
2025-12-24,ConcursoProfessorSubstituto,Itaberaba Notícias,https://www.itaberabanoticias.com.br/emprego/if-baiano-publica-edital-de-processo-seletivo-para-o-campus-de-itaberaba,Gestão e RH,Imprensa Local,Itaberaba,curadoria_dicom,correta
2025-12-24,Concurso Professor Substituto,O Tempo,https://www.otempo.com.br/emprego-e-concursos/2025/12/24/concurso-ifbaiano-inscricoes-para-professor-ate-no-proximo-domingo-28-salarios-ate-r-805829,Gestão e RH,Imprensa (Nacional),Itaberaba,curadoria_dicom,correta
2025-12-24,Concurso Professor Substituto,Pci Concursos,https://www.pciconcursos.com.br/noticias/if-baiano-publica-edital-de-processo-seletivo-para-o-campus-de-itaberaba,Gestão e RH,Especializados (Nichos),Itaberaba,curadoria_dicom,correta
2025-12-23,Sisu,Forte na Notícia,https://fortenanoticia.com.br/if-baiano-ira-ofertar-mais-de-mil-vagas-em-cursos-superiores-pelo-sisu/,Ensino,Imprensa Local,Reitoria (Salvador),curadoria_dicom,correta
2025-12-23,Sisu,Acorda Cidade,https://www.acordacidade.com.br/educacao/if-baiano-ira-ofertar-mais-de-mil-vagas-em-cursos-superiores-pelo-sisu/,Ensino,Imprensa Regional (Bahia),Reitoria (Salvador),curadoria_dicom,correta
2025-12-22,ConcursoProfessorSubstituto,Agência Sertão,https://agenciasertao.com/2025/12/22/if-baiano-abre-selecao-para-professor-substituto-em-guanambi-3/,Gestão e RH,Imprensa Local,Guanambi,curadoria_dicom,correta
2025-12-22,Concurso professor substituto,Portal NE9,https://ne9.com.br/nordeste-tem-quase-4-mil-vagas-em-concursos-com-inscricoes-abertas/,Gestão e RH,Imprensa Local,Reitoria (Salvador),curadoria_dicom,correta
2025-12-22,Evento da prefeitura de Valença,valencaagora.com,https://valencaagora.com/com-foco-no-fortalecimento-rural-secretaria-de-agricultura-de-valenca-apresenta-balanco-das-acoes/,Extensão,Imprensa Local,Valença,curadoria_dicom,correta
2025-12-18,Sisu 2026,Blog do Eloilton Cajuhy,https://blogdoeloiltoncajuhy.com.br/site/if-baiano-de-bonfim-vai-ofertar-vagas-pelo-sisu-em-2026/,Ensino,Imprensa Local,Reitoria (Salvador),curadoria_dicom,correta
2025-12-18,Sisu 2026,Blog do Banana,https://ricardobanana.com.br/if-baiano-vai-ofertar-mais-de-mil-vagas-no-sisu-2026/,Ensino,Imprensa Local,Reitoria (Salvador),curadoria_dicom,correta
2025-12-18,Sisu 2026,Taktá no ar,https://takta.com.br/ultimas-noticias/if-baiano-oferece-1-009-vagas-em-cursos-superiores-pelo-sisu-2026/,Ensino,Imprensa Local,Reitoria (Salvador),curadoria_dicom,correta
2025-12-18,Sisu 2026,Notícias da Lapa,https://www.bomjesusdalapanoticias.com.br/bom-jesus-da-lapa/if-baiano-vai-ofertar-mais-de-mil-vagas-pelo-sisu-2026-em-bom-jesus-da-lapa-e-outras-10-cidades-da-bahia/,Ensino,Imprensa Local,Reitoria (Salvador),curadoria_dicom,correta
2025-12-18,Sisu 2026,Correio,https://www.correio24horas.com.br/minha-bahia/if-baiano-abre-mais-de-mil-vagas-em-cursos-superiores-pelo-sisu-saiba-como-se-candidatar-1225,Ensino,Imprensa Regional (Bahia),Reitoria (Salvador),curadoria_dicom,correta
2025-12-18,Sisu 2026,Fala você,https://www.falavoce.com.br/noticias/3317-2025/12/18/if-baiano-oferece-mais-de-mil-vagas-pelo-sisu-2026-inclusive-em-guanambi,Ensino,Imprensa Local,Reitoria (Salvador),curadoria_dicom,correta
2025-12-17,Sisu 2026,A Noticia do Vale,https://anoticiadovale.com/2025/12/17/if-baiano-ira-ofertar-mais-de-mil-vagas-em-cursos-superiores-pelo-sisu/,Ensino,Imprensa Local,Reitoria (Salvador),curadoria_dicom,correta
2025-12-17,Sisu 2026,A tarde,https://atarde.com.br/concursos/if-baiano-abre-inscricoes-para-mais-de-mil-vagas-pelo-sisu-em-2026-1372745,Ensino,Imprensa Regional (Bahia),Reitoria (Salvador),curadoria_dicom,correta
2025-12-17,Sisu 2026,Blog do Valente,https://blogdovalente.com.br/destaque/2025/12/if-baiano-oferta-mais-de-mil-vagas-pelo-sisu-para-ingresso-em-2026/,Ensino,Imprensa Local,Reitoria (Salvador),curadoria_dicom,correta
2025-12-17,Sisu 2026,Daily Nerd,https://dailynerd.com.br/noticias/if-baiano-oferecera-mais-de-mil-vagas-pelo-sisu-em-2026-confira-a-cidade/338454/,Ensino,Imprensa Local,Reitoria (Salvador),curadoria_dicom,correta
2025-12-17,Sisu 2026,G1,https://g1.globo.com/ba/bahia/noticia/2025/12/17/vagas-if-baiano-sisu.ghtml,Ensino,Imprensa (Nacional),Reitoria (Salvador),curadoria_dicom,correta
2025-12-17,Sisu 2026,Grupo Lomes de Comunicação,https://glomes.com.br/if-baiano-vai-ofertar-mais-de-mil-vagas-pelo-sisu-em-2026-confira-cidades/,Ensino,Imprensa Local,Reitoria (Salvador),curadoria_dicom,correta
2025-12-17,Sisu 2026,T Notícias,https://glomes.com.br/if-baiano-vai-ofertar-mais-de-mil-vagas-pelo-sisu-em-2026-confira-cidades/?b=21,Ensino,Imprensa Local,Reitoria (Salvador),curadoria_dicom,correta
2025-12-17,Sisu 2026,InfoSaj,https://infosaj.com.br/if-baiano-vai-ofertar-mais-de-mil-vagas-pelo-sisu-em-2026-oportunidades-sao-para-cidades-do-interior-da-bahia/,Ensino,Imprensa Local,Reitoria (Salvador),curadoria_dicom,correta
2025-12-17,Sisu 2026,Itamaraju Notícias,https://itamarajunoticias.com.br/editorial/bahia/if-baiano-abre-inscricoes-para-mais-de-mil-vagas-pelo-sisu-em-2026/,Ensino,Imprensa Local,Reitoria (Salvador),curadoria_dicom,correta
2025-12-17,Sisu 2026,Pimenta Blog,https://pimenta.blog.br/2025/12/17/sisu-if-baiano-vai-ofertar-mil-vagas-em-cursos-de-graduacao-em-urucuca-e-outros-10-campi/,Ensino,Imprensa Local,Reitoria (Salvador),curadoria_dicom,correta
2025-12-17,Sisu 2026,Alta Pressão Online,https://www.apo.com.br/noticia/educacao/if-baiano-ira-ofertar-mais-de-mil-vagas-em-cursos-superiores-pelo-sisu/,Ensino,Imprensa Local,Reitoria (Salvador),curadoria_dicom,correta
2025-12-17,Sisu 2026,iBahia,https://www.ibahia.com/noticias/educacao/if-baiano-vai-ofertar-mais-de-mil-vagas-pelo-sisu-em-2026-confira-349484,Ensino,Imprensa Regional (Bahia),Reitoria (Salvador),curadoria_dicom,correta
2025-12-17,Sisu 2026,Tomba FM,https://www.radiotombafmparatinga.com.br/news-if-baiano-vai-ofertar-mais-de-mil-vagas-pelo-sisu-em-2026-confira-cidades,Ensino,Imprensa Local,Reitoria (Salvador),curadoria_dicom,correta
2025-12-16,IF Baiano vai ofertar mais de mil vagas pelo Sisu em 2026; confira cidades,Mídia Externa,http://www.bing.com/news/apiclick.aspx?ref=FexRss&aid=&tid=69fb4c49b4064377b6c35f27f864062d&url=https%3a%2f%2fg1.globo.com%2fba%2fbahia%2fnoticia%2f2025%2f12%2f17%2fvagas-if-baiano-sisu.ghtml&c=7800408758524813655&mkt=en-us,Gestão e RH,Imprensa Local,Geral / Não Especificado,busca_automatica,correta
2025-12-16,Sisu 2026,iPolítica,https://ipolitica.blog.br/if-baiano-vai-ofertar-mais-de-mil-vagas-em-cursos-superiores-pelo-sisu/,Ensino,Imprensa Local,Reitoria (Salvador),curadoria_dicom,correta
2025-12-16,Sisu 2026,Relata Bahia,https://relatabahia.com.br/noticia/591/if-baiano-oferece-1-009-vagas-em-cursos-superiores-pelo-sisu-2026-inscricoes-em-janeiro/amp,Ensino,Imprensa Local,Reitoria (Salvador),curadoria_dicom,correta
2025-12-16,15 anos do Campus Lapa,Notícias da Lapa,https://www.bomjesusdalapanoticias.com.br/bom-jesus-da-lapa/164657/,Institucional,Imprensa Local,Bom Jesus da Lapa,curadoria_dicom,correta
2025-12-15,Mestrado ProfEPT,Info Educação,https://infoeducacao.com.br/profept-2026-mestrado-profissional-gratuito-em-educacao-profissional-e-tecnologica-abre-769-vagas/,Institucional,Especializados (Nichos),Catu,curadoria_dicom,correta
2025-12-15,Mestrado ProfEPT,Hora Brasil,https://www.horabrasil.com.br/2025/12/15/profept-2026-mestrado-profissional-gratuito-em-educacao-profissional-e-tecnologica-abre-769-vagas/,Institucional,Imprensa Local,Catu,curadoria_dicom,correta
2025-12-12,Novo diretor geral,Sudoeste Acontece,https://sudoesteacontece.com.br/?p=3841,Institucional,Imprensa Local,Guanambi,curadoria_dicom,correta
2025-12-11,IF Baiano abre seleção para professor substituto de Informática em Guanambi,Folha Dirigida,https://folha.qconcursos.com/n/if-baiano-publica-edital-de-processo-seletivo-para-o-campus-de-guanambi,Gestão e RH,Imprensa (Nacional),Guanambi,busca_automatica,correta
2025-12-11,Novo diretor geral,Fala você,https://www.falavoce.com.br/noticias/3221-2025/12/10/if-baiano-de-guanambi-elege-novo-diretor-ariomar-rodrigues-comemora-vitoria-e-fala-sobre-planos-para-gestao,Institucional,Imprensa Local,Guanambi,curadoria_dicom,correta
2025-12-11,IF Baiano publica edital de Processo Seletivo para o campus de Guanambi,PCI Concursos,https://www.pciconcursos.com.br/noticias/if-baiano-publica-edital-de-processo-seletivo-para-o-campus-de-guanambi,Gestão e RH,Especializados (Nichos),Guanambi,busca_automatica,correta
2025-12-11,Mestrado em ciências ambientais,Tribuna da Bahia,https://www.trbn.com.br/materia/I144578/if-baiano-lanca-edital-para-mestrado-profissional-em-ciencias-ambientais,Pesquisa,Imprensa Regional (Bahia),Reitoria (Salvador),curadoria_dicom,correta
2025-12-10,Professor Ariomar Rodrigues foi eleito diretor-geral do IF Baiano Campus Guanambi,Agência Sertão,https://agenciasertao.com/2025/12/10/professor-ariomar-rodrigues-foi-eleito-diretor-geral-do-if-baiano-campus-guanambi/,Gestão e RH,Imprensa Local,Guanambi,busca_automatica,correta
2025-12-10,Professora Ozenice Silva foi eleita nova reitora do IF Baiano,Agência Sertão,https://agenciasertao.com/2025/12/10/professora-ozenice-silva-foi-eleita-nova-reitora-do-if-baiano/,Gestão e RH,Imprensa Local,Geral / Não Especificado,busca_automatica,correta
2025-12-10,Professor substituto – Informática,A Tarde,https://atarde.com.br/concursos/instituto-abre-para-vaga-de-professor-com-salario-de-mais-de-r-8-mil-1371842,Gestão e RH,Imprensa Regional (Bahia),Guanambi,curadoria_dicom,correta
2025-12-10,Professor substituto – Informática,Concursos no Brasil,https://concursosnobrasil.com/concursos/ba/2025/12/10/if-baiano-divulga-novo-edital-com-vaga-para-profissionais-docentes/,Gestão e RH,Especializados (Nichos),Guanambi,curadoria_dicom,correta
2025-12-10,Processo Seletivo IFBAIANO abre vaga de até R$ 8.058,Ache Concursos,https://www.acheconcursos.com.br/concursos-bahia/processo-seletivo-ifbaiano-abre-vagas-guanambi-86158,Gestão e RH,Especializados (Nichos),Geral / Não Especificado,busca_automatica,correta
2025-12-05,Novo curso superior em Engenharia Florestal,A Tarde,https://atarde.com.br/fenagro/bahia-ganha-novo-curso-superior-e-reforca-metas-de-sustentabilidade-ao-lado-da-abaf-1371317,Ensino,Imprensa Regional (Bahia),Teixeira de Freitas,curadoria_dicom,correta
2025-12-05,"Concurso IFBAIANO: inscrições para professor até na próxima terça-feira (9); salários até R$ 8.058,29",O TEMPO,https://www.otempo.com.br/emprego-e-concursos/2025/12/5/concurso-ifbaiano-inscricoes-para-professor-ate-na-proxima-terca-feira-9-salarios-ate-r-805829,Gestão e RH,Imprensa (Nacional),Geral / Não Especificado,busca_automatica,correta
2025-12-04,Bioluz: projeto de estudantes,Interior da Bahia,https://interiordabahia.com.br/2025/12/04/bioluz-estudantes-de-alagoinhas-criam-prototipo-que-gera-energia-atraves-do-solo/,Ensino,Imprensa Local,Alagoinhas,curadoria_dicom,correta
2025-12-03,Medalhistas nas Olimpíadas de Ciências,Agência Sertão,https://agenciasertao.com/2025/12/03/estudantes-do-if-baiano-em-guanambi-conquistaram-medalhas-na-olimpiada-nacional-de-ciencias/,Pesquisa,Imprensa Local,Guanambi,curadoria_dicom,correta
2025-12-03,Novo curso superior em Engenharia Florestal,A Tarde,https://atarde.com.br/fenagro/abaf-anuncia-convenio-plantio-de-200-arvores-e-novos-projetos-na-fenagro-2025-1370952,Ensino,Imprensa Regional (Bahia),Teixeira de Freitas,curadoria_dicom,correta
2025-12-03,Seleção de professor substituto,QConcursos,https://folha.qconcursos.com/n/if-baiano-publica-edital-de-processo-seletivo-para-o-campus-de-teixeira-de-freitas,Gestão e RH,Especializados (Nichos),Teixeira de Freitas,curadoria_dicom,correta
2025-12-03,Professor substituto,O Tempo Concursos,https://www.otempo.com.br/emprego-e-concursos/2025/12/3/concurso-ifbaiano-inscricoes-para-professor-ate-no-proximo-domingo-7-salarios-ate-r-805829,Gestão e RH,Imprensa (Nacional),Teixeira de Freitas,curadoria_dicom,correta
2025-12-03,Seleção de professor substituto,PCI Concursos,https://www.pciconcursos.com.br/noticias/if-baiano-publica-edital-de-processo-seletivo-para-o-campus-de-teixeira-de-freitas,Gestão e RH,Especializados (Nichos),Teixeira de Freitas,curadoria_dicom,correta
2025-12-02,IF Baiano divulga edital para Professor Substituto com graduação e licenciatura,Concursos no Brasil,https://concursosnobrasil.com/concursos/ba/2025/12/02/if-baiano-divulga-edital-para-professor-substituto-com-graduacao-e-licenciatura/,Gestão e RH,Especializados (Nichos),Geral / Não Especificado,busca_automatica,correta
2025-12-02,Seleção de professor substituto,Ache Concursos,https://www.acheconcursos.com.br/concursos-bahia/processo-seletivo-ifbaiano-abre-vagas-teixeira-freitas-85932,Gestão e RH,Especializados (Nichos),Teixeira de Freitas,curadoria_dicom,correta
2025-12-02,Bioluz: projeto de estudantes,Correio,https://www.correio24horas.com.br/bahia/bioluz-estudantes-de-alagoinhas-criam-protipo-que-gera-energia-atraves-do-solo-1225,Ensino,Imprensa Regional (Bahia),Alagoinhas,curadoria_dicom,correta
2025-12-01,Eleições IF Baiano,valencaagora.com,https://valencaagora.com/diretoria-geral-do-if-baiano-campus-valenca-tem-dois-candidatos-quatro-mulheres-concorrem-a-reitoria-do-instituto/,Institucional,Imprensa Local,Valença,curadoria_dicom,correta
2025-11-29,Dois candidatos disputam direção-geral do IF Baiano em Guanambi para o período 2026–2030,Agência Sertão,https://agenciasertao.com/2025/11/29/dois-candidatos-disputam-direcao-geral-do-if-baiano-em-guanambi-para-o-periodo-2026-2030/,Institucional,Imprensa Local,Guanambi,busca_automatica,correta
2025-11-27,IF Baiano abriu processos seletivos para professores em Guanambi e Bom Jesus da Lapa,Agência Sertão,https://agenciasertao.com/2025/11/27/if-baiano-abriu-processos-seletivos-para-professores-em-guanambi-e-bom-jesus-da-lapa/,Gestão e RH,Imprensa Local,Bom Jesus da Lapa,busca_automatica,correta
2025-11-27,IF Baiano abre seleção para professores substitutos em Bom Jesus da Lapa e Guanambi,Notícias da Lapa,https://www.bomjesusdalapanoticias.com.br/bom-jesus-da-lapa/if-baiano-abre-selecao-para-professores-substitutos-em-bom-jesus-da-lapa-e-guanambi/,Gestão e RH,Imprensa Local,Bom Jesus da Lapa,busca_automatica,correta
2025-11-26,Professor Substituto,QConcursos,https://folha.qconcursos.com/n/if-baiano-abre-dois-processos-seletivos-para-professor-substituto-no-campus-guanambi,Gestão e RH,Especializados (Nichos),Guanambi,curadoria_dicom,correta
2025-11-26,IF Baiano abre seleção para Professor Substituto em Letras no Campus Bom Jesus da Lapa,Folha Dirigida,https://folha.qconcursos.com/n/if-baiano-publica-edital-de-processo-seletivo-para-o-campus-de-bom-jesus-da-lapa,Gestão e RH,Imprensa (Nacional),Bom Jesus da Lapa,busca_automatica,correta
2025-11-26,IF Baiano abre dois Processos Seletivos para Professor Substituto no Campus Guanambi,PCI Concursos,https://www.pciconcursos.com.br/noticias/if-baiano-abre-dois-processos-seletivos-para-professor-substituto-no-campus-guanambi,Gestão e RH,Especializados (Nichos),Guanambi,busca_automatica,correta
2025-11-26,Professor Substituto,PCI Concursos,https://www.pciconcursos.com.br/noticias/if-baiano-publica-edital-de-processo-seletivo-para-o-campus-de-bom-jesus-da-lapa,Gestão e RH,Especializados (Nichos),Bom Jesus da Lapa,curadoria_dicom,correta
2025-11-25,Cursos fic,Info Educação,https://infoeducacao.com.br/if-baiano-abre-vagas-em-cursos-gratuitos-de-qualificacao-profissional/,Ensino,Especializados (Nichos),Governador Mangabeira,curadoria_dicom,correta
2025-11-25,Professor substituto,Ache concursos,https://www.acheconcursos.com.br/concursos-bahia/processo-seletivo-if-baiano-abre-vagas-professor-substituto-duas-areas-85738,Gestão e RH,Especializados (Nichos),Guanambi,curadoria_dicom,correta
2025-11-25,Professor substituto,O tempo,https://www.otempo.com.br/emprego-e-concursos/2025/11/12/concurso-ifbaiano-inscricoes-para-professor-ate-no-proximo-domingo-16-salarios-ate-r-805829,Gestão e RH,Imprensa (Nacional),Geral / Não Especificado,curadoria_dicom,correta
2025-11-24,Seleção Professor Substituto,A tarde,https://atarde.com.br/concursos/if-baiano-tem-oportunidade-de-emprego-com-salario-de-mais-de-r-8-mil-1369757,Gestão e RH,Imprensa Regional (Bahia),Bom Jesus da Lapa,curadoria_dicom,correta
2025-11-24,Seleção Professor Substituto,Ache concursos,https://www.acheconcursos.com.br/concursos-bahia/processo-seletivo-if-baiano-abre-vaga-professor-substituto-bom-jesus-da-lapa-85699,Gestão e RH,Especializados (Nichos),Bom Jesus da Lapa,curadoria_dicom,correta
2025-11-24,IF Baiano divulga processo seletivo com vaga para Bom Jesus da Lapa,Notícias da Lapa,https://www.bomjesusdalapanoticias.com.br/bom-jesus-da-lapa/if-baiano-divulga-processo-seletivo-com-vaga-para-bom-jesus-da-lapa/,Gestão e RH,Imprensa Local,Bom Jesus da Lapa,busca_automatica,correta
2025-11-23,"Quer fazer um curso 100% EAD e gratuito no Instituto Federal? Vagas em informática, vendas e secretaria escolar sem prova e com seleção por ordem de inscrição no IF Baiano",CPG Click Petróleo e Gás,https://clickpetroleoegas.com.br/quer-fazer-um-curso-100-ead-e-gratuito-no-instituto-federal-vagas-em-informatica-vendas-e-secretaria-escolar-sem-prova-e-com-selecao-por-ordem-de-inscricao-no-if-baiano-afch/,Gestão e RH,Imprensa Local,Geral / Não Especificado,busca_automatica,correta
2025-11-23,IF Baiano abre inscrições para cursos técnicos EAD gratuitos em três áreas,Hora Brasil,https://www.horabrasil.com.br/2025/11/23/if-baiano-cursos-tecnicos-ead/,Ensino,Imprensa Local,Geral / Não Especificado,busca_automatica,correta
2025-11-22,Cursos EAD,Pebsp,https://www.pebsp.com/instituto-federal-anuncia-inscricoes-para-3-cursos-tecnicos-ead-gratuitos/,Ensino,Imprensa Local,Geral / Não Especificado,curadoria_dicom,correta
2025-11-17,Cursos fic,Agência Sertão,https://agenciasertao.com/2025/11/17/if-baiano-oferta-135-vagas-em-seis-cursos-de-capacitacao-no-interior-do-estado/,Ensino,Imprensa Local,Governador Mangabeira,curadoria_dicom,correta
2025-11-17,Prosel 2026,Jornal Folha do Estado,https://www.jornalfolhadoestado.com/educacao/if-baiano-segue-com-inscricoes-abertas-para-cursos-tecnicos-com-ingresso-em-2026,Ensino,Imprensa (Nacional),Reitoria (Salvador),curadoria_dicom,correta
2025-11-17,IF Baiano anuncia novos cursos e reforça expansão da educação regional em Ribeira do Pombal,Portal Alerta,https://www.portalalerta.com.br/index.php/2025/11/17/if-baiano-anuncia-novos-cursos-e-reforca-expansao-da-educacao-regional-em-ribeira-do-pombal/,Ensino,Imprensa Local,Ribeira do Pombal,busca_automatica,correta
2025-11-16,Pesquisas desertificação,Agência Sertão,https://agenciasertao.com/2025/11/16/pesquisas-mostram-avanco-da-desertificacao-em-afluente-do-rio-sao-francisco-e-testam-caminhos-para-recuperacao-ambiental/,Pesquisa,Imprensa Local,Reitoria (Salvador),curadoria_dicom,correta
2025-11-14,IF Baiano oferta vagas para curso de pós-graduação em Ensino da Matemática,Agência Sertão,https://agenciasertao.com/2025/11/14/if-baiano-oferta-vagas-para-curso-de-pos-graduacao-em-ensino-da-matematica-2/,Gestão e RH,Imprensa Local,Geral / Não Especificado,busca_automatica,correta
2025-11-12,Evento da Marinha - ARAMUSS,Tribuna da Bahia,http://trbn.com.br/materia/I142565/marinha-do-brasil-realiza-cerimonia-de-abertura-da-1a-edicao-da-aramuss-2025,Extensão,Imprensa Regional (Bahia),Reitoria (Salvador),curadoria_dicom,correta
2025-11-12,Prosel 2026,Acorda Cidade,https://www.acordacidade.com.br/bahia/if-baiano-segue-com-inscricoes-abertas-para-cursos-tecnicos-com-ingresso-em-2026/,Ensino,Imprensa Regional (Bahia),Reitoria (Salvador),curadoria_dicom,correta
2025-11-12,Evento da Marinha - ARAMUSS,Secti Bahia,https://www.ba.gov.br/secti/noticias/2025-11/2821/secti-apoia-evento-aramuss-2025-que-apresenta-tecnologias-para-seguranca-e,Extensão,Imprensa Local,Reitoria (Salvador),curadoria_dicom,correta
2025-11-12,Alagoinhas - IF Baiano segue com inscrições abertas para cursos técnicos com ingresso em 2026,Se Liga Alagoinhas,https://www.seligaalagoinhas.com.br/noticia/64589/alagoinhas-if-baiano-segue-com-inscricoes-abertas-para-cursos-tecnicos-com-ingresso-em-2026,Ensino,Imprensa Local,Alagoinhas,busca_automatica,correta
2025-11-12,IF Baiano segue com inscrições abertas para cursos técnicos com ingresso em 2026,Tribuna da Bahia,https://www.trbn.com.br/materia/I142606/if-baiano-segue-com-inscricoes-abertas-para-cursos-tecnicos-com-ingresso-em-2026,Ensino,Imprensa Regional (Bahia),Geral / Não Especificado,busca_automatica,correta
2025-11-11,Simpósio de Informática,Agência Sertão,https://agenciasertao.com/2025/11/11/palestra-sobre-inteligencia-artificial-abrira-i-simposio-de-informatica-do-if-baiano-na-camara-de-vereadores-de-guanambi/,Institucional,Imprensa Local,Guanambi,curadoria_dicom,correta
2025-11-11,Prosel 2026,A Tarde,https://atarde.com.br/salvador/if-baiano-abre-inscricoes-para-cursos-tecnicos-presenciais-e-ead-1368108,Ensino,Imprensa Regional (Bahia),Reitoria (Salvador),curadoria_dicom,correta
2025-11-11,Evento da Marinha - ARAMUSS,Bahia Econômica,https://bahiaeconomica.com.br/wp/2025/11/11/evento-da-marinha-apresenta-inovacoes-tecnologicas-aplicadas-ao-ambiente-maritimo/,Extensão,Imprensa Local,Reitoria (Salvador),curadoria_dicom,correta
2025-11-11,Evento da Marinha - ARAMUSS,Bahia Já,"https://bahiaja.com.br/tecnologia/noticia/2025/11/11/salvador-sedia-a-aramuss-evento-de-inovacao-tecnologica-para-o-mar,158682,0.html",Extensão,Imprensa Regional (Bahia),Reitoria (Salvador),curadoria_dicom,correta
2025-11-11,Prosel 2026,Portal R1,https://portalr1.com.br/if-baiano-abre-inscricoes-para-cursos-tecnicos-presenciais-e-ead/,Ensino,Imprensa Local,Reitoria (Salvador),curadoria_dicom,correta
2025-11-11,Evento da Marinha - ARAMUSS,Agência Marinha de Notícias,https://www.agencia.marinha.mil.br/defesa-naval/aramuss-2025-salvador-recebe-evento-inedito-de-tecnologia-naval,Extensão,Imprensa Local,Reitoria (Salvador),curadoria_dicom,correta
2025-11-11,Concursos no Nordeste,BNews,https://www.bnews.com.br/noticias/economia-e-mercado/concursos-no-nordeste-oferecem-salarios-que-ultrapassam-r-10-mil-veja-vagas.html,Gestão e RH,Imprensa Regional (Bahia),Reitoria (Salvador),curadoria_dicom,correta
2025-11-11,Evento da Marinha - ARAMUSS,Defesa Aérea Naval,https://www.defesaaereanaval.com.br/naval/marinha-do-brasil-realiza-cerimonia-de-abertura-da-1a-edicao-da-aramuss-2025,Extensão,Especializados (Nichos),Reitoria (Salvador),curadoria_dicom,correta
2025-11-11,Evento da Marinha - ARAMUSS,Defesa Em Foco,https://www.defesaemfoco.com.br/marinha-do-brasil-lanca-a-aramuss-2025-e-inicia-nova-era-da-navegacao-autonoma-no-pais/,Extensão,Especializados (Nichos),Reitoria (Salvador),curadoria_dicom,correta
2025-11-10,Cursos do novo campus,Dia a dia Nordeste,https://diaadianordeste.com.br/if-baiano-abre-inscricoes-para-cursos-tecnicos-em-ribeira-do-pombal/,Ensino,Imprensa Local,Ribeira do Pombal,curadoria_dicom,correta
2025-11-10,Cursos do novo campus,Prefeitura de Ribeira do Pombal,https://ribeiradopombal.ba.gov.br/2025/11/10/if-baiano-anuncia-primeiros-cursos-em-ribeira-do-pombal-implantacao-e-considerada-o-maior-investimento-em-educacao-publica-da-regiao/,Ensino,Governamental,Ribeira do Pombal,curadoria_dicom,correta
2025-11-10,Evento da Marinha - ARAMUSS,Defesa net,https://www.defesanet.com.br/naval/marinha-do-brasil-realiza-lancamento-da-1a-edicao-da-aramuss-2025/,Extensão,Especializados (Nichos),Reitoria (Salvador),curadoria_dicom,correta
2025-11-08,Seminário de Tecnologia na Agrimensura,Cleber Vieira news,https://clebervieiranews.com.br/if-promove-iv-seminario-de-tecnologia-na-agrimensura/,Pesquisa,Imprensa Local,Senhor do Bonfim,curadoria_dicom,correta
2025-11-08,Seleção professor substituto,catuacontece.com.br,https://www.catuacontece.com.br/if-baiano-abre-vagas-para-professores-com-salarios-de-r-8-mil/,Gestão e RH,Imprensa Local,Valença,curadoria_dicom,correta
2025-11-06,Evento Territorial - Programas PAA e PNAE,Litoral Norte Agreste Baiano,https://litoralnorteagrestebaiano.com.br/noticia/45939/evento-sobre-acesso-ao-mercado-do-paa-e-pnae-no-litoral-norte-e-agreste-baiano-conta-com-a-participacao-da-coopera,Extensão,Imprensa Local,Alagoinhas,curadoria_dicom,correta
2025-11-06,Seleção professor substituto,PCI Concursos,https://www.pciconcursos.com.br/noticias/if-baiano-publica-edital-de-processo-seletivo-para-o-campus-de-valenca,Gestão e RH,Especializados (Nichos),Valença,curadoria_dicom,correta
2025-11-05,Seleção professor substituto,A tarde,https://atarde.com.br/concursos/if-baiano-abre-vagas-para-professores-com-salarios-de-r-8-mil-1367221,Gestão e RH,Imprensa Regional (Bahia),Valença,curadoria_dicom,correta
2025-11-05,Seleção professor substituto,Ache Concursos,https://www.acheconcursos.com.br/concursos-bahia/processo-seletivo-if-baiano-vagas-professor-musica-ingles-85218,Gestão e RH,Especializados (Nichos),Valença,curadoria_dicom,correta
2025-11-05,Seleção professor substituto,O Tempo,https://www.otempo.com.br/emprego-e-concursos/2025/11/5/ifbaiano-abre-concurso-para-professor-com-salarios-de-ate-r-805829-saiba-como-se-inscrever,Gestão e RH,Imprensa (Nacional),Valença,curadoria_dicom,correta
2025-11-04,IF Baiano abre inscrições para cursos técnicos gratuitos no Polo UAB de Piritiba,Prefeitura Municipal de Piritiba,https://piritiba.ba.gov.br/if-baiano-abre-inscricoes-para-cursos-tecnicos-gratuitos-no-polo-uab-de-piritiba/,Ensino,Governamental,Geral / Não Especificado,busca_automatica,correta
2025-10-30,Curso FIC,Agência Sertão,https://agenciasertao.com/2025/10/30/if-baiano-oferta-cursos-voltados-para-mulheres-com-bolsa-de-r-350-em-duas-cidades/,Ensino,Imprensa Local,Santa Inês,curadoria_dicom,correta
2025-10-29,Parceria,De Olho na Cidade,https://deolhonacidade.net/prefeito-de-santa-barbara-destaca-parceria-com-if-baiano-de-serrinha-para-oferta-de-cursos-tecnicos/,Institucional,Imprensa Local,Serrinha,curadoria_dicom,correta
2025-10-27,Plano Estratégico de Fomento à Cadeia Produtiva do Cravo no Baixo Sul,A tarde,https://atarde.com.br/agro/baixo-sul-baiano-mantem-protagonismo-nacional-na-producao-de-cravo-da-india-1365958,Institucional,Imprensa Regional (Bahia),Valença,curadoria_dicom,correta
2025-10-27,Encontro nacional de cacau,Diário Bahia,https://diariobahia.com.br/encontro-nacional-cacau-500-compartilha-conhecimentos-e-incentiva-aumento-da-produtividade/,Institucional,Imprensa Local,Uruçuca,curadoria_dicom,correta
2025-10-27,Semana do Fazendeiro,Pimenta Blog,https://pimenta.blog.br/2025/10/27/urucuca-promove-semana-do-fazendeiro-2025/,Institucional,Imprensa Local,Uruçuca,curadoria_dicom,correta
2025-10-25,Concurso professor substituto,Ivan Silva Notícia,https://ivansilvanoticia.com.br/if-baiano-abre-inscricoes-para-vagas-com-salario-de-mais-de-r-8-mil/,Gestão e RH,Imprensa Local,Itapetinga,curadoria_dicom,correta
2025-10-24,IF Baiano abriu seleção para 120 vagas em cursos técnicos subsequentes em Guanambi,Agência Sertão,https://agenciasertao.com/2025/10/23/if-baiano-abriu-selecao-para-120-vagas-em-cursos-tencicos-subsequentes-em-guanambi/,Gestão e RH,Imprensa Local,Guanambi,busca_automatica,correta
2025-10-24,Concurso professor substituto,Bahia Econômica,https://bahiaeconomica.com.br/wp/2025/10/24/if-baiano-esta-com-inscricoes-abertas-para-concurso-de-professor-com-salarios-de-ate-r-8-mil/,Gestão e RH,Imprensa Local,Itapetinga,curadoria_dicom,correta
2025-10-24,Eventos sobre solo,Site da Embrapa,https://www.embrapa.br/busca-de-noticias/-/noticia/104064110/especialistas-percorrem-mais-de-mil-quilometros-para-estudo-detalhado-dos-solos-da-bahia,Extensão,Governamental,Santa Inês,curadoria_dicom,correta
2025-10-24,Concurso professor substituto,PCI concursos,https://www.pciconcursos.com.br/noticias/if-baiano-publica-edital-de-processo-seletivo-para-o-campus-de-itapetinga,Gestão e RH,Especializados (Nichos),Itapetinga,curadoria_dicom,correta
2025-10-24,Concurso professor substituto,Portal Esfera,https://www.portalesfera.com.br/econosfera/concursos-e-servicos/if-baiano-anuncia-abertura-de-vagas-com-salarios-de-ate-r-8-mil,Gestão e RH,Imprensa Local,Itapetinga,curadoria_dicom,correta
2025-10-23,IF Baiano abre inscrições para vagas com salário de mais de R$ 8 mil,A TARDE,https://atarde.com.br/concursos/if-baiano-abre-inscricoes-para-vagas-com-salario-de-mais-de-r-8-mil-1365638,Gestão e RH,Imprensa Regional (Bahia),Geral / Não Especificado,busca_automatica,correta
2025-10-23,Processo Seletivo IFBAIANO abre duas vagas para Professores em Itapetinga,Ache Concursos,https://www.acheconcursos.com.br/concursos-bahia/processo-seletivo-ifbaiano-duas-vagas-professores-itapetinga-84853,Gestão e RH,Especializados (Nichos),Itapetinga,busca_automatica,correta
2025-10-23,Cursos do novo campus,Acorda Cidade,https://www.acordacidade.com.br/educacao/prefeitura-e-if-baiano-anunciam-cursos-do-novo-campus-de-santo-estevao/,Ensino,Imprensa Regional (Bahia),Santo Estêvão,curadoria_dicom,correta
2025-10-22,"Audiências públicas definem cursos como Direito, Enfermagem e Ciência da Computação em novos campi do IF Baiano",Agência Sertão,https://agenciasertao.com/2025/10/22/audiencias-publicas-definem-cursos-como-direito-enfermagem-e-ciencia-da-computacao-em-novos-campi-do-if-baiano/,Ensino,Imprensa Local,Geral / Não Especificado,busca_automatica,correta
2025-10-22,Cursos do novo campus,Jornal Grande Bahia,https://jornalgrandebahia.com.br/2025/10/prefeitura-e-if-baiano-anunciam-cursos-do-novo-campus-de-santo-estevao/,Ensino,Imprensa Regional (Bahia),Santo Estêvão,curadoria_dicom,correta
2025-10-22,Semana de Ciência e Tecnologia,Portal IFBA,https://portal.ifba.edu.br/irece/noticias-2/noticias/2025/camara-de-irece-realiza-sessao-durante-semana-de-ciencia-e-tecnologia-no-ifba,Pesquisa,Outras Instituições de Ensino,Reitoria (Salvador),curadoria_dicom,correta
2025-10-21,Palestra Deputado Radiovaldo,catuacontece.com.br,https://www.catuacontece.com.br/deputado-radiovaldo-costa-retorna-ao-if-baiano-campus-catu-e-ministra-palestra-sobre-o-futuro-do-setor-petrolifero/,Institucional,Imprensa Local,Catu,curadoria_dicom,correta
2025-10-21,Congresso Brasileiro de Agroecologia,Portal IFPI,https://www.ifpi.edu.br/campomaior/noticias/cvt-em-agroecologia-participa-de-congresso-brasileiro-de-agroecologia,Institucional,Outras Instituições de Ensino,Reitoria (Salvador),curadoria_dicom,correta
2025-10-21,Prefeitura e IF Baiano anunciam cursos do novo campus de Santo Estêvão,Prefeitura Municipal de Santo Estevão,https://www.santoestevao.ba.gov.br/noticia/107/prefeitura-e-if-baiano-anunciam-cursos-do-novo-campus-de-santo-estevao,Ensino,Governamental,Santo Estêvão,busca_automatica,correta
2025-10-21,Prosel 2026,Tribuna Popular,https://www.tribunapopulargbi.com.br/noticia/9522/if-baiano-oferta-560-vagas-em-cursos-tecnicos-ead-em-cacule-caetite-iuiu-e-guanambi,Ensino,Imprensa Local,Guanambi,curadoria_dicom,correta
2025-10-17,Prosel 2026 - Graduação,Blog do Eloilton,https://blogdoeloiltoncajuhy.com.br/site/if-baiano-abre-inscricoes-para-cursos-superiores-gratuitos-em-senhor-do-bonfim/,Ensino,Imprensa Local,Senhor do Bonfim,curadoria_dicom,correta
2025-10-16,Cursos mais concorridos no Sisu,A Tarde,https://atarde.com.br/bahia/sisu-na-bahia-saiba-as-notas-de-corte-e-os-cursos-mais-concorridos-1364364,Ensino,Imprensa Regional (Bahia),Alagoinhas,curadoria_dicom,correta
2025-10-16,Univerciência,Site da UESB,https://www.uesb.br/noticias/univerciencia-divulga-pesquisas-sobre-software-de-denuncia-castanha-de-caju-e-meio-ambiente/,Pesquisa,Outras Instituições de Ensino,Xique-Xique,curadoria_dicom,correta
2025-10-15,Teixeira: IF Baiano ganha estação meteorológica com tecnologia israelense,SulBahiaNews,https://www.sulbahianews.com.br/teixeira-if-baiano-ganha-estacao-meteorologica-com-tecnologia-israelense/,Pesquisa,Imprensa Local,Geral / Não Especificado,busca_automatica,correta
2025-10-14,"GESTÃO DA QUALIDADE DE VIDA NO TRABALHO: PRÁTICAS ATUAIS E PERSPECTIVAS FUTURAS DO IF BAIANO, NA ÓTICA DA LEI 14.681/2023 | Anais do Congresso Internacional de Educação e Geotecnologias - CINTERGEO",Portal de Periódicos da UNEB,https://revistas.uneb.br/cintergeo/article/view/29678,Pesquisa,Imprensa Local,Geral / Não Especificado,busca_automatica,correta
2025-10-13,Concurso professor,O Tempo,https://www.otempo.com.br/emprego-e-concursos/2025/10/13/concurso-ifbaiano-inscricoes-para-professor-ate-na-proxima-sexta-feira-17-salarios-ate-r-805829,Gestão e RH,Imprensa (Nacional),Xique-Xique,curadoria_dicom,correta
2025-10-10,Olimpíadas Colegiais de Alagoinhas,alagoinhas.ba.gov.br,https://www.alagoinhas.ba.gov.br/index.php/abertura-oficial-da-5a-edicao-das-olimpiadas-colegiais-de-alagoinhas-olical/,Extensão,Governamental,Alagoinhas,curadoria_dicom,correta
2025-10-10,Concurso professor,PCI Concursos,https://www.pciconcursos.com.br/noticias/if-baiano-publica-edital-de-processo-seletivo-para-o-campus-de-xique-xique,Gestão e RH,Especializados (Nichos),Xique-Xique,curadoria_dicom,correta
2025-10-09,Covid no Campus,Sudoeste notícias,https://www.sudoestebahia.com/noticias/43457-/campus-do-if-baiano-em-guanambi-registra-11-casos-de-covid,Institucional,Imprensa Local,Guanambi,curadoria_dicom,correta
2025-10-08,Covid no Campus,Blog do Valente,https://blogdovalente.com.br/cidades/2025/10/aulas-sao-suspensas-apos-registro-de-casos-de-covid-19-no-if-baiano-no-sudoeste-da-bahia/,Institucional,Imprensa Local,Guanambi,curadoria_dicom,correta
2025-10-08,Seleção Professor Substituto,Ache concursos,https://concursosnobrasil.com/concursos/ba/2025/10/08/if-baiano-anuncia-abertura-de-vaga-para-professor-em-processo-seletivo/,Gestão e RH,Especializados (Nichos),Xique-Xique,curadoria_dicom,correta
2025-10-08,Série Indicações Geográficas,Portal IF Goiano,https://ifgoiano.edu.br/home/index.php/component/content/article/57-destaque/28968-if-goiano-e-destaque-em-serie-audiovisual-sobre-indicacoes-geograficas.html?Itemid=101,Institucional,Imprensa Local,Reitoria (Salvador),curadoria_dicom,correta
2025-10-08,Seleção Professor Substituto,Takta no ar,https://takta.com.br/municipios/if-baiano-abre-selecao-para-professor-substituto/,Gestão e RH,Imprensa Local,Guanambi,curadoria_dicom,correta
2025-10-08,IF Baiano abre vagas para Professor Substituto em Xique-Xique,Ache Concursos,https://www.acheconcursos.com.br/concursos-bahia/processo-seletivo-if-baiano-vagas-professor-substituto-xique-xique-84400,Gestão e RH,Especializados (Nichos),Xique-Xique,busca_automatica,correta
2025-10-08,Covid no Campus,Achei Sudoeste,https://www.acheisudoeste.com.br/noticias/77397-2025/10/08-guanambi-if-baiano-suspende-aulas-para-desinfeccao-apos-11-casos-de-covid-19,Institucional,Especializados (Nichos),Guanambi,curadoria_dicom,correta
2025-10-08,Covid no Campus,Bahia Notícias,https://www.bahianoticias.com.br/municipios/noticia/47523-if-baiano-suspende-aulas-em-guanambi-para-desinfeccao-apos-11-casos-de-covid-19,Institucional,Imprensa Regional (Bahia),Guanambi,curadoria_dicom,correta
2025-10-08,Série Indicações Geográficas,Portal do Governo Federal - MEC,https://www.gov.br/mec/pt-br/assuntos/noticias/2025/outubro/mec-apresenta-serie-audiovisual-sobre-indicacoes-geograficas,Institucional,Governamental,Reitoria (Salvador),curadoria_dicom,correta
2025-10-06,Produção do cravo,Jornal Grande Bahia,https://jornalgrandebahia.com.br/2025/10/bahia-tera-plano-estrategico-para-ampliar-producao-de-cravo-no-baixo-sul-e-conquistar-mercado-internacional/,Institucional,Imprensa Regional (Bahia),Valença,curadoria_dicom,correta
2025-10-06,Prosel 2026,Muita Informação,https://muitainformacao.com.br/cidades/if-baiano-anuncia-mais-1-405-vagas-para-cursos-tecnicos-subsequentes-em-cinco-unidades/,Ensino,Imprensa Local,Alagoinhas,curadoria_dicom,correta
2025-10-05,IF Baiano abre 160 novas vagas para cursos técnicos subsequentes em Bom Jesus da Lapa,Notícias de Bom Jesus da Lapa,https://www.bomjesusdalapanoticias.com.br/bom-jesus-da-lapa/if-baiano-abre-160-novas-vagas-para-cursos-tecnicos-subsequentes-em-bom-jesus-da-lapa/,Gestão e RH,Imprensa Local,Bom Jesus da Lapa,busca_automatica,correta
2025-10-05,Seleção professor,O Tempo,https://www.otempo.com.br/emprego-e-concursos/2025/10/5/concurso-ifbaiano-inscricoes-para-professor-ate-na-proxima-quinta-feira-9-salarios-ate-r-805829,Gestão e RH,Imprensa (Nacional),Reitoria (Salvador),curadoria_dicom,correta
2025-10-03,Prosel 2026,Aratu Online,https://aratuon.com.br/educacao/ifba-abre-quase-1500-vagas-para-cursos-tecnicos-gratuitos-na-bahia-,Ensino,Imprensa Regional (Bahia),Alagoinhas,curadoria_dicom,correta
2025-10-03,Estação Meteorológica,Cara da web,https://caradaweb.com/noticia/educacao/2025/10/03/if-baiano-inaugura-primeira-estao-meteorolgica-do-extremo-sul/4245.html,Institucional,Imprensa Local,Teixeira de Freitas,curadoria_dicom,correta
2025-10-03,JIF Nordeste,Portal IFRN,https://portal.ifrn.edu.br/campus/reitoria/noticias/tensao-e-expectativa-ifrn-disputa-semifinais-e-finais-nos-jifs-nordeste/,Institucional,Outras Instituições de Ensino,Reitoria (Salvador),curadoria_dicom,correta
2025-10-03,Prosel 2026,Farol da Bahia,https://www.faroldabahia.com.br/noticia/if-baiano-abre-mais-de-1-4-mil-para-cursos-tecnicos-gratuitos-na-bahia,Ensino,Imprensa Regional (Bahia),Reitoria (Salvador),curadoria_dicom,correta
2025-10-03,Prosel 2026,Sul Bahia News,https://www.sulbahianews.com.br/if-baiano-lanca-processo-seletivo-2026-com-mais-de-3-600-vagas-em-cursos-tecnicos-gratuitos/,Ensino,Imprensa Local,Teixeira de Freitas,curadoria_dicom,correta
2025-10-02,Prosel 2026,Bahia Econômica,https://bahiaeconomica.com.br/wp/2025/10/02/if-baiano-divulga-mais-14-mil-vagas-para-cursos-tecnicos/,Ensino,Imprensa Local,Alagoinhas,curadoria_dicom,correta
2025-10-02,Prosel 2026,"Alagoinhas, Bom Jesus da Lapa, Teixeira de Freitas, Valença, Xique-Xique",https://g1.globo.com/ba/bahia/noticia/2025/10/02/vagas-disponiveis-na-bahia.ghtml,Ensino,Imprensa Local,Alagoinhas,curadoria_dicom,correta
2025-10-02,Estação Meteorológica,O Observatório,https://oobservatorio.com.br/teixeira-de-freitas-ganha-estacao-meteorologica-no-if-baiano-com-tecnologia-israelense/,Institucional,Imprensa Local,Teixeira de Freitas,curadoria_dicom,correta
2025-10-02,Curso Assistente Pedagógico,Vagas Tutor,https://vagastutor.com.br/ifbaiano-curso-assistente-pedagogico-educacao-inclusiva/,Ensino,Imprensa Local,Governador Mangabeira,curadoria_dicom,correta
2025-10-02,Prosel 2026,Correio,https://www.correio24horas.com.br/bahia/if-baiano-anuncia-14-mil-novas-vagas-para-cursos-tecnicos-veja-1025,Ensino,Imprensa Regional (Bahia),Reitoria (Salvador),curadoria_dicom,correta
2025-10-02,Encontro das Unidades SIASS,Governo Federal - Portal do Servidor,https://www.gov.br/servidor/pt-br/siass/mgi-realiza-o-encontro-de-fortalecimento-das-unidades-siass-do-nordeste,Institucional,Governamental,Reitoria (Salvador),curadoria_dicom,correta
2025-10-02,Curso Assistente Pedagógico,PEBSP,https://www.pebsp.com/if-baiano-lanca-edital-para-curso-gratuito-de-assistente-pedagogico-e-130-horas-de-carga-horaria/,Ensino,Imprensa Local,Governador Mangabeira,curadoria_dicom,correta
2025-10-02,Prosel 2026,Portal Abrantes,https://www.portalabrantes.com.br/noticia/45644-if-baiano-amplia-oferta-e-abre-14-mil-vagas-para-cursos-tecnicos-em-2026,Ensino,Imprensa Local,Alagoinhas,curadoria_dicom,correta
2025-10-01,JIF Nordeste,Portal IFCE,https://portal.ifce.edu.br/noticias/ifce-ganha-duas-medalhas-no-primeiro-dia-do-jif-nordeste/,Institucional,Outras Instituições de Ensino,Reitoria (Salvador),curadoria_dicom,correta
2025-09-30,Casos de covid-19,Achei Sudoeste,https://www.acheisudoeste.com.br/noticias/77239-2025/09/30/guanambi-if-baiano-orienta-medidas-diante-do-aumento-de-casos-de-covid-19,Institucional,Especializados (Nichos),Guanambi,curadoria_dicom,correta
2025-09-29,Professor Substituto Agrimensura/Agronomia,Agrobase,https://www.agrobase.com.br/concursos/2025/if-baiano-ba-selecao-simplificada-202-2025/,Gestão e RH,Especializados (Nichos),Guanambi,curadoria_dicom,correta
2025-09-26,IF Baiano vai ofertar especialização em Agrofloresta,Agência Sertão,https://agenciasertao.com/2025/09/26/if-baiano-vai-ofertar-especializacao-em-agrofloresta/,Ensino,Imprensa Local,Geral / Não Especificado,busca_automatica,correta
2025-09-25,Seleção de professores,Agência Sertão,https://agenciasertao.com/2025/09/25/if-baiano-abriu-processos-seletivos-para-professores-em-duas-cidades-2/,Gestão e RH,Imprensa Local,Guanambi,curadoria_dicom,correta
2025-09-24,Avicultura no sudoeste,AVI Site,https://www.avisite.com.br/sdr-uesb-e-if-baiano-discutem-acoes-voltadas-ao-desenvolvimento-da-avicultura-no-medio-sudoeste-da-bahia/#gsc.tab=0,Institucional,Imprensa Local,Reitoria (Salvador),curadoria_dicom,correta
2025-09-24,Seleção professor,O Tempo,https://www.otempo.com.br/emprego-e-concursos/2025/9/24/ifbaiano-abre-concurso-para-professor-com-salarios-de-ate-r-805829-saiba-como-se-inscrever,Gestão e RH,Imprensa (Nacional),Reitoria (Salvador),curadoria_dicom,correta
2025-09-24,Seleção prof. Agrimensura,PCI Concursos,https://www.pciconcursos.com.br/noticias/if-baiano-abre-processo-seletivo-para-professor-substituto-em-agrimensura-agronomia,Gestão e RH,Especializados (Nichos),Guanambi,curadoria_dicom,correta
2025-09-23,"SDR, Uesb e IF Baiano discutem ações voltadas ao desenvolvimento da avicultura no Médio Sudoeste da Bahia",ba.gov.br,http://www.ba.gov.br/comunicacao/noticias/2025-09/373731/sdr-uesb-e-if-baiano-discutem-acoes-voltadas-ao-desenvolvimento-da,Institucional,Governamental,Reitoria (Salvador),curadoria_dicom,correta
2025-09-23,Processo seletivo para docentes,Concursos no Brasil,https://concursosnobrasil.com/concursos/ba/2025/09/23/if-baiano-divulga-edital-de-processo-seletivo-para-docentes/,Gestão e RH,Especializados (Nichos),Reitoria (Salvador),curadoria_dicom,correta
2025-09-23,Seleção prof. Guanambi,Ache Concursos,https://www.acheconcursos.com.br/concursos-bahia/processo-seletivo-if-baiano-abre-vaga-professor-substituto-guanambi-83967,Gestão e RH,Especializados (Nichos),Guanambi,curadoria_dicom,correta
2025-09-23,Ações de avicultura no médio sudoeste,ba.gov,https://www.ba.gov.br/comunicacao/noticias/2025-09/373731/sdr-uesb-e-if-baiano-discutem-acoes-voltadas-ao-desenvolvimento-da,Institucional,Imprensa Local,Reitoria (Salvador),curadoria_dicom,correta
2025-09-22,Seleção prof. substituto,PCI Concursos,https://www.pciconcursos.com.br/noticias/if-baiano-abre-edital-de-processo-seletivo-para-o-campus-de-xique-xique,Gestão e RH,Especializados (Nichos),Xique-Xique,curadoria_dicom,correta
2025-09-17,Campeonato de Foguetes,Agência Sertão,https://agenciasertao.com/2025/09/18/if-baiano-realiza-primeiro-campeonato-de-foguetes-na-bahia/,Institucional,Imprensa Local,Santo Estêvão,curadoria_dicom,correta
2025-09-17,Nota de repúdio congresso,Jornal Grande Bahia,https://jornalgrandebahia.com.br/2025/09/santo-estevao-colegio-estadual-emite-nota-de-repudio-por-exclusao-em-congresso-do-if-baiano/,Institucional,Imprensa Regional (Bahia),Santo Estêvão,curadoria_dicom,correta
2025-09-17,Processo Seletivo IFBAIANO abre duas vagas para Professores,Ache Concursos,https://www.acheconcursos.com.br/concursos-bahia/processo-seletivo-ifbaiano-abre-duas-vagas-professores-83798,Gestão e RH,Especializados (Nichos),Geral / Não Especificado,busca_automatica,correta
2025-09-17,IF Baiano oferta 655 vagas para cursos técnicos no Campus Uruçuca,Blog Agravo,https://www.agravo.com.br/2025/09/17/if-baiano-oferta-655-vagas-para-cursos-tecnicos-no-campus-urucuca/,Gestão e RH,Imprensa Local,Uruçuca,busca_automatica,correta
2025-09-16,IV CEPEX,Revista Metropolitana,https://revistametropolitana.com.br/noticia/55635/iv-congresso-do-if-baiano-comeca-nesta-terca-16-em-santo-estevao,Institucional,Imprensa Local,Santo Estêvão,curadoria_dicom,correta
2025-09-16,Prosel 2026,Sua Cidade em Revista,https://suacidadeemrevista.com.br/noticia/46958/if-baiano-abre-inscricoes-com-395-vagas-para-cursos-tecnicos-integrados-em-alagoinhas-e-catu,Ensino,Imprensa Local,Alagoinhas,curadoria_dicom,correta
2025-09-15,IV Congresso do IF Baiano começa nesta terça (16) em Santo Estêvão,Bahia Na Política,https://bahianapolitica.com.br/iv-congresso-do-if-baiano-comeca-nesta-terca-16-em-santo-estevao/,Institucional,Imprensa Local,Santo Estêvão,busca_automatica,correta
2025-09-13,IF Baiano abre seleção para professor nos campi Guanambi e Uruçuca,Info net,https://infonet.com.br/noticias/educacao/if-baiano-abre-selecao-para-professor-nos-campi-guanambi-e-urucuca/,Gestão e RH,Imprensa Local,Guanambi,curadoria_dicom,correta
2025-09-12,Vagas prof. Guanambi,BNews,https://www.bnews.com.br/noticias/economia-e-mercado/if-baiano-de-guanambi-abre-vagas-em-processo-seletivo-remuneracao-mensal-pode-passar-de-r-8-mil.html,Gestão e RH,Imprensa Regional (Bahia),Guanambi,curadoria_dicom,correta
2025-09-11,Visita ao IF Baiano,Notícias da Lapa,https://www.bomjesusdalapanoticias.com.br/bom-jesus-da-lapa/alunos-da-escola-promove-visitam-if-baiano-em-bom-jesus-da-lapa-como-parte-de-projeto-de-orientacao-profissional/,Institucional,Imprensa Local,Bom Jesus da Lapa,curadoria_dicom,correta
2025-09-04,Ifba e IF Baiano ofertam mais de 9 mil vagas para cursos técnicos em 36 cidades,Agência Sertão,https://agenciasertao.com/2025/09/04/ifba-e-if-baiano-ofertam-mais-de-9-mil-vagas-para-cursos-tecnicos-em-36-cidades/,Gestão e RH,Imprensa Local,Geral / Não Especificado,busca_automatica,ambos_citados
2025-09-03,IF Baiano abre vagas para professor substituto em Informática,Folha Dirigida,https://folha.qconcursos.com/n/if-baiano-abre-vagas-professor-substituto-em-informatica-2025,Gestão e RH,Imprensa (Nacional),Geral / Não Especificado,busca_automatica,correta
2025-09-02,Prosel 2026,Bahia na política,https://bahianapolitica.com.br/if-baiano-abre-processo-seletivo-2026-com-mais-de-3-600-vagas-gratuitas/#google_vignette,Ensino,Imprensa Local,Reitoria (Salvador),curadoria_dicom,correta
2025-09-02,"Instituto Federal abre vaga de emprego com salário de R$ 8 mil + R$ 1.000 de VA + benefícios para trabalhar como Professor no campus de Serrinha, no IF Baiano; necessário possuir superior completo",CPG Click Petróleo e Gás,https://clickpetroleoegas.com.br/instituto-federal-abre-vaga-de-emprego-para-professor-em-serrinha-veja-como-participar-rmrm97/,Gestão e RH,Imprensa Local,Serrinha,busca_automatica,correta
2025-09-02,Professor substituto,Concursos no Brasil,https://concursosnobrasil.com/concursos/ba/2025/09/02/if-baiano-campus-urucuca-abre-selecao-para-professor-substituto/,Gestão e RH,Especializados (Nichos),Uruçuca,curadoria_dicom,correta
2025-09-02,Estudantes no Bioma Mata Atlantica,Criativa,https://criativaonline.com.br/geografia-em-movimento-campo-que-conecta-teoria-territorio-e-comunidade-na-mata-atlantica/,Ensino,Imprensa Local,Santa Inês,curadoria_dicom,correta
2025-09-02,Prosel 2026,Notícias da Lapa,https://www.bomjesusdalapanoticias.com.br/bom-jesus-da-lapa/campus-do-if-baiano-de-bom-jesus-da-lapa-abre-120-vagas-para-cursos-tecnicos-integrados-ao-ensino-medio/,Ensino,Imprensa Local,Bom Jesus da Lapa,curadoria_dicom,correta
2025-09-02,Prosel 2026,Se Liga Alagoinahs,https://www.seligaalagoinhas.com.br/noticia/62352/if-baiano-oferta-180-vagas-para-cursos-tecnicos-integrados-no-campus-alagoinhas,Ensino,Imprensa Local,Alagoinhas,curadoria_dicom,correta
2025-09-01,Professor Substituto,Agência Sertão,https://agenciasertao.com/2025/09/01/if-baiano-abriu-processos-seletivos-para-professores-em-guanambi-e-serrinha/,Gestão e RH,Imprensa Local,Guanambi,curadoria_dicom,correta
2025-09-01,Professor Substituto,QConcursos,https://folha.qconcursos.com/n/ifbaiano-processo-seletivo-campus-guanambi-2025,Gestão e RH,Especializados (Nichos),Guanambi,curadoria_dicom,correta
2025-09-01,Professor substituto,O Tempo,https://www.otempo.com.br/emprego-e-concursos/2025/8/30/if-baiano-abre-concurso-para-professor-com-salarios-de-ate-r-805829-saiba-como-se-inscrever,Gestão e RH,Imprensa (Nacional),Reitoria (Salvador),curadoria_dicom,correta
2025-09-01,Professor substituto,PCI Concursos,https://www.pciconcursos.com.br/noticias/if-baiano-abre-edital-de-processo-seletivo-para-o-campus-de-guanambi,Gestão e RH,Especializados (Nichos),Guanambi,curadoria_dicom,correta
2025-08-31,Prosel 2026,Agência Sertão,https://agenciasertao.com/2025/08/31/if-baiano-abre-inscricoes-para-cursos-tecnicos-em-guanambi/,Ensino,Imprensa Local,Guanambi,curadoria_dicom,correta
2025-08-31,Prosel 2026,Siga a Notícia,https://sigaanoticia.com.br/if-baiano-abre-36-mil-vagas-em-14-campi-incluindo-o-de-teixeira-de-freitas/,Ensino,Imprensa Local,Teixeira de Freitas,curadoria_dicom,correta
2025-08-31,Prosel 2026,Bnews,https://www.bnews.com.br/noticias/economia-e-mercado/if-baiano-abre-processo-seletivo-para-quase-4-mil-vagas-em-14-unidades-do-interior-saiba-como-se-inscrever.html,Ensino,Imprensa Regional (Bahia),Reitoria (Salvador),curadoria_dicom,correta
2025-08-31,Prosel 2026,Farol da Bahia,https://www.faroldabahia.com.br/noticia/if-baiano-abre-selecao-com-3-6-mil-vagas-para-cursos-tecnicos-gratuitos-em-14-cidades-da-bahia,Ensino,Imprensa Regional (Bahia),Reitoria (Salvador),curadoria_dicom,correta
2025-08-31,Prosel 2026,SuldaBahiaNews,https://www.sulbahianews.com.br/instituto-federal-baiano-abre-processo-seletivo-para-2026-em-teixeira-de-freitas/,Ensino,Imprensa Local,Teixeira de Freitas,curadoria_dicom,correta
2025-08-30,IF Baiano lança processo seletivo 2026 com mais de 3.600 vagas em cursos técnicos gratuitos,aGazeta Bahia,https://agazetabahia.com/noticias/geral/47465/if-baiano-lanca-processo-seletivo-2026-com-mais-de-3-600-vagas-em-cursos-tecnicos-gratuitos-30-08-2025/,Gestão e RH,Imprensa Local,Geral / Não Especificado,busca_automatica,correta
2025-08-30,"Sua chance de estudar sem gastar 1 real no Instituto Federal! Mais de 3 mil vagas gratuitas abertas em cursos técnicos de Administração, Informática, Agroindústria e mais no IF Baiano",CPG Click Petróleo e Gás,https://clickpetroleoegas.com.br/sua-chance-de-estudar-sem-gastar-1-real-no-instituto-federal-mais-de-3-mil-vagas-gratuitas-abertas-if-baiano-vml97/,Gestão e RH,Imprensa Local,Geral / Não Especificado,busca_automatica,correta
2025-08-30,Prosel 2026,Diário do Povo,https://diario.dopovo.com.br/2025/08/30/if-baiano-abre-36-mil-vagas-para-cursos-tecnicos-gratuitos/,Ensino,Imprensa Local,Reitoria (Salvador),curadoria_dicom,correta
2025-08-30,Prosel 2026,G1,https://g1.globo.com/ba/bahia/blogdoemprego/noticia/2025/08/30/if-baiano-anuncia-processo-seletivo-para-cursos-tecnicos-na-bahia.ghtml,Ensino,Imprensa (Nacional),Reitoria (Salvador),curadoria_dicom,correta
2025-08-30,Prosel 2026,Galego Notícias,https://galegonoticias.com.br/noticia/13472/processo-seletivo-2026-do-if-baiano-oferece-3-600-vagas-em-cursos-tecnicos-gratuitos,Ensino,Imprensa Local,Reitoria (Salvador),curadoria_dicom,correta
2025-08-30,Prosel 2026,Tribuna da Bahia,https://www.trbn.com.br/materia/I137471/if-baiano-anuncia-processo-seletivo-com-mais-de-3-mil-vagas-para-cursos-tecnicos,Ensino,Imprensa Regional (Bahia),Reitoria (Salvador),curadoria_dicom,correta
2025-08-29,Professor substituto,Concursos no Brasil,https://concursosnobrasil.com/concursos/ba/2025/08/28/if-baiano-anuncia-edital-de-processo-seletivo-para-o-campus-de-serrinha/,Gestão e RH,Especializados (Nichos),Serrinha,curadoria_dicom,correta
2025-08-29,Prosel 2026,Diário do Povo,https://diario.dopovo.com.br/2025/08/29/if-baiano-abre-inscricoes-para-cursos-tecnicos-em-serrinha-2/,Ensino,Imprensa Local,Serrinha,curadoria_dicom,correta
2025-08-29,IF Baiano abre 160 vagas para cursos técnicos integrados ao ensino médio gratuitos em Serrinha,G1,https://g1.globo.com/ba/feira-de-santana-regiao/noticia/2025/08/29/if-baiano-abre-vagas-para-cursos-tecnicos.ghtml,Gestão e RH,Imprensa (Nacional),Serrinha,busca_automatica,correta
2025-08-29,Prosel 2026,Pimenta Blog,https://pimenta.blog.br/2025/08/29/if-baiano-abre-655-vagas-em-cursos-gratuitos-no-campus-de-urucuca-no-estado-sao-36-mil/,Ensino,Imprensa Local,Uruçuca,curadoria_dicom,correta
2025-08-29,Prosel 2026,Taktá no ar,https://takta.com.br/ultimas-noticias/if-baiano-abre-inscricoes-e-oferece-180-vagas-gratuitas-para-cursos-tecnicos-em-serrinha/,Ensino,Imprensa Local,Serrinha,curadoria_dicom,correta
2025-08-29,Professor Biologia,Ache Concursos,https://www.acheconcursos.com.br/concursos-bahia/processo-seletivo-if-baiano-abre-vagas-professor-biologia-83261,Gestão e RH,Especializados (Nichos),Guanambi,curadoria_dicom,correta
2025-08-29,Prosel 2026,Correio,https://www.correio24horas.com.br/bahia/if-baiano-anuncia-36-mil-vagas-em-cursos-tecnicos-gratuitos-0825,Ensino,Imprensa Regional (Bahia),Reitoria (Salvador),curadoria_dicom,correta
2025-08-28,IF Baiano abre inscrições e oferece 180 vagas gratuitas para cursos técnicos em Serrinha,R7,https://noticias.r7.com/bahia/takta/if-baiano-abre-inscricoes-e-oferece-180-vagas-gratuitas-para-cursos-tecnicos-em-serrinha-29082025/,Gestão e RH,Imprensa (Nacional),Serrinha,curadoria_dicom,correta
2025-08-28,IF Baiano abre vaga para Professor Substituto em Serrinha,Ache Concursos,https://www.acheconcursos.com.br/concursos-bahia/if-baiano-abre-vaga-professor-substituto-serrinha-83233,Gestão e RH,Especializados (Nichos),Serrinha,busca_automatica,correta
2025-08-28,Prosel 2026,Mais Região,https://www.maisregiao.com.br/noticia/84158/if-baiano-campus-catu-abre-inscricoes-para-novos-estudantes-em-2026,Ensino,Imprensa Local,Catu,curadoria_dicom,correta
2025-08-28,Professor Substituto,PCI Concursos,https://www.pciconcursos.com.br/noticias/if-baiano-abre-novo-processo-seletivo-no-campus-serrinha,Gestão e RH,Especializados (Nichos),Serrinha,curadoria_dicom,correta
2025-08-28,Matrículas abertas no IFBaiano,Prefeitura Municipal de Santo Estevão,https://www.santoestevao.ba.gov.br/noticia/1/matriculas-abertas-no-ifbaiano,Ensino,Governamental,Santo Estêvão,busca_automatica,correta
2025-08-27,Prosel 2026,Agência Sertão,https://agenciasertao.com/2025/08/27/if-baiano-abriu-mais-de-35-mil-vagas-para-cursos-tecnicos-e-de-graduacao-em-14-cidades-da-bahia/,Ensino,Imprensa Local,Reitoria (Salvador),curadoria_dicom,correta
2025-08-13,Olimpiada de Drones,Agência Sertão,https://agenciasertao.com/2025/08/13/if-baiano-sediara-a-1a-olimpiada-baiana-de-drones-entre-21-e-23-de-agosto-em-guanambi/,Extensão,Imprensa Local,Geral / Não Especificado,curadoria_dicom,correta
2025-08-13,Obras Santo Estevão,A Tarde,https://atarde.com.br/bahia/obras-do-if-baiano-avancam-e-prometem-revolucionar-a-educacao-1347144,Institucional,Imprensa Regional (Bahia),Santo Estêvão,curadoria_dicom,correta
2025-08-13,Obras Santo Estevão,IN 24H,https://itamarajunoticias.com.br/editorial/obras-do-if-baiano-avancam-e-prometem-revolucionar-a-educacao/,Institucional,Imprensa Local,Santo Estêvão,curadoria_dicom,correta
2025-08-12,Obras Santo Estevão,De Olho na Cidade,https://deolhonacidade.net/comitiva-do-mec-visita-obras-do-if-baiano-em-santo-estevao-e-preve-entrega-para-2026/,Institucional,Imprensa Local,Santo Estêvão,curadoria_dicom,correta
2025-08-12,Santo Estêvão celebra implantação do campus do IF Baiano e marca novo capítulo para a educação no município,Prefeitura Municipal de Santo Estevão,https://www.santoestevao.ba.gov.br/noticia/81/santo-estevao-celebra-implantacao-do-campus-do-if-baiano-e-marca-novo-capitulo-para-a-educacao-no-municipio,Institucional,Governamental,Santo Estêvão,busca_automatica,correta
2025-08-09,Secretário do MEC visita obras do IF Baiano em Ribeira do Pombal,Prefeitura de Ribeira do Pombal,https://ribeiradopombal.ba.gov.br/2025/08/09/secretario-do-mec-visita-obras-do-if-baiano-em-ribeira-do-pombal-maior-investimento-em-educacao-publica-do-semiarido/,Institucional,Governamental,Ribeira do Pombal,busca_automatica,correta
2025-08-07,IF Baiano sediará Olimpíada Brasileira de Agropecuária,Revista Metropolitana,https://revistametropolitana.com.br/noticia/55212/if-baiano-sediara-olimpiada-brasileira-de-agropecuaria,Extensão,Imprensa Local,Geral / Não Especificado,busca_automatica,correta
2025-08-07,IF Baiano sediará Olimpíada Brasileira de Agropecuária em Senhor do Bonfim,Tribuna da Bahia,https://www.trbn.com.br/materia/I135850/if-baiano-sediara-olimpiada-brasileira-de-agropecuaria-em-senhor-do-bonfim,Extensão,Imprensa Regional (Bahia),Senhor do Bonfim,busca_automatica,correta
2025-08-06,IF Baiano promove IX Seminário de Agroecologia e Produção Orgânica nesta sexta e sábado em Guanambi,Agência Sertão,https://agenciasertao.com/2025/08/06/if-baiano-promove-xi-seminario-de-agroecologia-e-producao-organica-nesta-sexta-e-sabado-em-guanambi/,Extensão,Imprensa Local,Guanambi,busca_automatica,correta
2025-08-05,Prosel subsequente,G1,https://g1.globo.com/ba/feira-de-santana-regiao/noticia/2025/08/05/if-baiano-abre-vagas-para-curso-tecnico-em-agropecuaria-em-serrinha-saiba-como-se-inscrever.ghtml,Ensino,Imprensa (Nacional),Serrinha,curadoria_dicom,correta
2025-07-29,Prédios históricos de Serrinha,Correio,https://www.correio24horas.com.br/minha-bahia/justica-suspende-leilao-de-predios-historicos-em-serrinha-apos-denuncia-0725,Institucional,Imprensa Regional (Bahia),Serrinha,curadoria_dicom,correta
2025-07-28,Pós-graduação Ensino de Matemática,Agência Sertão,https://agenciasertao.com/2025/07/28/if-baiano-oferta-vagas-para-curso-de-pos-graduacao-em-ensino-da-matematica/,Ensino,Imprensa Local,Valença,curadoria_dicom,correta
2025-07-26,Furto em obra do IF Baiano,Ipec Agora,https://www.ipecagora.com.br/bahia/funcionarios-sao-flagrados-furtando-cimento-de-obra-do-if-baiano-em-santo-estevao-prejuizo-foi-estimado-em-r-27-mil/,Institucional,Imprensa Local,Santo Estêvão,curadoria_dicom,correta
2025-07-25,Furto em obra do IF Baiano,Página da Notícia,https://paginadanoticia.com.br/noticia/35120/funcionarios-sao-flagrados-furtando-cimento-de-obra-do-if-baiano-em-santo-estevao-prejuizo-foi-estim.html,Institucional,Imprensa Local,Santo Estêvão,curadoria_dicom,correta
2025-07-21,Chocolat Festival,Portal SBN,https://portalsbn.com.br/chocolat-festival-bahia-se-firma-como-o-maior-da-america-latina,Institucional,Imprensa Local,Uruçuca,curadoria_dicom,correta
2025-07-20,Seleção de estágio para fazenda,Agência Sertão,https://agenciasertao.com/2025/07/20/empresa-fara-selecao-de-tecnicos-e-agronomos-em-guanambi-para-vagas-de-emprego-e-estagio-em-fazendas-da-bahia-maranhao-e-piaui/,Gestão e RH,Imprensa Local,Guanambi,curadoria_dicom,correta
2025-07-20,IF Baiano reabriu inscrições para cursos técnicos em Guanambi,Agência Sertão,https://agenciasertao.com/2025/07/20/if-baiano-reabriu-inscricoes-para-cursos-tecnicos-em-guanambi/,Ensino,Imprensa Local,Guanambi,busca_automatica,correta
2025-07-18,Palestra com Rita von Hunty,Bahia na Política,https://bahianapolitica.com.br/if-baiano-promove-palestra-com-rita-von-hunty-sobre-poder-subalternizacao-e-producao-do-conhecimento/,Institucional,Imprensa Local,Valença,curadoria_dicom,correta
2025-07-17,Congresso do IF Baiano,Página da Notícia,https://paginadanoticia.com.br/noticia/35112/santo-estevao-sediara-a-4-edicao-do-congresso-de-ensino-pesquisa-e-extensao-do-if-baiano.html,Institucional,Imprensa Local,Santo Estêvão,curadoria_dicom,correta
2025-07-17,Palestra com Rita von Hunty,Bahia Já,"https://www.bahiaja.com.br/politica/noticia/2025/07/17/moradora-salvador-ganha-r1-milhao-em-sorteio-da-nota-premiada-bahia,157192,0.html",Institucional,Imprensa Regional (Bahia),Valença,curadoria_dicom,correta
2025-07-17,Palestra com Rita von Hunty,Licia Fabio,https://www.liciafabio.com.br/rita-von-hunty-palestra-no-if-baiano-sobre-poder-e-conhecimento/,Institucional,Imprensa Local,Valença,curadoria_dicom,correta
2025-07-15,Pós-graduação Inovação Social,Agência Sertão,https://agenciasertao.com/2025/07/15/pos-graduacao-inovacao-social-if-baiano-2/,Ensino,Imprensa Local,Bom Jesus da Lapa,curadoria_dicom,correta
2025-07-13,IF Baiano abre seleção com 2 vagas para professor substituto,Mídia Externa,https://infonet.com.br/noticias/educacao/if-baiano-abre-selecao-com-2-vagas-para-professor-substituto/,Gestão e RH,Imprensa Local,Geral / Não Especificado,busca_automatica,correta
2025-07-09,Prosel professor substituto,Qconcursos,https://folha.qconcursos.com/n/if-baiano-processo-seletivo-linguagens-2025,Gestão e RH,Especializados (Nichos),Senhor do Bonfim,curadoria_dicom,correta
2025-07-09,Prosel professor substituto,Ache Concursos,https://www.acheconcursos.com.br/concursos-bahia/processo-seletivo-if-baiano-abre-vagas-professor-substituto-duas-cidades-81983,Gestão e RH,Especializados (Nichos),Senhor do Bonfim,curadoria_dicom,correta
2025-07-09,Prosel professor substituto,PCI Concursos,https://www.pciconcursos.com.br/noticias/if-baiano-abre-duas-vagas-para-professor-substituto-em-processo-seletivo,Gestão e RH,Especializados (Nichos),Senhor do Bonfim,curadoria_dicom,correta
2025-07-07,Vagas para cursos superiores,Agência Sertão,https://agenciasertao.com/2025/07/07/if-baiano-oferta-54-vagas-para-cursos-superiores-em-serrinha/,Gestão e RH,Imprensa Local,Serrinha,curadoria_dicom,correta
2025-07-07,Chamada para obra coletiva da Rede Federal,Portal IFRN,https://portal.ifrn.edu.br/campus/reitoria/noticias/rede-federal-abertas-inscricoes-para-obra-coletiva-sobre-iniciacao-cientifica/,Institucional,Outras Instituições de Ensino,Reitoria (Salvador),curadoria_dicom,correta
2025-07-04,"documento EDITAL 08 2025 COEDIÇÃO ANEXOS EDITÁVEIS IFPA, IFBaiano IFAP IFRN IFCE",IFPA,https://proppg.ifpa.edu.br/documentos-e-formularios/pesquisa/editais-2025/edital-08-2025-ifpa-proppg-edifpa/2962-edital-08-2025-coedicao-anexos-editaveis-ifpa-ifbaiano-ifap-ifrn-ifce,Gestão e RH,Imprensa Local,Geral / Não Especificado,busca_automatica,correta
2025-07-03,Simpósio Sigatoka Negra,Agência Sertão,https://agenciasertao.com/2025/07/03/simposio-tecnico-no-if-baiano-em-guanambi-vai-debater-desafios-e-solucoes-para-a-sigatoka-negra/,Institucional,Imprensa Local,Guanambi,curadoria_dicom,correta
2025-07-03,PTT IFBaiano Alencastre ProfEPT,EduCAPES,https://educapes.capes.gov.br/bitstream/capes/1000623/2/PTT%20IFBaiano%20Alencastre%20ProfEPT%20-%20VERS%C3%83O%20FINAL%20-%20com%20ISBN.pdf,Institucional,Imprensa Local,Geral / Não Especificado,busca_automatica,correta
2025-06-27,Capital nacional do cravo,Podemos,https://www.podemos.org.br/valenca-pode-se-tornar-a-capital-nacional-do-cravo/,Institucional,Imprensa Local,Valença,curadoria_dicom,correta
2025-06-21,Pós-graduação Educação no Campo,Notícias da Lapa,https://www.bomjesusdalapanoticias.com.br/bom-jesus-da-lapa/if-baiano-abre-inscricoes-para-pos-graduacao-gratuita-em-educacao-do-campo-em-bom-jesus-da-lapa/,Ensino,Imprensa Local,Bom Jesus da Lapa,curadoria_dicom,correta
2025-06-19,Pós-graduação Educação no Campo,Agência Sertão,https://agenciasertao.com/2025/06/19/pos-graduacao-educacao-do-campo/,Ensino,Imprensa Local,Bom Jesus da Lapa,curadoria_dicom,correta
2025-06-17,"Gestão da qualidade de vida no trabalho: práticas atuais e perspectivas futuras do Instituto Federal Baiano (IF Baiano), sob a ótica da Lei Federal nº 14.681/2023.",saberaberto.uneb.br,https://saberaberto.uneb.br/items/fdd79eb4-80b5-4a15-8a25-05561415b3b6,Institucional,Imprensa Local,Geral / Não Especificado,busca_automatica,correta
2025-06-15,INSTITUTO FEDERAL BAIANO CAMPUS CATU PROGRAMA DE PÓS-GRADUAÇÃO EM EDUCAÇÃO PROFISSIONAL E TECNOLÓGICA GABRIELLI ORNELLAS S,EduCAPES,https://educapes.capes.gov.br/bitstream/capes/1000328/2/Disserta%C3%A7%C3%A3o_Gabrielli_Vers%C3%A3oFinal.pdf,Ensino,Imprensa Local,Catu,busca_automatica,correta
2025-06-13,Seleção de professores para cursos ead,Acorda Cidade,https://www.acordacidade.com.br/empregos/concursos/if-baiano-seleciona-professores-para-atuar-em-cursos-a-distancia/,Gestão e RH,Imprensa Regional (Bahia),Reitoria (Salvador),curadoria_dicom,correta
2025-06-12,IF Baiano abriu seleção para 120 vagas em cursos técnicos no Campus Guanambi,Agência Sertão,https://agenciasertao.com/2025/06/12/if-baiano-abriu-selecao-para-120-vagas-em-cursos-tecnicos-no-campus-guanambi/,Gestão e RH,Imprensa Local,Guanambi,busca_automatica,correta
2025-06-12,Seleção de professores para cursos ead,Agência Sertão,https://agenciasertao.com/2025/06/12/selecao-professores-if-baiano/,Gestão e RH,Imprensa Local,Reitoria (Salvador),curadoria_dicom,correta
2025-06-12,Seleção de professores para cursos ead,Blog do Gusmão,https://blogdogusmao.com.br/2025/06/12/if-baiano-seleciona-professores-para-atuar-em-cursos-a-distancia-das-areas-de-educacao-inclusiva-e-geoprocessamento/,Gestão e RH,Imprensa Local,Reitoria (Salvador),curadoria_dicom,correta
2025-06-12,Teixeira: IF Baiano realiza audiência pública e discute demanda do curso técnico em Hospedagem,SulBahiaNews,https://www.sulbahianews.com.br/teixeira-if-baiano-realiza-audiencia-publica-e-discute-demanda-do-curso-tecnico-em-hospedagem/,Ensino,Imprensa Local,Geral / Não Especificado,busca_automatica,correta
2025-06-10,Prosel cursos subsequentes,IlhéusNet,https://www.ilheus.net/2025/06/if-baiano-urucuca-abre-inscricoes-para-curso-tecnico-em-agropecuaria-com-40-vagas-para-o-segundo-semestre-de-2025.html,Ensino,Imprensa Local,Uruçuca,curadoria_dicom,correta
2025-06-09,Seminário,Preto no Branco,https://pretonobranco.org/2025/06/09/univasf-e-if-baiano-promovem-o-seminario-orgulho-em-movimento-vivencias-lgbtqia-no-mundo-do-trabalho/,Extensão,Imprensa Local,Senhor do Bonfim,curadoria_dicom,correta
2025-06-09,Obap,MEC,https://www.gov.br/mec/pt-br/assuntos/noticias/2025/junho/mec-integra-comissao-na-area-tecnologica-do-mercosul,Institucional,Governamental,Reitoria (Salvador),curadoria_dicom,correta
2025-06-07,Prosel cursos subsequentes,Interior da Bahia,https://interiordabahia.com.br/2025/06/07/if-baiano-abre-172-vagas-para-cursos-tecnicos-subsequentes-em-serrinha-e-senhor-do-bonfim/,Ensino,Imprensa Local,Senhor do Bonfim,curadoria_dicom,correta
2025-06-05,Prosel cursos subsequentes,Aratu ON,https://aratuon.com.br/educacao/if-baiano-abre-vagas-para-cursos-tecnicos-em-serrinha-e-senhor-do-bonfim,Ensino,Imprensa Regional (Bahia),Senhor do Bonfim,curadoria_dicom,correta
2025-06-05,Equipes da Secretaria de Educação participam de formação no campus Senhor do Bonfim,Classe Política,https://classepolitica.com.br/noticia/equipes-da-secretaria-de-educacao-participam-de-formacao-no-if-baiano-de-senhor-do-bonfim,Institucional,Imprensa Local,Senhor do Bonfim,curadoria_dicom,correta
2025-06-05,Prosel cursos subsequentes,Jornal Correio,https://www.correio24horas.com.br/minha-bahia/if-baiano-abre-inscricoes-para-cursos-tecnicos-gratuitos-em-cidades-baianas-0625,Ensino,Imprensa Regional (Bahia),Senhor do Bonfim,curadoria_dicom,correta
2025-06-02,Estudos de demanda dos novos campi,Bahia Econômica,https://bahiaeconomica.com.br/wp/2025/06/02/if-baiano-consulta-comunidades-para-definir-cursos-em-novos-campi-veja-como-participar/,Institucional,Imprensa Local,Reitoria (Salvador),curadoria_dicom,correta
2025-06-02,Estudos de demanda dos novos campi,Bahia na Política,https://bahianapolitica.com.br/if-baiano-ouve-a-comunidade-para-definir-cursos-dos-novos-campi/,Institucional,Imprensa Local,Reitoria (Salvador),curadoria_dicom,correta
2025-06-02,Prosel cursos subsequentes,Diário do Povo,https://diario.dopovo.com.br/2025/06/02/if-baiano-oferece-cursos-tecnicos-em-serrinha-com-60-vagas/,Ensino,Imprensa Local,Serrinha,curadoria_dicom,correta
2025-06-02,Prosel cursos subsequentes,G1,https://g1.globo.com/ba/feira-de-santana-regiao/noticia/2025/06/02/if-baiano-cursos-tecnicos-em-serrinha.ghtml,Ensino,Imprensa (Nacional),Serrinha,curadoria_dicom,correta
2025-06-02,Estudos de demanda dos novos campi,Grupo Lomes de Comunicação,https://glomes.com.br/if-baiano-ouve-a-comunidade-para-definir-cursos-dos-novos-campi-saiba-como-contribuir/?b=21,Institucional,Imprensa Local,Reitoria (Salvador),curadoria_dicom,correta
2025-06-02,Estudos de demanda dos novos campi,Página da Notícia,https://paginadanoticia.com.br/noticia/35048/if-baiano-ouve-a-comunidade-de-santo-estevao-e-de-outros-municipios-para-definir-cursos-dos-novos-ca.html,Institucional,Imprensa Local,Reitoria (Salvador),curadoria_dicom,correta
2025-06-02,Prosel cursos subsequentes,Portal Ailton Pimentel,https://portalailtonpimentel.com/if-baiano-abre-60-vagas-para-cursos-tecnicos-em-serrinha-veja-como-se-inscrever/,Ensino,Imprensa Local,Serrinha,curadoria_dicom,correta
2025-06-02,Prosel cursos subsequentes,Calila Notícias,https://www.calilanoticias.com/2025/06/if-baiano-abre-60-vagas-para-cursos-tecnicos-em-serrinha,Ensino,Imprensa Local,Serrinha,curadoria_dicom,correta
2025-06-02,Estudos de demanda dos novos campi,Correio,https://www.correio24horas.com.br/minha-bahia/if-baiano-ouve-comunidade-para-definir-cursos-dos-novos-campi-saiba-como-contribuir-0625,Institucional,Imprensa Regional (Bahia),Reitoria (Salvador),curadoria_dicom,correta
2025-06-02,V Reneabi,Portal do IFPI,https://www.ifpi.edu.br/noticias/coordenador-geral-do-neabi-ifpi-participa-de-encontro-dos-neabis-dos-institutos-federais-do-nordeste,Institucional,Outras Instituições de Ensino,Reitoria (Salvador),curadoria_dicom,correta
2025-06-02,Estudos de demanda dos novos campi,Jornal da Mídia,https://www.jornaldamidia.com.br/2025/06/02/if-baiano-ouve-a-comunidade-para-definir-cursos-dos-novos-campi/,Institucional,Imprensa Local,Reitoria (Salvador),curadoria_dicom,correta
2025-06-02,Prosel cursos subsequentes,Jornal Foco,https://www.jornalfoco.com/index.php?id_navegue=2&id_blog=12048,Ensino,Imprensa Local,Serrinha,curadoria_dicom,correta
2025-06-02,Prosel cursos subsequentes,Viramar FM,https://www.viramarfm.com.br/noticiaatual/ba_if-baiano-abre-60-vagas-para-cursos-tecnicos-em-serrinha-veja-como-se-inscrever-,Ensino,Imprensa Local,Serrinha,curadoria_dicom,correta
2025-05-30,Seleção de professores substitutos,Agência Sertão,https://agenciasertao.com/2025/05/30/if-baiano-e-ifba-abriam-novos-processos-seletivos-para-professores-em-quatro-cidades/,Gestão e RH,Imprensa Local,Catu,curadoria_dicom,correta
2025-05-30,Bolsa Futuro Digital,valencaagora.com,https://valencaagora.com/programa-bolsa-futuro-digital-oferece-formacao-gratuita-em-tecnologia-com-bolsa-de-estudos-em-valenca/,Ensino,Imprensa Local,Valença,curadoria_dicom,correta
2025-05-30,Caso de racismo em Guanambi,Achei Sudoeste,https://www.acheisudoeste.com.br/noticias/74733-2025/05/30/if-baiano-esclarece-episodio-de-racismo-ocorrido-dentro-do-campus-em-guanambi,Institucional,Especializados (Nichos),Guanambi,curadoria_dicom,correta
2025-05-30,Bolsa Futuro Digital,Atualiza Bahia,https://www.atualizabahia.com.br/127143-2/,Ensino,Imprensa Local,Valença,curadoria_dicom,correta
2025-05-30,Simpósio de Produção Animal,Bom Jesus da Lapa Notícias,https://www.bomjesusdalapanoticias.com.br/bom-jesus-da-lapa/if-baiano-realiza-i-simposio-de-producao-animal-em-bom-jesus-da-lapa-nos-dias-3-e-4-de-junho/,Institucional,Imprensa Local,Bom Jesus da Lapa,curadoria_dicom,correta
2025-05-30,Caso de racismo em Guanambi,Sudoeste Bahia,https://www.sudoestebahia.com/noticias/42470-/if-baiano-apura-caso-de-racismo-em-campus-de-guanambi,Institucional,Imprensa Local,Guanambi,curadoria_dicom,correta
2025-05-29,Estudos de demanda dos novos campi,Agência Sertão,https://agenciasertao.com/2025/05/29/expansao-if-baiano-2/,Institucional,Imprensa Local,Reitoria (Salvador),curadoria_dicom,correta
2025-05-29,Caso de racismo em Guanambi,Folha do Vale,https://folhadovale.net/if-baiano-se-pronuncia-apos-caso-de-racismo-dentro-do-campus.html,Institucional,Imprensa (Nacional),Guanambi,curadoria_dicom,correta
2025-05-28,IF Baiano oferta 40 vagas em curso de pós-graduação no Campus Bom Jesus da Lapa,Agência Sertão,https://agenciasertao.com/2025/05/28/pos-graduacao-inovacao-social-if-baiano/,Gestão e RH,Imprensa Local,Bom Jesus da Lapa,busca_automatica,correta
2025-05-28,Prosel cursos subsequentes,Portal Massapê,https://portalmassape.com.br/oportunidade-if-baiano-abre-inscricoes-para-cursos-tecnicos-em-serrinha/,Ensino,Imprensa Local,Serrinha,curadoria_dicom,correta
2025-05-28,Caso de racismo em Guanambi,Portal Vilson Nunes,https://vilsonnunes.com.br/estudante-denuncia-racismo-em-campus-do-if-baiano-em-guanambi/,Institucional,Imprensa Local,Guanambi,curadoria_dicom,correta
2025-05-28,Especialização em Inovação Social,Bom Jesus da Lapa Notícias,https://www.bomjesusdalapanoticias.com.br/bom-jesus-da-lapa/if-baiano-de-bom-jesus-da-lapa-abre-inscricoes-para-pos-graduacao-em-inovacao-social-com-foco-em-economia-solidaria-e-agroecologia/,Ensino,Imprensa Local,Bom Jesus da Lapa,curadoria_dicom,correta
2025-05-28,Especialização em Inovação Social,PEB SP,https://www.pebsp.com/ifbaiano-abre-inscricoes-para-especializacao-gratuita-em-inovacao-social-vagas-limitadas/,Ensino,Imprensa Local,Bom Jesus da Lapa,curadoria_dicom,correta
2025-05-27,IF Baiano realiza V ENCONTEC promovendo integração do setor agropecuário no Extremo Sul da Bahia,SulBahiaNews,https://www.sulbahianews.com.br/if-baiano-realiza-v-encontec-promovendo-integracao-do-setor-agropecuario-no-extremo-sul-da-bahia/,Institucional,Imprensa Local,Geral / Não Especificado,busca_automatica,correta
2025-05-26,Seleção de professores substitutos,Agência Sertão,https://agenciasertao.com/2025/05/26/if-baiano-abriu-processos-seletivos-para-professores-em-duas-cidades/,Gestão e RH,Imprensa Local,Catu,curadoria_dicom,correta
2025-05-26,Parceria para o desenvolver sistema para o Samu,Agência Sertão,https://agenciasertao.com/2025/05/26/if-baiano-celebra-parceria-para-desenvolvimento-de-sistema-de-gerenciamento-para-o-samu-em-guanambi/,Pesquisa,Imprensa Local,Guanambi,curadoria_dicom,correta
2025-05-26,Seleção professor História,QConcursos,https://folha.qconcursos.com/n/if-baiano-professor-historia-catu-2025,Gestão e RH,Especializados (Nichos),Catu,curadoria_dicom,correta
2025-05-26,Parceria com Secretaria de Saúde,guanambi.ba.gov.br,https://www.guanambi.ba.gov.br/noticias/if_baiano_%E2%80%93_campus_guanambi_firma_parceria_com_a_secretaria_de_saude_de_guanambi-25369,Institucional,Governamental,Guanambi,curadoria_dicom,correta
2025-05-26,Seleção professor História,PCI Concursos,https://www.pciconcursos.com.br/noticias/if-baiano-abre-selecao-para-professor-substituto-de-historia-no-campus-catu-ba,Gestão e RH,Especializados (Nichos),Catu,curadoria_dicom,correta
2025-05-25,Parceria com diocese de Bonfim,diocesedebonfim.org,https://diocesedebonfim.org/possivel-parceria-entre-a-diocese-de-bonfim-e-o-if-baiano-abre-caminho-para-novas-oportunidades-de-formacao-na-regiao/,Institucional,Imprensa Local,Senhor do Bonfim,curadoria_dicom,correta
2025-05-22,Seleção professor Turismo,QConcursos,https://folha.qconcursos.com/n/if-baiano-processo-seletivo-turismo-2025,Gestão e RH,Especializados (Nichos),Uruçuca,curadoria_dicom,correta
2025-05-21,Estágio Direito,Click Petróleo e Gás,https://clickpetroleoegas.com.br/if-baiano-estagio-direito-bolsa-1665-provas-salvador/,Institucional,Imprensa Local,Reitoria (Salvador),curadoria_dicom,correta
2025-05-21,Seleção professor Turismo,Ache Concursos,https://www.acheconcursos.com.br/concursos-bahia/processo-seletivo-if-baiano-abre-vaga-professor-substituto-urucuca-80828,Gestão e RH,Especializados (Nichos),Uruçuca,curadoria_dicom,correta
2025-05-21,Estágio Direito,B News,https://www.bnews.com.br/noticias/economia-e-mercado/if-baiano-abre-vagas-de-estagios-com-bolsas-que-superam-r-16-mil-saiba-como-concorrer.html,Institucional,Imprensa Local,Reitoria (Salvador),curadoria_dicom,correta
2025-05-19,Estágio Direito,G1,https://g1.globo.com/ba/bahia/blogdoemprego/noticia/2025/05/19/if-baiano-abre-inscricoes-para-selecao-de-estagio-na-area-de-direito.ghtml,Institucional,Imprensa (Nacional),Reitoria (Salvador),curadoria_dicom,correta
2025-05-19,Estágio Direito,Correio,https://www.correio24horas.com.br/emprego/if-baiano-abre-vagas-de-estagio-para-estudantes-de-direito-com-bolsa-de-ate-r-16-mil-0525,Institucional,Imprensa Regional (Bahia),Reitoria (Salvador),curadoria_dicom,correta
2025-05-18,Concurso Professor,O Tempo,https://www.otempo.com.br/emprego-e-concursos/2025/5/18/ifbaiano-abre-concurso-para-professor-com-salarios-de-ate-r-805829-saiba-como-se-inscrever,Gestão e RH,Imprensa (Nacional),Reitoria (Salvador),curadoria_dicom,correta
2025-05-16,Estágio Direito,Agência Serão,https://agenciasertao.com/2025/05/16/estagio-direito-if-baiano/,Institucional,Imprensa Local,Reitoria (Salvador),curadoria_dicom,correta
2025-05-14,Cursos FIC,Ilhéus 24h,https://ilheus24h.com.br/if-baiano-campus-urucuca-abre-inscricoes-para-cursos-gratuitos-de-qualificacao-profissional/,Ensino,Imprensa Local,Uruçuca,curadoria_dicom,correta
2025-05-14,Seleção professor Direito,Ache Concursos,https://www.acheconcursos.com.br/concursos-bahia/processo-seletivo-ifbaiano-duas-vagas-professor-senhor-bonfim-80647,Gestão e RH,Especializados (Nichos),Senhor do Bonfim,curadoria_dicom,correta
2025-05-13,Cursos FIC,Agência Sertão,https://agenciasertao.com/2025/05/13/cursos-gratuitos-if-baiano/,Ensino,Imprensa Local,Uruçuca,curadoria_dicom,correta
2025-05-13,Partiu IF,Blog do Gusmão,https://blogdogusmao.com.br/2025/05/13/if-baiano-abre-editais-com-vagas-no-programa-partiu-if-ha-22-vagas-para-urucuca/,Ensino,Imprensa Local,Uruçuca,curadoria_dicom,correta
2025-05-13,Seleção professor educação física,QConcursos,https://folha.qconcursos.com/n/if-baiano-selecao-professor-substituto-educacao-fisica-2025,Gestão e RH,Especializados (Nichos),Santa Inês,curadoria_dicom,correta
2025-05-13,Perspective of visually impaired students on the mediation of information within the libraries of IF Baiano||Perspectiva de estudiantes con discapacidad visual sobre la mediación de información dentro de las bibliotecas de IF Baiano||Perspectiva dos estudante,FUNARTE Digital,https://funartemaisdigital.funarte.gov.br/periodicos/perspective-of-visually-impaired-students-on-the-mediation-of-information-within-the-libraries-of-if-baianoperspectiva-de-estudiantes-con-discapacidad-visual-sobre-la-mediacion-de-informacion-dentro/,Ensino,Imprensa Local,Geral / Não Especificado,busca_automatica,correta
2025-05-13,Seleção professor educação física,PCI Concursos,https://www.pciconcursos.com.br/noticias/if-baiano-processo-seletivo-para-professor-substituto-de-educacao-fisica-e-divulgado-em-santa-ines,Gestão e RH,Especializados (Nichos),Santa Inês,curadoria_dicom,correta
2025-05-06,3° edição da Tenda da Ciência,Agência Sertão,https://agenciasertao.com/2025/05/06/tenda-da-ciencia/,Pesquisa,Imprensa Local,Guanambi,curadoria_dicom,correta
2025-05-06,Prosel cursos técnicos subsequentes,Forte Notícia,https://fortenanoticia.com.br/if-baiano-campus-governador-mangabeira-segue-com-matriculas-abertas-para-cursos-tecnicos-subsequentes/,Ensino,Imprensa Local,Governador Mangabeira,curadoria_dicom,correta
2025-05-06,Prosel cursos técnicos subsequentes,Voz da Bahia,https://vozdabahia.com.br/if-baiano-de-governador-mangabeira-abre-matriculas-para-cursos-tecnicos-gratuitos/,Ensino,Imprensa Local,Guanambi,curadoria_dicom,correta
2025-05-06,Ifbaiano em Ruy Barbosa deve ser construído em dois anos,Ruy Barbosa Notícias,https://www.ruybarbosanoticias.com.br/2025/05/ifbaiano-em-ruy-barbosa-deve-ser.html,Institucional,Imprensa Local,Ruy Barbosa,busca_automatica,correta
2025-05-05,Prosel Concursos Públicos,"Senhor do Bonfim,BomJesus da Lapa",https://atarde.com.br/concursos/confira-a-lista-de-concursos-publicos-abertos-na-bahia-em-maio-1316606,Gestão e RH,Imprensa Local,Bom Jesus da Lapa,curadoria_dicom,correta
2025-04-30,Reunião sobre a chegada do IF Baiano,Prefeitura de Ribeira do Pombal,https://ribeiradopombal.ba.gov.br/2025/04/30/educacao-que-transforma-14-municipios-participam-de-reuniao-sobre-a-chegada-do-if-baiano-a-regiao/,Institucional,Governamental,Ribeira do Pombal,curadoria_dicom,correta
2025-04-28,Oficinas e Palestras promovidas em Ubaíra,Criativa Online,https://criativaonline.com.br/oficinas-e-palestras-promovidas-pelo-if-baiano-colegio-aurino-fausto-dos-santos-e-colegio-natur-cpm-em-ubaira/,Extensão,Imprensa Local,Santa Inês,curadoria_dicom,correta
2025-04-24,Obras do IF Baiano em Ruy Barbosa já foram autorizadas; unidade deve impulsionar educação e desenvolvimento territorial,Catureba,https://www.catureba.com.br/2025/04/24/obras-do-if-baiano-em-ruy-barbosa-ja-foram-autorizadas-unidade-deve-impulsionar-educacao-e-desenvolvimento-territorial/,Institucional,Imprensa Local,Ruy Barbosa,busca_automatica,correta
2025-04-23,Partiu IF,iGuanambi,https://www.iguanambi.com.br/noticias/2025/04/23/if-baiano-campus-guanambi-realizou-abertura-do-programa-partiuif-com-presenca-de-estudantes-e-familiares/,Ensino,Imprensa Local,Guanambi,curadoria_dicom,correta
2025-04-23,IF Baiano Campus Guanambi realizou abertura do Programa PartiuIF com presença de estudantes e familiares -,iGuanambi,https://www.iguanambi.com.br/noticias/2025/04/23/if-baiano-campus-guanambi-realizou-abertura-do-programa-partiuif-com-presenca-de-estudantes-e-familiares/page/797/,Ensino,Imprensa Local,Guanambi,busca_automatica,correta
2025-04-23,Partiu IF,Sul Bahia News,https://www.sulbahianews.com.br/if-baiano-de-teixeira-de-freitas-abre-seis-vagas-remanescentes-pelo-programa-partiu-if/,Ensino,Imprensa Local,Teixeira de Freitas,curadoria_dicom,correta
2025-04-18,"Evento Identidade: ser, pertencer, fazer",Portal do Piemonte,https://portaldopiemonte.com.br/ser-pertencer-e-fazer-if-baiano-prepara-reflexao-sobre-identidade-em-tempos-digitais/,Extensão,Imprensa Local,Senhor do Bonfim,curadoria_dicom,correta
2025-04-16,Prosel professor substituto,QConcursos,https://folha.qconcursos.com/n/if-baiano-processo-seletivo-professor-musica-2025,Gestão e RH,Especializados (Nichos),Senhor do Bonfim,curadoria_dicom,correta
2025-04-16,Prosel professor substituto,Soma Concursos,https://somaconcursos.com.br/instituto-federal-do-baiano-abre-selecao-para-musica/,Gestão e RH,Especializados (Nichos),Senhor do Bonfim,curadoria_dicom,correta
2025-04-16,Prosel professor substituto,Ruy Barbosa Notícias,https://www.ruybarbosanoticias.com.br/2025/04/if-baiano-abre-processo-seletivo-para.html,Gestão e RH,Imprensa Local,Itaberaba,curadoria_dicom,correta
2025-04-15,IF Baiano em Pombal: Primeira Reunião Discute Propostas de Cursos com Participação Popular,Prefeitura de Ribeira do Pombal,https://ribeiradopombal.ba.gov.br/2025/04/15/if-baiano-em-pombal-primeira-reuniao-discute-propostas-de-cursos-com-participacao-popular/,Ensino,Governamental,Ribeira do Pombal,busca_automatica,correta
2025-04-12,Prosel professor substituto,Agência Sertão,https://agenciasertao.com/2025/04/12/if-baiano-e-ifba-abriram-processos-seletivos-para-professores-em-quatro-cidades/,Gestão e RH,Imprensa Local,Catu,curadoria_dicom,correta
2025-04-12,Assinatura da ordem de serviço campus Ribeira do Pombal,Bahia Econômica,https://bahiaeconomica.com.br/wp/2025/04/12/assinatura-da-ordem-de-servico-marca-inicio-das-obras-do-if-baiano-em-ribeira-do-pombal/,Institucional,Imprensa Local,Ribeira do Pombal,curadoria_dicom,correta
2025-04-10,IF Baiano disponibiliza vagas para cursos de graduação em Bom Jesus da Lapa,Notícias de Bom Jesus da Lapa,https://www.bomjesusdalapanoticias.com.br/bom-jesus-da-lapa/156563/,Gestão e RH,Imprensa Local,Bom Jesus da Lapa,busca_automatica,correta
2025-04-08,Prosel professor substituto,QConcursos,https://folha.qconcursos.com/n/if-baiano-processo-seletivo-professor-substituto-2025,Gestão e RH,Especializados (Nichos),Catu,curadoria_dicom,correta
2025-04-08,Seminário sobre cultivo e mercado de especiarias,valencaagora.com,https://valencaagora.com/adiado-seminario-sobre-cultivo-e-mercado-de-especiarias-e-guarana-no-if-baiano-valenca/,Extensão,Imprensa Local,Valença,curadoria_dicom,correta
2025-04-08,Prosel professor substituto,PCI Concursos,https://www.pciconcursos.com.br/noticias/ifbaiano-abre-novo-processo-seletivo-para-professor-no-campus-catu,Gestão e RH,Especializados (Nichos),Catu,curadoria_dicom,correta
2025-04-07,Especialização gratuita do IF Baiano abre 30 vagas para o segundo semestre de 2025,InfoEducação,https://infoeducacao.com.br/especializacao-gratuita-do-if-baiano-abre-30-vagas-para-o-segundo-semestre-de-2025/,Gestão e RH,Especializados (Nichos),Geral / Não Especificado,busca_automatica,correta
2025-04-07,Seminário sobre cultivo e mercado de especiarias,valencaagora.com,https://valencaagora.com/seminario-discute-cultivo-e-mercado-de-especiarias-e-guarana-no-if-baiano-valenca/,Extensão,Imprensa Local,Valença,curadoria_dicom,correta
2025-04-03,Vagas especialização,Agência Sertão,https://agenciasertao.com/2025/04/03/pos-graduacao-matematica-valenca/,Gestão e RH,Imprensa Local,Valença,curadoria_dicom,correta
2025-04-03,Construção de novo campus,Bahia Notícias,https://www.bahianoticias.com.br/municipios/noticia/44610-do-time-de-otto-candidato-pretende-reverter-jogo-em-eleicao-suplementar-de-ruy-barbosa,Institucional,Imprensa Regional (Bahia),Ruy Barbosa,curadoria_dicom,correta
2025-03-28,Seleção professor de Filosofia,Agência Sertão,https://agenciasertao.com/2025/03/28/if-baiano-abriu-processo-seletivo-para-professor-substituto/,Gestão e RH,Imprensa Local,Santa Inês,curadoria_dicom,correta
2025-03-28,Seleção professor de Filosofia,QConcursos,https://folha.qconcursos.com/n/if-baiano-processo-seletivo-filosofia-2025,Gestão e RH,Especializados (Nichos),Santa Inês,curadoria_dicom,correta
2025-03-28,Prefeita Magnólia Barreto participa do dia do Cacau no IF Baiano,Pimenta Blog,https://pimenta.blog.br/2025/03/28/urucuca-magnolia-barreto-prestigia-o-dia-do-cacau-no-if-baiano/,Institucional,Imprensa Local,Uruçuca,curadoria_dicom,correta
2025-03-28,Seleção professor de Filosofia,PCI Concursos,https://www.pciconcursos.com.br/noticias/if-baiano-promove-inscricoes-para-processo-seletivo-no-campus-santa-ines,Gestão e RH,Especializados (Nichos),Santa Inês,curadoria_dicom,correta
2025-03-27,"DIA DO CACAU❗ Evento promovido pelo IF Baiano de Uruçuca reúne prefeita Magnólia Barreto e diretor da Biofábrica, Valdemir dos Santos",Na Pauta Blog,https://pauta.blog.br/na-bahia/economia/dia-do-cacau%E2%9D%97-evento-promovido-pelo-if-baiano-de-urucuca-reune-prefeita-magnolia-barreto-e-diretor-da-biofabrica-valdemir-dos-santos/,Extensão,Imprensa Local,Uruçuca,busca_automatica,correta
2025-03-27,Biofábrica da Bahia celebra o dia do cacau junto ao IF Baiano,O Trombone,https://www.otrombone.com.br/biofabrica-da-bahia-celebra-o-dia-do-cacau-junto-ao-if-baiano-campus-urucuca/,Institucional,Imprensa Local,Uruçuca,curadoria_dicom,correta
2025-03-26,Prefeita Magnólia Barreto participa do dia do Cacau no IF Baiano,Blog do Gusmão,https://blogdogusmao.com.br/2025/03/26/urucuca-prefeita-magnolia-barreto-participa-do-dia-do-cacau-no-if-baiano/,Institucional,Imprensa Local,Uruçuca,curadoria_dicom,correta
2025-03-26,Partiu IF Estudantes,Revista Metropolitana,https://revistametropolitana.com.br/noticia/53923/if-baiano-abre-inscricoes-para-curso-preparatorio-para-os-institutos-federais,Ensino,Imprensa Local,Reitoria (Salvador),curadoria_dicom,correta
2025-03-25,Partiu IF Estudantes,A Tarde,https://atarde.com.br/educacao/if-baiano-abre-mais-de-500-inscricoes-para-curso-preparatorio-gratuito-1311950,Ensino,Imprensa Regional (Bahia),Reitoria (Salvador),curadoria_dicom,correta
2025-03-25,Partiu IF Estudantes,Bahia Econômica,https://bahiaeconomica.com.br/wp/2025/03/25/if-baiano-oferece-560-vagas-para-curso-preparatorio-gratuito-em-institutos-federais/,Ensino,Imprensa Local,Reitoria (Salvador),curadoria_dicom,correta
2025-03-25,Partiu IF Estudantes,Fala Cajazeiras,https://falacajazeiras.com.br/if-baiano-abre-inscricoes-para-560-vagas-em-curso-preparatorio-gratuito/,Ensino,Imprensa Local,Reitoria (Salvador),curadoria_dicom,correta
2025-03-25,Partiu IF Estudantes,G1,https://g1.globo.com/ba/bahia/blogdoemprego/noticia/2025/03/25/if-baiano-abre-inscricoes-para-curso-preparatorio-gratuito.ghtml,Ensino,Imprensa (Nacional),Reitoria (Salvador),curadoria_dicom,correta
2025-03-25,Partiu IF Estudantes,Rede Globo Bahia,https://redeglobo.globo.com/redebahia/noticia/if-baiano-oferta-vagas-560-para-curso-preparatorio-gratuito.ghtml,Ensino,Imprensa (Nacional),Reitoria (Salvador),curadoria_dicom,correta
2025-03-25,Alagoinhas: IF Baiano oferece 80 vagas gratuitas para curso técnico em Agroindústria,Alta Pressão Online,https://www.apo.com.br/noticia/alagoinhas/alagoinhas-if-baiano-oferece-80-vagas-gratuitas-para-curso-tecnico-em-agroindustria/,Gestão e RH,Imprensa Local,Alagoinhas,busca_automatica,correta
2025-03-25,Partiu IF Estudantes,Bahia Notícias,https://www.bahianoticias.com.br/municipios/noticia/44474-if-baiano-abre-560-vagas-para-curso-preparatorio-gratuito-com-bolsa-de-rdollar-200-para-estudantes,Ensino,Imprensa Regional (Bahia),Reitoria (Salvador),curadoria_dicom,correta
2025-03-25,Partiu IF Estudantes,CN1,"https://www.cn1.com.br/noticias/13/129166,if-baiano-abre-inscricoes-para-curso-preparatorio-do-programa-partiu-if",Ensino,Imprensa Local,Reitoria (Salvador),curadoria_dicom,correta
2025-03-25,IF Baiano abre inscrições para curso preparatório de institutos federais,SulBahiaNews,https://www.sulbahianews.com.br/if-baiano-abre-inscricoes-para-curso-preparatorio-de-institutos-federais/,Ensino,Imprensa Local,Geral / Não Especificado,busca_automatica,correta
2025-03-24,IF Baiano abre inscrições para curso gratuito com bolsa mensal de R$ 200,Jornal da Record,https://noticias.r7.com/takta/if-baiano-abre-inscricoes-para-curso-gratuito-com-bolsa-mensal-de-r-200-25032025/,Ensino,Imprensa (Nacional),Reitoria (Salvador),curadoria_dicom,correta
2025-03-19,Novo Polo de Itacaré,Itacaré.Gov,https://itacare.ba.gov.br/itacare-inaugurara-polo-do-if-baiano/,Institucional,Imprensa Local,Uruçuca,curadoria_dicom,correta
2025-03-18,IF Baiano oferta vagas em cursos superiores em dois campi,Agência Sertão,https://agenciasertao.com/2025/03/18/vagas-if-baiano/,Gestão e RH,Imprensa Local,Geral / Não Especificado,busca_automatica,correta
2025-03-15,Partiu IF Professores,Bahia Recôncavo,https://bahiareconcavo.com.br/2025/03/15/if-baiano-divulga-edital-de-contratacao-de-professores-temporarios-para-atuar-no-programa-partiu-if/,Gestão e RH,Imprensa Local,Reitoria (Salvador),curadoria_dicom,correta
2025-03-15,Partiu IF Professores,Band Conquista,https://bandconquista.com.br/ifba-esta-com-42-vagas-disponiveis-para-selecao-de-professores-temporarios/,Gestão e RH,Imprensa (Nacional),Reitoria (Salvador),curadoria_dicom,correta
2025-03-15,Partiu IF Professores,Siga a Notícia,https://sigaanoticia.com.br/if-baiano-abre-edital-com-42-vagas-para-professores-temporarios-em-teixeira-de-freitas-e-13-cidades/,Gestão e RH,Imprensa Local,Reitoria (Salvador),curadoria_dicom,correta
2025-03-14,IF Baiano divulgou edital com 42 vagas para atuar no programa Partiu IF em 14 cidades,Agência Sertão,https://agenciasertao.com/2025/03/14/if-baiano-divulgou-edital-com-42-vagas-para-atuar-no-programa-partiu-if-em-14-cidades/,Gestão e RH,Imprensa Local,Geral / Não Especificado,busca_automatica,correta
2025-03-14,Prosel cursos superiores,Agência Sertão,https://agenciasertao.com/2025/03/14/if-baiano-oferta-53-vagas-para-tres-cursos-superiores-em-guanambi/,Ensino,Imprensa Local,Guanambi,curadoria_dicom,correta
2025-03-14,Partiu IF Professores,Bahia Econômica,https://bahiaeconomica.com.br/wp/2025/03/14/instituto-federal-divulga-editais-para-contratacao-de-professores-e-apoio-pedagogico/,Gestão e RH,Imprensa Local,Reitoria (Salvador),curadoria_dicom,correta
2025-03-14,Palestra sobre dendê e educação,Jornal Valença Agora,https://valencaagora.com/palestra-vai-debater-a-relacao-entre-dende-e-educacao-no-if-baiano/,Institucional,Imprensa Local,Valença,curadoria_dicom,correta
2025-03-14,Partiu IF Professores,Acorda Cidade,https://www.acordacidade.com.br/empregos/concursos/if-baiano-abre-vagas-temporarias-de-professores-para-o-programa-partiu-if/,Gestão e RH,Imprensa Regional (Bahia),Reitoria (Salvador),curadoria_dicom,correta
2025-03-13,Construção de novos campi,"Remanso, Rui Barbosa, Ribeira do Pombal, Santo Estêvão",https://agenciasertao.com/2025/03/13/expansao-if-baiano/,Institucional,Imprensa Local,Santo Estêvão,curadoria_dicom,correta
2025-03-13,Prosel cursos Ead,Prefeitura Municipal de Caculé,https://www.governodecacule.ba.gov.br/noticias/if_baiano_abre_inscricoes_para_cursos_tecnicos_ead_em_cacule-2702,Ensino,Governamental,Guanambi,curadoria_dicom,correta
2025-03-07,Tenda da Ciência,Agência Sertão,https://agenciasertao.com/2025/03/07/3a-tenda-da-ciencia-do-if-baiano-sera-realizada-em-guanambi-no-mes-de-maio-inscricoes-ja-estao-abertas/,Pesquisa,Imprensa Local,Guanambi,curadoria_dicom,correta
2025-02-28,Audiência sobre novo curso superior em Valença,Jornal Valença Agora,http://valencaagora.com/if-baiano-valenca-promove-audiencia-publica-para-debater-a-criacao-de-novo-curso-superior/,Ensino,Imprensa Local,Valença,curadoria_dicom,correta
2025-02-26,Pesquisa protetor solar para plantas,Eae Máquinas,https://eaemaq.com.br/noticias-do-mercado/protetor-solar-reduz-a-queima-de-frutos-e-aumenta-adaptacao-das-plantas-as-mudancas-climaticas/,Pesquisa,Imprensa Local,Bom Jesus da Lapa,curadoria_dicom,correta
2025-02-26,Pesquisa protetor solar para plantas,Movimento Econômico,https://movimentoeconomico.com.br/agronegocio/2025/02/26/embrapa-no-nordeste-cria-protetor-solar-que-protege-frutas-do-calor/,Pesquisa,Imprensa Local,Bom Jesus da Lapa,curadoria_dicom,correta
2025-02-26,Prosel cursos ead,Revista Metropolitana,https://revistametropolitana.com.br/noticia/53662/if-baiano-convoca-candidatos-aprovados-em-cursos-subsequentes-na-modalidade-ead,Ensino,Imprensa Local,Catu,curadoria_dicom,correta
2025-02-26,Prosel vagas remanescentes,Bahia Notícias,https://www.bahianoticias.com.br/municipios/noticia/44103-if-baiano-na-regiao-sisaleira-abre-inscricoes-para-72-vagas-em-cursos-tecnicos,Gestão e RH,Imprensa Regional (Bahia),Serrinha,curadoria_dicom,correta
2025-02-25,Inscrições Cursos FIC,Agência Sertão,https://agenciasertao.com/2025/02/25/if-baiano-abre-inscricoes-para-cursos-gratuitos-de-violao-libras-ingles-e-informatica/,Ensino,Imprensa Local,Xique-Xique,curadoria_dicom,correta
2025-02-25,Prosel vagas remanescentes,"Serrinha, Itaberaba, Xique-Xique, Uruçuca, Governador Mangabeira, Santa Inês",https://agenciasertao.com/2025/02/25/if-baiano-tem-inscricoes-abertas-para-cursos-tecnicos-presenciais-em-seis-campi/,Gestão e RH,Imprensa Local,Governador Mangabeira,curadoria_dicom,correta
2025-02-25,Prosel vagas remanescentes,G1,https://g1.globo.com/ba/feira-de-santana-regiao/noticia/2025/02/25/if-baiano-oferece-cursos.ghtml,Gestão e RH,Imprensa (Nacional),Serrinha,curadoria_dicom,correta
2025-02-25,Prosel vagas remanescentes,Portal Aílton Pimentel,https://portalailtonpimentel.com/if-baiano-abre-inscricoes-para-cursos-tecnicos-em-serrinha-veja-como-se-inscrever/,Gestão e RH,Imprensa Local,Serrinha,curadoria_dicom,correta
2025-02-25,Prosel vagas remanescentes,Portal do Piemonte,https://portaldopiemonte.com.br/if-baiano-abre-vagas-tecnicas-remanescentes/,Gestão e RH,Imprensa Local,Senhor do Bonfim,curadoria_dicom,correta
2025-02-25,Prosel vagas remanescentes,Voz da Bahia,https://vozdabahia.com.br/if-baiano-abre-72-vagas-para-cursos-tecnicos-gratuitos-em-serrinha/,Gestão e RH,Imprensa Local,Serrinha,curadoria_dicom,correta
2025-02-25,Prosel vagas remanescentes,Calila Notícias,https://www.calilanoticias.com/2025/02/if-baiano-abre-inscricoes-para-cursos-tecnicos-em-serrinha,Gestão e RH,Imprensa Local,Serrinha,curadoria_dicom,correta
2025-02-25,Prosel vagas remanescentes,Cleriston Silva,https://www.cleristonsilva.com/index.php?id_navegue=2&id_blog=30171,Gestão e RH,Imprensa Local,Serrinha,curadoria_dicom,correta
2025-02-25,Prosel vagas remanescentes,Irecê Notícias,https://www.irecenoticias.com.br/noticia/if-baiano-tem-inscricoes-abertas-para-cursos-tecnicos-em-xique-xique-e-mais/,Gestão e RH,Imprensa Local,Governador Mangabeira,curadoria_dicom,correta
2025-02-25,Prosel vagas remanescentes,Líder FM,https://www.liderfm965.com.br/noticiaatual/ba_if-baiano-abre-inscricoes-para-cursos-tecnicos-em-serrinha-veja-como-se-inscrever,Gestão e RH,Imprensa Local,Serrinha,curadoria_dicom,correta
2025-02-25,Prosel vagas remanescentes,Viramar FM,https://www.viramarfm.com.br/noticiaatual/ba_if-baiano-abre-inscricoes-para-cursos-tecnicos-em-serrinha-veja-como-se-inscrever,Gestão e RH,Imprensa Local,Serrinha,curadoria_dicom,correta
2025-02-24,Prosel curso de graduação,Agência Sertão,https://agenciasertao.com/2025/02/24/if-baiano-abriu-selecao-para-tres-cursos-superiores/,Ensino,Imprensa Local,Uruçuca,curadoria_dicom,correta
2025-02-24,Partiu IF Estudantes,Agência Sertão,https://agenciasertao.com/2025/03/24/curso-preparatorio-if-baiano/,Ensino,Imprensa Local,Reitoria (Salvador),curadoria_dicom,correta
2025-02-24,Partiu IF Estudantes,Aratu On,https://aratuon.com.br/educacao/if-baiano-abre-inscricoes-para-curso-preparatorio-saiba-mais,Ensino,Imprensa Regional (Bahia),Reitoria (Salvador),curadoria_dicom,correta
2025-02-24,Partiu IF Estudantes,Blog do Valente,https://blogdovalente.com.br/noticias/2025/03/if-baiano-abre-inscricoes-para-curso-preparatorio-com-bolsa-de-r-200/,Ensino,Imprensa Local,Reitoria (Salvador),curadoria_dicom,correta
2025-02-24,Oferta de cursos no campus Alagoinhas,G1,https://g1.globo.com/ba/feira-de-santana-regiao/noticia/2025/03/24/vagas-para-cursos-tecnicos-alagoinhas.ghtml,Ensino,Imprensa (Nacional),Alagoinhas,curadoria_dicom,correta
2025-02-24,Partiu IF Estudantes,Pimenta Blog,https://pimenta.blog.br/2025/03/24/if-baiano-abre-inscricoes-para-560-vagas-em-cursinho-preparatorio/#google_vignette,Ensino,Imprensa Local,Reitoria (Salvador),curadoria_dicom,correta
2025-02-24,Partiu IF Estudantes,Acorda Cidade,https://www.acordacidade.com.br/educacao/if-baiano-abre-inscricoes-para-curso-preparatorio-para-os-institutos-federais/,Ensino,Imprensa Regional (Bahia),Reitoria (Salvador),curadoria_dicom,correta
2025-02-24,Partiu IF Estudantes,Correio,https://www.correio24horas.com.br/minha-bahia/quer-estudar-no-if-baiano-instituto-abre-560-vagas-para-curso-preparatorio-0325,Ensino,Imprensa Regional (Bahia),Reitoria (Salvador),curadoria_dicom,correta
2025-02-24,Oferta de cursos no campus Alagoinhas,seligaalagoinhas.com.br,https://www.seligaalagoinhas.com.br/noticia/57135/a-subutilizacao-do-campus-do-if-baiano-em-alagoinhas-e-a-desconexao-com-a-realidade-local,Ensino,Imprensa Local,Alagoinhas,curadoria_dicom,correta
2025-02-23,Prosel vagas remanescentes,TV BAND,https://drive.google.com/file/d/13pjz6biC4uVqFSNFs0gguPJOowoWCke_/view?usp=drive_link,Gestão e RH,Imprensa (Nacional),Reitoria (Salvador),curadoria_dicom,correta
2025-02-22,Prosel em curso técnico integrado em Gastronomia,Agência Sertão,https://agenciasertao.com/2025/02/22/if-baiano-abriu-selecao-para-curso-tecnico-em-gastronomia/,Ensino,Imprensa Local,Catu,curadoria_dicom,correta
2025-02-22,Prosel cursos de graduação,Ubaitaba Urgente,https://ubaitabaurgente.com.br/municipios/urucuca/urucuca-campus-do-if-baiano-abre-vagas-para-cursos-de-graduacao/,Ensino,Imprensa Local,Uruçuca,curadoria_dicom,correta
2025-02-21,Prosel cursos de graduação,Blog do Zé Drone,https://blogdozedrone.com.br/campus-do-if-baiano-de-urucuca-abre-vagas-para-cursos-de-graduacao/,Ensino,Imprensa Local,Uruçuca,curadoria_dicom,correta
2025-02-21,Prosel cursos de graduação,Ilhéus 24h,https://ilheus24h.com.br/if-baiano-campus-urucuca-abre-selecao-para-cursos-de-graduacao/,Ensino,Imprensa Local,Uruçuca,curadoria_dicom,correta
2025-02-20,Prosel vagas remanescentes,Central Notícia,https://centralnoticia.com.br/noticia/if-baiano-r-campus-xique-xique-abre-inscricoes-para-cursos-tecnicos-presenciais/19012,Gestão e RH,Imprensa Local,Xique-Xique,curadoria_dicom,correta
2025-02-19,Reitor visita obras em Remanso,Remanso Notícias,https://remanso-noticias.com/2025/remanso-recebe-visita-do-reitor-do-if-baiano-para-acompanhar-os-avancos-das-obras-do-instituto-federal/,Institucional,Imprensa Local,Remanso,curadoria_dicom,correta
2025-02-18,Alunas do Mulheres Mil recebem Certificação,Blog do Gusmão,https://blogdogusmao.com.br/2025/02/18/alunas-do-programa-mulheres-mil-recebem-certificacao-durante-cerimonia-nesta-sexta-feira/,Extensão,Imprensa Local,Reitoria (Salvador),curadoria_dicom,correta
2025-02-12,Prosel vagas remanescentes,Agência Sertão,https://agenciasertao.com/2025/02/12/if-baiano-oferta-290-vagas-para-cursos-tecnicos-em-quatro-cidades/,Gestão e RH,Imprensa Local,Governador Mangabeira,curadoria_dicom,correta
2025-02-12,Lista de espera para o IF Baiano no sisu,Portal Nacional da Educação,https://portalpne.com/noticia/ifbaiano-publica-lista-de-espera-sisu-2025/,Ensino,Especializados (Nichos),Reitoria (Salvador),curadoria_dicom,correta
2025-02-11,Prosel vagas remanescentes,"Senhor do Bonfim, Uruçuca, Governador Mangabeira, Santa Inês",https://atarde.com.br/educacao/if-baiano-abre-inscricoes-para-291-vagas-em-cursos-tecnicos-1306805,Gestão e RH,Imprensa Local,Governador Mangabeira,curadoria_dicom,correta
2025-02-11,Prosel cursos técnicos integrados e subsequentes,"Senhor do Bonfim, Uruçuca, Governador Mangabeira, Santa Inês",https://bahiaeconomica.com.br/wp/2025/02/11/instituto-federal-baiano-abre-inscricoes-para-diversos-cursos-tecnicos-saiba-mais/,Ensino,Imprensa Local,Governador Mangabeira,curadoria_dicom,correta
2025-02-11,IF Baiano abre inscrições para vagas remanescentes em cursos técnicos presenciais,blog do gusmão,https://blogdogusmao.com.br/2025/02/11/if-baiano-abre-inscricoes-para-vagas-remanescentes-em-cursos-tecnicos-presenciais/,Gestão e RH,Imprensa Local,Geral / Não Especificado,busca_automatica,correta
2025-02-11,Prosel vagas remanescentes,Sua cidade em revista,https://scr-reconcavo.com.br/noticia/9978/if-baiano-abre-inscricoes-para-vagas-remanescentes-em-cursos-tecnicos-presenciais,Gestão e RH,Imprensa Local,Governador Mangabeira,curadoria_dicom,correta
2025-02-11,Pós-graduação em Práticas Educativas,PEBSP,https://www.pebsp.com/ifbaiano-esta-com-inscricoes-abertas-para-pos-graduacao-em-praticas-educativas/#google_vignette,Ensino,Imprensa Local,Catu,curadoria_dicom,correta
2025-02-11,Prosel cursos técnicos subsequentes,seligaalagoinhas.com.br,https://www.seligaalagoinhas.com.br/noticia/56040/campus-alagoinhas-lanca-edital-com-240-vagas-em-cursos-tecnicos-subsequentes-ead,Ensino,Imprensa Local,Alagoinhas,curadoria_dicom,correta
2025-02-11,Pós-graduação em Práticas Educativas,Valter Vieira,https://www.valtervieira.com.br/noticia/bahia/98452/if-baiano-abre-selecao-para-curso-de-pos-graduacao-em-praticas-educativas-no-campus-catu,Ensino,Imprensa Local,Catu,curadoria_dicom,correta
2025-02-10,Pós-graduação em Práticas Educativas,Blog do Gusmão,https://blogdogusmao.com.br/2025/02/10/if-baiano-abre-inscricoes-para-curso-de-pos-graduacao-em-praticas-educativas-no-campus-catu/,Ensino,Imprensa Local,Catu,curadoria_dicom,correta
2025-02-10,Especialização Educação Inclusiva,Conecta Professores,https://conectaprofessores.com/2025/02/10/curso-gratuito-e-online-no-instituto-federal-inscreva-se-na-especializacao-em-inovacao-em-educacao-ead/,Ensino,Imprensa Local,Reitoria (Salvador),curadoria_dicom,correta
2025-02-10,Pós-graduação em Práticas Educativas,Oficina de Notícias,https://oficinadenoticias.com.br/noticia/965/esta-aberta-a-selecao-para-curso-de-pos-graduacao-em-praticas-educativas-no-if-baiano-no-campus-catu,Ensino,Imprensa Local,Catu,curadoria_dicom,correta
2025-02-10,Pós-graduação em Práticas Educativas,Acorda Cidade,https://www.acordacidade.com.br/educacao/if-baiano-abre-selecao-para-curso-de-pos-graduacao-em-praticas-educativas-no-campus-catu/,Ensino,Imprensa Regional (Bahia),Catu,curadoria_dicom,correta
2025-02-06,Prosel vagas remanescentes,Agência Sertão,https://agenciasertao.com/2025/02/06/if-baiano-seleciona-para-vagas-remanescentes-em-cursos-tecnicos-integrados/,Gestão e RH,Imprensa Local,Santa Inês,curadoria_dicom,correta
2025-02-04,IF Baiano oferta mais 240 vagas para cursos técnicos EaD em duas cidades,Agência Sertão,https://agenciasertao.com/2025/02/04/if-baiano-oferta-mais-240-vagas-para-cursos-tecnicos-ead-em-duas-cidades/,Gestão e RH,Imprensa Local,Geral / Não Especificado,busca_automatica,correta
2025-02-02,Especialização Educação Inclusiva,Hora Brasil,https://www.horabrasil.com.br/2025/02/02/especializacao-gratuita-a-distancia-em-educacao-inclusiva-recebe-inscricoes-ate-07-02/,Ensino,Imprensa Local,Reitoria (Salvador),curadoria_dicom,correta
2025-02-01,Especialize-se em Educação Inclusiva com a Pós-Graduação EAD do IFBAIANO,PEBSP,https://www.pebsp.com/especialize-se-em-educacao-inclusiva-com-a-pos-graduacao-ead-do-ifbaiano/,Ensino,Imprensa Local,Geral / Não Especificado,busca_automatica,correta
2025-01-29,Nova unidade em Salvador,Agência Sertão,https://agenciasertao.com/2025/01/29/marinha-doou-area-ao-if-baiano-para-implantacao-de-unidade-em-salvador/,Institucional,Imprensa Local,Reitoria (Salvador),curadoria_dicom,correta
2025-01-29,Pessoas Trans na Rede Federal,Conif,https://portal.conif.org.br/comunicacao/gerais/educacao-e-visibilidade-o-papel-da-rede-federal-na-inclusao-de-pessoas-trans,Institucional,Governamental,Reitoria (Salvador),curadoria_dicom,correta
2025-01-29,Lista suja,Farol da Bahia,https://www.faroldabahia.com.br/noticia/empresarios-com-nome-na-lista-suja-do-trabalho-escravo-receberam-rusd-1-6-milhao-do-governo-federal,Institucional,Imprensa Regional (Bahia),Reitoria (Salvador),curadoria_dicom,correta
2025-01-28,Nova unidade em Salvador,Bahia Econômica,https://bahiaeconomica.com.br/wp/2025/01/28/if-baiano-tera-unidade-fixa-no-suburbio-ferroviario-de-salvador/,Institucional,Imprensa Local,Reitoria (Salvador),curadoria_dicom,correta
2025-01-28,Lista suja,G1,https://g1.globo.com/politica/noticia/2025/01/28/empresas-com-donos-na-lista-suja-do-trabalho-escravo-receberam-r-16-milhao-do-governo-federal.ghtml,Institucional,Imprensa (Nacional),Reitoria (Salvador),curadoria_dicom,correta
2025-01-28,Nova unidade em Salvador,Jornal Grande Bahia,https://jornalgrandebahia.com.br/2025/01/if-baiano-recebe-terreno-da-marinha-para-implantacao-de-unidade-educacional-em-salvador/,Institucional,Imprensa Regional (Bahia),Reitoria (Salvador),curadoria_dicom,correta
2025-01-28,Cursos subsequentes ead,catuacontece.com.br,https://www.catuacontece.com.br/ultimo-dia-para-as-inscricoes-nos-cursos-ead-do-if-baiano-campus-catu/,Ensino,Imprensa Local,Catu,curadoria_dicom,correta
2025-01-28,IF Baiano ganha unidade fixa no Subúrbio de Salvador,Correio,https://www.correio24horas.com.br/minha-bahia/if-baiano-ganha-unidade-fixa-no-suburbio-de-salvador-0125,Institucional,Imprensa Regional (Bahia),Reitoria (Salvador),curadoria_dicom,correta
2025-01-28,Nova unidade em Salvador,Farol da Bahia,https://www.faroldabahia.com.br/noticia/marinha-cede-terreno-para-construcao-de-unidade-do-if-baiano-no-suburbio-de-salvador,Institucional,Imprensa Regional (Bahia),Reitoria (Salvador),curadoria_dicom,correta
2025-01-28,Prosel Pós-Graduação,Mais Região,https://www.maisregiao.com.br/noticia/78520/if-baiano-abre-inscricoes-para-pos-graduacao-polo-de-mata-de-sao-joao-oferta-25-vagas,Ensino,Imprensa Local,Geral / Não Especificado,curadoria_dicom,correta
2025-01-27,Mestrado em Produção Vegetal no Semiárido,Agência Sertão,https://agenciasertao.com/2025/01/27/if-baiano-inscreve-ate-31-de-janeiro-para-mestrado-profissional-em-guanambi/,Institucional,Imprensa Local,Guanambi,curadoria_dicom,correta
2025-01-27,Nova unidade em Salvador,Blog do Gusmão,https://blogdogusmao.com.br/2025/01/27/if-baiano-recebe-area-da-marinha-para-implantacao-de-unidade-em-salvador/,Institucional,Imprensa Local,Reitoria (Salvador),curadoria_dicom,correta
2025-01-27,Sisu 2025,G1,https://g1.globo.com/ba/bahia/noticia/2025/01/27/lista-aprovadossisu-no-if-baiano.ghtml,Ensino,Imprensa (Nacional),Reitoria (Salvador),curadoria_dicom,correta
2025-01-27,Especialização Geoprocessamento,Info Educação,https://infoeducacao.com.br/if-baiano-abre-150-vagas-na-especializacao-gratuita-a-distancia-em-geoprocessamento/,Ensino,Especializados (Nichos),Senhor do Bonfim,curadoria_dicom,correta
2025-01-27,Sisu 2025,Blog do Jader Santos,https://www.blogdojadersantos.com.br/nb2/ba/bahia/noticia/2025/01/27/lista-aprovadossisu-no-if-baiano.ghtml,Ensino,Imprensa Local,Reitoria (Salvador),curadoria_dicom,correta
2025-01-27,Implantação do Campus Santo Estêvão,santoestevao.ba.gov.br,https://www.santoestevao.ba.gov.br/noticia/17/santo-est-v-o-avan-a-na-educa-o-com-a-implanta-o-do-campus-do-if-baiano,Institucional,Governamental,Reitoria (Salvador),curadoria_dicom,correta
2025-01-27,Santo Estêvão Avança na Educação com a Implantação do Campus do IF Baiano,Prefeitura Municipal de Santo Estevão,https://www.santoestevao.ba.gov.br/noticia/17/santo-estevao-avanca-na-educacao-com-a-implantacao-do-campus-do-if-baiano,Institucional,Governamental,Santo Estêvão,busca_automatica,correta
2025-01-23,Estudantes Enem 2024,Sul Bahia News,https://www.sulbahianews.com.br/estudantes-do-instituto-federal-baiano-campus-teixeira-de-freitas-conquistam-excelentes-resultados-na-redacao-do-enem-2024/,Ensino,Imprensa Local,Teixeira de Freitas,curadoria_dicom,correta
2025-01-23,Nova unidade em Salvador,Tribuna da Bahia,https://www.trbn.com.br/materia/I122930/marinha-do-brasil-transfere-area-em-paripe-para-implantacao-do-instituto-federal,Institucional,Imprensa Regional (Bahia),Reitoria (Salvador),curadoria_dicom,correta
2025-01-22,Nova unidade em Salvador,A Tarde,https://atarde.com.br/bahia/if-baiano-da-primeiro-passo-para-construcao-de-unidade-em-salvador-1304274,Institucional,Imprensa Regional (Bahia),Reitoria (Salvador),curadoria_dicom,correta
2025-01-22,Especialização Geoprocessamento,Remanso Notícias,https://remanso-noticias.com/2025/if-baiano-oferece-30-vagas-para-pos-graduacao-em-geoprocessamento-no-polo-uab-remanso/,Ensino,Imprensa Local,Senhor do Bonfim,curadoria_dicom,correta
2025-01-22,Nova unidade em Salvador,BNews,https://www.bnews.com.br/noticias/salvador/marinha-cede-area-para-construcao-de-unidade-da-ifba-no-suburbio-de-salvador.html,Institucional,Imprensa Regional (Bahia),Reitoria (Salvador),curadoria_dicom,correta
2025-01-20,Pós-graduação docente EPT,Diga Bahia,https://www.digabahia.com.br/inscricoes-abertas-para-pos-graduacao-em-docencia-para-educacao-profissional-e-tecnologica/,Gestão e RH,Imprensa Local,Reitoria (Salvador),curadoria_dicom,correta
2025-01-17,Sisu 2025,Bahia na Política,https://bahianapolitica.com.br/inscricoes-para-graduacao-no-if-baiano-via-sisu-iniciam-nesta-sexta-feira-17/,Ensino,Imprensa Local,Reitoria (Salvador),curadoria_dicom,correta
2025-01-13,Pós-graduação docente EPT,Acorda Cidade,https://www.acordacidade.com.br/educacao/inscricoes-abertas-para-pos-graduacao-em-docencia-para-educacao-profissional-e-tecnologica/,Gestão e RH,Imprensa Regional (Bahia),Reitoria (Salvador),curadoria_dicom,correta
2025-01-13,Campus do IF Baiano de Bom Jesus da Lapa abre 28 vagas para o curso de Engenharia Agronômica,Notícias de Bom Jesus da Lapa,https://www.bomjesusdalapanoticias.com.br/mais/campus-do-if-baiano-de-bom-jesus-da-lapa-abre-28-vagas-para-o-curso-de-engenharia-agronomica/,Gestão e RH,Imprensa Local,Bom Jesus da Lapa,busca_automatica,correta
2025-01-13,IF Baiano Campus Catu oferece vagas para cursos técnicos em Mata de São João,Mais Região,https://www.maisregiao.com.br/noticia/78119/if-baiano-campus-catu-inscreve-para-cursos-tecnicos-gratuitos-ead,Gestão e RH,Imprensa Local,Catu,busca_automatica,correta
2025-01-13,"Sem provas, IFBAIANO libera 260 vagas para 3 opções de Cursos Técnicos EAD",PEBSP,https://www.pebsp.com/sem-provas-ifbaiano-libera-260-vagas-para-3-opcoes-de-cursos-tecnicos-ead/,Gestão e RH,Imprensa Local,Geral / Não Especificado,busca_automatica,correta
2025-01-12,Especialização gratuita a distância do IF Baiano sobre Docência abre 300 vagas,InfoEducação,https://infoeducacao.com.br/especializacao-gratuita-a-distancia-do-if-baiano-sobre-docencia-abre-300-vagas/,Gestão e RH,Especializados (Nichos),Geral / Não Especificado,busca_automatica,correta
2025-01-08,Lista de Espera IFBAIANO no Sisu! Confira as notas de corte,Portal FiiBrasil,https://fiibrasil.com/sisu/ifbaiano-lista-espera-sisu-2024,Ensino,Imprensa Local,Geral / Não Especificado,busca_automatica,correta
2025-01-06,Prosel EaD,Agência Sertão,https://agenciasertao.com/2025/01/06/if-baiano-abriu-mais-260-vagas-para-cursos-tecnicos-ead/,Ensino,Imprensa Local,Uruçuca,curadoria_dicom,correta
2025-01-05,Contratação de professores,Agência Sertão,https://agenciasertao.com/2025/01/05/ifba-e-if-baiano-estao-com-processos-seletivos-abertos-para-professores-em-tres-cidades/amp/,Gestão e RH,Imprensa Local,Itapetinga,curadoria_dicom,correta
2025-01-04,VOCÊ ESTÁ AQUI: Início IFBaiano,Prefeitura Municipal de Caetité,https://caetite.ba.gov.br/ifbaiano/,Institucional,Governamental,Geral / Não Especificado,busca_automatica,correta
2025-01-02,Vagas Especialização,Hora Brasil,https://www.horabrasil.com.br/2025/01/02/inscricoes-abertas-para-especializacao-gratuita-internacional-em-conservacao-de-recursos-geneticos-animais-aulas-online/,Gestão e RH,Imprensa Local,Valença,curadoria_dicom,correta
2025-01-01,Simbazoo e Semana de Zootecnia,Agro Agenda,https://agroagenda.agr.br/event/x-simbazoo-xi-semana-de-zootecnia-do-if-baiano/,Institucional,Especializados (Nichos),Santa Inês,curadoria_dicom,correta
2025-01-01,Lista de Espera SiSU IFBAIANO – Instituto Federal de Educação Baiano,Portal FiiBrasil,https://fiibrasil.com/lista-de-espera-sisu/ifbaiano-instituto-federal-de-educacao-baiano,Ensino,Imprensa Local,Geral / Não Especificado,busca_automatica,correta
2025-01-01,800 vagas cursos técnicos,Forte na Notícia,https://fortenanoticia.com.br/if-baiano-oferta-800-vagas-em-cursos-tecnicos-e-graduacao-tecnologica-no-campus-governador-mangabeira/,Gestão e RH,Imprensa Local,Governador Mangabeira,curadoria_dicom,correta
