data,assunto,veiculo,link,eixo_institucional,abrangencia,campus
2024-12-31,Cicatribio,Agência Tribuna de Notícias,https://www.tribunauniao.com.br/noticias/116854/ifs\_impulsionam\_ciencia\_tecnologia\_e\_inovacao\_no\_brasil,Institucional,Imprensa Local,Geral / Não Especificado
2024-12-31,Virada Salvador: Último dia de evento apresenta registros de atendimento em saúde sem gravidade,Bnews,https://news.google.com/rss/articles/CBMitgFBVV95cUxQR1h2UEt0UXZ2YXRJaEUtUW0wd0FTbmRtOE9MSHJDUUpjdU9wUGZiNmNMck1DamkxNnlkbUxobXhmUllIM0JETmc5LWU2R3RZXzZrOXVPWWlVNTl5Sm5weUFhM0dBc0JIaDhyaU91OTBCQWJiQ2g2clBaUDV3MGxld3NXZE40dGZTM1VnQ3Fhc2p1VTJXWF9ZOWJrVU1rc2VyQkdKTTRZZTZRSjdiWlNtZ3ViYU1PUdIBuwFBVV95cUxOYVlIbnJ5VW1qM2RRR1NFVzZJMmFZYy1mcmM0WE1icmUwYkk4VTdkb210eG8xUS15SHdSWmxveHcyWi0zdWhjamwtS1ZxLWt0Y1cxM01qdlhmc05nQ3dyUTR3WjNSLUMzZks4NjhURjh2Y1dsTm5aeFFRUE4tU2FoSGRRc01tbmRPNG43RHpWUERfaExqVFRHU2RRS3ZBVTRIbXFrOGkxN2thd1NiQm1scS1HaWZVcUU5SGtF?oc=5&hl=en-US&gl=US&ceid=US:en,Extensão,Imprensa Regional (Bahia),Reitoria (Salvador)
2024-12-30,"De estupro coletivo a venda de sentenças; políticos, artistas e atletas protagonizaram casos emblemáticos na …",Bnews,https://news.google.com/rss/articles/CBMinAJBVV95cUxQRlpGUV9JMDk1NzNUU254RmF6djdoY2RXbDlGU1c0LVlIUERhRU9RSmZQYjk1LTcyMTFCUnJOMHVRZk1PYlRUM1pFYjBrRGpGbFVaV2pfeWFUWW9XZk8wajc2eVVDdHlkZEg3dWxIdVk4UDZhcndSd0R5U2JKU3Vkam1NaE5pWmYwS3lGblh4blpBRV9XTWxJNWxoRVZRNFlJN1JUSFdxZ0NRRW1DQU9od3FlcUE5a05sa0otT29yLUV6VGd6aVFVT3A4MnloVW5kVnJzTWRNd3F0VFJSSW9DMDh2TTFWX1RSSnZOdU92TTd4S1gtc2FFWDBXTm9INlZ2MWJ3NUZyei1ua1JKRC1IUWg4Y1NvU0VuWnlmRtIBogJBVV95cUxOajdCanJfckpaUHZiclNRUTdhX3ZIRTJuVUtqX0tpY1lWTGxqTUlNcV9EZ2hSbWxDODVvSC04UDdtZC1tVEhPWXY0WG0zdmlpbG5NeVlNQndfc1hBSTF6UGR3cmhzQU5ORVlHRmtzc1VsbTJpRXk5VTVQUUJrQ2VBR2RyRWFBeFk0WU1rUHJBdDRQeUM3RVQ4WVBRN1dKVWp4SHJlQnRkdjVMUG9yeHA1LTRIRGY3NnYtazBjVUFIZFBlZzlSUE1PWHdqUkVnZWYzWlQ5SC1lM0F0NDdpSndDTmZkZ2RoS1M0SE8wem0zQWh3QlNSWmwwUGtKNnl1Ul9uYTJJRnRyQjM1RG5PS01zMGRUYnZ4UFhpQWVrUDNqd3pMQQ?oc=5&hl=en-US&gl=US&ceid=US:en,Institucional,Imprensa Regional (Bahia),Geral / Não Especificado
2024-12-30,Cicatribio,Progresso,https://www.progresso.com.br/sociedade/educacao/ifs-promovem-ciencia-tecnologia-e-inovacao-aplicadas/434325/,Institucional,Imprensa Local,Geral / Não Especificado
2024-12-29,IFBAIANO abre as portas e oferece vagas para Tutores de Cursos de Especialização,PEBSP,https://news.google.com/rss/articles/CBMipgFBVV95cUxOcFpjNzVnYVN6eTkxSkxRc2oyajRLSVZJRlZRbW0zUzRRc184azFlbzlTVUdGeEZGcE9BWnNENkFDNG94bXZsbEhYWmdSWFFiTGdVOV83Zjl1NFNvdzlicG1FOGI5d0ZQUnNEWE1ZVGtfeEF1cDV4Y1RUcE1oTWhHU01JUFVMNWg5RkN1QXdpQ0F5bDE3elg1QnBXUEVDRm9aYjg0UXNB?oc=5&hl=en-US&gl=US&ceid=US:en,Gestão e RH,Imprensa Local,Geral / Não Especificado
2024-12-29,Especialização \- vagas,De olho na cidade,https://deolhonacidade.net/if-baiano-oferta-especializacao-bilingue-na-area-de-conservacao-de-recursos-geneticos-animais/,Gestão e RH,Imprensa Local,Geral / Não Especificado
2024-12-28,"Prefeitura de Esplanada apresenta orçamento de R$ 200,5 milhões para 2025",Se Liga Alagoinhas,https://news.google.com/rss/articles/CBMivwFBVV95cUxPVWVQRlBhTEZQODVCR0VzRUwxa0U3cXYtVXczN201TkFzYWNzR25HMy1RelhtM2tGcklmY1lYMzBKVjF6NFRTaUJCaXdYd3FpcnBqMnJnc1B0MGFTOS1PYTc4cnhWeFJsNU5KbU9yMkcwSjFUTlgtRG8wNXNsS0VRTzlFVGJwSi1VeFZoaGJjc2VFeWhybUZIUFF4VHJHVzRQQndiMENiZmhkV012Y25RMzY5Q3IwVjBmSFIxRy1xVQ?oc=5&hl=en-US&gl=US&ceid=US:en,Institucional,Imprensa Local,Alagoinhas
2024-12-28,Pesquisadores baianos desenvolvem gel regenerador de pele para tratamento de feridas em animais,Jornal Correio,https://news.google.com/rss/articles/CBMi4AFBVV95cUxOZFBUTi1FTFZJNkVaM0xMbFBxWkFFZXhHYWV0Rm9yZ0JwQW9RTUNtSERTYjg2X2NQZGlKa3VkZ1lMT3NzMEVxcjNUZTdMQW9kX2YxeXNkdkc3UnA4MlpMUk4zZXFheGNpU1hGTzlaNUdKTktMaXZFbHFOOF9oUVZoZFpuYWZnQ0M2WkhNdDI1T2JUdEdYYXBKSDNYX2M1RXRWZ0k4X0RJN1dVaHhyX1RsOTN4WUtfd3hFb0swWkZGam9yYjdtUUlhV2xVdmFNV3pRVWpYZ2h1SDFncHhDYVVLSQ?oc=5&hl=en-US&gl=US&ceid=US:en,Pesquisa,Imprensa Regional (Bahia),Geral / Não Especificado
2024-12-28,Cicatribio,Correio,https://www.correio24horas.com.br/asteriscao/pesquisadores-baianos-desenvolvem-gel-regenerador-de-pele-para-o-tratamento-de-feridas-em-animais-1224,Institucional,Imprensa Regional (Bahia),Geral / Não Especificado
2024-12-27,Cicatribio,Bahia Notícias,https://www.bahianoticias.com.br/municipios/noticia/43192-if-baiano-desenvolve-gel-cicatrizante-a-base-de-mangaba-e-inova-na-saude-animal,Institucional,Imprensa Regional (Bahia),Geral / Não Especificado
2024-12-27,Cicatribio,MEC,https://www.gov.br/mec/pt-br/assuntos/noticias/2024/dezembro/ifs-promovem-ciencia-tecnologia-e-inovacao-aplicadas,Institucional,Institucional / Governamental,Geral / Não Especificado
2024-12-27,IF Baiano abriu seleção para funções de apoio e professor formador do programa Mulheres Mil,Agência Sertão,https://news.google.com/rss/articles/CBMiyAFBVV95cUxNQ2llcDZsS2lsMDBvQ3kzSkpQbTdHMDI5MXVHWmk5SGoxMXBUOW1LRTlhd1pnT3V2anM1dEIwZGxtam5QLXFFTXBpYzJadlg0dlBfeWNZeWFqVTVCaE9sckJveVh1WF90Yy1pQlpkaWVMWkdjeTFmemRfYkU3UktqbnNac3JUUjFYai1tQTBULVJhOG1PdmdUNVFJT1FXYTRKWUNNbWpuTUxkazNLaGMzWm5mRFN0WUtjQllMSnhPbDMxOEhldk1TY9IByAFBVV95cUxNQ2llcDZsS2lsMDBvQ3kzSkpQbTdHMDI5MXVHWmk5SGoxMXBUOW1LRTlhd1pnT3V2anM1dEIwZGxtam5QLXFFTXBpYzJadlg0dlBfeWNZeWFqVTVCaE9sckJveVh1WF90Yy1pQlpkaWVMWkdjeTFmemRfYkU3UktqbnNac3JUUjFYai1tQTBULVJhOG1PdmdUNVFJT1FXYTRKWUNNbWpuTUxkazNLaGMzWm5mRFN0WUtjQllMSnhPbDMxOEhldk1TYw?oc=5&hl=en-US&gl=US&ceid=US:en,Gestão e RH,Imprensa Local,Geral / Não Especificado
2024-12-26,IF Baiano oferta 170 vagas para cursos técnicos presenciais e EaD em Itaberaba,Agência Sertão,https://news.google.com/rss/articles/CBMitwFBVV95cUxNcGYyMjNpemZCYUhURDBwY2w0YktBTVV2NlFiU0RZWmpUQTF0VmxmNGRLNDV0anE2WnNCRWtHaUlzc1Q2MFYwTi0zUDJzRFVsS1ZGS3RBcTNlRWNvM05aSVVLMThuVFRDN2M1Zy1DellrWW90bkF6NjVGZFZ6aF90Z1R2b0R4MGlwWnFWaFdfLWlzV3F2SkVYSEM0SkZxYnhLYzhXbEg5WmdPank3M0gxNk1DdzRaWTjSAbcBQVVfeXFMTXBmMjIzaXpmQmFIVEQwcGNsNGJLQU1VdjZRYlNEWVpqVEExdFZsZjRkSzQ1dGpxNlpzQkVrR2lJc3NUNjBWME4tM1Ayc0RVbEtWRkt0QXEzZUVjbzNOWklVSzE4blRUQzdjNWctQ3pZa1lvdG5BejY1RmRWemhfdGdUdm9EeDBpcFpxVmhXXy1pc1dxdkpFWEhDNEpGcWJ4S2M4V2xIOVpnT2p5NzNIMTZNQ3c0Wlk4?oc=5&hl=en-US&gl=US&ceid=US:en,Gestão e RH,Imprensa Local,Itaberaba
2024-12-26,Virada Salvador terá app para denúncias de assédio; saiba como utilizá-lo,Bnews,https://news.google.com/rss/articles/CBMivAFBVV95cUxOWHB1NEpWTGtBRE04UEVFY0htZlh2X1JCUTQtRWhFQ2ZfTWZEdEJnTjFvbExfRlE3MEtIMVRldlRoT1JyUzF3V2xfVEpuY05WN3Q3ck5xLXhmMjVoaXozNWxaSWcxSXI2eDRreEM1eERQbGlVOGlNYkp5YnVoeWVJMF9JektkVGxwdkRxT2ZkaElOblNkUzBfRHRJMGtFZFdrdWh3WDladXBwQm5PTXdjZUFyTS12R05Nam8wQtIBwgFBVV95cUxQR1ZOMHJIN3JYQ1pIbV9Bd0VyT2lIU3VEN25TYmN2cF9VVUN3QXowdFp6eGx4S1ByakdZR2tHN3lHTlF4ZVE0bzlCOTVyb2t6TkxEemhtS0k1WjhwQ3duY2RQM2dNdmV3YUx1MWNfUDE4VnJ0ZS1CMF8xYnFMYzl3em9UTWg4dTZmUGpzUlJ5M1U5SnBwQVdvNDVGUEx1ZUYyWS1mMHRhOHNxUEhieWFDSTJjTG9tT2lJYzJzZ0M3Nkl0UQ?oc=5&hl=en-US&gl=US&ceid=US:en,Institucional,Imprensa Regional (Bahia),Reitoria (Salvador)
2024-12-24,"Centauro abriu vagas de emprego em Feira de Santana, Salvador e Vitória da Conquista",Agência Sertão,https://news.google.com/rss/articles/CBMivgFBVV95cUxQUXlZWW1BY2NWYzgxaE1QMmdNeWNBMzZtRFdob3lOSkpnZWxXbENvMk5lNnVCOXg0NkxyVU5mVnhPaEVYV3JqaFY4OVZvTHpVOXJRd3V1dWpxV09mVWhjOERxTVlUQnF5SWU1MmlpeDJXazNvY19LSXRubzlkdEdfa3hWd3Y2TXZJa2dEMDFtOV9sWTloZHRiU0htNTZ4RExhRjZRTWhsdTA5al9tMXZJbXVCQXNWV3Y2RTVpRnNn0gG-AUFVX3lxTFBReVlZbUFjY1ZjODFoTVAyZ015Y0EzNm1EV2hveU5KSmdlbFdsQ28yTmU2dUI5eDQ2THJVTmZWeE9oRVhXcmpoVjg5Vm9MelU5clF3dXV1anFXT2ZVaGM4RHFNWVRCcXlJZTUyaWl4MldrM29jX0tJdG5vOWR0R19reFZ3djZNdklrZ0QwMW05X2xZOWhkdGJTSG01NnhETGFGNlFNaGx1MDlqX20xdkltdUJBc1ZXdjZFNWlGc2c?oc=5&hl=en-US&gl=US&ceid=US:en,Gestão e RH,Imprensa Local,Reitoria (Salvador)
2024-12-24,Supera São Francisco,Site do IF Sertão Pernambucano,https://ifsertaope.edu.br/supera-sao-francisco-bahia-e-lancado-oficialmente-e-vai-atender-quase-7-mil-familias-criadoras-de-caprinos-e-ovinos/,Institucional,Imprensa Local,Geral / Não Especificado
2024-12-23,Sisu,Acorda Cidade,https://www.acordacidade.com.br/educacao/if-baiano-oferecera-940-vagas-em-cursos-de-graduacao-via-sisu-em-2025-veja-as-cidades/,Ensino,Imprensa Local,Geral / Não Especificado
2024-12-23,Sisu,Tribuna online da bahia,https://www.trbn.com.br/materia/I121085/if-baiano-oferecera-940-vagas-em-cursos-de-graduacao-via-sisu-em-2025\#google\_vignette,Ensino,Imprensa Local,Geral / Não Especificado
2024-12-23,Sisu,Aratu on,https://aratuon.com.br/educacao/if-baiano-vai-oferecer-940-vagas-em-cursos-de-graduacao-pelo-sisu-em-2025,Ensino,Imprensa Regional (Bahia),Geral / Não Especificado
2024-12-23,Vereadores de Bom Jesus da Lapa,Notícias de Bom Jesus da Lapa,https://news.google.com/rss/articles/CBMib0FVX3lxTE1CZVVqc1BpX1ltVlpXckdIbHZsb1FTYlJpcUtTSnVPTmVyZDM0VFZvV2VOZ0FkTmRlY3NYSktQNFpRdl84aGtaWmItNVpMYy1QYlEtM1Q3b1hqTDNLMDE5dDdsV3lpV0d4TW9NblZZRQ?oc=5&hl=en-US&gl=US&ceid=US:en,Institucional,Imprensa Local,Bom Jesus da Lapa
2024-12-20,Prosel cursos técnicos subsequentes EAD,PEBSP,https://www.pebsp.com/ifbaiano-acaba-de-lancar-edital-para-3-cursos-tecnicos-ead-gratuitos-e-reconhecidos/,Ensino,Imprensa Local,Geral / Não Especificado
2024-12-20,Campus Valença avalia implantação de curso superior,Jornal Valença,https://valencaagora.com/curso-superior-de-tecnologia-em-gestao-ambiental/,Ensino,Imprensa Local,Valença
2024-12-20,Prazo para pagamento do 13º termina hoje! Não recebeu? Saiba quais os seus direitos e como agir,Bnews,https://news.google.com/rss/articles/CBMi6AFBVV95cUxPWC1IUkxfSUM1enRmSVNib1FIZEp6YW5hOVcwZ09rTUYxZUZ5SW10bkExdDRDZ3hxVnV6YmE5aGlKVTRjUHUzekYxQkdYQVBQb2Eyd295bVJqWGV0TWFodm5ndWNPNmYwMkxPUXppWXdaX25scHdKNU5mdjlHSXpuU1JNeUhrbHhFeHdQZlVRTGFCNVowa0lqMUt4NURxTmZiUVNfRnZOalYyWmJwMXpGY1BRZVhHUzMzMFYzMTFXMEhWVlpxWUQ4UEQtTGF3TVBRejVXdVVENzdhQno3amhscVpMcWhXZmFW0gHuAUFVX3lxTE4wUXptVzY3S3lhdFpOQ2VNTkNqS3hwR2xIWmxYLURFWm1IX01FeUZTbkdiRmtmeE9mN0JwVGtQc3Mzb3U4S1ZRMHdBVGp6UlJ3RHNrT3NYLTl1Z2dIUmtELWxEVUlmWmJ4RW1Wek05WVczaU5lRGNHbVhxYkVqd2UwLWJZTlFWWEJfeXhHcHBrWEp3VnFuWEZ4ZHJ1X2pIUFlJcHQ4d09lS29RUU02UU1lUHR5WHZaREFhUVgtc2pQVzdrNThfSl9hR0NDa1lhblJTNGdDMnE0QndIUlhTenJ1SUdfekI4MVMxdGxHeVE?oc=5&hl=en-US&gl=US&ceid=US:en,Institucional,Imprensa Regional (Bahia),Geral / Não Especificado
2024-12-20,IF Baiano oferta \- Campus Lapa 60 vagas no sisu,Notícias da Lapa,https://www.bomjesusdalapanoticias.com.br/bom-jesus-da-lapa/if-baiano-oferece-60-vagas-em-bom-jesus-da-lapa-para-2025-via-sisu/,Gestão e RH,Imprensa Local,Bom Jesus da Lapa
2024-12-20,Polícia Militar inicia Operação ‘Força Tática’ e intensifica policiamento em Bom Jesus da Lapa,Notícias da Lapa,https://news.google.com/rss/articles/CBMi5wFBVV95cUxPUE1jYlRGUXVIaF9XOFRvM0lEV010TnVKSFZqTEdtamFaUHhUT3hIcjN0Sm5hQ3pra3REbmRNejhGb1FYdnlUOC1tNlVnLUREdG9RcGFTMVdJQ05oRjdHc2hqdk5kSFhDRWh2S2U5SFFuNXYxRkRWendMM2p2bHZkTllySzFWVk52Q3pFV0dLaVo5bXFoR2JJdjBqeE9jdGxPQUNGN2xXR1AtZlFrNFNoS1lfUXRSZ1psOERpNE9UUDVmaXdnRklGa01ldDUtVy1LeDY0TGktZ0xULVdKdVFxQ2hDUjNJcW8?oc=5&hl=en-US&gl=US&ceid=US:en,Institucional,Imprensa Local,Bom Jesus da Lapa
2024-12-19,Dia: 19 de dezembro de 2024,Blog do Eloilton Cajuhy,https://news.google.com/rss/articles/CBMiYkFVX3lxTE5ISEJxUVVTc2hWOHlMb3BhNVl6cjZ3YzZPWHZPMmhDTXdoaWdSWF9LbDVUQVpkTEZkQVBIcGpTUE9NZHZRYjRvaDNRZC1WX3lwdm43YjJlRlZXaDRadjYwdTJn?oc=5&hl=en-US&gl=US&ceid=US:en,Institucional,Imprensa Local,Geral / Não Especificado
2024-12-19,IF Baiano oferta 940 vagas em 20 cursos no sisu,Agência Sertão,https://agenciasertao.com/2024/12/19/if-baiano-ofertara-940-vagas-em-20-cursos-via-sisu/,Gestão e RH,Imprensa Local,Geral / Não Especificado
2024-12-19,Prosel de cursos superiores,Eloilton Cajuhy,https://blogdoeloiltoncajuhy.com.br/site/if-baiano-senhor-do-bonfim-lanca-edital-de-ingresso-para-cursos-superiores-de-administracao-e-licenciatura-em-quimica/,Ensino,Imprensa Local,Geral / Não Especificado
2024-12-18,ORÇAMENTOS DA UNIÃO EXERCÍCIO FINANCEIRO 2025,GOV.BR,https://news.google.com/rss/articles/CBMimwFBVV95cUxNTWhRV212VzRfZExQRHpaQlFrRXd1QUJ1a090ejdnUlZqNWdWdHVKQ1FEQjhxdUhUUURjTkRxVm8tVHJJU0I4SHVLMS1VMEtIUjBHb29MOXhrYXRnQy13ZW54MXVnRUVpNGctVlpJRkhldmxyWDZscDdFX0lLTWtnaGx5RXM4eUxvQ1JhcE05eXNQRXhlTmRmOWFnUQ?oc=5&hl=en-US&gl=US&ceid=US:en,Institucional,Institucional / Governamental,Geral / Não Especificado
2024-12-18,Mensagem,GOV.BR,https://news.google.com/rss/articles/CBMimgFBVV95cUxPQnE2S1NDc3ExdC0wUFRvalgyRzhTbFQ3Tnh3MHNpaUxxNFE0N0RSeVJfOXhMeU5ZdTJTSGpvNzZWQ0dCODRBekJOTzVBTHZWZ0czVWFjY1NzM2ViMG51S0VydUstdkxOMzdmTjgxYzc2UDgwcDBaMW1rX3ctTnRHaFJkdGJtNW5QUnJiellhUFJpeGliaVFlUnBn?oc=5&hl=en-US&gl=US&ceid=US:en,Institucional,Institucional / Governamental,Geral / Não Especificado
2024-12-18,Investimentos impulsionam setores estratégicos no Parque Tecnológico,A TARDE,https://news.google.com/rss/articles/CBMipwFBVV95cUxNNmlJMm91NEJ4WFZHRjFXWEFrSEJuTi1aX1FyWnRKckR6Z0VxcHctbUdOMDdzbVlaX1U3V2ROMWl5X19Na2R3NnM2cmZHVjUzSU5iWjZBYTdhbUFyTFBGX3d2UHUzTV85VkFmM2dSRmZkTXltVVFKYnpraFFvOHdhcXI2eGlSWTBvbkdYSVBuTklOenlsc0prSmpaaE9rMkhaUm9zbmN5WdIBrwFBVV95cUxPTExsdnZWd0Q5bko1UU15VFZHak13SnZRd0VfZ09BN21XMEtZWDhDcV9jS0hnRFo3TlNCdEJzQktmVmxoTE5NR3UyeXFaUVRHTFN2dUlwU3NlRGF2ZEtkYklxdGNGT2J0cGVsZ2VoWDJISDh4ZDJFY254WXFWTVh1Y0l0bGhvSGRIT3k2RXV5X3BzYXdadjdwNWszWU93RjZpVFU3aVd2ZUpydFJPV1A4?oc=5&hl=en-US&gl=US&ceid=US:en,Institucional,Imprensa Regional (Bahia),Geral / Não Especificado
2024-12-17,IF Baiano divulga seleção para professor de Geografia,Folha Dirigida,https://news.google.com/rss/articles/CBMiggFBVV95cUxPYnhLRmF6Yzc0VzBRZTlqNWZBRDVuUnUwMmN6YlVpanFrdkN0SmdWWE1OaDM1MDNRSEtadXhOVTg0NUFWekxkNWRSZkJkNzN2dDAyNFI5WnBnUlA4Q3dXT1poSlVreGV5ZTlQTEVRMDhubVB4eXF6UWFJM2Y3WDlMN1FR?oc=5&hl=en-US&gl=US&ceid=US:en,Gestão e RH,Imprensa (Nacional),Geral / Não Especificado
2024-12-17,IF Baiano abriu inscrições para cursos técnicos EaD em Bom Jesus da Lapa e Santa Maria da Vitória,Agência Sertão,https://news.google.com/rss/articles/CBMi0AFBVV95cUxQRU1vdkxKU3FKRHJscTVKbktxZjZlVDVHXy15UEdtbTJ6SFR0S0dtRTYxbWZXX0k2cUJ6X2Q0TnRPalo0dktXbkFqMUpwOTZVWG1Eby1OXzVSdEZ1SUVvUUgtX2kyaXdmVDRtZFJER2VuNG9NTUdhaDM5eFNZNWQ1Q2tTZ2JyN0NPcm9pYkxJMTdLS3otaHB5OE50QW1hWHVpNnlKVkdPSktwczZHM1hLS0dlTzQxT3p3Wm56d1c2aEZTaEFRWXRVdXNtLXJkTlVv0gHQAUFVX3lxTFBFTW92TEpTcUpEcmxxNUpuS3FmNmVUNUdfLXlQR21tMnpIVHRLR21FNjFtZldfSTZxQnpfZDROdE9qWjR2S1duQWoxSnA5NlVYbURvLU5fNVJ0RnVJRW9RSC1faTJpd2ZUNG1kUkRHZW40b01NR2FoMzl4U1k1ZDVDa1NnYnI3Q09yb2liTEkxN0tLei1ocHk4TnRBbWFYdWk2eUpWR09KS3BzNkczWEtLR2VPNDFPendabnp3VzZoRlNoQVFZdFV1c20tcmROVW8?oc=5&hl=en-US&gl=US&ceid=US:en,Ensino,Imprensa Local,Bom Jesus da Lapa
2024-12-17,IF Baiano inicia inscrições para cursos técnicos EaD em Bom Jesus da Lapa e Santa Maria da Vitória,Notícias de Bom Jesus da Lapa,https://news.google.com/rss/articles/CBMi8gFBVV95cUxNQXNZTDNZR09uXy1ncmd6c2pWUjFvam1oTV9iZ01LTWZuV0NwdlBsc21WS1ZXLTl1M2pjcjNvdzQyVUxJWHo0NDA4UEJPcUJrLXhiUFlsUG51bjBWWVBIMk95OGlFLWRpNU9Md0YwTWhHZDkzcmdtRXJTeC1MQW5LWGk2MlZxZ3E5WExtZ0dOOURYZmdESHgzSE14d2RMUXYzb1pxOXpiX1RzSlNpSTlWMUhsM3cwTDNSd1diZUt3TmhuVkRsdUUxakJCREdYNGhKT3p0eWlVcUNxOXJfVlJRMkJaaHBYNGQwSFVSRFZPZlFxUQ?oc=5&hl=en-US&gl=US&ceid=US:en,Ensino,Imprensa Local,Bom Jesus da Lapa
2024-12-17,Seleção professor,Qconcursos,https://folha.qconcursos.com/n/if-baiano-ba-selecao-professor-geografia-2024,Gestão e RH,Especializados (Nichos),Geral / Não Especificado
2024-12-14,IF Baiano de Teixeira de Freitas é destaque entre as melhores escolas públicas da Bahia no ENEM 2023,SulBahia News,https://www.sulbahianews.com.br/if-baiano-de-teixeira-de-freitas-e-destaque-entre-as-melhores-escolas-publicas-da-bahia-no-enem-2023/,Institucional,Imprensa Local,Teixeira de Freitas
2024-12-14,Ifba recebe inscrições até este domingo para cursos de qualificação profissional em Vitória da Conquista,Agência Sertão,https://news.google.com/rss/articles/CBMi2gFBVV95cUxONER0cEJpbmdlMVBod2xqSHRsdVJhRHo0MkdPbU1BOVlrZ0ZMdkl2aC1aR0VTSC01YUxhWlJ4STJZVl9kRUpkTE9wTjd4V3ZUcVZMTzJBZ2dlSlg1NlpqMXBLYm12ZXlfRTk3cUtLS1NGRWtKOEFDZU05cWhlMERfdG9BLVhyOUFXdzd6a1c0N2xIV0YySy00cDZlSDlVWnk1WlRBZnVQUHd4RDVRVVctQXhaMzM5eGFOUGRaLWs1MGlSckwydTVBNHhfaXptV1NhWHZjLVREVzZmQdIB2gFBVV95cUxONER0cEJpbmdlMVBod2xqSHRsdVJhRHo0MkdPbU1BOVlrZ0ZMdkl2aC1aR0VTSC01YUxhWlJ4STJZVl9kRUpkTE9wTjd4V3ZUcVZMTzJBZ2dlSlg1NlpqMXBLYm12ZXlfRTk3cUtLS1NGRWtKOEFDZU05cWhlMERfdG9BLVhyOUFXdzd6a1c0N2xIV0YySy00cDZlSDlVWnk1WlRBZnVQUHd4RDVRVVctQXhaMzM5eGFOUGRaLWs1MGlSckwydTVBNHhfaXptV1NhWHZjLVREVzZmQQ?oc=5&hl=en-US&gl=US&ceid=US:en,Ensino,Imprensa Local,Geral / Não Especificado
2024-12-14,Intercâmbio ambiental com estudantes de moçambique,O Candeeiro,https://www.jornalocandeeiro.com.br/noticia-41192-bamineifbaianopromovemintercambioambientalcomestudantesdemocambique,Ensino,Imprensa Local,Geral / Não Especificado
2024-12-14,VOCÊ ESTÁ AQUI: Início IFBaiano – Cursos,Prefeitura Municipal de Caetité,https://news.google.com/rss/articles/CBMiVEFVX3lxTE50MlFRTDNkck9LNkJobk56bXFzTXdzdktsY1NQRnBMNlZUV1gyd3RubGg3VVhBWlMtcFBxalRPS0tuRWNRRnVFS1lZNy14ZlFaZHFkSw?oc=5&hl=en-US&gl=US&ceid=US:en,Ensino,Institucional / Governamental,Geral / Não Especificado
2024-12-14,IF Baiano de Teixeira de Freitas é destaque entre as melhores escolas públicas da Bahia no ENEM 2023,SulBahiaNews,https://news.google.com/rss/articles/CBMizgFBVV95cUxQQzczelpOTFFWMW83N205TExaaGF2X3VFWkpqeDlFcUN4OU1ENG9BMm1HQXlTTWVMN1hqcEFiNEdWM0dlUkhNR3VoWUp2U0pNckNJNWppYVl2ZWtCU2pjbW5FSVMxOTZ3VWdHOWFHRGRkc01aUjAzcVAyQmxJZXhjWlRZZGFPNXo0Q05Neks3NVVEb21adGcwc3JZWEVISGVVRlhEUFk1ZGcxNXRMT1ZtSE5rdjVveXhsbzB4R3ZiTWc2cHNiMTU2c1p4NVQ0Zw?oc=5&hl=en-US&gl=US&ceid=US:en,Institucional,Imprensa Local,Teixeira de Freitas
2024-12-14,Bombeiros desobstruem trecho da BR-349 em Bom Jesus da Lapa após queda de árvores,Notícias de Bom Jesus da Lapa,https://news.google.com/rss/articles/CBMi2gFBVV95cUxNTW9ZMGZXNWRqd3p0QlFCa1hIaGozdXNibWZTaHJyN3U2Y240ZVFmQXpCV2JkTDVaOS01blBHWUpVckJTMkVVb3RGN0Z5T1RIVjREY0hkYXEySXZvbDg3YnB2cDVXTHU2anMwa3BJUGp5Nnp0UUk5TjVQdkhxbU0wSmJkNHBPNVVQMjVnME5tNGozTXJ3cGkyVnhaV2pNYzFRc0lZM1dXU3RJMS1ySVRaS2hYbjBITmNnSUhKYmhfNDBHTGRUczBvWkMwWnJRa3J2Z2hLejA5YzBNdw?oc=5&hl=en-US&gl=US&ceid=US:en,Institucional,Imprensa Local,Bom Jesus da Lapa
2024-12-14,Morre Professor Elton Magalhães,Correio,https://www.correio24horas.com.br/asteriscao/a-maior-obra-de-elton-magalhaes-uma-homenagem-ao-poeta-cordelista-morto-aos-39-anos-1224,Gestão e RH,Imprensa Regional (Bahia),Geral / Não Especificado
2024-12-13,Intercâmbio ambiental com estudantes de moçambique,Atualiza Bahia,http://www.atualizabahia.com.br/bamin-e-ifbaiano-promovem-intercambio-ambiental-com-estudantes-de-mocambique/,Ensino,Imprensa Local,Geral / Não Especificado
2024-12-13,Intercâmbio ambiental com estudantes de moçambique,Boca News,https://bocanews.com.br/internacional/bamin-e-ifbaiano-promovem-intercambio-ambiental-com-estudantes-de-mocambique/,Ensino,Imprensa Local,Geral / Não Especificado
2024-12-13,Exercício da profissão: Saiba quanto será cobrada a anuidade da OAB-BA em 2025,Bnews,https://news.google.com/rss/articles/CBMi0gFBVV95cUxOX3l3VTJzUm9xRG03X1VlbFlHRUVZVGpobEhFLUxRYktjTHBLNzNHcFJwOGlfa2tyV1FGSlJyeGdRWXBtR3NHSldIRDU5d0lVVW10LVpkaVB3aklncFJackQ0QWtmd0piYzNHR3RMQzJLR2FJX3BGRTlKS3NkeHNiY1M4bUVkUDhnZlIxN1AxdHBKRUJjU3p2RmYzTVVMSHpleVY0ZWwwUU9CUUJBSUFVZV8wTlBLSmRMZ1NJOFZpTnNMbnBpa01BSFRxOWprTTRvS3fSAdcBQVVfeXFMUFoyaUJtMWM1YVVjSWdHQzVnT1VwUF9jZkZUNWJzYVZSbFZsY3FYTnk0VTlXTzFDLWxJbUpOMHNoYTdHNVVtelJTZUtUaFVPWkZSZTVkVTFCOVhaNE44UENmeEdaY1d6S3B2OXl3blN6VUVRN3JNTjgxM0ZXOGdsVVRUeEt5ZHkwSVVIN3BNNXliS2ZxRzRFM0Z3OFMwZEhuQkx2RnN1Tnh5MzhLdjZYNXJ6MWRVUXF3cmQzRENEMEZMaklxV0xfX3Q4RVhvdlNMQ3JLY0w5MlU?oc=5&hl=en-US&gl=US&ceid=US:en,Institucional,Imprensa Regional (Bahia),Geral / Não Especificado
2024-12-12,Prosel mestrado profissional,Agência Sertão,https://agenciasertao.com/2024/12/12/if-baiano-abre-selecao-para-dez-vagas-em-curso-de-mestrado-profissional-no-campus-guanambi/,Ensino,Imprensa Local,Geral / Não Especificado
2024-12-12,Prosel cursos subsequentes,Blog do Gusmão,https://blogdogusmao.com.br/2024/12/12/if-baiano-oferta-320-vagas-em-cursos-tecnicos-subsequentes-ead-no-campus-guanambi-6/,Ensino,Imprensa Local,Geral / Não Especificado
2024-12-12,Ifba domina ranking de escolas públicas baianas no Enem; veja lista,Jornal Correio,https://news.google.com/rss/articles/CBMiuAFBVV95cUxOcnM0azZjMDIxTW1XMFpydzNPSmtsNkc2QWs4VnZHc1VFUXlHa0dzclh4X2Z6bFNWRHFTdDV6aUs2TXlVd21wVGk1U0xyZ3pLTWs1UjJsYXBncElGTUFpVWJRVTA0Z3dHaVkzTWl5T3V5Q3d4U05VTGpwUDNKeWRNY3B1UnBLNUg2ZlJQeXdDOWpodTFITW1WQ2Y1V2VNWC10QXA5VmtMamNVVU9ueTBJelRXSjlFQ3VL?oc=5&hl=en-US&gl=US&ceid=US:en,Institucional,Imprensa Regional (Bahia),Geral / Não Especificado
2024-12-12,IF Baiano abre seleção para dez vagas em curso de mestrado profissional no Campus Guanambi,Agência Sertão,https://news.google.com/rss/articles/CBMixwFBVV95cUxQaVRDenV2NUVBXzNQanBGZ016VmtoMWw3SHlhZEVxa1ZWc1FGSGFBemU2dFlEUFM4OU16M2tScUd3eTFnR0taLWtock5rUGZCczdMZmx2eUJyOGMyTVFlMUNpNUxPMndsVU0yYkotSlBFcDJBQ1JOZmxQVWduQU13bzVCcDV6dGRKZTRrZGFScFdGelY5R29RZWRxNEtnZ2VfX2pQZjd4NFJONVZpVUM4S2NNbzM4eU56MDhBOXlnWElDYnloZzE00gHHAUFVX3lxTFBpVEN6dXY1RUFfM1BqcEZnTXpWa2gxbDdIeWFkRXFrVlZzUUZIYUF6ZTZ0WURQUzg5TXoza1JxR3d5MWdHS1ota2hyTmtQZkJzN0xmbHZ5QnI4YzJNUWUxQ2k1TE8yd2xVTTJiSi1KUEVwMkFDUk5mbFBVZ25BTXdvNUJwNXp0ZEplNGtkYVJwV0Z6VjlHb1FlZHE0S2dnZV9falBmN3g0Uk41VmlVQzhLY01vMzh5TnowOEE5eWdYSUNieWhnMTQ?oc=5&hl=en-US&gl=US&ceid=US:en,Gestão e RH,Imprensa Local,Guanambi
2024-12-11,Prosel professor substituto,QConcursos,https://folha.qconcursos.com/n/if-baiano-abre-selecao-para-professor-de-biologia-em-catu-2024,Gestão e RH,Especializados (Nichos),Geral / Não Especificado
2024-12-10,Prosel para mestrado profissional,Agência Sertão,https://agenciasertao.com/2024/12/10/if-baiano-abriu-selecao-para-curso-de-mestrado-profissional,Ensino,Imprensa Local,Geral / Não Especificado
2024-12-10,Saiba quais são os cursos com mais vagas em universidades da Bahia em 2025,Jornal Correio,https://news.google.com/rss/articles/CBMiwwFBVV95cUxQRnlSU21aaHg4ZFFqbXNVUy1iSWpXY1l2Q2JrMEpFMlhMVUJqNWt0RGgwZ2xwWHdIUXZqazVNN1dlLTQ0RGhvUlR3czJmRHZIb1RId2hLVXRsMV80THRBNDhkTGk3Q0ZpQV85cXdtUWViaF9UcEFJUWJOX1J3UlFENlhaMkR6d3NGVzMzdWhlWmZNalFWQlRTUVVCLWF1dUtFbXg4ZXlDU0VGMVZVR24tNzVoZUt0Ymt0TVcxVWVvUXpCbGM?oc=5&hl=en-US&gl=US&ceid=US:en,Gestão e RH,Imprensa Regional (Bahia),Geral / Não Especificado
2024-12-10,Morre Professor Elton Magalhães,Se Ligue Bahia,https://seliguebahia.com.br/bahia/professor-do-if-baiano-morre-aos-39-anos-apos-acidente-de-moto-na-bahia/,Gestão e RH,Imprensa Local,Geral / Não Especificado
2024-12-10,Morre Professor Elton Magalhães,CNN Brasil,https://www.cnnbrasil.com.br/nacional/poeta-e-professor-elton-magalhaes-morre-em-acidente-na-chapada-diamantina-ba/?hidemenu=true,Gestão e RH,Imprensa (Nacional),Geral / Não Especificado
2024-12-10,Poeta e Professor Elton Magalhães morre em acidente na Chapada Diamantina (BA),CNN Brasil,https://news.google.com/rss/articles/CBMitgFBVV95cUxOcU5wbnYyNGVnLWJpb19JM3cteTlwZnlYa04zbUU0WTNoa2tHT2ZrMnBVVlo2UDI4ZllXTzhUeGdEb085bXZZNVdzMFJBMzBidVIxejhwRkpOYWl5ZWNveVVhbnl6XzY5MjRHOHFuQ0ZrZzVEVXB1WmdTQ3Z4eWpYeW1FS3pydURDeWxIVEI0TjUyd0dFNVFUMEtJdGNBQ0RsendMLUlKTWVFSnIwLWp3YU1tRGllQQ?oc=5&hl=en-US&gl=US&ceid=US:en,Gestão e RH,Imprensa (Nacional),Geral / Não Especificado
2024-12-10,Cordelista e professor Elton Magalhães morre aos 39 anos em acidente de moto na Bahia,G1,https://news.google.com/rss/articles/CBMi2gFBVV95cUxNam9ac09PQzRuYkpZU1N0N0hyTnpTbTJzVmF6ZnZMN1dBTkNtLUo0b08yeDUwY2h1d3VNUWd1dmhmLUR4LWFFcUxrQnVYUlNYOUdoTWhsZWp0RUNRNVIxd0hINEt5R2drbEJSSWIxQXZzY2Fka2pzNUs3M3ducHB2SDItWkQ5NFpkdGoyeVNKWS16QXc2bG03WUtiX0tzT3hSNzA5VVZBN19DcEdyQVJ1NEcxZkpPMndWdDZsM25zdnZFUDZJT2VCX3ZoYUZZTVBFWjduTzRBbTFEQdIB6AFBVV95cUxPWXdoMkJqbFNRaEw1N3dtdUptOUNJWWEyZm03MFZ6Qkh5cUFWZU1zM3lZUXFzdG03LTBKTEY4dkQwZ25QT3BfQkQtZTh3ZFpvTC1zUmVpZzgwTDYwNi1RaTNJLXlycDZLY1lrSS1FTm5CdHA3V3pTSFl1Rjc3WEtiV1ZjYU5UMUZtNG9KZ3JQcmtUcnh1Sng1ZzRhX2Uybk1CUlRIR1Z1cm1faWRLdFdJelRjYjBYeWlNbXpLQ0MwWkF3dGRvSTNjWElqSHdHNlF0N2FrMHNmcDJJLWpEU1FpSFV6dlVseG9a?oc=5&hl=en-US&gl=US&ceid=US:en,Gestão e RH,Imprensa (Nacional),Geral / Não Especificado
2024-12-10,Morre Professor Elton Magalhães,Governo da Bahia,https://www.ba.gov.br/fundacaocultural/noticia/2024-12/39352/funceb-lamenta-falecimento-do-cordelista-poeta-e-professor-elton-magalhaes,Gestão e RH,Imprensa Local,Geral / Não Especificado
2024-12-10,Morre Professor Elton Magalhães,G1,https://g1.globo.com/ba/bahia/noticia/2024/12/10/cordelista-e-professor-elton-magalhaes-morre-aos-39-anos-apos-acidente-de-moto-na-bahia.ghtml,Gestão e RH,Imprensa (Nacional),Geral / Não Especificado
2024-12-10,Morre Professor Elton Magalhães,Blog do Anderson,https://www.blogdoanderson.com/2024/12/10/linton/,Gestão e RH,Imprensa Local,Geral / Não Especificado
2024-12-10,Morre Professor Elton Magalhães,Metro 1,"https://www.metro1.com.br/noticias/cultura/158784,morre-o-cordelista-e-professor-elton-magalhaes-aos-39-anos",Gestão e RH,Imprensa Local,Geral / Não Especificado
2024-12-10,Morre Professor Elton Magalhães,Bahia Notícias,https://www.bahianoticias.com.br/municipios/noticia/42879-professor-do-if-baiano-morre-apos-acidente-com-motocicleta-vitima-tambem-era-cordelista,Gestão e RH,Imprensa Regional (Bahia),Geral / Não Especificado
2024-12-09,IF Baiano recebe moçambicanos para curso de qualificação,Agência Sertão,https://agenciasertao.com/2024/12/09/if-baiano-recebeu-professores-de-mocambique-para-curso-de-qualificacao-no-campus-guanambi/,Ensino,Imprensa Local,Geral / Não Especificado
2024-12-06,Prosel Cursos Integrados,G1,https://g1.globo.com/ba/bahia/noticia/2024/12/06/if-baiano-abre-vagas-em-cursos-tecnicos-gratuitos.ghtml,Ensino,Imprensa (Nacional),Geral / Não Especificado
2024-12-06,Reitor do Ifal representa o Conif no Fórum Nacional de Aprendizagem Profissional,CONIF,https://news.google.com/rss/articles/CBMixgFBVV95cUxPekRkcVJsZG03VmJVR0t2T19jLVNaQWlsWF9DcXdqRmg3dF9VQTVuNkIydXpyUEpiaDVnNm10aFM1ZlNPdGQ5aWpEblVIS2tXMXVpaGhvRU9kRkZVUzFRZWh1RngyTjlwVzdLQmJJeEc2Tk5yTFZBVlA1Nm82djNUZHJ5V2V4MWxjbG9SRWFKeU91TWY3QjdpU19pZURKV29uSHVOZTA5U2ZuZ1RITTBRRnpQRzhTbnUzZkhHa0FyTGpDbG1nMHc?oc=5&hl=en-US&gl=US&ceid=US:en,Institucional,Institucional / Governamental,Geral / Não Especificado
2024-12-06,IF Baiano abre 120 vagas em cursos técnicos gratuitos integrados ao Ensino Médio,G1,https://news.google.com/rss/articles/CBMipwFBVV95cUxOMjA1a0VteFltWmJRY0tDMEtGclFHRnpHZnd6YV9OX2FvQmJpeHhJUFBYOXVwYl9ob0FOMGZfaXIxcWFJTDhlYXFxaUtmdDJwRGNpTUNuY0FhSUpvazViZHVSLWlBTm5OZnMyRTR6aVJCNDZQZnFmb1Z6ZWVBLVpvUUx4cDZrYTU1anFGXzluNkVYNXJsRVRLTFFySVg2ZFUycEFUM3FDUdIBtgFBVV95cUxPNlFFY2xlTHZkai1jRlpYMmF1VjhLeC0zMWM4YlZYaXFDVDVEeWhIbVZpZGk5MzhobTY5LUJFc2JfSFVRYWtiRndRNnNBbG5hcFdvMTRqWXMycld5Y05ZaHktQVZSNnRQY0g3WTg5ODh6VWZUSnhheThEanRFQlZvMkU0ZVJGaF91UjlzM244OUczZ1ZOMWpxY1U0WDdVZVVwRk11aXA1cG1NX0JpWVN5VDJBN0RRdw?oc=5&hl=en-US&gl=US&ceid=US:en,Gestão e RH,Imprensa (Nacional),Geral / Não Especificado
2024-12-05,Confira os resultados do julgamento da raça Gir Leiteiro,A TARDE,https://news.google.com/rss/articles/CBMimgFBVV95cUxPWURxU1I1ZnpmQVBwR3U4QVdmNVRtdnRkZUQ5RzNvZm5qckUtSWVqU1hGNlh2ZXBCOWxVbFlmZzVoVUVMMkJiRFFjaEJCY2FqOV91LTFnUFhfUnAzb0ZCQlVwR0dYUnAzdkl6T3hCMVNHTzBPNk9JREJvQWxTYTMwdGdTRF9BUVNHVzVlTFRQZEZKUGRydE9tdWt30gGiAUFVX3lxTFBwWFBZODhucVJxTlo3dVF3S3hvY0tSSTdtR3NTeWVGWERUaHdQblVISzgxa2FMOEZveU8zQ0d2bE9KWnltaU0yRERpRXVWUWdBRWpvQnpXbjdjc20tX21UY2l6TkxqbXpVc0xwdDlScEgwZEEyUVF6ckFnZmdxU1E1YmNYSVdGNHlhNEU5X3dxRXVNUGl6dTdROXVzY0dXMVNGUQ?oc=5&hl=en-US&gl=US&ceid=US:en,Institucional,Imprensa Regional (Bahia),Geral / Não Especificado
2024-12-05,Violência contra a mulher: Câmara aprova 13 projetos para combate a esse tipo de crime; confira,Bnews,https://news.google.com/rss/articles/CBMi5AFBVV95cUxOc3NmTEFEMjJ2RGFQbV9rcEFwUXFSU1h1NkVIS2lsME1sUjRVcWoyZ21maFROSXRYUUlNcC1fdHdVT1lRN2RhdlJNb2dpRXFfa29TRDFxWU4zUnBJa3h1YkpleUpYWkY1emJsNVJ6Zzh6YXloZF9mMXQzcmpsSkprY1cySHV3UzJsOW52bGxXcHprd01SZXAyWW9PTC1SSDJnd1pjTlozUXcxeVdwNUtoNlRvUWthcGJOYm41SnZCR3VnTFFGUHRzVGh4SkFZTWhrX2UxNkJPZjhZRllQOW83d3hkZTXSAeoBQVVfeXFMTUM5QWtrbVRlU050OWZ3dG5xbjNLem1mQ1RSV1FFN1pjdWRGa01oem9ZUXNGTVd6OXFHbnRGd1BpcHY3OVVaZUx5WXlHMUU4TlpJakxVS0NtZFRZUk41bXpPeWFFaUQ2NnBNZktGT2lTNk00Ui1udWtPUVRZTkE4QU1IakhvcDNfZXVuWURMT2g4bThxUGJHaWZpSFgtb0R6bnlJa3BqUHpmQ3QtdVdHQk1WVlFodXZ1aDh3LUt2c1dqWWJYX3FZNmtvamhuMEMwR05ZQ2FRWUI0dUdwZGVkN25iVVR1Y0FvZ1Fn?oc=5&hl=en-US&gl=US&ceid=US:en,Extensão,Imprensa Regional (Bahia),Geral / Não Especificado
2024-12-05,Alagoinhas: IF Baiano inaugura oferta de graduação em Administração com 40 vagas,Se Liga Alagoinhas,https://news.google.com/rss/articles/CBMiyAFBVV95cUxNV1Jyc2JsNHhOTnE1MXdOZ085by1aYWdtYXRuakY0RFptc29pZzVKVDVjSGk3YkJfaWQwc2xOQ2ZqZkY2cnZXSnRFQjdQRlNiZUNEa2NrbUZ6MkhtbWs2Tm5va2ZEa3FXd05OOXhPLVZORWpNSHFyUmN6Zko0VWViVUpxYVd0OGplQVVFMVFlbWxNVjhiczgzWjBZeUxURmVmYU9WVDZkc0d2THBZZkkxTURnSFNZTFVuUENfVEgtdWtUSjgxN1dpZw?oc=5&hl=en-US&gl=US&ceid=US:en,Gestão e RH,Imprensa Local,Alagoinhas
2024-12-02,VÍDEO: Alunos do Ifba ficam presos em elevador; instituto se pronuncia,Bnews,https://news.google.com/rss/articles/CBMitwFBVV95cUxQOEllbzctVng0UlZQSTRacnZmRm0yZUxnNEd5QnhiRkRxY29GMy0tTW5WUDA5N2VrX01OUDd6WTBudEFoaXN1d1FhQ3Znc0xfR1YzTk9xdW9STDUwY0pLSjNxeGRxV213TWRpdkVLN0hZQlBtWkRMWlNMNUlacl9nWjNlQVlIZ2h1aGcxdG41ZHBSTzk0T3RoTmpQblJ2VDA1V1pRdEZkdXo3NlZMSzUydzk5Qy1ycXfSAbwBQVVfeXFMT3FoYWFIYVdCeWxZMDFlem55TVVFQmRrVVpROGdKYklCbXNjckVocUpHOC1TSmtObURKWjZKMHZzN2tvcXFQUUFfUjFONFVSdzRXci1DRndIUy1lZGsyUEk4d052R0Y0QS0zSTNfcHBsc1ZPeF9yeS0zMGh2OU1TcXVPZHpWQWJtWU90SW96dWZqRGtKZnZBOWloQkRMb3RnUEhXRWQzRWxYd1Z5S01yQmZQNnY1cF92UlJZZWQ?oc=5&hl=en-US&gl=US&ceid=US:en,Ensino,Imprensa Regional (Bahia),Geral / Não Especificado
2024-12-02,Vídeo: cinco estudantes ficam presos em elevador do IFBA,A TARDE,https://news.google.com/rss/articles/CBMimgFBVV95cUxQRnRTRW04ZWVrb3Z0bG1CblFiWF9rdUxrOW4zOHkyaGZsOUw0OFpZRXFlSnlUd0hGYUdPX0Q1cGlNUDhYRU12NzZWZDFBVkpVMERua0JlQTVUckJSZ3Nlc3c1VzNfZi15TGhwSER2QUNVS0FEcTZydUpUeldLSlZfek9PX0pGanFfTUhCbDMweW8yZ0gwUkVSZ0VR0gGiAUFVX3lxTE8yU196WHVGeVFTOXZuZ3JTRTJ5OHRyVldHU290RkpVRnI4bU04UnFHSW4tRlAxeUYxT0xEeHpOMG52RDYyY2piNGdWbkh2bWx0U3RSZHZBbWtJMGd3TS1aZzRxNmdER2NQNm1ZMXIzZHhpVzd2TTZibDlYQ19vbmgzNzFmdDdWd090bnlrbTU0aGw1TGJSc1ZvSFpfLUNXVTU1Zw?oc=5&hl=en-US&gl=US&ceid=US:en,Ensino,Imprensa Regional (Bahia),Geral / Não Especificado
2024-12-01,Fenagro,A Tarde,https://atarde.com.br/fenagro/made-in-bahia-1-startup-do-if-baiano-expoe-gel-cicatrizante-na-fenagro-1297776,Institucional,Imprensa Regional (Bahia),Geral / Não Especificado
2024-12-01,"IFBA oferta 240 vagas para cursos de agente cultural, fotógrafo e iluminador cênico",Jornal Correio,https://news.google.com/rss/articles/CBMi0gFBVV95cUxPcGFMM25iZnFvZnBwc1J2cUttMXRmaDYwa1NtLUNfLS0xV0Vva2RtNC1tcFd2WWdEbGZtemdrYW5xRjR1RnRQdnh6VGlvUzg4SmZ2SnI4WHhhREV5TXdvMDBscmMwZzRNOEg5Mi1jbWhIWWxfRW55YjFMc0FzS0kzOV9tXzJLWWZBSEpsME55REF6YXZ0RkgxWlF5YmhvN19NZ3F6eGl1TWFZallwQ29VMGdGLS1ma0FqYVYxX1kyd3NlTUpITUtMd3NKa0NQOURLT0E?oc=5&hl=en-US&gl=US&ceid=US:en,Gestão e RH,Imprensa Regional (Bahia),Geral / Não Especificado
2024-11-30,IFBA de Jaguaquara: 45 vagas para o curso técnico em Agroecologia em 2025,Bahia Notícias,https://news.google.com/rss/articles/CBMi1AFBVV95cUxNdHpKZ1BpSlppUUNwQzBUb1VPcEtGRzRHZm9sdTVyWVFkM0JzVjFJWlU1TEF5Yk5sRXlRWFhSeVl0NUs2UEd3VkQyc1hkUFdJYzNES3laNENCbmhpNDB3WEtob1VzWEJNejA3LUI5bjNNb0Q2azhDRFktWVRnbUNKWEdEeEF1UzhDVVNkblBSajRvajE1Z3NFR0RPaDZTMWtJRGpJNmc0T19YNVdtRFNjMDA5Q2RNQnROVnBmS2VEYnpvLThVYVd4bTU1X3RYQ1Z1Sl9wNw?oc=5&hl=en-US&gl=US&ceid=US:en,Gestão e RH,Imprensa Regional (Bahia),Geral / Não Especificado
2024-11-30,Simões Filho garante transporte para estudantes durante a seleção do IFBA,Prefeitura de Simões Filho,https://news.google.com/rss/articles/CBMipwFBVV95cUxOTF9CTkZWYTMzTDdGQXNnbEdVNF9QakRFQnMxUllXczJzYkNRQjlYOWEzRGVVX0p1eW1FZWhCOEJFMUpTd0h4MTRLQWlEWDdkTkNJNmpUZFU3QTd0TDgxeExjNXdILVhNM1dBYnY4cVVtY1BIYndNd1BXREhTVkhBZEdWLW9maFprOFRfWEo5cUVzWjYwNDRZd3ZmWXUxSENSVGRYTEgtRQ?oc=5&hl=en-US&gl=US&ceid=US:en,Gestão e RH,Institucional / Governamental,Geral / Não Especificado
2024-11-30,Curso gratuito em administração 2025,Agência Sertão,https://agenciasertao.com/2024/11/30/if-baiano-abrira-inscricoes-para-novo-curso-superior-em-2025/,Ensino,Imprensa Local,Geral / Não Especificado
2024-11-29,Resultado do Programa Cidadão Global-Conif é anunciado nesta sexta-feira (29/11),CONIF,https://news.google.com/rss/articles/CBMi4gFBVV95cUxPc0djck9ZYVFCd2pGV1IxRG5Ja0Ztcm9HaHpXZk1sOWg4ZjUyZVJYRzl5SGZCNE8tYllSUzV4NmVwMVZya1lUMnlRaXBWeHNsN0F0MUp4VnpRa2NQb08wVk1aMTZ2WEJ1RlprQ3dRbGVFXzN6dzRZU2RMWVlUei1NRndjSkV2Rzd2dklMdXlNYTR1ajI3NDB1cmFkT1c0VUQ0M1FmQUlGUk1nNVlpMDRNbjNzekQzRkhIRENhenVxMzlvcVZMbGQycUo1dTAtaUVycHMtN1A0em5pNld3U0ZjVkNR?oc=5&hl=en-US&gl=US&ceid=US:en,Extensão,Institucional / Governamental,Geral / Não Especificado
2024-11-29,Curso gratuito em administração 2025,Carlos Britto,https://www.carlosbritto.com/if-baiano-de-senhor-do-bonfim-abrira-curso-de-administracao-gratuito-em-2025/,Ensino,Imprensa Local,Geral / Não Especificado
2024-11-29,Estudantes tem até hoje (29) para realizar as inscrições para o IF Baiano campus Catu,Mais Região,https://news.google.com/rss/articles/CBMi3AFBVV95cUxQUUQ0eTRCRFNqeElnQUZjSXM3NnlsMkt0S2xaR1NXaHdFMU9EajFaMzU3RTJmVWZ2c3FrNWlIT1ROUkhMQi04OVBRdmRXWmQ5TzNoZDkyanROTHdGR1cwUGVZc0RNRWd3YTFnazByMDRDZy1wV1VLR1k3QmM5ZE1qcFhUU3N4b0ZkZUJ0OTVUQzFTMnh4ODJQN0ZJU1MzUTJJZkZrV2ZLa3M4V1hrTU4xMEVXb1o3Wm52LW0tTEQyLWJsQ2drZkZjZmdXY0pBUm9uM3c3dTh5STNUWS1P?oc=5&hl=en-US&gl=US&ceid=US:en,Ensino,Imprensa Local,Catu
2024-11-28,Curso superior,Mais Região,https://www.maisregiao.com.br/noticia/77031/ufba-e-if-baiano-vao-ofertar-cursos-tecnicos-e-de-nivel-superior-em-mata-de-sao-joao,Ensino,Imprensa Local,Geral / Não Especificado
2024-11-27,Ifba abriu processo seletivo para contratação de colaboradores internos e externos em Vitória da Conquista,Agência Sertão,https://news.google.com/rss/articles/CBMi3AFBVV95cUxOVlZrc3NzUlZPVXNBNnFJdkJ4NDJtWmZuVTJUN3JMMVlIOW9nVEdWODEtUGhKNWdURHJPVHpETUZKQnM4LXI5a0FvT05icDV4RUFlekw1Tkh6VFFIVEhaNGlCSmJiQzVVWnE0dF9sOFduS1hicWhIRGtNcGdKcnpGTXhUMGh5NVFzblRVZGhPUV90czhKMUZ6QjFSR0IwZks4cmdqOGtWbkd1djlMc2hMTXhuWWN4S3B1TC1PbmNJcEduOHU5dVdhMlFKajVtcVpmbkVmenBlSExCd1Zv0gHcAUFVX3lxTE5WVmtzc3NSVk9Vc0E2cUl2Qng0Mm1aZm5VMlQ3ckwxWUg5b2dUR1Y4MS1QaEo1Z1REck9UekRNRkpCczgtcjlrQW9PTmJwNXhFQWV6TDVOSHpUUUhUSFo0aUJKYmJDNVVacTR0X2w4V25LWGJxaEhEa01wZ0pyekZNeFQwaHk1UXNuVFVkaE9RX3RzOEoxRnpCMVJHQjBmSzhyZ2o4a1ZuR3V2OUxzaExNeG5ZY3hLcHVMLU9uY0lwR244dTl1V2EyUUpqNW1xWmZuRWZ6cGVITEJ3Vm8?oc=5&hl=en-US&gl=US&ceid=US:en,Gestão e RH,Imprensa Local,Geral / Não Especificado
2024-11-26,Novos campi do IF Baiano devem ser concluídos até 2026,Agência Sertão,https://news.google.com/rss/articles/CBMilwFBVV95cUxQWnJDVHdHTVYzSGFndGg0a0F1RGlZN1ZvcHhHZHZsZ3hNNHFFT1hMY0tLVWZhME40X0pRZW5uTktRZEhGZjJFUjN5OHdUZEJuczRaWTJlZGsydV9aRlRUT1NWOVJJWHBvX0ZjUTJIY3FVSjIxWVNqN2hHWDhQV3BYWmlfVG8zRFNmcHlWWWNTMHluWGZya0d30gGXAUFVX3lxTFBackNUd0dNVjNIYWd0aDRrQXVEaVk3Vm9weEdkdmxneE00cUVPWExjS0tVZmEwTjRfSlFlbm5OS1FkSEZmMkVSM3k4d1RkQm5zNFpZMmVkazJ1X1pGVFRPU1Y5UklYcG9fRmNRMkhjcVVKMjFZU2o3aEdYOFBXcFhaaV9UbzNEU2ZweVZZY1MweW5YZnJrR3c?oc=5&hl=en-US&gl=US&ceid=US:en,Institucional,Imprensa Local,Geral / Não Especificado
2024-11-26,Processos seletivos do IF Baiano e do Ifba ofertam vagas para professores em duas cidades,Agência Sertão,https://news.google.com/rss/articles/CBMixgFBVV95cUxOR3dTN25jdlNXYU1mVmd1ZlNSZzBvbkNGdVJCdzNZYVhIUGdCdl80WEFvWU5LS3QydkJWY1hFenlmRkRCYlRYcGNENHplSENpNjNIR1VMbF9QZlplclkxRnJUcU93ODJ4YkFhWXh6WFBVWkNXXzQ2UjVCd1lBQkN4Ym9QU2UxZXJMYTdpYTNYX3lyc1lhRzYzZ0xpSFVMaVFLSEZxRlA4RUx3ejdULU81Mk5PMGJaUFFhakY0RHllV3pwNm9jQ2fSAcYBQVVfeXFMTkd3UzduY3ZTV2FNZlZndWZTUmcwb25DRnVSQnczWWFYSFBnQnZfNFhBb1lOS0t0MnZCVmNYRXp5ZkZEQmJUWHBjRDR6ZUhDaTYzSEdVTGxfUGZaZXJZMUZyVHFPdzgyeGJBYVl4elhQVVpDV180NlI1QndZQUJDeGJvUFNlMWVyTGE3aWEzWF95cnNZYUc2M2dMaUhVTGlRS0hGcUZQOEVMd3o3VC1PNTJOTzBiWlBRYWpGNER5ZVd6cDZvY0Nn?oc=5&hl=en-US&gl=US&ceid=US:en,Gestão e RH,Imprensa Local,Geral / Não Especificado
2024-11-25,Lei Maria da Penha não é cabível em caso de suposta agressão de mãe a filhos; entenda,Bnews,https://news.google.com/rss/articles/CBMi2wFBVV95cUxNVzF5cjJydDhvTTUtUDdtQUNKNVF4dXNwWHlfQ3Q4YWdfMU40bmRGT3lxN2JScFlESnJIaUYtNTlkQUpYUWlCd2JaUGRoSm1TeTl3WnJjUVhDY0JLd3Z3UGVDYXZwY1RZSWhqQzJjN3pHaC16c0dKeDVnODhLdHZuNm5lTl83OHRfcXJFVGpqb2xzRzVYZDlPRGNvN0d4Q25NdmpBWDZEMlR0dVRzUTk1bHhXQl9XR2ZKNEsyNkpEOW8zV1hFV0h6cnhOTEtHVHNpaVN0SGs5MjVsOGfSAeABQVVfeXFMTm9FUDNza2RLSnlqZ1dpemF3Rjl6WDVmc2k3U0tLQVMzTTg4V3cxVHlhZXdLTFhHdnFCVldJUUtqTjN4Vm5mWEE5ZTlzRjBDNEhjNExOR29JcE92dlZPVC1JSFFteW5yQXVmSFo3VVdwSE92SXlOWlZma0V2TkVNcjRRbkpvN3Vzb2c4YVdVOU9jckNSQlVJWElGQl9NMXVodUR0MVBndzBoR0k1YUcybGFFaFlfWWltZ1V3bjdONDh5UFI5T0JINHpsU0M5VXFHeG5BVVM3Y0V3QkVBNUZvOC0?oc=5&hl=en-US&gl=US&ceid=US:en,Extensão,Imprensa Regional (Bahia),Geral / Não Especificado
2024-11-22,Etapa presencial do curso de formação de moçambicanos no eixo agrícola se inicia neste mês,CONIF,https://news.google.com/rss/articles/CBMixAFBVV95cUxQcUR5TEFWSUJQM1BxdDZfOUhfOXhRb19aNm5ob1ZLVF90RzBzS0NLZXRJaUEtWEJFRHh4SGZ2Nl9ySmdyRkFaeDNJNlVFelJNVURHWlQwQmlMNHZVOU5BbGU5T3R3dDdNMHN6M3dEYnB6X2JVMmZmcDBHTEdJQ18tWWpQMmpjaXVFUHNSRkk0UUNWWk9Ma1ZOT0lMX3A0bjdMQy1JbkU1R2UzWDFOWmlMZEczWE5sNmRQbFFVSUtHQXFmckhS?oc=5&hl=en-US&gl=US&ceid=US:en,Ensino,Institucional / Governamental,Geral / Não Especificado
2024-11-21,Mobilização Estudantil,Avoador,https://avoador.com.br/pagina-central/mobilizacao-estudantil-faz-transporte-gratuito-ser-retomado-em-bom-jesus-da-lapa/,Institucional,Imprensa Local,Geral / Não Especificado
2024-11-21,Geladeiroteca é entregue no Colégio Estadual Machado de Assis em homenagem ao Dia da Consciência Negra,SulBahiaNews,https://news.google.com/rss/articles/CBMi0AFBVV95cUxNS3hmeHlvbEtzQWM4ZGNBSmNHa1NtZFpKMG1xeDNKekdKYURVd0kxWFNiVmo0b1BjODRMMFl0bkFtNVNOYjRVMjJkRmhyd1JCazNqZ1N3ejA4bG0tNVdXUmE1NnpPdFZRckFwcGpMTGRBQVF5Nmgxc3RJLWp4ajZvWVlGZ1dQX1UxbThVcDBMSkxyM2pPTHhwTXpWZTdxUG01ZXc5LS14MExBSmRuUl9NbktfdlpLTG5YSGdPVWlaRHFIbm82ZVZmSDVVTGhZMTBY?oc=5&hl=en-US&gl=US&ceid=US:en,Pesquisa,Imprensa Local,Geral / Não Especificado
2024-11-20,Eloilton Cajuhy – Página: 1880,Blog do Eloilton Cajuhy,https://news.google.com/rss/articles/CBMifkFVX3lxTE1aS01vTE9pMEt6OGFJTzFkUTBUMVVXTHJOWGJtZ3ZrT3NVQnlSUlE0Y3M3RGQya3RoSHRFNWlUbU1NVTdfX0xPb2NWd09Vc1BRLUFpamRqMzJHTEhxaUFRV05lelBYeS1uZkZiNGdZVl94SzhhcFVvVTUxWmNVdw?oc=5&hl=en-US&gl=US&ceid=US:en,Institucional,Imprensa Local,Geral / Não Especificado
2024-11-18,Chamada Pública (Aquisição de Gênero),Agência Sertão,https://agenciasertao.com/2024/11/18/if-baiano-abriu-chamada-publica-para-aquisicao-de-generos-da-agricultura-familiar-em-guanambi/,Institucional,Imprensa Local,Geral / Não Especificado
2024-11-18,Gabi Brandt diz ter sido despejada de imóvel por ser digital influencer; entenda,Bnews,https://news.google.com/rss/articles/CBMizgFBVV95cUxQRTA4NERiSllZVDZ6aTNkUzdrSmdQZlRXbWRTSG0xT1FFcXlFZnlhZlM1bWw1Mzd1akxpTldzZjF6OFNlSVNEYUt6TTZHZkxtVHBGSnhyQVQ4T0drRUsyT2ZfWDJMaUlUMjdfajZ0cGt6WFY0dWF6dzNhQlVrZDJiTDRSQU53WlhFRjFHWU4tcU5OOFp5VGlkQ2Y3cGtPNkI1TThaX3F5dzd0a1ZBSXRCYjktZE9yUXBCN3FLNUZRYlE1NDZwMzdjLUpHSXlid9IB0wFBVV95cUxNbnZnR1hFc0ltdUd0c3g2ZkxfOEdYUm5vQmk1U0czVUVPWUREOC1XaFhoZ0VnNHh5Y0V6dlRyNENmR1NNR0NTbGp5emhvcWtRVllPeE1MM2VwdnhwNVRFdS1KdVZZN0UzU2k5aE9rOXE5MTJtVVpqX1dzS045aFV6MEE1WXl4NklvVlVRZGs5OEdScktsZkhMNmxFTlBvQk1aSUhVR0M5OEg3NEFrX2g0SXFlUkpTV1o3bFRabmxIR0ZzUXpGZ2IxVUlkWFVKMlUzd2JF?oc=5&hl=en-US&gl=US&ceid=US:en,Extensão,Imprensa Regional (Bahia),Geral / Não Especificado
2024-11-14,Barroso afirma em Plenário que apuração sobre instigadores e mentores de atos golpistas está perto da conclus…,Bnews,https://news.google.com/rss/articles/CBMikAJBVV95cUxOR2dlU3F2WFJ5aFlfM3owaFVOTkRuVjRkckVOTGIzWi1ZVHZTMjQ1M1JBWG9vVmZNMlphdWplU3dtOXYtcFl5RnJaZk9NY1BPcktOeXpRWnhuUFRJdk5QOTVPOVA4bzJEM1hqekw5N3JsN21iTGgwaF9paHFsZ0p3bGcwUndXSnRpZkV6YTRvRFhDQjFWR2I3cF9QakJRbm13NEM3eVZRdVljbFgwZ1kxa3FnQnpidDJIS2F3TGhOTmVHTnN5bVk5aHpyQm9hOHQtZFlEcG5iaHJrV2gtLXJ5SEVWVTQ1aVM4NWRpMllQLUE4cEV2aXNFR05ha05NTk1fSldVdUZJNHdfTkZrTzE4SdIBlgJBVV95cUxPWWJSVFZrblV2UDBBWmRRc2xycFhfQ3kwRlRiUUtGQWQxcUZiOWFpRlpCSG9FNnJLMkxKTGNlSXNDZUZXaUxGV3MxS0NZaXZRcGF0YkxNcnE0R3lkZGlFd3ZhcUM1M24yb3k2XzVwbDBrakdKbGs0WGdqOW1FLXVTMmNpUU9wZVNEb0pHUVItT2h0ZDlTWEoxN3FoWVROc1JMQUEwcXlDWTg5clc4bHNNV2ZuVHNNVFRTb0UwYmN3ZlJfTXRyR1FHT1Rnd2dMdWZNaXU4TDlmUUV6QUk3S3pWbG5Rb2FzLWdjaEp0UXNjYU9iWWs3cG1uRk5wVGV3ZVcyODNtSmJxMVd2eWU2dVVXS2ktTzRQUQ?oc=5&hl=en-US&gl=US&ceid=US:en,Institucional,Imprensa Regional (Bahia),Geral / Não Especificado
2024-11-14,Ribeira do Pombal se prepara para uma nova era de geração de empregos e avanços educacionais,Portal Alerta,https://news.google.com/rss/articles/CBMi3wFBVV95cUxQYmFMZ29qblZDTWV0RmF5eGtSX2oyalVuUXdrY1ZwZzhjaTBXbkZ5UlhIcEpYNHAzWW56bmZLYmkwa1JlSll6UE5scTJBRGJLTjBLbXdsX1RjZ0NJNzdwSWxrdTRYWkh3UUVuNHU4dzJta282RFZLaUtyWlkxNnJfOVQ1LVVQX2ktWXdMYVRVVEEtblNvUEJLZjBOdkotTTlFUGxnZVcwa04yVUh2SDFFeTk1QkJvQmxmdERyeUtuR2NnWW0zQ2ZnWllfNUR4TWdQUW9DS2hrWjNpMHlZSTdN?oc=5&hl=en-US&gl=US&ceid=US:en,Institucional,Imprensa Local,Ribeira do Pombal
2024-11-13,EDITAL 10/24 - INSCRIÇÃO - CIDADÃO GLOBAL CONIF (respostas),CONIF,https://news.google.com/rss/articles/CBMiowFBVV95cUxPcTc1eTdSRTJMOU9hQW5DQmt4NjYxTVhWa3dFSXRJNjliRklyTHBqTTFyMFRQQUJaT3Q5UTdDc3MwTkcwcTVmRzVsRFFCZGZJbTJGZC0wazBXdDZMSDZWRVRPdzE3Y2pwQnBBTXFOazYwZVdRUXpSRVZGMG4wMnhkT0NyeFNmUkV6NndnOXl1elpWMnBaZUt2endmcXVTY3ZqVEpz?oc=5&hl=en-US&gl=US&ceid=US:en,Gestão e RH,Institucional / Governamental,Geral / Não Especificado
2024-11-12,"Professor do IFBA aponta problemas após contingenciamento: ""As poucas salas climatizadas foram interditadas""",Bahia Notícias,https://news.google.com/rss/articles/CBMi4gFBVV95cUxOMTJuT0RxNkY2b1NES2pZZ193bGVLWUdDcXhkYlRLc2hFNXhXZHQxSnYyc3pJLXhucFJUSnhrR0RvdjJiZHZSRk40VTZmWk9vR0wzRTFyRzdrTko1Y3JWbmdqc0hGS0t4dFRZdXM0RkE3VUo5ejFybjdVNFQ3REZaeVFiSzBPVVZRb1JiUlhtY2xyOUZSOGxrMXVMUkVTbnBjckRNR3BxMk90c0JVRVlGbHRINkY0emppX3hIbGhJY1JwZUxqMHNLRTRWLWhRdVlwZUZBdHU4UWZhZTBTdEZyTnp3?oc=5&hl=en-US&gl=US&ceid=US:en,Gestão e RH,Imprensa Regional (Bahia),Geral / Não Especificado
2024-11-11,Deputado Ricardo Maia celebra dois anos de mandato com conquistas históricas para o desenvolvimento regional,Portal Alerta,https://news.google.com/rss/articles/CBMi9AFBVV95cUxPQWhwQ3g4T3V1R0lVR2txX0FUSm1HS1kzNG9Mc0U1MEJJT2ZPR0g3cGw1bmQyZW1uYTZhZDU1dDJ5NER6S0hXVlhIVEt0ZzdjMHZqYW1FUk9ubzBsTHFOQ2FfQzZYdzN0ODFDZDRSUTF3Vk9za0pkY3IwYjU5OEJNVTNZWUlHUnRSVkhkbW42elFFNTdNSXFGN0dYQmRoYjRCMDNjLTM5MUZ1bzFnOGstUDhXY0JOekhJOEhONG1NdXhDUldhNjRsMldOWkpVdjBmVjEwdWNnSEFYN0dUd1ItNmdkcjRwbWotQ1VCYzFfelV2LWhy?oc=5&hl=en-US&gl=US&ceid=US:en,Institucional,Imprensa Local,Geral / Não Especificado
2024-11-08,Teixeira: IF Baiano abre processo seletivo para 40 vagas em Engenharia Agronômica,SulBahiaNews,https://news.google.com/rss/articles/CBMiswFBVV95cUxNMDlJaEhnVFBnblpTY3ZDQnFBcTUwOVpvaTRaTkQzYjBkZ3RwUzRkbGhlS3puT0VJLW5OQnpHakVSVzBSQTRUTFJ1d0pIS1JFMktxUXpFRjNjQmZaYjFQYXZSUmg5SXZGR2RleUpTcjhCTVozdlJkdndBeC1hMGwxeU54Zml2NVpVLXhOQmc0TUFrZFVBam4zSzFyeXZkZVpMb21VZlhfN2g1V0I1dU9fVVdFWQ?oc=5&hl=en-US&gl=US&ceid=US:en,Gestão e RH,Imprensa Local,Teixeira de Freitas
2024-11-08,Escola Promove anuncia parceria com Sistema de Ensino de Referência para 2025,Notícias de Bom Jesus da Lapa,https://news.google.com/rss/articles/CBMiygFBVV95cUxORmJtNEc5SGZwQVFsbktGRGlMN3dIOE53R0FoUjBEWWVlMVROVG9fN0FLMmk1VEZaTEpZMlFrX2U4Z01oUGRpNnZ5VjRkclJkSVRSaTRNRDNlWDJnMzN3SGczVWtlNVVtUXJpOWl2MjN4NjZRRkthc3pCQXlnQ0Q3X3daWXpBZWVUc3ZHQkZISThrQ2dWQmdtYlFXanVCbEo4eUhyaTdsVkRLblZXQ0tNSlJDT1BydWhEai1UalgzWEJzMVRkcENveEpn?oc=5&hl=en-US&gl=US&ceid=US:en,Ensino,Imprensa Local,Bom Jesus da Lapa
2024-11-08,VÍDEO! “Aqui você não entra”: Advogada fala sobre expulsão de delegacia por Comissão da OAB de Teixeira de Fr…,Bnews,https://news.google.com/rss/articles/CBMigAJBVV95cUxNSjdZRlBlNmV3cm1xNzlDLUctRzFrV0kxQy14NlNoSUhvUU8xX0JPMGJQV2E0S0JKdEZMcGJmcnBOUnNyMHJZTE45eEN2cnBhMEdpOXloalhkLUFKdFZYRkNQOFhldC1fU29QcE41TldHOERWWl9uejF6QW5EOTZMZEZvSGNOcklqS2lXdkszVkc5WkxMLVJ1ZExQZlFGT3dQVzg2VVZtOXdiVU5ZQjluOE9CV2pPOVc2aFBCWC1KUzJQMmFCd3VvdG9lWkRLRVFkNjlHNWhWUmR6V0JZR3ZoUXl0eWp6SjNxclZOdmRDYTlqZXplWUcwS3hFRTAzTl9V0gGGAkFVX3lxTE5Tbk96Y1B3MTVZa3AtZDhFTFo3S1I5MDNkUUIyeXlZSTRuOWhoLUtRSlRNOFIySVNreks2Z2pNU1h1QUY3bTBfdEI0dXZJUmx6dllZdTEwYnlRSUh6Ul9NN3UtcWdIekE3aFlBQWZ4bnBtN0U2NjhSZUk3VVgwSFFSNmpVM0NqODdlTENkVHY5NnRNekxfc2pKVDFLYk1uRjBPVjZIR05HdnNzUnBuLTFfeEx0WjJzc3RiN3lpWTdSSzhHTHRHcFBuZVQ4TXRSVkNwLTNkc0d6bDhiZG41R1pGdmppcE1NQS14OFJab2hZTHZDbVhOa2hfWE9sOXRxTWt2aXZWUUE?oc=5&hl=en-US&gl=US&ceid=US:en,Institucional,Imprensa Regional (Bahia),Teixeira de Freitas
2024-11-07,Prosel pós graduação,Blog do Gusmão,https://blogdogusmao.com.br/2024/11/07/if-baiano-campus-urucuca-lanca-edital-com-70-vagas-de-graduacao/,Ensino,Imprensa Local,Geral / Não Especificado
2024-11-07,EM nº 00062/2018 MEC,GOV.BR,https://news.google.com/rss/articles/CBMilAFBVV95cUxQUEQ1YXEtcHJkTmdVRWJvM251Q1BmV0VfZVItX3hXNi1Xb19QakQxaUl3OE41RUxRaDlscVJWeXFCNWtRblJ6R3I5Rk05eFFIdGpQX0NORTZkX0NoTVQ1alhIZWoyeFMwa2E1ZXIwb19WYlFpNmNNQjl1YWduaG5kR0I4Vnh1WkJsNWhVemxVRkNJUXB6?oc=5&hl=en-US&gl=US&ceid=US:en,Institucional,Institucional / Governamental,Geral / Não Especificado
2024-11-06,Prefeito de Camaçari garante continuidade do transporte universitário,Bahia Notícias,https://news.google.com/rss/articles/CBMixgFBVV95cUxPN1R3ZVVMMXhneXBJTXlzTzVzcDd6dDh6M2NiSE1yb0Z6aXcwSDJZVnRXRWIyZ2puaWRZeFU5NXhrdDhZNTduY2d0VVFMblRZWVhUeDZ4Q19Kc1pPQjNoS0p5MS05ZlI3UHRSWW5ZOWVwWEY5S2R2WEk0VDNXcExnNndLSkVVYjN1cFgtTUx5UFRTS05pc1BLTmM3S2tBNUQ0RnY3WHRKRHVuazJwRk9tNFJkUXRfSHUyZnJ5ajk0V0Z3OWs1S1E?oc=5&hl=en-US&gl=US&ceid=US:en,Institucional,Imprensa Regional (Bahia),Geral / Não Especificado
2024-11-06,IF Baiano realiza Workshop sobre Inseminação Artificial e Transferência de Embriões,Agência Sertão,https://agenciasertao.com/2024/11/06/if-baiano-realizara-iii-workshop-sobre-inseminacao-artificial-e-transferencia-de-embrioes-neste-sabado-em-guanambi/,Institucional,Imprensa Local,Geral / Não Especificado
2024-11-05,ABC e Conif realizam 3ª Edição da Formação de Formadores Moçambicanos no eixo agrícola,CONIF,https://news.google.com/rss/articles/CBMi3AFBVV95cUxOM3RjRWh6a2dvWW5adTN3S01uWU5rbVo5Z3BIRGFBU3RnczJ0R2VadXFUVnA2YmM4OGU2N0pXZTEteGFuSHFHb09peWdZUTltNlIzOGdQTVA1WHAwTVdQU0Q3NGZUdlJBM3g2Mk9kUGcxdnpSYjBnZ0ZMYUJuSXdQQnkxbzNtUFptU1EtRDA5OWhxNG9JNFFXTi02NFJCM3MxSmVRdDRta1huMC1MUm1GUFF3VHRWR1BKcFczMDBNZG1vNEwwM0N3V05OOGpHc2FtMGZlMk15RjBiQ0dq?oc=5&hl=en-US&gl=US&ceid=US:en,Institucional,Institucional / Governamental,Geral / Não Especificado
2024-11-03,Relatório da Unesco afirma que 85% dos assassinatos de jornalistas passam impunes; saiba mais,Bnews,https://news.google.com/rss/articles/CBMi5wFBVV95cUxOODVCQjNaZElTVGI3ZnBhR21RcjFWWjJxY2xUR2wxMGVyNzdJVVVSN3NPMHJWWDRYZUhXNHU3a1ExVWRkUnVNSll4R3VkZE0wWjNod0dIMFlPaVVOWG9HNTZFM1Juc2RCV0NvaV9UT2swSU13R0dzcm1OSnBUN2s5enBsVmwyZkFtczJzOEU2VFFHZUFoeUotcFdzaV9JOG5pLWxmaVg1NG9oc1dMRUdFSV9ObjR2T19EM3hBMWhURl92M2w4eWJWZWtNcklYS1ZraXVBejRiMEpmZGNjSWdPb2ZPYVJ2RDjSAewBQVVfeXFMTUc3Q21IcHpzcUtyRDFSbUR1WmU4MFZNQ1Y2QkpuYzFja1FHR0Y2X3dFYXoyNFI3YUxYQ0dpb1A2TFd0VXc5VGsyd2xwclZVU29BYVdkUEEwbzVYOVU3N3NfQUZaWnVtTmptM1RhZ2Z6R01PeF9JSGN0dWs4UFlOWGtiUUxDOVh3M2Q0MmswNjh4ekJVclNWYjZCdElqNkdiTm1ZRUVwbGQyNjJxZEVQaS1mVnFlbFcwUmlTY0VVTmh1bGFXcWlhVzA5MGM5bTExWFBqdUgzTEFkM3JwNVpBYURSUmdPbko4TXAtenQ?oc=5&hl=en-US&gl=US&ceid=US:en,Institucional,Imprensa Regional (Bahia),Geral / Não Especificado
2024-11-03,"""A pessoa estava transtornada"": Paola Carosella fala sobre assédio que sofreu aos 12 anos",Bnews,https://news.google.com/rss/articles/CBMi1AFBVV95cUxNMGhNTEtydi1RajV3S2NyNUJhV2JHdUVIV0ZZekxVYW1ZdGFxNlIyOWZWMVVDc1NtOWdmZFFac1FrU2RyZEZNZnRSN25Oc0pXY1hLelNvdG50ckx6THUwYkNIZ2tneGRvWTNPYTZPUVhyek5zZ0w4LXgwend4SkdxTk95bUU2dVJXOVcwTEppVzV4M3lGTExNTTV2cHZpOGlGUmVnZWtCNFRmeHpESFpWR29wVUdhU0FTR0tnMnhaR1p1RnNDNFo5b0xtTGlaSDRCS2ZGTtIB2gFBVV95cUxQaHNaenBReUhIUWlqQnlpX0tXR1ctWlYxZkZlUEVZUkVTZXdScUZES0hoM3JrcmJLd3dLMHdjWUp5NjdmNHZ4ejFDd1VVTkhuTHNRTFFRdXJCcjk3aUpoUmxDM1F5b05pSW9PYkZlS19jZWdCUlc3TEYtN25YcE9jeVYwd1BIMFhoQkFYRzhqWG1WcVNtMXlHMEluM1J4UHNnT3RRN0g3eW15MGpNQnhFRTdHVm1PZWZDd1ZpR01qQ1Nld004ZE9oWE5FdngzU205UTVYUlFaMTZUdw?oc=5&hl=en-US&gl=US&ceid=US:en,Institucional,Imprensa Regional (Bahia),Geral / Não Especificado
2024-11-02,IF Baiano abre vagas para Professor de Geografia,Ache Concursos,https://news.google.com/rss/articles/CBMipgFBVV95cUxPMU1ONUM3YkpSeDN1MGV2U1NYeXNOcE50cjhROV9vRWI3enNUdUZOa19kYy1mcXZuMWMta3VEY3Q3QzZkMmt2WlgzQXpDTU9aRUV3V1J5YktJUnptM2NHeUhhQ2htRkM2d3BYUERHUnNaNnJuOUtGOVNBYlJONkJkdEw5ME16b2RmMEtYcVVTMlFPQXNJTDJSOWQyQUljMGRXb0taNHd30gGrAUFVX3lxTE5ybF9UQ0dyUXBHQTdjWE5aXzluazlnbVVSVUJzeWd6cG9LZXUzeEFCUElRQ19MZ19oSi1TUnFtdlFUSVlNVFZqU1ZNVWxDYXIzTVJTX2xrb1Z6YlY1dTl3X2pvRW5Ed0lXR2dXMjFnNVhiTUc5eHItVXdlNFhqUnl4ZVlHczBvaE9DenJZd0REUTZ0ZUJKdEpQZUczUVpZbDBSZ1RITzJYcVZldw?oc=5&hl=en-US&gl=US&ceid=US:en,Gestão e RH,Especializados (Nichos),Geral / Não Especificado
2024-11-02,Ifba abriu processo seletivo para colaborares do Programa Mulheres Mil em Salvador e mais três cidades,Agência Sertão,https://news.google.com/rss/articles/CBMi1wFBVV95cUxNQTFHOWRoUWQ3ZkFPS1NMUFl1el9RbEFzSEdQZkZuaTByMmdkMTd3c2ZyaEMzeFE3eE9EcnhrVFR5TUI0Zm90d1dfWjl0R19IRkotTzBlYmMzcHNVSkk2ZVZWdlVCVXc0Rnk1NGZRSUpmVUtKMVFWNjJyVTdLOFUya2gwOGwwT2FtRkNRRTk4MFVudFhhaGkwbHBFLW5UZ0FGaE5Ic1AxU1AwY01HSGN4aExZbGNfbGFrczlSYy12VV8xS3VhQ05qT2E3MWpfV0puQkRicUxDZ9IB1wFBVV95cUxNQTFHOWRoUWQ3ZkFPS1NMUFl1el9RbEFzSEdQZkZuaTByMmdkMTd3c2ZyaEMzeFE3eE9EcnhrVFR5TUI0Zm90d1dfWjl0R19IRkotTzBlYmMzcHNVSkk2ZVZWdlVCVXc0Rnk1NGZRSUpmVUtKMVFWNjJyVTdLOFUya2gwOGwwT2FtRkNRRTk4MFVudFhhaGkwbHBFLW5UZ0FGaE5Ic1AxU1AwY01HSGN4aExZbGNfbGFrczlSYy12VV8xS3VhQ05qT2E3MWpfV0puQkRicUxDZw?oc=5&hl=en-US&gl=US&ceid=US:en,Gestão e RH,Imprensa Local,Reitoria (Salvador)
2024-11-02,Prosel de cursos técnicos gerais 2025,Click Petróleo e Gás,https://clickpetroleoegas.com.br/instituto-federal-convoca-interessados-em-fazer-curso-100-gratuito-ead-e-presencial-sao-mais-de-2-mil-vagas-em-cursos-em-diversas-areas-como-agropecuaria-informatica-vendas-turismo-e-outros/,Ensino,Imprensa Local,Geral / Não Especificado
2024-11-02,Prosel Professor Substituto,Ache Concursos,https://www.acheconcursos.com.br/concursos-bahia/if-baiano-abre-vagas-para-professor-de-geografia-76085,Gestão e RH,Especializados (Nichos),Geral / Não Especificado
2024-11-01,"Dólar fecha a R$ 5,86 em meio as turbulências econômicas no Brasil e no mundo; entenda",Bnews,https://news.google.com/rss/articles/CBMi0gFBVV95cUxQUnBla2lVbG9vYjB1LUtmQkt6bGlNdWhiNjZONHNyYUhCSDlsbXlkVGtJbUwzd19JNm9GYWFEcEFLR2p6NlhnOUl0cTFGUUZiTlVTQmxEc044ZmhGem5BRG9Hb3cwMEs2NGxFeHh5WmJSLUpTc1ZrdzllbFE1TmpCTVE5Q0NhZWp1QlFYT3dWNFhDT0U1ZTM1azFObFNxdUZWa2ludzJDY0RTa0FLUm9RU0RFQlkwNXg1LXVJdlVSZ21WWEZuM1lUUW1YMW5SQUZBMEHSAdcBQVVfeXFMTW91YWFOS3B5TEhCRXByOHdBbWRKZzR2aTBWaWx5SXFFQWVfZm5tcXRBNXdSbE12eTV6YVFfNWFpbzRhblp6YzRNdW1wbjFXbm1oc0poOHdHTUY1SkhQa2ZSWjJnRHVyMDNzX3VKQ2pTbGV5S1FwZEJ3cDRnSFdhM1A3OVdEQmtXMC1jUlFBVGYyN1VHazBNbDZwaDU2YzJLam9pMkFrTHJ0ODgtTGVvcFJGZFppX0FTcXUtR3doWlFaQmJoRXJjSFZMNDBlY01jZGlSX1ZlY28?oc=5&hl=en-US&gl=US&ceid=US:en,Extensão,Imprensa Regional (Bahia),Geral / Não Especificado
2024-10-31,Incra abriu inscrições para 50 vagas em lotes da reforma agrária na Bahia,Agência Sertão,https://news.google.com/rss/articles/CBMisAFBVV95cUxORER1M0JvSkVQVnEta2hTd2drTTJCdER5MU5DSVVZSWVUcHRzZlU3S0RUdVBBZVFnQU1DbV9GVjFKUktRQ1NsMUI2bFdSZE9uN0lhamMzOV9KOVJIblk3dFBHT0JiNW9GdkRhcUgySHVRODFhbllUU25peC1RVWlKSDdzWnlodXdXa2lPVHd1UDRwbDljN1Z2SlVmQmRkWk1RMVgyTXEwYkd1VkhqWllNedIBsAFBVV95cUxORER1M0JvSkVQVnEta2hTd2drTTJCdER5MU5DSVVZSWVUcHRzZlU3S0RUdVBBZVFnQU1DbV9GVjFKUktRQ1NsMUI2bFdSZE9uN0lhamMzOV9KOVJIblk3dFBHT0JiNW9GdkRhcUgySHVRODFhbllUU25peC1RVWlKSDdzWnlodXdXa2lPVHd1UDRwbDljN1Z2SlVmQmRkWk1RMVgyTXEwYkd1VkhqWllNeQ?oc=5&hl=en-US&gl=US&ceid=US:en,Gestão e RH,Imprensa Local,Geral / Não Especificado
2024-10-29,Prosel professor substituto,Concursos no Brasil,https://concursosnobrasil.com/concursos/ba/2024/10/29/if-baiano-abre-vagas-em-selecao-ate-r-63-mil-mensais-2/,Gestão e RH,Especializados (Nichos),Geral / Não Especificado
2024-10-29,Estudantes do IF Baiano conquistam medalhas em Olimpíadas de Foguetes,Agência Sertão,https://agenciasertao.com/2024/10/29/estudantes-do-if-baiano-conquistam-medalhas-em-competicao-nacional-de-lancamento-de-foguetes/,Ensino,Imprensa Local,Geral / Não Especificado
2024-10-29,Prosel professor substituto,Pimenta Blog,https://pimenta.blog.br/2024/10/29/if-baiano-abre-processos-seletivos-com-salarios-que-chegam-a-r-63-mil/\#google\_vignette,Gestão e RH,Imprensa Local,Geral / Não Especificado
2024-10-27,Exm-49-2023-MPO,GOV.BR,https://news.google.com/rss/articles/CBMilwFBVV95cUxNOXU5NVhkSkhIbDJuRDRma3ZRbFNBcDZzZWFac0RvTEpNWFpqMkxlQU0xTW4zYjkzcTMtbnFmRDZJWmR4NENWTkF4MFNBQTNQQWFUMGg5Uno0SXVPcElqZ0hZalVMZVp5YU9scTZqZ2Z4Si1XNk41MUoyQ3B2eE11bHJ4d09MaHlBeDBwLW1fSFpMU2Z0NzNF?oc=5&hl=en-US&gl=US&ceid=US:en,Institucional,Institucional / Governamental,Geral / Não Especificado
2024-10-27,Alunos de Caetité representam a Bahia na etapa nacional do MPT na escola,Notícias de Bom Jesus da Lapa,https://news.google.com/rss/articles/CBMivwFBVV95cUxPYnctZ05scVhYc0hyTEZyUU5nSFNldzd4NUx1dXNNajFKOHlGbEtxVGI3ODE0aDJseFRreVB0bExxZW1GYmlWaldvVk9zUVRPLTlKdkE1eFdDLUNsZHNUdmhzY2JmWW5Id0M5OTR6MHRhUVNXclhWWjdxOHZNTHZEX0lvMTdlbUdIQjdsTHNwcmpxMFphVUdBNUs3cml6ZlpwZzRNdFhwWDNRLXZMTzh1dDV1NHBBTHNHT2l4MGJiOA?oc=5&hl=en-US&gl=US&ceid=US:en,Ensino,Imprensa Local,Bom Jesus da Lapa
2024-10-27,Prosel geral 2025,Agência Sertão,https://agenciasertao.com/2024/10/27/if-baiano-esta-com-mais-de-duas-mil-vagas-abertas-em-dez-cidades-para-cursos-tecnicos-presenciais-e-ead/,Ensino,Imprensa Local,Geral / Não Especificado
2024-10-26,Beneficiários da Reforma Agrária foram notificados por não explorar lotes em sete município da Bahia,Agência Sertão,https://news.google.com/rss/articles/CBMi1AFBVV95cUxPaGN4NnFqWHIwLWQxQ2JJYThqWk9jaDUtV2tyTW1falJuZG5iYkIyUHAtOGxmVFNEWVNCNzMtN3hINWM0cVhPV2RldnRsdFNnTzVmMUdRemhDZi1YRGpZdGROZzBFeHA0QjhLQU5Cbl9LSDdVUDBZRXFtQTViSlNVUXhoZTlwaEpaRmsta04wdGwyZVY3MzNXTDdIVjZlM0ZlM3czN3JpVEI1R1NjVFhybld3ZjVYNFJkSkFQWFFJbUNxWU91dFVTWjEtRHdnV0lfMWI1a9IB1AFBVV95cUxPaGN4NnFqWHIwLWQxQ2JJYThqWk9jaDUtV2tyTW1falJuZG5iYkIyUHAtOGxmVFNEWVNCNzMtN3hINWM0cVhPV2RldnRsdFNnTzVmMUdRemhDZi1YRGpZdGROZzBFeHA0QjhLQU5Cbl9LSDdVUDBZRXFtQTViSlNVUXhoZTlwaEpaRmsta04wdGwyZVY3MzNXTDdIVjZlM0ZlM3czN3JpVEI1R1NjVFhybld3ZjVYNFJkSkFQWFFJbUNxWU91dFVTWjEtRHdnV0lfMWI1aw?oc=5&hl=en-US&gl=US&ceid=US:en,Institucional,Imprensa Local,Geral / Não Especificado
2024-10-26,Ifba abriu novos processos seletivos para professores em Feira de Santana e Salvador,Agência Sertão,https://news.google.com/rss/articles/CBMivwFBVV95cUxNYWUwMjhYekJ1V3hiSk42VUgzS3Rmbk9oU0Y2NmZkNlhCMThBU3NPOG5UNTNNTW42czNPVGlEWTFBODhDNUhVU2Znc0QwYTN0b1VqUjhjV2dEcnh3bnJzTV9zQ1JsRTJKSTE0dkhOaWRsaUo1S2NzVXc2S3JlSUc2NklPRk1iR1JaZlFIZVR0dWZUaDRhV0hzTGcxRS1VeERlMlV2Q2xfU0ZDNlNvZzVtZG1aZll5UzU0WW1wQUJZTdIBvwFBVV95cUxNYWUwMjhYekJ1V3hiSk42VUgzS3Rmbk9oU0Y2NmZkNlhCMThBU3NPOG5UNTNNTW42czNPVGlEWTFBODhDNUhVU2Znc0QwYTN0b1VqUjhjV2dEcnh3bnJzTV9zQ1JsRTJKSTE0dkhOaWRsaUo1S2NzVXc2S3JlSUc2NklPRk1iR1JaZlFIZVR0dWZUaDRhV0hzTGcxRS1VeERlMlV2Q2xfU0ZDNlNvZzVtZG1aZll5UzU0WW1wQUJZTQ?oc=5&hl=en-US&gl=US&ceid=US:en,Gestão e RH,Imprensa Local,Reitoria (Salvador)
2024-10-24,Confederação Brasileira de Boxe e Ministério dos Esportes lamentam a morte de Maguila,Bnews,https://news.google.com/rss/articles/CBMipgFBVV95cUxOYjZNeE4zcjd2QXVHZU9JNGhENGluR3ZZZ3ROV3ZnOWN3Rmw2U1d3dUtraWk0V2Exa1ZzYThpMVRYQU5CUzhkWmpYbFFQeXV2ZUQyLUo3N1lvcHBORGR4d2JCNEs1QWx0cURMR0tGN0RZNEt2MU9SN0ZVYWNoa2hRYTA3R3dzaG5hR1N5NDR1SW9PNzBZUWwySl81NG5rZzJMMldvSWxn0gGrAUFVX3lxTE5RNm1YbS1ZdjVCQmtETGZvRUh4c0g3QTkwZllwdmFsTktUWUdKNWNZbENRTWREVk5XQTBoUTRtdVZvc0NKa0labmxITlRHVGtzWi1IVF9sT2ZfZ1VTS2FwcnBEazZlcGdaakhUNXBVdXBtMkNRR0hvY3dmZ3hpanM3MHVPSkhNZ3N4ekhXNWplUko0YVhQc2dLQmV2TnIydkVGZ2pOWXJwRERnaw?oc=5&hl=en-US&gl=US&ceid=US:en,Institucional,Imprensa Regional (Bahia),Geral / Não Especificado
2024-10-24,Ifba e IF Baiano abriram novos processos seletivos com quase de 50 vagas para professor em oito cidades,Agência Sertão,https://news.google.com/rss/articles/CBMi2AFBVV95cUxPbWVtUFlmUzBndW02LXd6VkQ1NTE5UXV0WC1RVjRIdk9WbDR6UHlVTDBPTnRVZkJhaXNpUnc2QkpncjFDa2lSdXRSa0JROEFPME1mcENZM1laNkRiLV9uWUMxcGFJeUdzYmR2MzNnSHZfaEtWRWVET1J1amsxYmNjLW5tU05OLWgyUGR0MVVGQnduRXV4QUJnSVk0UW1EQ3FCeGd4U0tUcU1HRTU2dTBpNzhOTmprUVJiVjFST21RVkxzMlJ4dU1pRmdGWVFING1QajZ2aEUybEjSAdgBQVVfeXFMT21lbVBZZlMwZ3VtNi13elZENTUxOVF1dFgtUVY0SHZPVmw0elB5VUwwT050VWZCYWlzaVJ3NkJKZ3IxQ2tpUnV0UmtCUThBTzBNZnBDWTNZWjZEYi1fbllDMXBhSXlHc2JkdjMzZ0h2X2hLVkVlRE9SdWprMWJjYy1ubVNOTi1oMlBkdDFVRkJ3bkV1eEFCZ0lZNFFtRENxQnhneFNLVHFNR0U1NnUwaTc4Tk5qa1FSYlYxUk9tUVZMczJSeHVNaUZnRllRSDRtUGo2dmhFMmxI?oc=5&hl=en-US&gl=US&ceid=US:en,Gestão e RH,Imprensa Local,Geral / Não Especificado
2024-10-23,Participar da fase de avaliação das bancas no Ingresso IFBA (BANCAS-IFBA),GOV.BR,https://news.google.com/rss/articles/CBMimAFBVV95cUxNS2RWbWtlNUpGS0JwekhVZy1McHNvWnk1MjN2a3lMWkxVWG5fejktajd5R3VrWS1HR0J2TGdMeGMwRzRQekFaWDZSMDNGQ1I2VzBSeVhHWGRpd2RJNWFCUDFpczdVZTVzendMcnptRGphcTFHX0RRYm1CXzJ5Qm5yVGRWaldvQ01qRHU5RF9nbXEzRXZYd05DNA?oc=5&hl=en-US&gl=US&ceid=US:en,Institucional,Institucional / Governamental,Geral / Não Especificado
2024-10-22,Conif instala Fórum de Políticas Estudantis durante Reditec em Caldas Novas,CONIF,https://news.google.com/rss/articles/CBMivwFBVV95cUxPc3cwZVQ0LWwxYnVRNm5Ba3RVR2JoOS1KWFhFZm9lZF9QWGt5NjY2cldsT3VCZURZcjI5NzJIQ1Bab21uR2NhVUNuaEEtdTJjUzZKRzdGMzFOU3hZQ2o3bjNlLWkwNVFNSjhQTmhCRlNmdDAwSmk2UHMxZS11T01kRE9VWTVNMUxFOUhYNXdWd1A4X1d2Z090Sko5eHVYZWcwQy16V240S05qdEM1eGd0ZXZZVzYzZ1dfaGZ2MzN0VQ?oc=5&hl=en-US&gl=US&ceid=US:en,Institucional,Institucional / Governamental,Geral / Não Especificado
2024-10-22,Painéis de debates apresentam temas essenciais para a Rede Federal,CONIF,https://news.google.com/rss/articles/CBMiswFBVV95cUxQTkRwYnh4aWdFVjBxNTVsYnVqVmsxVnRBTGg2X25hMDkzY3cwNkJDQ0xIcHRhejR5eWw1YjhoMk83VG1qU3ZZczZmOFFObS1xNzIwYS1FT2syakpJZk5sSXowOWY0LW8yLVNNbUdoM2JWS1ViemRGaWxROWpESGNLSXJHMGZsSHVZU2FLM1hMOVl0UDE2RGViSS15OHlzSnhENUVFajE2V1d6M0hnNUNLQUE4aw?oc=5&hl=en-US&gl=US&ceid=US:en,Institucional,Institucional / Governamental,Geral / Não Especificado
2024-10-19,Vice-presidente participará do lançamento da pedra fundamental de usina de etanol de milho na Bahia,Agência Sertão,https://news.google.com/rss/articles/CBMi0wFBVV95cUxOaHZyY0xlWEdGSjBMS0gzTTJuWlp4WmJsWkE5R0FVZVpHRWM5MnM0UkRNQW5saHVKb3k4VFhlVmVrcDNDeDVzUHJtaGpnYnhVSmJOZS16dlBJaWpyQ2FhUDk5eGpucllWVnZ2dk9PM05RekljZDViTnRBM180UVRpZmZzUFdCSml1QURTbWFkLTVZYkFSZXVTUXVuNEVnY0J4YlpGYTFQR0t6TXpFQVRCUkhOMEZOVVRUdDVBbEcyamxDckd4NnF6MTVGYmR1WWQya1FJ0gHTAUFVX3lxTE5odnJjTGVYR0ZKMExLSDNNMm5aWnhaYmxaQTlHQVVlWkdFYzkyczRSRE1BbmxodUpveThUWGVWZWtwM0N4NXNQcm1oamdieFVKYk5lLXp2UElpanJDYWFQOTl4am5yWVZWdnZ2T08zTlF6SWNkNWJOdEEzXzRRVGlmZnNQV0JKaXVBRFNtYWQtNVliQVJldVNRdW40RWdjQnhiWkZhMVBHS3pNekVBVEJSSE4wRk5VVFR0NUFsRzJqbENyR3g2cXoxNUZiZHVZZDJrUUk?oc=5&hl=en-US&gl=US&ceid=US:en,Institucional,Imprensa Local,Geral / Não Especificado
2024-10-19,Ifba abriu processo seletivo de contratação de profissionais para atuar em programa de qualificação e formação social,Agência Sertão,https://news.google.com/rss/articles/CBMi6wFBVV95cUxQbkpaOHJhM0lQNHcxY0k2YzVtTGlGd05EblRDSnRnelJqSTk4VkpwSlJNNGVNczc2VzBVQlVDQ25aVXlwaHdzQXJwVGxoV0VJZVliV0FxOTdNY0lxN1FJVFI1MUZpaEQwWGc4a3FZNUZDenlqc0JFMF9pYThtT0hIQVQ4V2lxYXQ4cS0ydDJ1b1d6QVIwV3RzM1FsTUZNY0NmVWJmUFBVWklJd0M3bEJyckRTNEdBRTBGVlp0cnVvN2ZVMzJHOW9CcFlDUEdabmdJVTRCTmZZS0RHVTRxemk0cHhqRjRwU1hPcHVj0gHrAUFVX3lxTFBuSlo4cmEzSVA0dzFjSTZjNW1MaUZ3TkRuVENKdGd6UmpJOThWSnBKUk00ZU1zNzZXMFVCVUNDblpVeXBod3NBcnBUbGhXRUllWWJXQXE5N01jSXE3UUlUUjUxRmloRDBYZzhrcVk1RkN6eWpzQkUwX2lhOG1PSEhBVDhXaXFhdDhxLTJ0MnVvV3pBUjBXdHMzUWxNRk1jQ2ZVYmZQUFVaSUl3QzdsQnJyRFM0R0FFMEZWWnRydW83ZlUzMkc5b0JwWUNQR1puZ0lVNEJOZllLREdVNHF6aTRweGpGNHBTWE9wdWM?oc=5&hl=en-US&gl=US&ceid=US:en,Gestão e RH,Imprensa Local,Geral / Não Especificado
2024-10-17,Confusão generalizada! Briga acontece nos arredores do Maracanã antes do clássico Flamengo x Fluminense; assi…,Bnews,https://news.google.com/rss/articles/CBMi4wFBVV95cUxQTjlJbnhVZDZQT0hyTnpZLVhJVEhtZzRxd0ZfVjdwY0NSNmVPZjd5R09Oc3Z5Rk5RNHNyVk5GZExHYnFvZWlpUEtIZXJTNThKY2tnVWxBUnpWU1NuTFFKOTY1UEs0THFGOXlpWXFnUmxQSm9RMkptZjhkeGVicFZjaGdzXzUtMzN2QS04S0hXUHE3LW1ocnpKdFpxQkxJR2FCa29JcFBqOGw3NnJpQ1NaMXZpb04zYzBUelhpSWlORWtkYlQ0eDhFWmtJby12ak5rRkpRN0lST2MtazRaVG5QazFYa9IB6AFBVV95cUxNNGwtRGY3MzIyUHJZbXpNMDN6SmIxb2dQREhoZFg2RG01RTlxaHVnZ0s3NndaV3ZETmMxWlFzcndTY1ZQWWxBeDFUOXkzUjdYRnVxM3dqZmFrXy0tTUpJTXVLaUxLQXhpQnBYeG9jVXpnX1B0OUxPdHgxc2FnbnA5SDZtcERhZ0NTMkFncXBsemlxZzdxNkNhYjBCOGg1bzJIc2s4M2RGRzhZeVVIOVJCbFExc3JwdVR6ME9UdFZJTGVPZjJRLWQweHlCWUp5bzRiSm9qbFI5SFhkaTRZbnNJSEVWX2sxUC01?oc=5&hl=en-US&gl=US&ceid=US:en,Institucional,Imprensa Regional (Bahia),Geral / Não Especificado
2024-10-17,IF Baiano e Ifba ofertam 20 vagas para professor em três cidades,Agência Sertão,https://news.google.com/rss/articles/CBMipAFBVV95cUxNcHhUQTJnOEE1dTdZM0o5SmVWbk9oV3VDbjJ0WXdKVzJXZ3djUkFvMVVpQTNTQkxna2lTM0psSzBlcFhKWFg0eFNlTWFrREltb3lTTHktNTNaeVNrRjhXSkRzQkRkenlxU3RqYi0xV2Nrd0VBUmtxbGJ3YXFuckcxSmgzLU5vMlZwQ3NkQV93YVNKRXF5dWxVeHloQVJ4NkdxSmZBR9IBpAFBVV95cUxNcHhUQTJnOEE1dTdZM0o5SmVWbk9oV3VDbjJ0WXdKVzJXZ3djUkFvMVVpQTNTQkxna2lTM0psSzBlcFhKWFg0eFNlTWFrREltb3lTTHktNTNaeVNrRjhXSkRzQkRkenlxU3RqYi0xV2Nrd0VBUmtxbGJ3YXFuckcxSmgzLU5vMlZwQ3NkQV93YVNKRXF5dWxVeHloQVJ4NkdxSmZBRw?oc=5&hl=en-US&gl=US&ceid=US:en,Gestão e RH,Imprensa Local,Geral / Não Especificado
2024-10-14,Exposição de Motivos - Planalto,GOV.BR,https://news.google.com/rss/articles/CBMilgFBVV95cUxOanc0c1AzMVNMelBELU4zekRnM25zdHpVamdiYzIzNlYtUFVha0JyUFJHS1g4T09ERDYzZk9WTFpscmJvbDh5dnZOekFmMjh2WWdlbXZVWHFtUGNqVkptaUhKUUlneG14MGVhc29sRXZjZVRFUzhySWRkdTBQQTBMX0txUk9FVGhCZnR5M09KaGtHQ3lndVE?oc=5&hl=en-US&gl=US&ceid=US:en,Institucional,Institucional / Governamental,Geral / Não Especificado
2024-10-13,"Ex-prefeito Isaac Carvalho é investigado por possíveis irregularidades no uso de R$ 1,6 mi enviados há 15 ano…",Bnews,https://news.google.com/rss/articles/CBMi_wFBVV95cUxNck9hSnBZY1FqUXk5VmZ6NzR2MjFvMTFmN2F3Uk9TRU4tYTJFMkR4aFJwVHpMSmNGYlpLZ1JlVEtWaVUwRGtaSm1FVEg2VHYzLXVMR2RhZnNlTjJVekxMaHIzT1BaN19QamZGLWlXMmFmUXNxSTd0ZXhVZDkxQkpUbTdkSHVvdWxBb25wWDBzaXFrbGZ4ZGJ0SnYwWTJQU0FOMXJ0aVNhVTJqekJ4NHZ2YVl2eWtnQTJScTlRYTBnYmJsRFZtdVp4aWhMUkV5UnBuVGNyck54MU1LNDNISXVuZkFXV21XY3hkMWl2VjhRdHgySWFfMXRBWFZDdTVpd2_SAYQCQVVfeXFMT2pGeHVaak5oREhLZ3lXVjFoTG9ZekxSWVQ4VEJERVdlX0xOR21BclZDMll4VXlfMHNXaU5zdHlmdVd6d2pPNzJ4dGZZSnlEV2pzS01iSWxfSUt5aG9nWFBUZ1Y4Y2YzZEo4aVd2NDJZbzFPcnp0b3dpbDg1RndaMGU3enBLNDRkSGtWNklaN0J3U0RXUlBPNGNIZGxuT3lOZmQ5TVpBTkowLXo5eldldFlZWGdRdDdKdzE4YVJiaHAwZFlnWEpJanpOYjEtWkpVR0R6dXNPbXBIZ0tFNnhkLWxhZkpXRTdvaTRiRFBBQnNBZS01MVFCeUJQTnpzTkVpTzFQbDc?oc=5&hl=en-US&gl=US&ceid=US:en,Institucional,Imprensa Regional (Bahia),Geral / Não Especificado
2024-10-12,Milhares de fiéis celebram o Dia de Nossa Senhora Aparecida no Santuário do Bom Jesus da Lapa,Notícias de Bom Jesus da Lapa,https://news.google.com/rss/articles/CBMi6gFBVV95cUxQN3lIdG41MC1SaGd5SFlYdnpTQ2VCaEx2bUFPSGh0MnBZQXBFUVNzNzkteW80b1BNVENJZnVSdkhZdjE4UGRBNWxHaGQ4MGZjc3h3dHJtT0pGbWQ4U3hVbmpvYVZDelFxSy1YeENHMENOQXB1V3hlSlVXa2l0MEpyeUp6Y0J0WThjdjRCdDl4Rmkzd3FvZjJIakppanpUdGFieE13bDc1eURDYVVkWG9NaUZOaWMxM2t1by1tT2hoWUVJVXBjODV2ckhfelZoakdlUkZLSk1WbHNqOHE4RGx4TVpxWVhNRlZMVmc?oc=5&hl=en-US&gl=US&ceid=US:en,Institucional,Imprensa Local,Bom Jesus da Lapa
2024-10-10,Estão abertas as inscrições para o processo seletivo do @ifbaiano.govmangabeira !,Prefeitura de Cabaceiras do Paraguaçu,https://news.google.com/rss/articles/CBMizgFBVV95cUxQU2I1YkhxcHdyRmtGYnF3eUJtQ093MnlsSzlXeE1LMlhweUZtX2lwLW11cFZ0SEZic3B2QTR0Q0FpdUdxbVg3WUE1RWYyaEplY2pVcW1jRUFiN1M5dkhhN1BzVXk0ckR0NlZDNHRtNVBKaTQ2QTBZNjdJZFRsTEVkQkh1dkk1aE5kZ2Q4WUFGa3RGeUhBN2k5RExmVHBpTkxLdE13TENtNHBfZHVWNU9tS19NMFk2UmY3V0l3ZUVkX2VsMmZLc0p5MlNRSlk0QQ?oc=5&hl=en-US&gl=US&ceid=US:en,Gestão e RH,Institucional / Governamental,Governador Mangabeira
2024-10-09,Jusnews: Advogado Vander Costa fala sobre a Reforma do Direito do Trabalho e aponta falhas; assista,Bnews,https://news.google.com/rss/articles/CBMi7AFBVV95cUxOWEJtZTJCcy1lNHhfNU51MWFncUN0b1VleHNBWjhpNnVZdjJqZklBaHoyUTE3Y2JiU1lWclZac1RzX0l2OXJLS1Q5d01DSks0a0FaVE5ITFh2ajg3VGtoN0FHN09WS3VTUWVzLWNJMFFnQVZqejVhQ0R3aUdvbFl1R1lnZmVmTHZVaFVuWUJfWXpZYXNqSWdhVktWM09ta2c3WHpiOGtjM0ZneE5yTVBRX0tpdnA5TVByS0RsV0ZmaDY1WjB3d01BRzBEOWV1RUNobkFyNWxZczNZQkVEdEFDZDdDOU93SUtKS01hSNIB8gFBVV95cUxPQlYzVkFkZnlLOXFCLXhRQUdiNl90dXpOUzgtRFY0clhZZW10eEstcDRaUEdSTFNvbWdQOGNlRlNJc3JNa2NMYUgwM2thTVpqU0JhZGV0NVBDUGN2aE1wRE1yam1mcURnME9FMFRPUU1xYXFmWXdfLTVvd0tiUGZlMVdSMU1pZmVDNEhqUDBrbGRSS3NwV3MyZTBwZHJVTVdPYzJtOWhLRENabGE1RVk5UTR1SVFTZTdsWlhoRDV0WTRuanVPNE8zWE02eUFqZVpKS3BwVzNSLVREZmZyUUVWMXNTWVdMRmpPYmlkaV9uTUx0dw?oc=5&hl=en-US&gl=US&ceid=US:en,Institucional,Imprensa Regional (Bahia),Geral / Não Especificado
2024-10-09,Remanso: homologada Licitação para construção do Campus IF Baiano,Preto no Branco | Com Sibelle Fonseca,https://news.google.com/rss/articles/CBMiqAFBVV95cUxQbFFxdjRvVkNVWk1EQmlBOE9PaEJGTkR6WWg3QUk4UnFGVEtKUXpIQXBZMXMxSU1TQ3pGVDRFYndoWlNrU0s2b29hRk5VN21RTEotakFyb1RrNGZ4Z3liRGotTTVsQkdmY1VRMXBFUzJVdk4ybTVtQ2l6SEVzMmljZlNPMkM5dDVvMVJiTVJMVDYwdzMwdmllQXNqaVNJZUlUWjBEbXNBdG8?oc=5&hl=en-US&gl=US&ceid=US:en,Institucional,Imprensa Local,Remanso
2024-10-08,Candidatos de oposição venceram em apenas três dos 24 municípios da Região de Guanambi,Agência Sertão,https://news.google.com/rss/articles/CBMiwgFBVV95cUxNbC1URmZLNTRqZUZvdmNYY0lrRlFXY0kxYVJmSTJzV0tjMDljWnJFMV9EQWs4cG1YZzdrV3lGOHFPTl9PZ0d0X18zQUxpRWtndklJVWRXQTFlWlV3bWlSTVduU3psWU5yZTltV0tQaFRTVTJ5Tlo5ajVrSnZfek5lUS1rWV9yaFRUZ2hjbGJ1NTJBdzZvaVFuQTJVd2ZvY3dKNF9kUkdCb1RONHUxeG8wOHRLZEFyTnVJRFpEWUJlNzQzUdIBwgFBVV95cUxNbC1URmZLNTRqZUZvdmNYY0lrRlFXY0kxYVJmSTJzV0tjMDljWnJFMV9EQWs4cG1YZzdrV3lGOHFPTl9PZ0d0X18zQUxpRWtndklJVWRXQTFlWlV3bWlSTVduU3psWU5yZTltV0tQaFRTVTJ5Tlo5ajVrSnZfek5lUS1rWV9yaFRUZ2hjbGJ1NTJBdzZvaVFuQTJVd2ZvY3dKNF9kUkdCb1RONHUxeG8wOHRLZEFyTnVJRFpEWUJlNzQzUQ?oc=5&hl=en-US&gl=US&ceid=US:en,Institucional,Imprensa Local,Guanambi
2024-10-07,"Ifba prorrogou prazo para inscrições em mais de 5,3 mil vagas em cursos técnicos",Agência Sertão,https://news.google.com/rss/articles/CBMiuAFBVV95cUxQYkotMjQ5dFNjSk5pWnlabmtfQU1US3dGRjVUN0tldW1leTNEZ1NkTHk1NTVnNV9CQXE0cTNPMUI2VTEwNS1nQ3c1YzE3Wl9PamtUNldqXy0zcUFXY0pGMm5uT25xdkpnQ09kazgxQzVCOTNwMjl3WWtYY2R6WUZ0dkxOaG96S1dURUJBWlJyaGtFYmd5b0tuT0lXZEdSZ1VGUGZpTWRZSlZmWUY0aFlfVjY0UGV6Z1Bv0gG4AUFVX3lxTFBiSi0yNDl0U2NKTmlaeVpua19BTVRLd0ZGNVQ3S2V1bWV5M0RnU2RMeTU1NWc1X0JBcTRxM08xQjZVMTA1LWdDdzVjMTdaX09qa1Q2V2pfLTNxQVdjSkYybm5PbnF2SmdDT2RrODFDNUI5M3AyOXdZa1hjZHpZRnR2TE5ob3pLV1RFQkFaUnJoa0ViZ3lvS25PSVdkR1JnVUZQZmlNZFlKVmZZRjRoWV9WNjRQZXpnUG8?oc=5&hl=en-US&gl=US&ceid=US:en,Gestão e RH,Imprensa Local,Geral / Não Especificado
2024-10-04,Sugar daddy é condenado por exploração sexual de menor,Bnews,https://news.google.com/rss/articles/CBMitgFBVV95cUxOQ1pIckhQZUVMMy1KUGdDczc5MEllVVB5cURjUDdrdGo3WkZBbkY0cnZWWHVCUXg2V1BYdlBsZHdZQlBsN25oMjU2VU1YcTZ4enNzVXFoeURyQThoMXNWNTV4U1BrLTQzSmJyWEFadGxVMzlmS1Baa3Y2TDloT1pkQ3lGVXE4Q2w5aU8xTGo0ZUxNTE5mN2VDNXI3WWtYRlNITlZXSVZzc052M1pQc2dkOEZWVnloQdIBuwFBVV95cUxOOHhEVkpZTnBFcTIzcTA2YTlQd0lmdzhNVFJhSk1ab0xtYkZ1S3lzekpVRTl5RmE5TjJ2bG41U1BJVTBIa0N5Vm16QWpPck12NTJIOXpKNjJvSnNIZDNkTXp6aXpRWHJtZ0tnXzJsSl8wR3F5V3cwdlJVMWVGeV9abEtjZWR5dWZzX0pYV2tILUl4Q1BSRFIwaGxBT2dtRlByaDExYU9nQTlaVVh4QzZYOE00ZzNOaDV0WHFN?oc=5&hl=en-US&gl=US&ceid=US:en,Institucional,Imprensa Regional (Bahia),Geral / Não Especificado
2024-10-03,Prosel nivel médio,Se Liga Alagoinhas,https://www.seligaalagoinhas.com.br/noticia/52957/if-baiano-campus-alagoinhas-oferta-180-vagas-em-tres-cursos-de-nivel-medio-integrados-ao-tecnico,Ensino,Imprensa Local,Alagoinhas
2024-10-03,Prosel Estágio remunerado,Tribuna do Reconcavo,https://tribunadoreconcavo.com/if-baiano-valenca-oferta-vagas-de-estagio-remunerado-para-graduandos-em-pedagogia-biologia-e-administracao/,Ensino,Imprensa Local,Geral / Não Especificado
2024-10-03,Prosel Estágio  Remunerado,Portal Baixo Sul,https://portalbaixosul.com.br/noticia/740/if-baiano-n-campus-valenca-abre-inscricoes-para-processo-seletivo-de-estagiarios,Ensino,Imprensa Local,Geral / Não Especificado
2024-10-03,"IFBaiano visita CRV Costa do Cacau, Ilhéus",O trombone,https://www.otrombone.com.br/estudantes-do-ifbaiano-ilheus-visitam-a-cvr-costa-do-cacau/,Institucional,Imprensa Local,Geral / Não Especificado
2024-10-03,Estágio Remunerado,Agência Sertão,https://agenciasertao.com/2024/10/03/if-baiano-abre-selecao-para-vagas-de-estagio/,Institucional,Imprensa Local,Geral / Não Especificado
2024-10-03,Prosel Geral,Rastro 101,https://www.rastro101.com.br/noticia/38979/if-baiano-abre-mais-de-2-400-vagas-de-nivel-medio-integrado-a-educacao-profissional\#google\_vignette,Ensino,Imprensa Local,Geral / Não Especificado
2024-10-03,Professor conquistense integra maior experimento de física do mundo - iBahia,iBahia,https://news.google.com/rss/articles/CBMi0gFBVV95cUxQRVlJWW9nUnlYeWtUVWxnV1ltMGthV2I1MGVWZFMxQVBaVmF4YXZBd1V3U2l5NWpybnJqR05raGhZanhrQWJFLXdyTHRmN2xMekE3dnN2LTdacVVFMlF1Mncza0xuRkVHdWQ4TEJsNjBLelJ4LXN0dTliVmpiU0FMVlM1dmkxWTNWaDNoSS1ySndPUHZNU25DYUE4bmRtcWV4eGlMSTY4MjlYNmZ3b3BhUm1GaVM0SU5oY0VEQS1nbDlXNEhINTlxQWRhMFIxNXZrS2fSAdoBQVVfeXFMT0NjdTllek5OeFlDbDZJbGo1NzBPSERYRnlfb1NObklrbmloQWhUTVppV1Mtc1o1ZEhHa1dFeXJjU2JGOTEtRXRKQzlJM0ZldEYzVDFvMUFBbFJxUlYwbzN1b3NmdkpWbkc2WXBma2JXN0lfMUxhdm8ybDVwdEpHNVZ4Y2lkX1JQQkhIMmpkUWxoeUtweUtPYnVZRWVkdWUwS2tMZV9renREdU5rdlZBTjVzZG11blFOSjYtcEswc2VkTEFaZTZ3czVsbDhDdFdXNjk4eVZpR0ZHdEE?oc=5&hl=en-US&gl=US&ceid=US:en,Gestão e RH,Imprensa Regional (Bahia),Geral / Não Especificado
2024-10-02,Prosel cursos técnicos subsequentes,Noticias da Lapa,https://www.bomjesusdalapanoticias.com.br/bom-jesus-da-lapa/if-baiano-disponibiliza-vagas-para-cursos-tecnicos-em-bom-jesus-da-lapa/,Ensino,Imprensa Local,Bom Jesus da Lapa
2024-10-01,Prosel cursos técnicos subsequentes,Agência Sertão,https://agenciasertao.com/2024/10/01/if-baiano-abre-vagas-para-cursos-tecnicos-em-bom-jesus-da-lapa/,Ensino,Imprensa Local,Geral / Não Especificado
2024-10-01,IF Baiano abre 64 vagas para cursos técnicos em Bom Jesus da Lapa - iBahia,iBahia,https://news.google.com/rss/articles/CBMiswFBVV95cUxNS0JEVWVGTVhyRFZHb09McE9qdmdwZmZuQ3hYVWx0VzEwbURjVmwtbFpTV08zbnFSZWRlNWFETEpZbFYyZTlackZvTzd4Q21VME1sNi01a0RLbHRQWnFGcFF0amxsRzNjc1dKaUg0YlVITWtBeFEzNVJHeWJYY29hX0otN1hXS25BM0lyZkdUNW1xM05BNFRjbWY3Yk9hM2VWRFFyT0YwNUlQQ0wtdGdOWnIwSdIBuwFBVV95cUxPZXNQSkdhOUhmbUY0WkJleVhjckN2eDl3bW1obHJwWUFha0dfZmdkV3JpTUZHRjJ0V0ZnZjdOSFNsVEw5M0Z5b0dqZ0NqZm9ybHhwVnpIRll0bHZra2F3ZTh0VDRWQnl2YU51clpaOGl5eHFLVEI3Nms3RXhnTjM5WEtnaDB6X2VwRHJxMklnWFZhY1pwRGxEVVd0QmZzT3dHclo0akp0eFJ5R2pjUlVjVFhCNlhMMk5vbmpJ?oc=5&hl=en-US&gl=US&ceid=US:en,Gestão e RH,Imprensa Regional (Bahia),Bom Jesus da Lapa
2024-10-01,Prosel cursos técnicos subsequentes,iBahia,https://www.ibahia.com/interior-da-bahia/if-baiano-abre-64-vagas-para-cursos-tecnicos-em-bom-jesus-da-lapa-327894,Ensino,Imprensa Regional (Bahia),Geral / Não Especificado
2024-10-01,IF Baiano abre inscrições para 76 vagas remanescentes em Catu,Mais Região,https://news.google.com/rss/articles/CBMiqAFBVV95cUxQY1JySlFJTHBLdWx3YVF4V2VkU2VIdUJVQXNyNXo3ZkxmbXhxS19Gd3BGZUZkenROZU8ybWF1QW9BaVg1NndFaWtmbEl3YW0zbmo3clpVRzlQUTROQ0NRRFpDZnhPUUwtOVdPeFJodjZsdE1Weld3R0VGNGhEdGhxaXBMOGlCb1RKM0VNRG05dlY5cGY5QkdEdTFxWGVvMzVzSXgzX1p3bGI?oc=5&hl=en-US&gl=US&ceid=US:en,Gestão e RH,Imprensa Local,Catu
2024-09-30,Prosel Uruçuca,Ilheus Net,https://www.ilheus.net/2024/09/if-baiano-campus-urucuca-oferta-395-vagas-em-cursos-tecnicos-integrados-e-subsequentes-ao-tecnico-presenciais-e-ead.html,Ensino,Imprensa Local,Uruçuca
2024-09-30,Prosel Uruçuca,Pauta Blog Br,https://pauta.blog.br/na-bahia/educacao/oportunidade%E2%9D%97-if-baiano-abre-inscricoes-para-cursos-tecnicos-no-campus-de-urucuca/,Ensino,Imprensa Local,Uruçuca
2024-09-29,Morte de Hassan Nasrallah: Nicolás Maduro se solidariza com Hezbollah,Bnews,https://news.google.com/rss/articles/CBMiswFBVV95cUxQeGNWVEpMc0FMN3VEOWV2REZjQnJqWi0zMjA5ZFZaVjF3cm4zVGRFTGR5cU5VbE82aTlSLXllaVE5VGdzdDRtdW9hdFZlVmF6NHFHXzd2aUlnUURQd1ozQkNHZ0JkRTBXQkhCQ29MQkgxcW1NWG9mYkt4QS1TMmFqME9ud2l2cWRfOS0tX3pfNWdld0hQazZHc1V2ZGZjVzh4RGU2a0xHTHJaUEJNRFcwTzZYa9IBuAFBVV95cUxNVGxHanZBSW95TGF6alBRYW5QbU5zdllWc2JWUlNrVkUtdmUzM2FJUFhvLUI2NzdaRWphN3ZIZFg1TWZyVDRXQ3Z2M2NkS3V0V2s0alE1TGVPZWtXajdTbnR2ekRrNnpYRk5xbDJnYXNpZm5FTnBhSlI0dEQwMUhHQzBiVlYwU1pmanBKM01qYmNYbzFncEtPTWZsZkZwR1RTa2tNTFBrRkFWck9hcmY3aHRDLTA1Sy1f?oc=5&hl=en-US&gl=US&ceid=US:en,Institucional,Imprensa Regional (Bahia),Geral / Não Especificado
2024-09-27,Prosel Geral,Integração PE,https://integracaope.com.br/if-baiano-inscreve-para-processo-de-ingresso-2025-1-para-cursos-tecnicos-presenciais-e-ead/,Ensino,Imprensa Local,Geral / Não Especificado
2024-09-27,STF publica acórdão que descriminaliza uso de até 40g de maconha,Bnews,https://news.google.com/rss/articles/CBMiwwFBVV95cUxOOFVwSDZRM2Jrdml0NmNzSUsxSnNiT0JSY19lakhBbjRXWWlna254QU9IeXowNEYteWQyMUwtUGVENjVkaF9YdE5ZcmFBZVRhNXZ0NUdVd3NWbVRESUh2b3htZTlDdm1wOUJ2UW9wVkZUSjJoS2t1bXpncFVjWEdDODI0cU56azM5Z0RiOS02WnVoMDRIM1JETW5mbG1QOTZNMHlBaDFnSXN0SW03RXpjejJ3SDJBNnJSR040ajZnVGFQWjjSAcgBQVVfeXFMTVhmZGxIbUlUYnR6cjVxc3hsR0R4cl9PYW00Y0lveGczRF9LLW1FeTJTcTNWWHFIaDFGTjFjclNWVzBUdXpCOGNFQ1lJVFB3aDRXN0F4WlZOejB0dW5nZUFBenAtR05lS1lDTXJvclRCZHdlNElKREgwSjUyZlFZWm5vb3Z2TVEyVDJuelJGcFRkZlVvYWhjRFFraENkNUFNWUJ2Y2ZqQWxyVmhUaGtGRTFZS0dIQy1nMG10NVFCQndyWlVadTZ5UVM?oc=5&hl=en-US&gl=US&ceid=US:en,Institucional,Imprensa Regional (Bahia),Geral / Não Especificado
2024-09-27,Prosel Geral,Bahia Reconcavo,https://bahiareconcavo.com.br/2024/09/27/if-baiano-campus-governador-mangabeira-oferta-780-vagas-em-cursos-tecnicos-e-integrados-e-subsequentes-presenciais-e-ead/,Ensino,Imprensa Local,Geral / Não Especificado
2024-09-27,Comissão organizadora da Reditec divulga resultado da chamada para experiências exitosas da Rede,CONIF,https://news.google.com/rss/articles/CBMi2wFBVV95cUxPMHBldWNFaHdPbzR0ZXU4YjhXZ3pEaGE1V0tyLUlZM0Q2cUNzeHNKQWlJU1VyRG1pTWJtVjJWTHdndlZZdzNLam1UeUUxYXRqLXRJT1EzUFV0YTQwQTRtTk1YX0pieFRyRDhlRFFkQ09aZGY5R2JreWJhUWd0QWRKTGVCQmc0eGRHOU53Z2FabFhURjU3aGxWcVZVLUJjQzNHT2dqX0U5d3lRUnZ5ZldSRHVDTzFhMlZoRXcwOUNzMXBpVlJ5R2Fwb25Ya3BFeTVSbENKbkd0eUtzd2c?oc=5&hl=en-US&gl=US&ceid=US:en,Institucional,Institucional / Governamental,Geral / Não Especificado
2024-09-26,"O IF Baiano está com 440 vagas abertas em cursos técnicos integrados, subsequentes e EAD em Guanambi e Xique-Xique",Notícias da Lapa,https://news.google.com/rss/articles/CBMi9gFBVV95cUxPSV9YSWVWa0JpVjN1eTEzRmNkdEs2Y0R0cHE1b3pEeTRNTks0R2w4a3dJcTBBQ1gzUF8yQ3BDdjFycWRrU2RXSEtpMC1Rbmg4NnVyYmxoNUdIR1U0WkpjT1dHMDJwOE5oVmlHa3pjZ0tKRDJ5bTBPYWJ2MHM5U0trc3BrUGtCNE9rTmgyZVJlZzIxX2RNOWVFLUNhZjhqYno0NFJIeFh6N3haOHZvRUJpZ2dPdWZDd0M3RGt0R3B5WExHVGJFeGxtR0xZTlJid0RCQVdlczZOYlZpVV9Od1NHMFBWZGgyZGpXdHBaczByek54bUNCd3c?oc=5&hl=en-US&gl=US&ceid=US:en,Gestão e RH,Imprensa Local,Bom Jesus da Lapa
2024-09-26,Prosel Valença,Sul Bahia1,https://sulbahia1.com.br/noticia/2532/oportunidade-if-baiano-abre-180-vagas-para-cursos-tecnicos-gratuitos-em-valenca,Ensino,Imprensa Local,Valença
2024-09-26,Prosel Valença,Farol da Bahia,https://www.faroldabahia.com.br/noticia/ifbaiano-oferece-180-vagas-para-cursos-tecnicos-em-agropecuaria-e-agroecologia-integrados-ao-ensino-medio,Ensino,Imprensa Regional (Bahia),Valença
2024-09-26,Casais que não possuem herdeiros podem garantir a herança do companheiro; saiba como,Bnews,https://news.google.com/rss/articles/CBMi2gFBVV95cUxPbWZ6bFpoc2xZTWtiZjdZOHJ3eGpPWXk1TTRyY2JKRUZvSmlVQ2F2ZmRuUktSRXJIeHlrT0MxVGt3c0pBbXU2dnIweFdMRXo2WHZzNjlQTFlTY3dERHlkNDBEZEEteTJ4Mnp2OHRuRjNMSk9OUzRrb0FRSDRDRWdwXzZHU0FybENyZnBrRnQwd2t1QWNLTTJRNy1sdUZZZmRQNXRvS0c0YW5iSklYQU1MMGZoTXVBazFDa0MtRGNpb1plSjhrcDBzdVg3eEJwemFYWlE1VkV5ZUFkZ9IB3wFBVV95cUxNWS1xaFpDR0d3SHVYQjNRempjTzBkRHY3SFVrUUZFNHZaclBoVmNYZXRfaE1fZzcwV3ZQcGxXRXNxUXY5c1ZiazFpbFJnS0N4ekxDNTRJR3pRcmY1WEI4YVprT0V5clg4T2Z2VFhUb3FUNE1iVGVQYWpaMFBzVVR1RUd6T2FHVHB6Rmt2UUFTOHJaWjF6cVI4RXlaSjZNV0RETVRoMUhXX3NXUE5jMVRXSkFpQnlEakNEZ1c0ZFBzWEp5eU1PZGRUTWRIS1F5VTRHR0pHN05aVGdRSi1ON3ZZ?oc=5&hl=en-US&gl=US&ceid=US:en,Institucional,Imprensa Regional (Bahia),Geral / Não Especificado
2024-09-26,Prosel Guanambi e Xique Xique,Noticias da Lapa,https://www.bomjesusdalapanoticias.com.br/regiao/o-if-baiano-esta-com-440-vagas-abertas-em-cursos-tecnicos-integrados-subsequentes-e-ead-em-guanambi-e-xique-xique/,Ensino,Imprensa Local,Bom Jesus da Lapa
2024-09-26,IF Baiano abre mais de 2 mil vagas para cursos técnicos; veja lista - iBahia,iBahia,https://news.google.com/rss/articles/CBMitAFBVV95cUxNMWQ3R1hkYzQxeEp6Y2wySC1HenQ2eVJHNl9taERwNEM4X1JKSEo5bWs3RFA1bW85LTRCZHQ4Qy1uNHItZDZydXBiejRZUGM4cHQyLU9leWdCM1BnbGZscktGWXBfNTEtM2RZcTN5NlhmM1hiRG1TWm05c3dKVmdfeHV1bWlWSElBN3dpWFEyQUMyTGpxaTFGQm55US13cmx2ZDlfQm1hc2J3UVhXZjdvcUhkdnrSAbwBQVVfeXFMTmJVMjQxMkpqa3Y4dW1oUjJQME1EQk5lM0JmUi02ZjVWWUJRcDJ4c2d5UFU3TjNJRzhaQlRoNl9zMFkwdFRmb3JUeWZnak43cnBMVkxtaGV4a3lwQXd3ZXFtcnNmVEZaemliNDBBTUVMSXNjWnI5WmdqTkZPbTBpU0ZVYlg0VWZfUlZ3NVd1d2MyQTFRd3B3aFJQVDhpQkVZdjhEUWxhWHR3ZmRscWhLWGRjOEYwMm9HUDYtOUE?oc=5&hl=en-US&gl=US&ceid=US:en,Gestão e RH,Imprensa Regional (Bahia),Geral / Não Especificado
2024-09-26,Prosel Geral,Bahia.ba,https://bahia.ba/bahia/instituto-federal-baiano-abre-mais-de-2-mil-vagas-para-cursos-tecnicos/,Ensino,Imprensa Regional (Bahia),Geral / Não Especificado
2024-09-26,Prosel Geral,Agência Sertão,https://agenciasertao.com/2024/09/26/if-baiano-abriu-vagas-para-cursos-tecnicos-integrados-subsequentes-e-ead/,Ensino,Imprensa Local,Geral / Não Especificado
2024-09-26,Prosel Geral,iBahia,https://www.ibahia.com/interior-da-bahia/if-baiano-abre-mais-de-2-mil-vagas-para-cursos-tecnicos-veja-lista-327525,Ensino,Imprensa Regional (Bahia),Geral / Não Especificado
2024-09-25,Prosel Itaberaba,Chapada Noticias,https://chapadanoticias.com.br/cidades/if-baiano-campus-itaberaba-oferta-120-vagas-em-cursos-de-nivel-medio/,Ensino,Imprensa Local,Itaberaba
2024-09-25,Prosel Valença,Midia Bahia,https://midiabahia.com.br/if-baiano-campus-valenca-oferta-180-vagas-em-cursos-de-nivel-medio-integrados-ao-tecnico/,Ensino,Imprensa Local,Valença
2024-09-25,Prosel Valença,Portal Salvador FM,"https://www.portalsalvadorfm.com.br/noticias/136978,if-baiano-anuncia-180-vagas-para-cursos-tecnicos-gratuitos-em-agropecuaria-e-agroecologia",Ensino,Imprensa Local,Valença
2024-09-25,Imprevistos climáticos não comprometem qualidade do algodão e Bahia fecha colheita positiva,Bnews,https://news.google.com/rss/articles/CBMi2AFBVV95cUxNaHNfVXR4SjZIRC1NTU1NTEtTT3lZZHVSSjFrMXJkakNKUHpGSmNEX3M2dnp0VEJxc2FHSlVVUFJoNWhsc1FNZEVBamxYa3VxcW1jSTJaNVcxSmkzMFNwMDdBV0dtRld6OF9qXzF4Rm8weGpwQmh3TW5LRmdLVFFfUlNnR3lBazB0eFJHTi1Vc2Y4dTRoTHpIQUpGRnhUQ1BUZEhGeDZHeS02M1lfZlpOU2ZhWjlQbDFKQXVqQ3Z1RU9RYlVHWWNDb1ZITnBoUnZSMl9hNW9vc2LSAd4BQVVfeXFMTjJGbVVadi1xNnJhbW45SEJZZTBMZUUzTjhhblZtQnNNWE9KdzdvQUpYb0FVeUZkbjZ0aVQxZkJOTlp2QWNOTHN4eU8tb0d3eXNNOExxZDFuelVYTHhXQm1hNE8ycVVlakwtVERxbWl5cXF6M3I0LUJ0S1l6dV9pOTRxaFRFRHc0Y041WXBmdkMtT3Zqd0VWNlhYRm9PLUpmQUlVcVJpNUlBTlRaM2p1b0hPMHMycVNKX3lFVW5wQVZ0N04wRGRVbjZKUjBYby05RlRERXhpeEZfalJmWk5R?oc=5&hl=en-US&gl=US&ceid=US:en,Institucional,Imprensa Regional (Bahia),Geral / Não Especificado
2024-09-25,Prosel Valença,Aratu ON,https://aratuon.com.br/educacao/2024-09-25/if-baiano-abre-180-vagas-para-cursos-tecnicos-gratuitos-em-valenca/,Ensino,Imprensa Regional (Bahia),Valença
2024-09-25,IF Baiano oferta 200 vagas para cursos técnicos integrados ao ensino médio em Guanambi,Agência Sertão,https://news.google.com/rss/articles/CBMixAFBVV95cUxOVVVyekVFNk1IbV9aTTBzZjJwS1RHc3ZWOEN5bGtyUms3UEJRT2daLXRFb1JsRVlfbUZ6SVJqS1dvOC04QWczTHM5b0pLQ1UzSFBhOFNXYXNWU2Rxb19CT0hYMGZsYmFYN09TRy1vSC1wZDNzUFFoV2RKRzJKQXNzV2dGSW5EZmJYbUlLUV81SlpnMF95dEx6bnpOaGtfYWlyZ3M3Q0xsd2x3Q25Lb3VKcWZFMGlwVUk5Vnh4M1U5WU9hR1JN0gHEAUFVX3lxTE5VVXJ6RUU2TUhtX1pNMHNmMnBLVEdzdlY4Q3lsa3JSazdQQlFPZ1otdEVvUmxFWV9tRnpJUmpLV284LThBZzNMczlvSktDVTNIUGE4U1dhc1ZTZHFvX0JPSFgwZmxiYVg3T1NHLW9ILXBkM3NQUWhXZEpHMkpBc3NXZ0ZJbkRmYlhtSUtRXzVKWmcwX3l0THpuek5oa19haXJnczdDTGx3bHdDbktvdUpxZkUwaXBVSTlWeHgzVTlZT2FHUk0?oc=5&hl=en-US&gl=US&ceid=US:en,Gestão e RH,Imprensa Local,Guanambi
2024-09-25,IF Baiano - Campus Valença oferta 180 vagas em cursos de nível médio integrados ao técnico,Mídia Bahia,https://news.google.com/rss/articles/CBMitgFBVV95cUxQeGdTMHNHVlhtRkZ5Z0gzeW1EQ1FaN0YweUZHYXpGV3V0WGUtODN0R0w2UHNaMzdoWTFIQ2tlUXc2bGpQeEpuUm83eG5kb2JUWUdwQzR5RF9qamtaVTU4ZnlsRnUwT1Q2dmYtQVZaRkdoVlNYZVoweTZZcVhRVE9YLWhZWlY0eDZYVE5tREpLUTNLNWlmWmwwQXMwREJ2YmxDVlhCd1Y2dkY0Zmcwdi1aNzVSTzlQdw?oc=5&hl=en-US&gl=US&ceid=US:en,Gestão e RH,Imprensa Local,Valença
2024-09-25,Prosel Valença,G1 Bahia,https://g1.globo.com/ba/bahia/blogdoemprego/noticia/2024/09/25/if-baiano-anuncia-180-vagas-para-cursos-tecnicos-integrados-ao-ensino-medio-gratuitos-em-agropecuaria-e-agroecologia.ghtml,Ensino,Imprensa (Nacional),Valença
2024-09-25,Prosel Valença e Guanambi,iBahia,https://www.ibahia.com/bahia/if-baiano-anuncia-380-vagas-para-cursos-tecnicos-em-campus-da-ba-327463,Ensino,Imprensa Regional (Bahia),Guanambi
2024-09-25,Prosel Valença,Voz da Bahia,https://vozdabahia.com.br/if-baiano-abre-180-vagas-para-cursos-tecnicos-gratuitos-no-campus-valenca/,Ensino,Imprensa Local,Valença
2024-09-24,Curso Redação Enem,Valença Agora,https://valencaagora.com/curso-redacao-para-o-enem/,Ensino,Imprensa Local,Valença
2024-09-24,nan,GOV.BR,https://news.google.com/rss/articles/CBMiwAJBVV95cUxPX0F6LUZoeUlGNTRvUldOamhXY2VGdERRWEFaSXZ2Z2NIVVBMWEFOaEhwdzYxSHBzTEJWcFAySlFMa0twT1Q3ZlhFUlBHWWVGU0IxR1JlOGFSS0NnMHoxZHZBbkdCVVB3NTdLNkFfNXNNZWZmazJXV1VrZXBBY0xmV2tLSjZIbzJkTjc3eXkwdzVMclpMcDRKVy1UOVNzWHU3V0V5TjRGRlNEb2d2cGV1SzdlbjhyZVZlZFRTcnNKS182TVpCanJaRlQ2VHZfQ1Mtdk9GY0dJcjh0aGNqQWVFLXVoV1NBbGJ1MnRTT2lyQU4yNjBWLVNUZGZQdkVXbDhuaWlqSVFwbmhhNGNfSF9FUWlnLWVtQ2U3eGlNUE1leWREOUZkV2RGVFZwQXk2U1BHcERKc3B5Q1p2dWZYVVItQQ?oc=5&hl=en-US&gl=US&ceid=US:en,Institucional,Institucional / Governamental,Geral / Não Especificado
2024-09-24,Prisão preventiva: Projeto propõe novos critérios para o seu requerimento; saiba mais,Bnews,https://news.google.com/rss/articles/CBMi3AFBVV95cUxQeVBCNndQQlBkVUZOV09FRFYzQkpJNHFDZjhpSW5TMlJDVmhuM0JXSUxvcVJ6MG81a08ya2VZTDd0dkxRUHNIeE9kVWZDMkMwSTZLWVU2Ymk5UVNRc1dNSU9WS1lfRzh2SnVkZEt5czFvQUI1ZHZ1QWhqeFlxRTF4R1drWS1ib1JzNjl2TXpaemxvUDFra2hpdURVREJvNjluQWhaSjEwNDVFR2ZycWhxdXlMOUFoVDRvanQ0VGlIOEhBYkxiVXJhTFNrNXR0OUVaV0JuSU9mamFCMVMt0gHiAUFVX3lxTE0wVlVxYWtfQ3A3YnBOLVYzS1d0VEtCNjZ1aGxMVUREZDF5QUZBY3luYVYwSWUwaUc0bVpuWlJrRUROOHZsXzFoQkkwNEFUNVNqTk03Z1hXcTNCQloxcU9ZU3BqQXR6Q0w2ZV9nM25hVS1ITnZKS2tyLXlNRGpaY09wTkFpQm9wM1VLekRsbnNIdWxtXzlTOGJxRUF1MlpaUGFZRjVvb1VCeW9adEk2MWh1UGRhYklDcm45azlnRzFkaF8ta29ZaTR4Uy1obldWaVk1eVJUMWpvOHp3VXdTdnZYdUE?oc=5&hl=en-US&gl=US&ceid=US:en,Extensão,Imprensa Regional (Bahia),Geral / Não Especificado
2024-09-24,Prosel Uruçuca,Ilheus 24h,https://ilheus24h.com.br/if-baiano-campus-urucuca-oferta-395-vagas-em-cursos-tecnicos/,Ensino,Imprensa Local,Uruçuca
2024-09-24,IF BAIANO – CAMPUS URUÇUCA OFERTA 395 VAGAS EM CURSOS TÉCNICOS,ILHÉUS 24H,https://news.google.com/rss/articles/CBMijwFBVV95cUxPYXFrUVU2QTdwLTJJZmYxU0xHZnhGTXhreEU4ZXVYQWdST19vUlJENHYxLS0zVm12dWlBRTZMYlNsUTUxS1lmU1JDclNvWG40bzhZZ25BU2FKWGdVOE5JM0w5al95a3dqVVp1eTdiNmxQZ2RVdmVuRXZFQXZORlpQUS1sQXRCa0hRNkRqUXMxVQ?oc=5&hl=en-US&gl=US&ceid=US:en,Gestão e RH,Imprensa Local,Uruçuca
2024-09-23,Prosel pós graduação,iBahia,https://www.ibahia.com/interior-da-bahia/if-baiano-abre-60-vagas-para-cursos-de-pos-graduacao-em-itapetinga-327243,Ensino,Imprensa Regional (Bahia),Geral / Não Especificado
2024-09-23,Engenheiro civil assume a presidência da Rede Bahia; saiba mais,Bnews,https://news.google.com/rss/articles/CBMiugFBVV95cUxPb3d5d01PNXk5dHBPd1hNbkNFbHlfVHlwcjkwazhENFdWYUx2WWI5YkcxRHNqTXVxMkYyLXE0X3NxU3I5YVE2NHZ1M2JnRGZBY25IMVAwNEhsQjBkek5JM242SG9wbWFtU2xWWkZBSExEalFneUtZdXl2TG9rTXlmT0pZVnVnQ3VxYkpaelk3eUprMzk2SUwzS09Yajh1eFdXeUNQQndnU3pYTFZaU2ZBQkZZMFBFVHhwTEHSAb8BQVVfeXFMUHQwOXpiMFAyZmoxeUdZX2hMN3FTSy14Y1ZNVnRpRTZGaElYZlVHcEs3b2VDV2pULU94aTYtYTUzd1l1ZDdEemFVbHk0UHB1dnRueEI0R3ZoYVZGS0MzNjBna1luQW5OaWliT1N1WksyLW14dUhaRzQwSFQ3cU5jZzJEcUtkWFhMWFhvOXotMlFFdEJicHRWT2JtQmJWRktiUVMyTXpiM2E4RVJ4VDMxczl0a3A1azFQNnJ0VmRPLWs?oc=5&hl=en-US&gl=US&ceid=US:en,Institucional,Imprensa Regional (Bahia),Geral / Não Especificado
2024-09-21,Licitação novos campi,Preto no Branco,https://pretonobranco.org/2024/09/21/if-baiano-abriu-licitacoes-para-construcao-de-quatro-novos-campi-com-investimento-de-r-100-milhoes/,Institucional,Imprensa Local,Geral / Não Especificado
2024-09-21,Prosel pós-graduação Lato Sensu em Meio Ambiente e Agroecologia,Portal Universidade,https://www.portaluniversidade.com.br/especializacao/pos-graduacao-em-meio-ambiente-e-agroecologia-no-if-baiano/,Ensino,Imprensa Local,Geral / Não Especificado
2024-09-20,Prosel pós graduação,Agência Sertão,https://agenciasertao.com/2024/09/20/if-baiano-abriu-60-vagas-em-dois-cursos-de-pos-graduacao/,Ensino,Imprensa Local,Geral / Não Especificado
2024-09-20,IF Baiano abriu 60 vagas em dois cursos de pós-graduação,Agência Sertão,https://news.google.com/rss/articles/CBMimgFBVV95cUxQQXREazd0T2VjdzRGQ05mMzZpQkJib1ZvY2dvM29SUkRfOGt2ZDBOekl1VXFPcDAzQUZ2Qk9ISnlMWDlXbG1CY1hWdWR3bEpFc05pRm1BR3laS0FNOWtqeTIwRHlPQTVfdmZsU0sxTlJDSFdMVllMVElzRWpuMVo4T1czSFlnVjFnbWIyQ1VqVzR6eUdTTWVrZXZ30gGaAUFVX3lxTFBBdERrN3RPZWN3NEZDTmYzNmlCQmJvVm9jZ28zb1JSRF84a3ZkME56SXVVcU9wMDNBRnZCT0hKeUxYOVdsbUJjWFZ1ZHdsSkVzTmlGbUFHeVpLQU05a2p5MjBEeU9BNV92ZmxTSzFOUkNIV0xWWUxUSXNFam4xWjhPVzNIWWdWMWdtYjJDVWpXNHp5R1NNZWtldnc?oc=5&hl=en-US&gl=US&ceid=US:en,Gestão e RH,Imprensa Local,Geral / Não Especificado
2024-09-19,Prosel cursos superiores,iBahia,https://www.ibahia.com/interior-da-bahia/if-baiano-oferta-154-vagas-ociosas-para-cursos-superiores-em-guanambi-326976,Ensino,Imprensa Regional (Bahia),Geral / Não Especificado
2024-09-19,Prosel cursos superiores,Portal Vilson Nunes,https://vilsonnunes.com.br/if-baiano-oferta-mais-de-150-vagas-para-cursos-superiores-em-guanambi/,Ensino,Imprensa Local,Geral / Não Especificado
2024-09-19,Cursos FIC,Click Petróleo e Gás,https://clickpetroleoegas.com.br/cursos-online-totalmente-gratuitos-em-fotografia-digital-libras-operador-de-drones-e-muito-mais-inscreva-se-no-instituto-federal-e-desenvolva-suas-habilidades-no-conforto-de-casa/,Ensino,Imprensa Local,Geral / Não Especificado
2024-09-18,Escola Promove realiza o quarto encontro do projeto de Orientação Profissional de 2024,Notícias da Lapa,https://news.google.com/rss/articles/CBMi4AFBVV95cUxOMjd5WXNrLUJydllSQVJDU0JUSWN4M0ZMakZzWG41N3lTMGlYYnM5S1JESF8zMGl5OWU4MkwzYWI3WGoxNmhTa25EVGw1b1Ytekl5VEVILU1QcU1xTEtkb2dBSDlYVllzaU93U2JvMzlXZ3VlbzQyY2xQVXVFNmpIMnpKTWNQdVVOaF9qbndlX0c5SFBrdHMtUklhZWwwYkhoNjlGVzFEcEg0eU16ZlpPSHN0eEEwSEJoVUg3Wk9ucDhicVNyaVYxMG5hQktpWEM4Si1nVzNWalctRmh0VWQ5Qg?oc=5&hl=en-US&gl=US&ceid=US:en,Extensão,Imprensa Local,Bom Jesus da Lapa
2024-09-18,IF Baiano oferta mais de 150 vagas para cursos superiores em Guanambi,Agência Sertão,https://news.google.com/rss/articles/CBMiqwFBVV95cUxQVXE4YmJKSUs5LTFwQ054dnZDMzhyQlctczktQy1yNV8wcVZYdm5MZ1NQcmlDODdVdVVvWFRScnJfcWFVX2FUUURvamRLdmRpWjBXOVZ4SUxGZU5waV9yQ0kwQjJVUGlyZGxNN2tCZ0l5SkNVSV9RZXVoa1ZObkVaTExMaWotZklMZ2VqVzh4dExXejN0Zy1XOW54UU03MVdFZUN0VXg3V2lqT2_SAasBQVVfeXFMUFVxOGJiSklLOS0xcENOeHZ2QzM4ckJXLXM5LUMtcjVfMHFWWHZuTGdTUHJpQzg3VXVVb1hUUnJyX3FhVV9hVFFEb2pkS3ZkaVowVzlWeElMRmVOcGlfckNJMEIyVVBpcmRsTTdrQmdJeUpDVUlfUWV1aGtWTm5FWkxMTGlqLWZJTGdlalc4eHRMV3ozdGctVzlueFFNNzFXRWVDdFV4N1dpak9v?oc=5&hl=en-US&gl=US&ceid=US:en,Gestão e RH,Imprensa Local,Guanambi
2024-09-18,Prosel cursos superiores,Agência Sertão,https://agenciasertao.com/2024/09/18/if-baiano-oferta-mais-de-150-vagas-para-cursos-superiores-em-guanambi/,Ensino,Imprensa Local,Geral / Não Especificado
2024-09-16,IFBA promove Festival de Curtas em Vitória da Conquista - iBahia,iBahia,https://news.google.com/rss/articles/CBMiwgFBVV95cUxPeUs5OTQ1UzBfajNybWI1SmdhQW5oUGVDcE00bnF4cHA4MllFUXZ5cGZpa2tDY3lhRnRLeWNQelBDWlpKdlRXTFhfc1BMekNSbGlYb1ZmZUhwQ0FvaXIzNnJsV0JNRTNKNENuYl92RG92dHVYZ1dRbFFNWkI0QVN4WG1UUk1mRW9ac0tYYTN4SGFaaXJkaHV2bjhQMXVuVFNQTDN2RUVOZ09IMEJaSHpLaXhnZzI1ZEF0TlVMQURSbU1md9IBygFBVV95cUxQaDFRcGNjdTRtSFBDVHA5M1kwckdQTlFYUHBnNUdXOFZiZTJFS2NzU3B1TG1hZU9zVFR1Qnd6Nzhoalk4eE11UWtJRW5iZnJKYlFrS0F6bm9RNkMtdjBFb0lVeWhJUVdzS09tU2Fwc2RoTW95ZnpDWmJreVBHdTBVMkpxY3lqWURIbHBTLWpvaVUzQl9mR0NWd0drbkxBbnlXUExCM3dvSm90WXlaMlBJVUlGSGtmeGJRbHNHdU1JVGthaXMxVnZQbXlR?oc=5&hl=en-US&gl=US&ceid=US:en,Institucional,Imprensa Regional (Bahia),Geral / Não Especificado
2024-09-16,Prosel cursos superiores,Se Liga Alagoinhas,https://www.seligaalagoinhas.com.br/noticia/52579/if-baiano-oferta-76-vagas-para-cursos-superiores-em-catu,Ensino,Imprensa Local,Alagoinhas
2024-09-16,IF Baiano oferta 230 vagas para cursos de qualificação gratuitos em Uruçuca,Agência Sertão,https://news.google.com/rss/articles/CBMiswFBVV95cUxNM2hRZmY3M0lYRTBWd21OZU51ZmtPaHVfNm1paExSYTJCZDNjNG5yTlNmWmduajBpSlRKRGhDRUdzOTFPVDBxbEo0R0VaMDRYbVJnRVNMMnBMWEluazNVQlJLSEZoUlF0c25Bc0RLakoxak4zYjZRMEpBRjhydEJ4WWVSZjlnWmstM3VOQnB1cXdiSW0za05haUh5TDVFOS1QX3U3MTZ3ODd1ZzVHUkp0LXlLUdIBswFBVV95cUxNM2hRZmY3M0lYRTBWd21OZU51ZmtPaHVfNm1paExSYTJCZDNjNG5yTlNmWmduajBpSlRKRGhDRUdzOTFPVDBxbEo0R0VaMDRYbVJnRVNMMnBMWEluazNVQlJLSEZoUlF0c25Bc0RLakoxak4zYjZRMEpBRjhydEJ4WWVSZjlnWmstM3VOQnB1cXdiSW0za05haUh5TDVFOS1QX3U3MTZ3ODd1ZzVHUkp0LXlLUQ?oc=5&hl=en-US&gl=US&ceid=US:en,Gestão e RH,Imprensa Local,Uruçuca
2024-09-15,Prosel Geral,Click Petróleo e Gás,https://clickpetroleoegas.com.br/conclua-o-ensino-medio-e-ainda-saia-com-um-diploma-de-curso-tecnico-instituto-federal-abre-mais-de-2-400-vagas-de-nivel-medio-integrado-a-educacao-profissional/,Ensino,Imprensa Local,Geral / Não Especificado
2024-09-15,Anilton e diretor do IFBA Campus de Paulo Afonso reúnem-se para tratar sobre oferta do curso de engenharia elétrica em 2012,Prefeitura de Paulo Afonso,https://news.google.com/rss/articles/CBMi6gFBVV95cUxOTjdQSGVjODA3c1diYmliakoyNG5Ka1J5ODA5R1BqaGVSc2VncXEyVEVLWXBQSWVseWRKWFJ1VVV2ckN0MG9haXlGMUdJQkpuY2stektfVEtDTjI1Ym9OT1pib1dGYjhleEt6b25jczlHZ1ZSbWRzVGNwcnpudkpMRlpUdFZkQWNmTlhOZ0tDV1hVMmNUVG95Mi0yRGtnUE4xRUljcEdqTVdqQ2oxYXVvUU5KZVNnaUEzY3ZQcmdRb1loQ3FTN1lVc1FNcWNpRVlvcTk4bjNRTVJndGtRcUdYcUFUNVE5MnlDR0E?oc=5&hl=en-US&gl=US&ceid=US:en,Ensino,Institucional / Governamental,Geral / Não Especificado
2024-09-14,Criação de novos campi,Tribuna net,https://tribunanet.com.br/?gs=3\&id=23474,Institucional,Imprensa Local,Geral / Não Especificado
2024-09-14,Prosel Geral,SulBahia News,https://www.sulbahianews.com.br/if-baiano-abre-mais-de-2-400-vagas-de-nivel-medio-integrado-a-educacao-profissional/,Ensino,Imprensa Local,Geral / Não Especificado
2024-09-13,IF Baiano abriu licitações para construção de quatro novos campi com investimento de R$ 100 milhões,Agência Sertão,https://news.google.com/rss/articles/CBMi0gFBVV95cUxPdzJBQTE0cUZXd1BFc1ZPSHdyektpYVVNNTg4Y1BvSm5pUTdhSC1kS1RSLV9Ic1BYVG1DU2hEZmVHWGEybFB5ZTF5VU0yQ3JzRmZtX2pVRHRvYTVEQnc2Tms3TTlKNHR4RGt4WGQ4MTFnSGVkWGxJQjNZdUhsMmhERjFZMWdEZzVLMWx2TlhabFV4NzVFaTJ4NWRORmNYWGJ6MGhwUVUzLWNlWlpkVmlfNU9pT2F3Q1RmS0VNSWpIclp0X0Z2Q2RaVFRlV2RKWFZjZWfSAdIBQVVfeXFMT3cyQUExNHFGV3dQRXNWT0h3cnpLaWFVTTU4OGNQb0puaVE3YUgtZEtUUi1fSHNQWFRtQ1NoRGZlR1hhMmxQeWUxeVVNMkNyc0ZmbV9qVUR0b2E1REJ3Nk5rN005SjR0eERreFhkODExZ0hlZFhsSUIzWXVIbDJoREYxWTFnRGc1SzFsdk5YWmxVeDc1RWkyeDVkTkZjWFhiejBocFFVMy1jZVpaZFZpXzVPaU9hd0NUZktFTUlqSHJadF9GdkNkWlRUZVdkSlhWY2Vn?oc=5&hl=en-US&gl=US&ceid=US:en,Institucional,Imprensa Local,Geral / Não Especificado
2024-09-13,Licitação novos campi,Agência Sertão,https://agenciasertao.com/2024/09/13/if-baiano-abriu-licitacoes-para-construcao-de-quatro-novos-campi-com-investimento-de-r-100-milhoes/,Institucional,Imprensa Local,Geral / Não Especificado
2024-09-13,Prosel especialização meio ambiente e agroecologia,Click Petróleo e Gás,https://clickpetroleoegas.com.br/instituto-federal-abre-vagas-para-especializacao-inscricoes-gratuitas-comecam-no-dia-16-de-setembro/,Ensino,Imprensa Local,Geral / Não Especificado
2024-09-13,Licitação novos campi,iBahia,https://www.ibahia.com/noticias/educacao/if-baiano-deve-investir-r-100-mi-em-construcao-de-novos-campi-326503,Institucional,Imprensa Regional (Bahia),Geral / Não Especificado
2024-09-13,IF Baiano anuncia novos campi em Remanso e outras 3 cidades; confira - iBahia,iBahia,https://news.google.com/rss/articles/CBMirgFBVV95cUxOV0xDR1ZFVXd4Wk5fZkxZSWN5blctVExpVVlXWUtxTUtCdkNxTjl0cnV5LVhyUGJMTEdfV2hUME5SYXJXMWNxb3AzRF8tbzM4bTVVNXNIMGFZN191RURHTWIxcVRlTnpUb1hEN0ZsUThaRDhNU3dNNXNQZWNMaF9EU0xkZHdjQUtwYzVmZWV3Mmx0YnZkN05wZ1pXczZHREsydC1WY01PMHgyQnJ5QVHSAbYBQVVfeXFMT2NYQWNYUy1ZcEJVQnNqWDZyamJHbnFBRlk4Yk84RnJKQjJyN3F6akdKOGVqZ05hTm1HazdFaXRZd1NROWRBaWV1ODVORjZPd0NzZlBjQ3FCV0VjMDkxb1RFSF9tWkdLdEhFSGVwd0pSUDZmMGJrQ0hyU3RYaVkxa29BN2pUWm1uRGtraVBzQUVlVmthc19jbU1ISzVqc1ZzdF95cHNTMlBnRzBWM2hZemZneUdGcnc?oc=5&hl=en-US&gl=US&ceid=US:en,Institucional,Imprensa Regional (Bahia),Remanso
2024-09-12,Prosel especialização meio ambiente e agroecologia,SulBahia1,https://sulbahia1.com.br/2024/09/campus-valenca-oferta-30-vagas-na-especializacao-em-meio-ambiente-e-agroecologia/\#google\_vignette,Ensino,Imprensa Local,Geral / Não Especificado
2024-09-12,Prosel Geral,Panorama da Bahia,https://panoramadabahia.com.br/if-baiano-oferece-mais-de-2-400-vagas-em-cursos-tecnicos-integrados-no-interior-do-estado/,Ensino,Imprensa Local,Geral / Não Especificado
2024-09-12,Criação de novos campi,Agência Sertão,https://agenciasertao.com/2024/03/12/oito-cidades-da-bahia-receberao-novos-campi-de-institutos-federais/,Institucional,Imprensa Local,Geral / Não Especificado
2024-09-12,Prosel Geral,Pimenta Blog,https://pimenta.blog.br/2024/09/12/if-baiano-ofertara-2-400-vagas-em-cursos-tecnicos-em-14-campi-no-interior-da-bahia/,Ensino,Imprensa Local,Geral / Não Especificado
2024-09-12,Prosel Geral,Farol da Bahia,https://www.faroldabahia.com.br/noticia/if-baiano-abre-processo-seletivo-com-mais-de-2-400-vagas-de-nivel-medio-integrado-ao-tecnico,Ensino,Imprensa Regional (Bahia),Geral / Não Especificado
2024-09-11,Prosel geral,Jornal Floripa,https://jornalfloripa.com.br/geral/noticia/702113,Ensino,Imprensa Local,Geral / Não Especificado
2024-09-11,Prosel geral,Se Liga Alagoinhas,https://www.seligaalagoinhas.com.br/noticia/52477/if-baiano-abre-mais-de-2-mil-vagas-de-nivel-medio-a-educacao-profissional,Ensino,Imprensa Local,Alagoinhas
2024-09-11,Prosel geral,Portal Abrantes,https://www.portalabrantes.com.br/noticia/40596-if-baiano-vai-lancar-edital-para-mais-2.400-vagas-de-nivel-medio-integrado-a-educacao-profissional,Ensino,Imprensa Local,Geral / Não Especificado
2024-09-11,IF Baiano abre mais de 2.400 vagas de nível médio integrado à educação profissional,Notícias de Bom Jesus da Lapa,https://news.google.com/rss/articles/CBMizAFBVV95cUxNb3p6aTdRMHNIVUViRFREUzlwS0ZCMEhJNnpidVZmWFRqZjlsTWdxUzhyenVqUjlZbzdjOWhKVVc0UHVHSTlqWm9mS1JWXzhVSndBWXVlZnc2Ml8wS1VxZi1hT2VoeTVudS1iSHJ5dHY1WlJhc2otX0s4OGJUbC1sWGE0a3haLUM1YW54d3ljd0xINjhQQ0JBa05TQ2dDWms2YmRhNF9ycE5XWHlQbDBGNjJyNXNzMGV1QTd5SU1WTnJteGZCOExsclJxUDA?oc=5&hl=en-US&gl=US&ceid=US:en,Gestão e RH,Imprensa Local,Bom Jesus da Lapa
2024-09-11,Prosel geral,G1 Bahia,https://g1.globo.com/ba/bahia/blogdoemprego/noticia/2024/09/11/if-baiano-vagas-de-nivel-medio-integrado-a-educacao-profissional.ghtml,Ensino,Imprensa (Nacional),Geral / Não Especificado
2024-09-11,Cursos FIC,Tribuna da Bahia,https://www.trbn.com.br/materia/I114346/inscricoes-para-vagas-em-cursos-do-pronatec-tem-inicio-nesta-quinta-feira-12,Ensino,Imprensa Regional (Bahia),Geral / Não Especificado
2024-09-11,Prosel Meio Ambiente e Agroecologia,SulBahia1,https://sulbahia1.com.br/2024/09/campus-valenca-oferta-30-vagas-na-especializacao-em-meio-ambiente-e-agroecologia/,Ensino,Imprensa Local,Geral / Não Especificado
2024-09-11,Conif lança edital do Programa Cidadão Global-Conif em parceria com instituições colombianas,CONIF,https://news.google.com/rss/articles/CBMi0gFBVV95cUxOWHpRWHhxcXNxTjR6U0MyMGpfcS1kaG5yRDBqY3l1MjBGbzNRV3UzazJPZHdBc3ppTnlVRGNGNHNsN2tLWWRJcmtva0lhdkpEd25JZXM4MXRXVnZJZzNoX29RYmk3anp3TERMTXB1QlRESF8zVm80QTkxRzNDaGtfZVh5TnI3R0JmRGJqdW45a1k5MnhWb0J4blJxY2Y0WDhuTzVERnZMRzliV3BmQjlqOTBvTXE1c25aSENkdlE1WkpvZ0k0X0hUQjBFamphbnNGRnc?oc=5&hl=en-US&gl=US&ceid=US:en,Gestão e RH,Institucional / Governamental,Geral / Não Especificado
2024-09-11,Prosel geral,Tribuna da Bahia,https://www.trbn.com.br/materia/I114322/if-baiano-abre-mais-de-2-mil-vagas-de-nivel-medio-a-educacao-profissional\#google\_vignette,Ensino,Imprensa Regional (Bahia),Geral / Não Especificado
2024-09-09,Prosel especialização agroecológica,iBahia,https://www.ibahia.com/interior-da-bahia/if-baiano-oferta-vagas-para-curso-de-especializacao-em-valenca-326133,Ensino,Imprensa Regional (Bahia),Geral / Não Especificado
2024-09-09,IFBA oferta 80 vagas em curso gratuito para agente de desenvolvimento cooperativista solidário,ba.gov.br,https://news.google.com/rss/articles/CBMivgFBVV95cUxNNUNFQy1LWUYwcFZ4Nm5JVWNCX2RfbW04Z0dSeEZwWnpDemVLcHFuRzNUMVk1cVI3X2pkdkowMmV3SlVBTkF3SEV4Wm1jZ1ZkVnhpazVjZmxoVXRwYWpTYzd0dC1DNzhLUDVSNHF4cXdrdVpDblN0cXQxaUJMa05LNmtvT1lBWnhJZ19BSHpVWmFnNTBfQ2JnWmkxNzJiT00tSUhWZ2FXNjEwLXJwZFVDRzhfc1FCcENtNFRWZ0J3?oc=5&hl=en-US&gl=US&ceid=US:en,Gestão e RH,Institucional / Governamental,Geral / Não Especificado
2024-09-09,Prosel Meio Ambiente,Valença Agora,https://valencaagora.com/inscricoes-para-curso-tecnico-subsequente/,Ensino,Imprensa Local,Valença
2024-09-06,Escola Promove inicia comemorações do 7 de Setembro em Bom Jesus da Lapa,Notícias de Bom Jesus da Lapa,https://news.google.com/rss/articles/CBMizgFBVV95cUxQaHJidnRCMnp0RG9YWDZDa21PSnJTQ1cwNzlydTBkc0hSX0cyUkNsMVpLajZBZWhjMDFSZnVPUV9TajI4RHlYRUloNGtMMU1DSXc0d09HbE94NU9HRmFodDhMWDdFXy0wNjFkMGhHbWlIX2FTVm1GY2o4MXZHNWVTRFMwenhGVG5uRnpJNWQ0eUxtTzlpelJsYll5VEtELTdOOEVRcTFFelhQbFBlel93REc1My12a1prOXRzM2ZvOUkxVW1TQnFTeHJRaXMtdw?oc=5&hl=en-US&gl=US&ceid=US:en,Institucional,Imprensa Local,Bom Jesus da Lapa
2024-09-06,Acompanhe agenda dos candidatos à prefeitura de Salvador nesta sexta,Bahia Notícias,https://news.google.com/rss/articles/CBMitwFBVV95cUxOLUowYWtOWVZlMndELWZldV9kbm1nY2UtRzV3UlBkalhPOS1tOGpIVERUUXUzeDA5OGpaNTZKaWpLTUUzeEZsVVFmY05YZVF0VFdxNURxcmhOSkRfX1VjVWo4NW93VUxwMmpDWUxxS0Nlb2lXd0NSMnJ5QjdIcFNuM1o4TWtlTDFDYUVqTXF3TlkyUUxuV1R3RXpfaXZiNDlOVWNsb1BBeEw3NHZDd2M0bnFndDVyblk?oc=5&hl=en-US&gl=US&ceid=US:en,Institucional,Imprensa Regional (Bahia),Reitoria (Salvador)
2024-09-06,"Em Brasília, Forinter alinha ações de internacionalização e busca estreitar parcerias institucionais",CONIF,https://news.google.com/rss/articles/CBMi3wFBVV95cUxPMTA3N3dIM1ExWmJTZ2FHMm9CYlJCUmFjYnBxenhSLWxXMktwZDlCMEo2cW96dGZpVXNfUVFodTQ2SFhrUlV2T0s3MHpOaXBIcFhkazkyeGJjNmdFVUFFbF9VMXV4WEhRaGowOHRHSEYyZjJqck81SUx4WkxObm8tY2ZhWGg0WXN2dC1McWRhdDZ5LXJ1eENWaDJlYmxQYWtqUl9HZDRXM3FkblNzWG5xaEVjTEpCeUIxT2d6UVZWLW5YNmZ4aU56STNLQjEwWi0yRWZaQjhVbk9iYVFJMTB3?oc=5&hl=en-US&gl=US&ceid=US:en,Institucional,Institucional / Governamental,Geral / Não Especificado
2024-09-06,Valença sedia eventos de Conservação de Recursos Genéticos Animais,Jornal Valença Agora,https://valencaagora.com/if-baiano-valenca-sediara-o-iii-seminario-da-rede-de-recursos-geneticos-animais/,Ensino,Imprensa Local,Valença
2024-09-05,Ifba de Porto Seguro abre inscrições gratuitas para evento científico - iBahia,iBahia,https://news.google.com/rss/articles/CBMiygFBVV95cUxOVDNBUWxzVmowQTlTYWNXT1ZqNWFXTUg5c3VVZWJUcFk2aERWUnNiaHV0QlR2Z1VYV3M1Ni1rT21USVl6c0JWOEJnQWpLUU9tZEdLdWZ1azBDdDhUc2pPLVducEd3VUJNcU5rUXFLNUxEeGN6MkdULXFrVUN2ekVHdUwzNXAtV3B2SWl1OTJPV0RjMWVRTVloV3pIaGYtLTFEdDREdlRsSTdBNnN0V0MwWlZ2aC15Z3VvZ2tWTmVPR2x5ZHczanVmM3JB0gHSAUFVX3lxTE9nT3FadTdocElPZjdlVEdEWnNDYjdlbW9fT2hhWWJndmFiMVpQX0ktWjR0WHRrSnE4Nm92WHJxZU5wUjNGM3dSYlpiei03R19idGNmRmExNy1BQ01jTW0tRlcyNWh4YXpWaS1fd1BJVWlXWmRrd2xBa0tKZzgxRFlydnd3ZTlQX2I5bWtUUVpLYmFhdTlxNXVRMHg1bExJYzJ3WjVGZjNqUlIzMzc2VEg4NTd1MC1YSm5fTXVzaEJpSTljZnlKMzVBTUQ0aUhINjJZQQ?oc=5&hl=en-US&gl=US&ceid=US:en,Extensão,Imprensa Regional (Bahia),Geral / Não Especificado
2024-09-05,"Protocolar documentos junto ao Instituto Federal de Educação, Ciência e Tecnologia da Bahia - IFBA",GOV.BR,https://news.google.com/rss/articles/CBMitwFBVV95cUxObHhTQXR0TXRRZkl1SXlsNnBBcENMTkJOdWJIMTd5TFhDSXRGUnI4Y0pSTFhXZG1wQVJESlBndEo2U0xfdGl4b0RFQXB4MEp4UVBHVDF6V2otdkxuNEZQMWg1Tmt3U0taWlotam1jVm5CR3dMYjVOTjFpODA4cGpFS3VZQS1GYnEyRUYtaWFyaTJTYmdJaTQweDRlc0c1bXBTUzE2QjdueWd4eklELTE1MVFLd2kzdnM?oc=5&hl=en-US&gl=US&ceid=US:en,Pesquisa,Institucional / Governamental,Geral / Não Especificado
2024-09-05,Cursos FIC,iBahia,https://www.ibahia.com/interior-da-bahia/if-baiano-oferta-vagas-para-cursos-de-qualificacao-em-guanambi-325866,Ensino,Imprensa Regional (Bahia),Geral / Não Especificado
2024-09-04,Desenvolvimento De Games - Tag,Bahia Notícias,https://news.google.com/rss/articles/CBMib0FVX3lxTE84Y2JPYnlPZWpULUVlS3p0ZGVCbHFNMWRZbDE4NW80amFfTGZsMFp1S1NTbERWZXp2TE5Hbjc0QzRFSlFVM1IxaUM0Sjg4LWNacEJYWnRSQlNZMld6d0lIeTlmTzVma1BBcUJMYXFEUQ?oc=5&hl=en-US&gl=US&ceid=US:en,Institucional,Imprensa Regional (Bahia),Geral / Não Especificado
2024-09-03,"Simpósio de ensino, pesquisa e extensão",Noticias da Lapa,https://www.bomjesusdalapanoticias.com.br/bom-jesus-da-lapa/inscricoes-abertas-para-o-v-simposio-de-ensino-pesquisa-e-extensao-do-do-if-baiano-de-bom-jesus-da-lapa/,Ensino,Imprensa Local,Bom Jesus da Lapa
2024-09-01,Líder indígena morre em acidente de moto em Porto Seguro - iBahia,iBahia,https://news.google.com/rss/articles/CBMiuAFBVV95cUxOSE10ZEhkNjQ1YVFuVjlNMXNkNTZURFVEY2lUa3lGbXZPY0VhaVNxN0U2ZHIzNXJPbDZkWkpiMXJHdUVoWDViZnl5QXN5RUluU19nUjdxcDA4TlI0bzdNamEyRXh3YlIxQVE4THhEZ1ZJZ3EzOUpHcG5GSUczVlJ1OS0xaS11bUxfMUhjNTF5S2M5bTA0cFdVYTF5Uk1hSldsdXZoM014SnFDd2N3dFFTaWRvS0FMbDZL0gHAAUFVX3lxTE9ZZTdWTWtOUFNGU1BLM1VnTmdhdlZLcXZlVW5UaTJ1NFNheGhmeGZSVVNZeTRQY19tQlhzVklQZkN6QkJJVUlUWENmcWhlSHBWdVRxcFZ5bDFNTl93cWpIbzdMMTlZMnFod19PTjVTM3VOZldfMkxSamNYUDZETkFVTmFOLUpvcUpnQUJ3MndxQmt4b1hMbmtvbVZ1dmxPdFVsMVAxQks4ck9ZTEtNWUJKY2JCaDFCVUxQQXRoalN5Nw?oc=5&hl=en-US&gl=US&ceid=US:en,Institucional,Imprensa Regional (Bahia),Geral / Não Especificado
2024-08-30,Justiça entende que testemunha de Jeová induzida a fazer transfusão deve ser indenizada; entenda,Bnews,https://news.google.com/rss/articles/CBMi6gFBVV95cUxQMkJGTDhHTnFPb2xLMFVhY2U2dk4tV3VVajdmTzlRS2djb0dkLWFlMHJ0b0I5S09RQjV4cV9WampEUzA3TENxdFNqRE9FRk4zTXJrRWZWVXpTaUw4cnF3RTd0V0pGSTI3TEM5ZVJhUmtocG9VcG5XSjRuakcybGVlWmZWU1ZDd05BWnZNZEJjeHVLVVRfTzJTYjRpVlJrTHRmVFdnQUhDdjhOLW5USzd2S2NWaVd3QWMwTnhCLXd6d2ZrdGNMdGZjVEdWQndtVXhlT0JONURtaHVfaUp3azlnU2x0M1pzTm9KeVHSAe8BQVVfeXFMTTBQdVBwV0Vxdmx4TFpXT3RsMnk0cENvTHd5ZzJ5X3YxakxmSFlBdjktTVRWWF9PQjJNajd1eEozNFpSQnFEMGRaLWRGenN4TlNqOUhMekJrRkp6ZHZMX3NhdU1LRXhwU3hkMDFHZVRqTE9jT3FPQWppakU1dzVlaW1JM21UTHIwRTF1NEdVMy1XOXFoT1VMZERpaVU0Uy11ZUxIWkxBUlBZalkzWUJ6TUhDMi1WRWhrMFI0S1lBc19IbU9SbWNyV0xILWNQZE1xYzU1OUNCQ25WWlVOSjV5VlFQeHNuZG1vU0Y4bXJJQlk?oc=5&hl=en-US&gl=US&ceid=US:en,Extensão,Imprensa Regional (Bahia),Geral / Não Especificado
2024-08-30,"Novo bombardeio da Rússia à Ucrânia fere 55 pessoas e mata seis; entre elas, uma criança",Bnews,https://news.google.com/rss/articles/CBMiyAFBVV95cUxOOFZucmI1U0NnMGE2LTF6UFJyclFqb0JiT2pWNEh0NVY1dE9jVVBRemlLSjdHUTV2eG5pcnpnWVFXNm12NUV5TGZ1N09IeFVlU1R1VGdjazFFSFhqV1M0OVJpZi1IWHBMakJiWXlXRktKQVk5UHE5ODhncDFrLTdpek5BTktuRUNEUGFOTW1KSkRCVl9xcU0zZ0VLZFZWVzRKVUk3NllTSFdnS2xKVnBxdzJGd3NMRVpuMVdSQl9BQUozTUhiSTlsV9IBzgFBVV95cUxQaDloQW02N3l6cUdSYjBVLTRMX0dCTHVJSl9TNFRXc2VCeU9aVG81LVFqNGNNY3NVTjNLdFIyd1dQOTVPNGxSVkpMdV9PczlLeEVnUDYtZEcwUjdkWWtOMkE1amxKQS1JTlhVZlRHSFJrYzNWV0l5ZDBJUVFKQ2VyQWxnZTdLeGNwakEtcUVGbVNkRFhObUd5SlNiVTJQNm04WVFSSHRHdE9DSHB1N2NGU3oyU2g5RWdrdlFBWFFpcDgyR3YtQWJWb0s5NDhPQQ?oc=5&hl=en-US&gl=US&ceid=US:en,Institucional,Imprensa Regional (Bahia),Geral / Não Especificado
2024-08-29,Inscrições nazistas surgem na Faculdade de Direito; cotas raciais e Enem podem ser os motivos,Bnews,https://news.google.com/rss/articles/CBMi6AFBVV95cUxNU1hPTVhkSFJIVVAzdWNaTE5fU3h5ODZLQWRURGZFZUhmRGxtNUNqb0VvX2NIU1JSc2VqZHNoeEN3amllbTVoVWt1TlFmQlo0UFg2VTZBNWNrdzhmeDM1Z1V6ZTRkRnNXLTlRdTRfbG9NNFVzb2NMQ3FOeFA3MmxaUkV4M1VTYnV4aG9ENGtBa2xXdi0xcWRScHJOSU1GRXdramdTSnZBMXd6eTVuaFNpcGN3SUZUbW8zT3lPY3c3cmd3SFZWUjVIZGlmNk5qRXMweG03WlMwY0w3OHVBZjFxemNUd1ZYODhS0gHuAUFVX3lxTFBmUGRkbDF2TG9leHlYSUFwUjdKOXlTYkZPSXRnTmNmRXc5RDFqTExZS2N4cDVrR0R5UUxwX2RvU08tcTJEbW1jWHhCR3J1emg3WGZKU0Z0UDhwXzBNZ2Uyc2VJamJXa3dpNWF0VUZkRV9palFxaTk2eVJxQ3FrZklSXy1nY0J3NW5pcHFEY2JMajFTenA2a2tGaVVPd3plN1NJaGJGdGFqMWUzdE9HN09WWVRvdWdCRDlOenhWcHY3aGtpYldtNzBPb0ZmWUJYRE45LWZ2T3BQN1NkbGpYMkRsNzFPdVF3dUNKWUs4RlE?oc=5&hl=en-US&gl=US&ceid=US:en,Institucional,Imprensa Regional (Bahia),Geral / Não Especificado
2024-08-29,"""É preciso compartilhar conhecimento"", diz conselheira do CNJ em inauguração do Axelab",Bnews,https://news.google.com/rss/articles/CBMi3AFBVV95cUxPdW5lTnYzS19BSEJ5aWluS2RGUjBJeG1RbzViRUNaSnViX0VRVzg0NWYzd1Q2bTlYSGFZdjBabFZPZUpxM0d2NFdrNnA2SGFhWDdQOEVaWnZqZUd6SmttcHVvY1JkeEJhbmRvbUlrQTdVNDlsdlp5elFBQV82a1pjWV9uQnc2RkJDYUowbUNjc0xxc2Q2cVIzUy1ULUNxcGs2czR1SVI1dEdSc3hlSVRlaDJGTGduM2NNUTZJWWd6bGlsanNUMlBEREMyVHN5N2RVNkVxVG9ESDJlUFNX0gHiAUFVX3lxTE9wUmJaSVliS1dOY2ZLQTRhZXpiTHZhV2RSVmxmMTZkQTFsSkdRTXF2UXQ0TjBBb25oVzl5dEU1d2NaQTdseU1RS0Y4eXF2VEhveUc1ejM2T0tva2J5ODVVaVY1eXlwN0dPOE40XzFRU0hKT3d0Q3J2UUVNeDNsdEdZbUMwcjFMUkZqTXktbTl3LXVYbnZZVnNjZEdyTWluVVE2SS1vaVQzLWtYemdkTjl6VG92SG5zeG12cGZfbUpoQ0x4a0lGODE5U2VrVm11OURqZllBMlRRMVljM2VRNG8wUkE?oc=5&hl=en-US&gl=US&ceid=US:en,Institucional,Imprensa Regional (Bahia),Geral / Não Especificado
2024-08-29,Seminário e feira agroecológica,Agência Sertão,https://agenciasertao.com/2024/08/29/if-baiano-promove-seminario-no-campus-e-feira-agroecologica-no-centro-de-guanambi/,Extensão,Imprensa Local,Geral / Não Especificado
2024-08-29,Prosel estagiários,SulBahia News,https://www.sulbahianews.com.br/if-baiano-anuncia-selecao-de-estagiarios-em-teixeira-de-freitas/,Ensino,Imprensa Local,Geral / Não Especificado
2024-08-29,IF Baiano anuncia seleção de estagiários em Teixeira de Freitas,SulBahiaNews,https://news.google.com/rss/articles/CBMinAFBVV95cUxNc1pkdldmcWljUnpSUnBGWEplUFk5TlpqejVNNmVxbTVXcmRoZ1MwTUJVSF8zMklZdXFTbHhMdDI1bkZjZWY1S3FmZnFsNHVsRmZmNERTbGZWa0t6bXhsTm9BUGpBRnFlN0dmNk1lT0g1NUtNeEwtd0ZycjVMWlp6Q2J6Mm9BdFo3cF9KTEFPTWRfWGdjdHg1d3drclI?oc=5&hl=en-US&gl=US&ceid=US:en,Gestão e RH,Imprensa Local,Teixeira de Freitas
2024-08-25,Qualificação dos professores influencia desempenho no Enem,Jornal Correio,https://news.google.com/rss/articles/CBMiqgFBVV95cUxPVW5OOFJwS0RWcEpQb3lMQ3hZOTN5WjdRT3lJMS1TV3BsekJPRXNkVVpEWWR0aW1CazlnRERTNFFfNmM1eVpUOF9JaXZyVXVGSF9tYnR1VWFxdGM2NzZPSkFXQ0pOXzhibHZPRVJ5MnloUEFqRzlrWllhRTFoUWFjNDF0VVdGRnVCWTJZam1JMF9BNU1TRUNIeUl2cTlFNk9XYUNHRFFSdHRvdw?oc=5&hl=en-US&gl=US&ceid=US:en,Gestão e RH,Imprensa Regional (Bahia),Geral / Não Especificado
2024-08-25,Escolas públicas se aproximam de particulares na redação,Correios,https://www.correio24horas.com.br/educacao/escolas-publicas-se-aproximam-das-particulares-na-redacao-mas-distancia-aumenta-em-matematica-0824,Institucional,Imprensa Regional (Bahia),Geral / Não Especificado
2024-08-25,"Escolas públicas se aproximam das particulares na Redação, mas distância aumenta em Matemática",Jornal Correio,https://news.google.com/rss/articles/CBMi2AFBVV95cUxQUHlnbm9ueFp3TU5QRU1CU2Jqcjg0SUZORmNSazJwbXZTTDRNc1dLbnY5SHNwZ3RmY0JOeEZ1MDJjWFhaRW9OSVlOUlluSDZ0RjVWZ0VKQWlheXh3MWo3RmZnWHJNVjhPYWU0UXRXZVFrVmVwak9YVFlram5kSThhdm1jUlllR0dHV1NBQkxqWkE3NTl0VXdvRHFibnZIdkdsbU94TVhvTkVmMHVoLVIzbUlhUV9VTjlGYmJFRmpqMzhWb3AyNS11RHlLbXN6R0lCOWl6MUxCbVM?oc=5&hl=en-US&gl=US&ceid=US:en,Institucional,Imprensa Regional (Bahia),Geral / Não Especificado
2024-08-25,IF Baiano abre inscrições para cursos técnicos em Teixeira de Freitas - iBahia,iBahia,https://news.google.com/rss/articles/CBMi0wFBVV95cUxQN3pCTDRsRm5WQTc5R0lKMjEwOTdVOXB3Q1ZacmkwTXQxTEpzVndtVGFDdDNDeWhZS1pjU0hodUFDQWZIb0J0X2FYTjVxb3piQzZyMmd1dDhDall2cjQ3U0R1azdEWXJUX0ZVVEhBVERWZ29mTnBVOXdrTDA1NE13c1hORzVoMm1sbU9TUXF3ajJrRzBBdjdnVFNpOS0wRzZEeHpTQ1FSSktUcGNUZ3Q0N05IRUFDX29KY19Qend0NDZVa1M3cXJnbFhnd1FUbUNDdi1z0gHbAUFVX3lxTE5LdXZCNHpwN3l1QTdqWVg3NE5WVG51RXFST2d2SXA5ZUd3eUxFWUtuNTBVQmFNSjB0N2lXQld5T0ltQm9JWWpQZHZrWWxaMllqY1c1ZjhYR2Y4cktSdk1Dd1ZjZVRNdi1qYzB5RFV4U3RuMnQxQlY1OC1qbVRfU1dGV3NTbmhaSzBxNGJwUEdwSGpEbVNZaEhvYnFwV0JUT1NmWUo2dkdZS1ByQzZCNFQ3LTQ4Nl9vOWJuQkVLV2pYX2tCLXN3M09vcGlWSjlKQmMxa3FXVXVfMHN4cw?oc=5&hl=en-US&gl=US&ceid=US:en,Ensino,Imprensa Regional (Bahia),Teixeira de Freitas
2024-08-25,Prosel cursos técnicos,IBahia,https://www.ibahia.com/interior-da-bahia/teixeira-de-freitas/if-baiano-abre-inscricoes-para-cursos-tecnicos-em-teixeira-de-freitas-325040,Ensino,Imprensa Regional (Bahia),Geral / Não Especificado
2024-08-25,Qualificação de professores classifica desempenho no enem,Correio,https://www.correio24horas.com.br/educacao/qualificacao-dos-professores-influencia-desempenho-no-enem-0824,Gestão e RH,Imprensa Regional (Bahia),Geral / Não Especificado
2024-08-25,Bruna Ferraz,Bnews,https://news.google.com/rss/articles/CBMiYEFVX3lxTE9tX1pXajJOQnpuc1hTWFZhOXZHSGRTRzB2c1FvelY5NXNIQ0Z4dnZPQkxMclpwRHQ5NE0wRjVZVmpPVzd6OTFBSHlJenJNV01lMFpQdU1OT0JDcWEyWHhQRA?oc=5&hl=en-US&gl=US&ceid=US:en,Institucional,Imprensa Regional (Bahia),Geral / Não Especificado
2024-08-24,BA: Acidente fatal deixa um morto e três feridos em cidade do interior,Bnews,https://news.google.com/rss/articles/CBMitwFBVV95cUxOTmQzRkpZS2NxeXlRR09BWjhOYnJmMS1MVnB5RkJJYTIybXp3aWM2MlNzdEhoRTNwaFhsU2NUX2FWSWUyNEsxS2F2ai1jTll1N1hFRVVwek1yYVpaZHFrdUl2X1hhSXduWWdWNWpoRGhfRUNvVXM3OUZpS3JURWNnRDBvQ1dXbzQ5bjAtaFllbi1EUVR1T0g3N3BoVnB0cTJhX3pfZEtFWFc3ZXZ6MWczcUFpbm5fZzDSAbwBQVVfeXFMT04xbFJVTkNtUUdKZGxTem1uMGtlVGtuQlp2eTVpcWlmUjY1eHZON0xJcEkxcmlkdUNrejNFQW9nUzI1QzF3c0NFTmQyN01ZUENhbFp5WFZZSkphZEZDSUJxNlA4dGRNT2JGa0xNXzRwTEF2VC00djl2bThPOERfV2xXMkZqZHVzUER1NWR2Y0Z6TEtyb2hkYXA5UXE0dmdWZG1kbWJQOVlzTm9ZUG9VUVRQVUQ3dmdjNHl6MDM?oc=5&hl=en-US&gl=US&ceid=US:en,Institucional,Imprensa Regional (Bahia),Geral / Não Especificado
2024-08-24,Primeira etapa do concurso público da prefeitura de Bom Jesus da Lapa acontece neste domingo: tudo o que você precisa saber sobre a prova,Notícias da Lapa,https://news.google.com/rss/articles/CBMikgJBVV95cUxPejlHSk5aOXlMRS1ZeDJoNmRVWGxOX0JDci1lUTExYWhxVlFheUFPOXJ3WmFqWkF5WFBaQUxjelVpN2pza2NMMWtaMDAxRE1peDc4QWtIeWlkWmRIclJ3ZUJnZUI0OWFacW95dy1SbHhOUUFJaWpJY29UYy1oOVZORjBnYVRmLXBuVGZMSDYzZlJQVHFHOVJKbFh3TFRaVWs0QW9VTm9hSC1WLXhnMFRsdElaTWlLbGxhVEFaOHNJdjY2cE1CMXpvYzhidFFpM01VdjR1OERQVXkxWEQ3NDdmVWNsLUlBSzV4YldPelIwU29hQjNNZTM0dEp2djQwNVhmNmlMX0JlVklqS3UyNHNvZXRn?oc=5&hl=en-US&gl=US&ceid=US:en,Gestão e RH,Imprensa Local,Bom Jesus da Lapa
2024-08-23,Prosel professores substitutos filosofia e quimica,Perfil,https://brasil.perfil.com/economia/processo-seletivo-if-baiano-2024-vagas-com-salarios-de-ate-r-6-35602.phtml,Gestão e RH,Imprensa Local,Geral / Não Especificado
2024-08-23,IF Baiano oferta cursos do Programa Mulheres Mil em Bom Jesus da Lapa e Santa Inês,Agência Sertão,https://news.google.com/rss/articles/CBMivAFBVV95cUxPdUVEeFJ0TDdiZHlyUEs1elYtUFhpd1F6Yk9xdFIwOTlnU0FVbXAxRmlKSHZTMDF3bUtqX3dGZExkbFpMUm1qQTRoVDF0dXJHdW1QbXFpS0NwMGotcmVDa2owYk5DZWNZc3FoNE5hWHh5MEpJUzFfVV9QQXNUU1kxOEtrR2hOeXBDSmNVa2NqcFR6dVp2UWFlUkJaTDUxTlJwMXZoQzlCdHUxT3pFMDMxTlZEdGQ4UkNBdmREbtIBvAFBVV95cUxPdUVEeFJ0TDdiZHlyUEs1elYtUFhpd1F6Yk9xdFIwOTlnU0FVbXAxRmlKSHZTMDF3bUtqX3dGZExkbFpMUm1qQTRoVDF0dXJHdW1QbXFpS0NwMGotcmVDa2owYk5DZWNZc3FoNE5hWHh5MEpJUzFfVV9QQXNUU1kxOEtrR2hOeXBDSmNVa2NqcFR6dVp2UWFlUkJaTDUxTlJwMXZoQzlCdHUxT3pFMDMxTlZEdGQ4UkNBdmREbg?oc=5&hl=en-US&gl=US&ceid=US:en,Ensino,Imprensa Local,Bom Jesus da Lapa
2024-08-22,Prosel cursos subsequentes,Vida Diária BA,https://www.vidadiaria.com.br/index.php/educacao/10881-if-baiano-abre-processo-seletivo-para-vagas-no-ensino-medio-e-subsequente-dos-cursos-tecnicos-de-administracao-agropecuaria-e-florestas,Ensino,Imprensa Local,Geral / Não Especificado
2024-08-22,IF Baiano abre inscrições para cursos técnicos em Teixeira de Freitas,SulBahiaNews,https://news.google.com/rss/articles/CBMipAFBVV95cUxOU1ZzWGo4NlVhUExkZVJPbzdycEl6RVhxR3dkNldvX1ZONDdDVl9IVndsNTluX3FEd3hDdDhRSzdwajNLRkhENjZYcnFlZjQtcFdDcWkzeVRxM0p1OG1kWEVuM1R5b2stWlpQOFBVV0N1S1lVYnplRFZaZTNfR3g2cGQza2hib1pSckJobGdNZXA3MjdBZ3ZaXzBoLWNMSHBOVTR6Yw?oc=5&hl=en-US&gl=US&ceid=US:en,Ensino,Imprensa Local,Teixeira de Freitas
2024-08-22,STF nega relação de vículo empregatício entre a atriz Carolina Ferraz e Globo,Bnews,https://news.google.com/rss/articles/CBMi0gFBVV95cUxPUWJXWHFYX3FEYlJ0MTZJLVJuTkczZlMwRUpiMDhQZ2tnSHVsYVJtbENrUndxMkRLcnpocFdLT3hvbmxFRUhVUExyVGtlRzZ3MEVVbHJlZWg3MlRVVjBac1g5aFFlQ3hqUjE0ckFWakJ3dmREc2h2RjQ4dmtIUkRBRzc4TmU4V0lycE9Jal9jVFc5NzROY1MxSWpSRzEyOHNFYnFhejZmeE5pcmNwR0VaR0o4V0tDSVEwOFFRQlkxRUlPREcwRkdPSnNVb2Y1TExkQXfSAdcBQVVfeXFMTjlwU2VqNVFCaFFYbTkzUTlXS0VGV2NTS1lwMzV0SURaUjh2anNCNTgxcERoQXU1ZWE2bjVPYkhVLS1NbEF6WnMyUVAzcElZUU5KY3RWYVV2Y3puZ3hldUxadGtxOWgtdmZEdnlKU2p4NFQtbl9mTFFrVkhoMzV2bU9URHMzR3Q4YnF5dHBqcm1Mem9OUEZOMzRmbEphdnBMUkNZeGxTVnNLeGMtb2hZYzlNUHZpSG42LXZGZUZCd3VHQm81Q1RWS1ZjSHlENUVuaG9EZElBdGM?oc=5&hl=en-US&gl=US&ceid=US:en,Institucional,Imprensa Regional (Bahia),Geral / Não Especificado
2024-08-22,#Chapada: Construção da Praça da Orla Ademar Matos fortalece comércio e impulsiona turismo em Itaetê,Jornal da Chapada,https://news.google.com/rss/articles/CBMi3AFBVV95cUxOTlVKVU56V01INy0tdHVvQWk2SmlKYmxDclRYcmZONnBhYVctckJvNHBQMGVoVEttdWdRbktwbG5SS1ZZME1LT2lUd050MzZ6dkdPWW9mQjlSeVFxMnJaOWtjeXA0bzR6aklEZ0Flclc5MVhoWFlHM1Z2OUstamVTX3lSaF9ZR200MDBpVUcyU2VmN2dUcnpuMGFJSVFUVjFnYWdmWThYelZjWGdVb0RaMXRvT29HUWdSc2JTalBNTEFQak5DUGwyOU1kMWEzd2lIVmpYNERBa0l6ZXpw0gHiAUFVX3lxTE9UdmxTLVBCOGl6WmhRWGNWdkdmcU1nM2J0RjBzMWRDVDY0ZzBkTHpicHh4aFhXMXBHSHhBaE5pUTUwejVQbzN5S0dBcU9CaUxOREhReWtqMjlKWFhGeU1CUGlGOVNuajlEaVc2NFJhTDZyVE4yb0JNMUdYLW9Jd0ZqVG82Y3cxNWJDcFBCcng4NDBrMmZHU0VUZFRuNVZCa3VWU2lYTUdXOGZRR014RjBPR3pwcnVpSnhxZTM4U2NxVWpxTU1iSlZyamhnQWtyNTlDQl9xTlBTQU5ucEpqMkFlUXc?oc=5&hl=en-US&gl=US&ceid=US:en,Institucional,Imprensa Local,Geral / Não Especificado
2024-08-22,Coordenadora do IF Baiano destaca importância do semiárido de agroecologia e produção orgânica,Fala você notícias,https://www.falavoce.com.br/bate-papo/288-2024/08/22/coordenadora-do-if-baiano-destaca-importancia-do-semiarido-de-agroecologia-e-producao-organica,Institucional,Imprensa Local,Geral / Não Especificado
2024-08-22,Prosel professor substituto,Click Petroléo e Gás,https://clickpetroleoegas.com.br/trabalhe-no-instituto-federal-e-ganhe-ate-r-6-35602-r-1-500-de-vale-transporte-e-alimentacao-if-abre-novo-processo-seletivo-com-vagas-de-emprego-para-professores/\#google\_vignette,Gestão e RH,Imprensa Local,Geral / Não Especificado
2024-08-22,Prosel cursos técnicos,Sul Bahia News,https://www.sulbahianews.com.br/if-baiano-abre-inscricoes-para-cursos-tecnicos-em-teixeira-de-freitas/,Ensino,Imprensa Local,Geral / Não Especificado
2024-08-21,Prosel professores substitutos,Sul Bahia News,https://www.sulbahianews.com.br/if-baiano-abre-processo-seletivo-para-contratacao-de-professores-substitutos-em-teixeira/,Gestão e RH,Imprensa Local,Geral / Não Especificado
2024-08-21,Liderança IFs nota do enem,Agência Sertão,https://agenciasertao.com/2024/08/21/colegios-militares-e-institutos-federais-lideram-notas-no-enem-2023-entre-escolas-publicas-da-bahia/\#google\_vignette,Institucional,Imprensa Local,Geral / Não Especificado
2024-08-21,Prosel professores substitutos filosofia e quimica,Concursos no Brasil,https://concursosnobrasil.com/concursos/ba/2024/08/21/if-baiano-abre-vagas-em-selecao-ate-r-63-mil-mensais/,Gestão e RH,Especializados (Nichos),Geral / Não Especificado
2024-08-21,Colégios Militares e Institutos Federais lideram notas no Enem 2023 entre escolas públicas da Bahia,Agência Sertão,https://news.google.com/rss/articles/CBMi0wFBVV95cUxPTlhIU3RpcHlxd2FCTExWaGlsSjhUdmRCOXJ5anRoeFpwa19VNFMzZThidEFtRmVWSC1tcTI0d0pOSzJwNnhfamVES2F0aW1NckV3cDZYOTNPZUg0bFMzVC1QcU9qbERhck9MNnRROEFLNWE3dHpONXV0aXlZdnBxV3ZFTFZfZXhkaVJKenRCeWFRZVpKZFM3cy1MT3h2UTlZOXFPa1Z4WVlhT3Nkb1o3WUxISkhhWlgwWFJBbkFFRWhabE42dy1BR2xPUmNFZkJnME5R0gHTAUFVX3lxTE9OWEhTdGlweXF3YUJMTFZoaWxKOFR2ZEI5cnlqdGh4WnBrX1U0UzNlOGJ0QW1GZVZILW1xMjR3Sk5LMnA2eF9qZURLYXRpbU1yRXdwNlg5M09lSDRsUzNULVBxT2psRGFyT0w2dFE4QUs1YTd0ek41dXRpeVl2cHFXdkVMVl9leGRpUkp6dEJ5YVFlWkpkUzdzLUxPeHZROVk5cU9rVnhZWWFPc2RvWjdZTEhKSGFaWDBYUkFuQUVFaFpsTjZ3LUFHbE9SY0VmQmcwTlE?oc=5&hl=en-US&gl=US&ceid=US:en,Institucional,Imprensa Local,Geral / Não Especificado
2024-08-21,Conif se reúne com SECADI/MEC para discutir e potencializar ações de políticas inclusivas,CONIF,https://news.google.com/rss/articles/CBMi0gFBVV95cUxOYXVUTG1EU2lwMnByT19lOEEyMktjV3BFS1R3NE9DS1Ruall5SDdxa2lkSnE4RndHWkpGamRoWkZodXlnSk96Q2hPa0RkajgyLWxic2oyQjVZYVNHWnJnVzY0QUxCY1VNdHRSTGRDWDF4dno3WVdVTkFhUkk2Nmh0aG9LbGhlbjI1ZjBrdGVUTU93anM5NkxHRFREZHRhQWpQS01uajE4RWpRNGF5VnNGY1V6S3dpWVdKRjNBOS15cGtxMmV4VVpyc3VEem41eGgzaWc?oc=5&hl=en-US&gl=US&ceid=US:en,Institucional,Institucional / Governamental,Geral / Não Especificado
2024-08-21,IF Baiano abre processo seletivo para contratação de professores substitutos em Teixeira,SulBahiaNews,https://news.google.com/rss/articles/CBMivgFBVV95cUxQcGpSZnNoOGtsbzAwX3hLLVBkQVk3d3V3MUMxTVhNZ2E5NkJXMnN5LWtsY002U2JJRHg5Ykd2STdSWFRhSEV5X0cwb1pGSzNrczRrOGJLclNNWWc0Z2IxTE9Mb1FJZEdUYzVtRU9WMHltYmlQaHhYTmNMMUIzd3ZkcGJnaXJwc0FEMHlpRkdFWkZ4c28yR1ZkRHRPNUo1bGxqTTQtc1NHUTNMekQ2R1ZoSHdIdGFzX2tWZUp6UXd3?oc=5&hl=en-US&gl=US&ceid=US:en,Gestão e RH,Imprensa Local,Teixeira de Freitas
2024-08-21,Prosel cursos tecnicos,Pimenta Blog,https://pimenta.blog.br/2024/08/21/if-baiano-abre-105-vagas-em-cursos-tecnicos-no-extremo-sul-da-bahia/,Ensino,Imprensa Local,Geral / Não Especificado
2024-08-21,"""Em briga de marido e mulher, deve-se dar uma cacetada no agressor"", diz advogado criminalista; entenda",Bnews,https://news.google.com/rss/articles/CBMi6gFBVV95cUxQTjJ6Y1ozV2pEVUUzaFZCRkttdzdVREFwTEFhNHFKR20zQ2czOGw0ZVZIRlZ5UEVZeWNxa1BINE9fRkFtMUNWaGxnZFFhaVVIRG1QcHFaRS1rWjhTa0E2ZlVIX2dlSVE2MGdwZ0pNOGtmaGRGYTNVUVJiek9ibmxTR2x4ODd6N1J1VnB5SmdvNVR3ZmhKNXlUYVlBaS1UMTdGaFBXaUpCMFUwWmsxdU1JTGxOcHBLRE9TS2hYVTNIa1ZkYmZCWnVMNFo3VFBHbE9qS01TTWdxQUxHWXBKc2ZFenlKQmZGMUZOaGfSAe8BQVVfeXFMTkp0dDNKaGFpV2VTRHpjQ0JHMkVDdEpmdmVtODFoNXp3UkJwYURqdy1BSUphLV9xUFhPOEFxdlRJQ2dMS2x6SkVPdFhpRm9IajF1aHRsSnhRZVlEckhScmg3NlZaVDFYM0lBbDBqM2p4RVFvTy1hZE03SDRyRlBmYkZPVGxRT3pIUkpXWXMwdXhpMXlEWlhGakZmNzBJZC0zRVZpdldvZFB1LTlYXzhVLVV5UDd3YXdqZU5DMFBDRkFNcjFfa0stblhZc3ctUGZ6a3pVd1BlT1NRczN6QVQ3eHhYY2pTUFd3elVycFRLMEE?oc=5&hl=en-US&gl=US&ceid=US:en,Extensão,Imprensa Regional (Bahia),Geral / Não Especificado
2024-08-20,Prosel professor fisica e quimica,Ache concursos,https://www.acheconcursos.com.br/concursos-bahia/if-baiano-vagas-professor-filosofia-quimica-73938,Gestão e RH,Especializados (Nichos),Geral / Não Especificado
2024-08-20,IF Baiano abre vagas para Professor de Filosofia e Química,Ache Concursos,https://news.google.com/rss/articles/CBMinwFBVV95cUxPUlVnNWZUcDNxcW9IQjAzb2RGSmUyMzRINHR5Nm04QWFoR3pXNU80UW1DcktxazAyZmZUR1RkbmozODBxUGNqS2dsaEJwbmlPcFlIM2R4eWhKQTEydXB2YVFnRVNLR1Zxd1ZzUl9aYnJSai1hNEJPT1RvT0pKR2VWYV8zaUYycGxrVnRWSk1RaWZZZU5ZSTR6ckpRTGJvbEnSAaQBQVVfeXFMTzN3aWtZR1dIcEMtWGNmaWFFMm5GOFJzcV9DRXVmNjNQUV9WWVJtaEplWFBXZVZsSS1YbGhscXZuQnVwRjZpLUlvWXZNdVVYNDluNjV6MndpQ2NpSE5NcU9PcmdCMlVuV2dYOGJKaHhlQ3hzV3pNdHkyM2d5NVE2UE5VeVFCcFE5Mk5qYWVfdmM5MkgwOGYycGthX2Fiajl6S3RkNEk?oc=5&hl=en-US&gl=US&ceid=US:en,Gestão e RH,Especializados (Nichos),Geral / Não Especificado
2024-08-18,Prosel professor de educação física,Infonet,https://infonet.com.br/noticias/educacao/if-baiano-campus-alagoinhas-seleciona-professor-de-educacao-fisica/,Gestão e RH,Imprensa Local,Geral / Não Especificado
2024-08-16,Prosel professor duas cidades,Agência Sertão,https://agenciasertao.com/2024/08/16/if-baiano-abriu-processos-seletivos-para-professor-em-duas-cidades-2/,Gestão e RH,Imprensa Local,Geral / Não Especificado
2024-08-15,Prosel professor de química,Qconcursos,https://folha.qconcursos.com/n/if-baiano-processo-seletivo-quimica-xique-xique-2024,Gestão e RH,Especializados (Nichos),Geral / Não Especificado
2024-08-14,Instituições da Rede Federal podem participar de edital do Projeto Redes Antirracistas,CONIF,https://news.google.com/rss/articles/CBMizgFBVV95cUxOT0Y3eHlSUzNMUUNkREFlUnNreUtLLXRRUkx5WkhGVmhUOVNsazJaV0lIeVhfRERKMkRhVUM0b0ZuMk1MS25RLVFrT1NUZjZ1UGFCaTh4blRHNVFHMGVCWEZmQmVfcWdHU0ZFcjdQRDM4ZlVTYVB2TmRnQVdUdDZLWkE0Zkh6X25RNHpDM1ZLNUx5Qlp0TnFmX0tmV0tYcDNRenBVQ2l4b2lqdzk0cXVTdkE5UEczR1BJQU5oZzlVaDVQZTRKXzNXcUpIS3hDdw?oc=5&hl=en-US&gl=US&ceid=US:en,Gestão e RH,Institucional / Governamental,Geral / Não Especificado
2024-08-14,Prosel professor de educação física,Qconcursos,https://folha.qconcursos.com/n/if-baiano-processo-seletivo-professor-substituto-2024,Gestão e RH,Especializados (Nichos),Geral / Não Especificado
2024-08-13,Prosel professor de educação física,Ache Concursos,https://www.acheconcursos.com.br/concursos-bahia/if-baiano-vagas-professor-educacao-fisica-alagoinhas-73728,Gestão e RH,Especializados (Nichos),Geral / Não Especificado
2024-08-13,IF Baiano abre vagas para Professor de Educação Física em Alagoinhas,Ache Concursos,https://news.google.com/rss/articles/CBMiqwFBVV95cUxPTkYxamlmcUZtS0U4VzdGanM0UnVQUmpKSDI4cFliTUJVMTZOdU1BMUFuTFlwTlBoTHl0VWpVTHVjQll6Sm5VS19yNVItZVNnX3VxS3VFbXVzT3NxLTJUbFgyb1ZNdWdjeDVSeGVIQnduQzduaUpuaWlHWXZTR1JzN0FVQ2ZTLVVKdFlkeVd3Mm9HU2Nka1JfWURCWE16dGpCSVJOYjhjekJHWkXSAbABQVVfeXFMUFktdl80SEh6MzlPdm05NzhQbVl4TXhndks4aHlNOUotOWUyM09mdDA3SHhWOVpEQWdzY1gwQ05jT2tOQUNrOXhicHEyMVJ4Y0ZDRThNZ3JBV3FqcnVvMXVLbzRfZDBDcHhoVzV6N3ZpRk4xZ2VudzN2NUpsYVhRdi1wQkRfMHRYUERfQ2g0RGt3TnRubnJFR1E2RmkwVWY0Q3hhS0dEcTlkblNpdmRDTnU?oc=5&hl=en-US&gl=US&ceid=US:en,Gestão e RH,Especializados (Nichos),Alagoinhas
2024-08-13,Prosel cursos de empreendedorismo,Agência Sertão,https://agenciasertao.com/2024/08/13/if-baiano-oferta-80-vagas-para-curso-na-area-de-empreendedorismo-em-bom-jesus-da-lapa/,Ensino,Imprensa Local,Geral / Não Especificado
2024-08-12,Prosel cursos pós graduação,Agência Sertão,https://agenciasertao.com/2024/08/12/if-baiano-oferta-30-vagas-em-curso-de-pos-graduacao/,Ensino,Imprensa Local,Geral / Não Especificado
2024-08-11,IF Baiano Campus Teixeira de Freitas anuncia processo seletivo para cursos técnicos,SulBahiaNews,https://news.google.com/rss/articles/CBMitwFBVV95cUxOSXB1NjNDdnVmcFdIeXV5akNZcTBPOFg5RThFNzlJT0VmWkdnSEJlNmt1VnRRZ3VYRURmcEZCU0ZfTm5KV3dSLUZtdVkyODhOVmR4V3RzOUpIYmdFQnExVzJSNzBHcndheTBURzVHTzNlZDJZOXZLV29fakk4OHdVTXdvRTFkazhjX1ZrZjMwaXpCdkYyTndyV3ZtVDFtTFhuTzJiQWR1QXZmRUd2cURKUGJkNmFoSjQ?oc=5&hl=en-US&gl=US&ceid=US:en,Gestão e RH,Imprensa Local,Teixeira de Freitas
2024-08-11,Prosel para cursos técnicos,SulBahia News,https://www.sulbahianews.com.br/if-baiano-campus-teixeira-de-freitas-anuncia-processo-seletivo-para-cursos-tecnicos/,Ensino,Imprensa Local,Geral / Não Especificado
2024-08-09,Prosel professor substituto de química,Concursos no Brasil,https://concursosnobrasil.com/concursos/ba/2024/08/09/processo-seletivo-if-baiano/,Gestão e RH,Especializados (Nichos),Geral / Não Especificado
2024-08-09,Prosel professor substituto de química,Carlos Brito,https://www.carlosbritto.com/if-baiano-em-xique-xique-abre-selecao-para-professor-substituto-de-quimica/,Gestão e RH,Imprensa Local,Geral / Não Especificado
2024-08-09,Prosel professor substituto de química,Ache Concursos,https://www.acheconcursos.com.br/concursos-bahia/if-baiano-vagas-professor-quimica-xique-xique-73644,Gestão e RH,Especializados (Nichos),Geral / Não Especificado
2024-08-07,Prosel cursos técnicos,Pimenta Blog,https://pimenta.blog.br/2024/08/07/if-baiano-abre-inscricoes-para-vagas-em-curso-tecnico-no-campus-de-urucuca/,Ensino,Imprensa Local,Geral / Não Especificado
2024-08-07,Prosel vagas remanescentes Sisu,iBahia,https://www.ibahia.com/interior-da-bahia/if-bonfim-abre-inscricoes-para-vagas-remanescentes-do-sisu-2024-323785,Gestão e RH,Imprensa Regional (Bahia),Geral / Não Especificado
2024-08-02,Prosel vaga professor substituto,Click Petróleo e Gás,https://clickpetroleoegas.com.br/processo-seletivo-if-instituto-federal-com-salarios-de-5-35037-beneficios-abre-vagas-com-jornada-de-40-horas-semanais/,Gestão e RH,Imprensa Local,Geral / Não Especificado
2024-08-01,pl-11279,GOV.BR,https://news.google.com/rss/articles/CBMiiAFBVV95cUxNWkgwblJlLWtJbVlmVjJSUGtzTkp2QVFYQjdTV2JPNGhRTDlXRWdDMnFkY2pwa2dwbGdCQUtSV1BDcER5YUpvcThQb19qU3VEeVlzbkx5YW5LR0pQQ2EwOF96QXBGc0h2cFY2dDRYeFp2S3gycmx4QU9FckhrVkxSaURvT0ZBR3Q2?oc=5&hl=en-US&gl=US&ceid=US:en,Institucional,Institucional / Governamental,Geral / Não Especificado
2024-08-01,IF Baiano abre vagas remanescentes para cursos superiores; confira - iBahia,iBahia,https://news.google.com/rss/articles/CBMiwgFBVV95cUxPM2w2UUpYWXFpTGNiQ2Z5MmFPUXU0d2Vkbnh0N1NBMXZEX1AyQXN3c3I3aS1hbXhkak9tMXV6WDl3bjNOb0RSUkhXdEFza2dvMDQtM3puLVFMZW9YbkdfSTU3aTdWZzE0cm9VVUV2aGRUMUs0ekQyWEhVUUt4NThEQjExYmdySlJhTEJIbGRjV2ZHaldtVC1XWnJmcGJjOGVxUDFYTlh1TmtjTmJqZGVuOEMxSUQ4ckg3dk9fVU5ObjBzd9IBygFBVV95cUxQZURRYmdjMzI2VU03MC1udnpYeDVWckMycW13WlQ0TV9FOGdRY09GaUprMnZ1S2pQLUR4VVZ0VmV3WVBLaHNqVWNIZ0E3ZkhrMm1GR3BLQUZfclVucWtBczl4VE5GeEZyLUMyc2NVRzAtbGZPU1ZVN0pQNzhUdlVmSjM3UkRDT25teEM2cWZOWThkMWVGX1lTa01rbkJ4cWtLUWNEd2VWMFhXb0d3a21XT1JnS1d5Vml1V0gyNTMxbDFoRGFLdUlTQ1lR?oc=5&hl=en-US&gl=US&ceid=US:en,Gestão e RH,Imprensa Regional (Bahia),Geral / Não Especificado
2024-08-01,Prosel  vagas remanescentes para cursos superiores,Agência Sertão,https://agenciasertao.com/2024/08/01/if-baiano-abriu-vagas-remanescentes-para-tres-cursos-superiores/,Gestão e RH,Imprensa Local,Geral / Não Especificado
2024-08-01,Prosel  vagas remanescentes para cursos superiores,iBahia,https://www.ibahia.com/interior-da-bahia/itapetinga/if-baiano-abre-vagas-remanescentes-para-cursos-superiores-confira-323385,Gestão e RH,Imprensa Regional (Bahia),Geral / Não Especificado
2024-07-31,Prosel de profissionais técnicos em Libras,iBahia,https://www.ibahia.com/empregos-e-concursos/if-baiano-contrata-tecnicos-em-libras-salarios-sao-de-r-45-mil-323246,Ensino,Imprensa Regional (Bahia),Geral / Não Especificado
2024-07-31,Prosel profissionais técnicos em Libras,Bahia Econômica,https://bahiaeconomica.com.br/wp/2024/07/31/if-baiano-oferta-vagas-para-tecnico-em-libras-com-salario-de-r45-mil/,Ensino,Imprensa Local,Geral / Não Especificado
2024-07-30,Camacã: Obras do IFBA seguem a todo vapor,Prefeitura Municipal Camacan,https://news.google.com/rss/articles/CBMifEFVX3lxTE14SzRua1MwLXEtRGNnV1lJUmtmM2oyeTNrc1dCci1fZEQ5RjBvbzA5Q3BqWEs3TmIyTkFLY3FQY2hPRmF5ZkJOdjU2NVdtWDBEZTF1UzE2b1RLT2JMeGEyY2pQdVdHTGYtSDFXVXJPWXZ3S1RCYnE3dVZDRXA?oc=5&hl=en-US&gl=US&ceid=US:en,Institucional,Institucional / Governamental,Geral / Não Especificado
2024-07-26,Prosel cursos técnicos subsequentes,Itaberaba Notícias,https://www.itaberabanoticias.com.br/educacao-2/if-baiano-campus-itaberaba-oferta-50-vagas-em-cursos-tecnicos-subsequentes,Ensino,Imprensa Local,Itaberaba
2024-07-26,Prosel cursos técnicos subsequentes,Blog do Gusmão,https://blogdogusmao.com.br/2024/07/26/vagas-para-cursos-tecnicos-em-itaberaba-meio-ambiente-e-agropecuaria/,Ensino,Imprensa Local,Geral / Não Especificado
2024-07-26,Prosel cursos técnicos subsequentes,Oficina de Noticias,https://oficinadenoticias.com.br/noticia/35/if-baiano-n-campus-itaberaba-oferta-50-vagas-em-cursos-tecnicos-subsequentes,Ensino,Imprensa Local,Geral / Não Especificado
2024-07-25,Alunos do IF Baiano são aprovados para integrar competição mundial,iBahia,https://news.google.com/rss/articles/CBMitAFBVV95cUxONVo2QzdEbWFrTjhra3A3NTFwWUthamZYdThkS0RocVpLdVpYSEN3eWZEMWdjMjFhX3RpSHh6WjhRYVpRR0sxOU5SNExENThIcEUycXVvT0RjYW9MUDZRb1pKckR0cWZIYXZRYVJDa21ydV92VzNNSnpBYld4bDI0VzZ6R3EwQUM4OXFoblp1OTk3RTdmUG1aRUZUelZRWk1NVkpiNHRDU2VPZ2x4M3BVaEcwOFc?oc=5&hl=en-US&gl=US&ceid=US:en,Ensino,Imprensa Regional (Bahia),Geral / Não Especificado
2024-07-25,UNESCO-UNEVOC lança guia com foco no aumento da presença de mulheres nas áreas STEM,CONIF,https://news.google.com/rss/articles/CBMiygFBVV95cUxQZGotVjB1NXN4dWNFR3JXZ3N0VGFDRFY3SWhSXzJJdjBrODRpcUtjWUV0Y2YxU2ZhQzZ1Wm1vSm9JM05fNWJSZEQ0SElDLUFKRnpBU1BTNkc1MTJYdjlrYUR2dklVYi1lM19IVlp0UjNHc3VfamswMmxsbnFuOHhQQXlJWVEzZWt2di14Q1U3NU5ZQUthYzB4Y2FvX2lEV3JYTXJDOVE2VWxNOVBoaTIyMDBCeDVmaUVFZzRDeGhWOHNmZnIybjA5RkVB?oc=5&hl=en-US&gl=US&ceid=US:en,Institucional,Institucional / Governamental,Geral / Não Especificado
2024-07-25,Ifba abriu processos seletivos para professor em Salvador e Irecê,Agência Sertão,https://news.google.com/rss/articles/CBMipgFBVV95cUxONWlVdFJjUmFORTZlT2JVLXRzVzg3WXE3ZlJaVmYtWnVGdU5KdEN5Rmoza2Y0OTJrbnBlSGhVZF9Gd2xVMm5SVWtKY0E0ZDM5QVp1OU5XdGtaclVqN0l1dkxkRndKR1VCOEhManR4TmwyWEtfWGUxakd5amJQY1lUeVlnNThHWENxZUdEcXlGSlIxSWNhNjBBUzJINWVzQ25PcnlraThn0gGmAUFVX3lxTE41aVV0UmNSYU5FNmVPYlUtdHNXODdZcTdmUlpWZi1adUZ1Tkp0Q3lGajNrZjQ5MmtucGVIaFVkX0Z3bFUyblJVa0pjQTRkMzlBWnU5Tld0a1pyVWo3SXV2TGRGd0pHVUI4SExqdHhObDJYS19YZTFqR3lqYlBjWVR5WWc1OEdYQ3FlR0RxeUZKUjFJY2E2MEFTMkg1ZXNDbk9yeWtpOGc?oc=5&hl=en-US&gl=US&ceid=US:en,Gestão e RH,Imprensa Local,Reitoria (Salvador)
2024-07-24,IF Baiano abre vagas para Professor de Química e Bioquímica,Ache Concursos,https://news.google.com/rss/articles/CBMioAFBVV95cUxPUndqNkZjRmhwQ2FMM3pGV3ZQZXpVQ0NydnJXOUNBWER3TXpKcURWZWFqQ2JYV1RVZEh3MHQtXzZCSFZ5Uk1sV0UzSGpLaHc0dC1ZQUI4WlNtalI2UkdxRzNJclk4cjdRbnJKNDR6WnRMbTVSX2ZuOXlBdXZqb0dzT3FzNUJuMGdXQnV3azRkUHZqUUU1ZHA3Q0dqZHBRRnFY0gGmAUFVX3lxTE5pNW96dVUyejBHMnVMQTh6YzdQUnhac09KYnlGQkJwdHV2VVpEc0tmLW53SndmcDYyekMwNGV6LVh4STZ4aUNUYXEzZmR3WGgtU01lZzVhdHI4aDFaVGpvckk2eUt4d0ZXdEE3X3RQQ3N6YldqODRPM0hkTGFMYjl2Y2FhTjZUMEgxdm03bmc0djJtbUNkZEtzblR0bFQ3eFF1YUNZd1E?oc=5&hl=en-US&gl=US&ceid=US:en,Gestão e RH,Especializados (Nichos),Geral / Não Especificado
2024-07-24,#Política: Leandro de Jesus volta a cobrar criação de Cadastro Estadual de Pedófilos e Agressores Sexuais após caso Aisha Vitória,Jornal da Chapada,https://news.google.com/rss/articles/CBMi_wFBVV95cUxONWExaVl2ZUFhR0RXbF9nVFZ2eks1Q3FqUkRYZjJRdFNuV2hLNEJ5a2tkZkNzd0Qtd3FYYWxMVUwxcGRLWkVqM3Fqb0RNWWZod1BZV29OY0lzQldFTU5sYkJlRmtKS2VpVmsxMVMxeHI3T2JtcWZtVVRCdjh5Z3ZRcGl1eTZ1OTVvM18tck9mT19EcXZHVFcyVy11aVJmVXVsRHRYdHl3N09FNHdkOEh4amxjd05GY3FIc3oxUmpCakQwRzk0X3AySWR0YXd2dTRjbzE0RVVwd1JQam9VYm8wZ2tFai00V281QkowbHRSVmk3ZXZCbzROMktRbDVxLUXSAYQCQVVfeXFMTmZzSDhTa2dBdlgzZVotblFSSk5pNkdIaGtnclFveGk5aFlsNDVLOTdId3VTNE1yYi0wS0huZmpFeDltZ1BZLXU2NnllRng3REZEdGR5dDdINjA0WUEyN1R3RDlKZnFvSVU5UVB0Z0JLMUF0NnJoaEpaQnFzdFBCOGJjaGZwUDFuUDJiVFROTHdxVWMyTkpoZjNKNUU1aUpvTTBnTU5YVmpQMVVwaE1ablJjTU9CY0lLcWpTWVc5NkwxZi03ZXo3S0JSMi1scWJnRkJmVHBYUTVBS3F6ZW1RYUtSNEFfTXVWWV92Y0ZSaDdoUnBpckxRZmFFZTQyU3EtRkVwbzE?oc=5&hl=en-US&gl=US&ceid=US:en,Institucional,Imprensa Local,Geral / Não Especificado
2024-07-24,Prosel professor substituto,iBahia,https://www.ibahia.com/empregos-e-concursos/if-baiano-oferece-vaga-para-professor-com-salario-de-ate-r-63-mil-322825,Gestão e RH,Imprensa Regional (Bahia),Geral / Não Especificado
2024-07-24,Conif lança canal no WhatsApp para ampliar comunicação com a Rede Federal,CONIF,https://news.google.com/rss/articles/CBMivAFBVV95cUxNa05jQnFHekI2LXp3bVlmZFNFS195dV8xY004Vl9zLWZTcnBxNVphR0JYZUFIbmxqRnF3RTRVNUtBQ0pXZ1pXcks2ekpNZXZhYlpvbEdNS0tMMlJ2UVVzMy1BVWRseHFhcXdONTR6WFJFOE84bjdQbUFHY0FtRm5jSk9XeUMwSkVTMzJBUnJwZ1ZxLUx0U1ZLS1F4ck4zZUN0MS1UMmJPVjVhUW1TQkt3d2c0eTNKR0liX0lFZg?oc=5&hl=en-US&gl=US&ceid=US:en,Institucional,Institucional / Governamental,Geral / Não Especificado
2024-07-23,Equipe do IF Baiano foi aprovada no maior evento de drone do mundo,Agência Sertão,https://agenciasertao.com/2024/07/23/equipe-de-estudantes-do-if-baiano-em-guanambi-foi-aprovada-para-maior-evento-internacional-sobre-drones-do-mundo/,Extensão,Imprensa Local,Geral / Não Especificado
2024-07-22,Justiça determina indenização a pais de bebê que tomou vacina trocada,Bnews,https://news.google.com/rss/articles/CBMixwFBVV95cUxNcXQzMUpIQUZ1dEZSS2MybnRNRkoyNHhhWGhRVVhpNTdqTHhDZkxXaElyTDV1SEsxY25jQjJMZ3BCNVpKUXJiU09zV2phZmVITGowbE5pUnc5OWQ0Mm9BNVVkLTlLMTA5ZHdKUFhyUG8zeUF6RjVLUnRybGtmVnlhbzRrMDR5RmNUNlhnX3B1TDVxd29Nb1NwQUItQVlaTmR0Q253RFAzaGVxeDJUOVJqZlN4ZE5lTGoyUTlET1QwUi1VakdPXzMw0gHMAUFVX3lxTE9rVS1xc1REUEFKblNUSkFaTm94dWMxd0ptT3dReUVmQldmNVFXY05nanFYWUdIQXlLMTNBa2xRMlVKZzRXZ1dOUUo5WmxIZkFnUy1vMl9pMnJGU1hFVVBhVjNCeWZULU45UjFIZnNBWG9lNHRBbDl6N2hfQVdEQXZzOWRMMXRWQmt1eGJYUjdkaDFvQV9xRHk3blBmQzZ6c1haRF9vMndQaktaYlRUWEJ5LVFpbzhWb29XVzg2TGFGbGZNTDlGMlQxZkRKQw?oc=5&hl=en-US&gl=US&ceid=US:en,Institucional,Imprensa Regional (Bahia),Geral / Não Especificado
2024-07-19,IF Baiano abre edital para seleção de tutores EaD e apoio administrativo para curso FIC,SulBahiaNews,https://news.google.com/rss/articles/CBMivAFBVV95cUxOMEtucldhSVBBVFhQbFgxSk9ZeFFQMlVPaHQ1QWpPWl92Zk5aUTZqX3E5MDRjdU5URDJLSGxzVTgta2VmNzByM0hJUFlKSk91a21MV1ZJWFQ0dF9EWF9vR0F5LWFyU1pZRGhNYnQ4M1hDZzg2LTBJUkFIX0RaYUlrN1lZM2dXTks0R1N1UzZENzBPenB6ekhPQ2RQZnNBdFNJWUNHSU1SaVVWSGJTZ2FVVTBqcmlNY19NRmo2MQ?oc=5&hl=en-US&gl=US&ceid=US:en,Gestão e RH,Imprensa Local,Geral / Não Especificado
2024-07-18,Projeto de Lei quer revogar direitos de réus primários; entenda,Bnews,https://news.google.com/rss/articles/CBMivwFBVV95cUxOUmctWTZtUm1reGp6aE5GZzlBUG85WHdiSHlFU08yYjlTZmJ5MjIwd0pFdTFEd210NGpMSzlTQ3JlM0FuMFc2YTdTOFNCdnlQQUlSQlVxZ3FBN2p4N204M3hOXzQ0X1MtdFhPNzhUMXYzeGdBNURXVUVrMWY0UU1SRExzY3U4WGR1RXJXNG1NUnZUaXdka2NFV09mR29BaVd3cEczNk1DdjE3b1FyY1plLUlKYmRTRnZkenRnV0dCONIBxAFBVV95cUxOcXBGZHFEak82TG9FdGpKbzY0OGhrSHp1MDJoUkluNUJlU0Q3Q1poM2xvT3RiSVV6SHZtWDRnQVNGRmRkX2NnZXZ2N0NkckR0NHlPVGhjQW1ZN1NXc2pBQnZfbEpOUlN5NG9lZF9XMGpnc1JuM1VBbEtRRWpqNGt3TWNNU3hxdUxHdzFPVHJSbk9Ocl80aE41cTFtS1ktakpXMTVic0s0Z2NtZndwS3lmYVQwcWNwckoyMVRyUGRQZExNTGRB?oc=5&hl=en-US&gl=US&ceid=US:en,Extensão,Imprensa Regional (Bahia),Geral / Não Especificado
2024-07-18,IFBAIANO anuncia inscrições para Formação de Professores EAD,PEBSP,https://news.google.com/rss/articles/CBMiiwFBVV95cUxQTkRIdmdGZHVOUmNUZUk4WmdUb3lDVU52d01HcDZuOHlTaURoYks2X0tQMDcyQUxHajNSM2NtOG5HMEJnLUdxdE4wbE51YTNlQlVxYVBTRmFub2RBci1WM1JaUWt2TFFNWjE5ejdnUGhNMUdjQ1YwUFktTkJ2MEpWQ3Z3c3EzdS1Cc3p3?oc=5&hl=en-US&gl=US&ceid=US:en,Gestão e RH,Imprensa Local,Geral / Não Especificado
2024-07-17,Partidos e Federações podem realizar convenções partidárias a partir deste sábado (20),Bnews,https://news.google.com/rss/articles/CBMi2wFBVV95cUxNazYxeUc2Ql9uaDAtSi1ZUFVRNW85UTNVVDRXUWRFbkxXcWZxclFXc3VSS29ucnlfdEtNVGhtQUhITGpJNmxmUTNSRGhHZXFzRkNCdlBxbWxFMXBfN2JscktiRzlGcWgyX01QVGFGVmZiNUJaTGh5ZF95SEU4RFJGMmdNZnJuMGt3bVA4UWVlT3ZLRkN3WE1mZ2F6ZGs1SFN0dzh6bWNuako4cEJWM2p4czNEQUVEOGNUZUZBQnpHNUF4QzItV3FmOEo0WkN4bGxtQ2hYamxQRk9JRkXSAeABQVVfeXFMTW83SnJfbmZ0RTRKVHdMWXZ2SGtuQV9acFhMa1F0RFVQNEJTSmhaWjRGeWQwZmIyUFZFUG5pUG5fd2lHaGQ1TDdVU3pZRTJId2FNRDJybmVpeHRiTlFTVkphdVlNZUxWNHlzNm5mQXlPR2lWYTlWc3QyWG5XMHVRR2ZpUHd4dkI3MVlac2xWMW1wQXFPazUxcGt2U3UtYTRaUVpzNzl4ckJmajQtN2E1M1lOejRNX21CUTVIUXVHc2R0NUE5NEZGMkNRNmplYklESUtnV1BMbldjTmRvbXZxZUk?oc=5&hl=en-US&gl=US&ceid=US:en,Institucional,Imprensa Regional (Bahia),Geral / Não Especificado
2024-07-14,TJBA sedia eventos que discutem discriminação de juízes negros no judiciário,Bnews,https://news.google.com/rss/articles/CBMi0wFBVV95cUxOcUMzb29fckRfSXlZSVYxeWh1RGRYbGVPMlhNa01CUTVZVHI4V2N6eUdiREF5YmdEczlPNGVKYVFDaWpYNGd6QWd6VHFndkZKZUhsazVqMXhfZXEySTdTZmxfZlJoeFE3SFRNUTZ1dFVLbFJkVU5OV2J5RXktc1pFazNWUGc2NGxIUGxHbTJXVVNROWhGb0FuLVotRE1ZQ2lRYktQZDNjZ2FhYno3bG0yUmE2RlRobV9VLXIyRjgxclhIUjMzbzVTSk5MSXBuaTZZamNv0gHYAUFVX3lxTE1fbzVaUmFZd1NraXl6SVVlaWRZeEVUYmo5bGtoWEZxMHpVZnBFV21tTzRLeWpBTW5xVWIxTXBQOEJ5OWtoZ3Z1LU9DSVZjZjVTQVJDeTFscmdyWkthVFVKY1dzUHNaWThNcktVMVJZNTc3WnR5bWZvM1Vfb1dQMUpIZngzSWxWZnlOZDkxWDBQWDNBbXdEX1ZFV1VSNllFWEttbW9QWHdLZWdRRXNack9qendURmFVMlIwUm0ycHp6NzFBcWVubUNCQ19kOGtFOERsY2VBYWFEeQ?oc=5&hl=en-US&gl=US&ceid=US:en,Extensão,Imprensa Regional (Bahia),Geral / Não Especificado
2024-07-10,#Eleições2024: Diego Castro se reúne com Bolsonaro em Brasília e discute eleições municipais,Jornal da Chapada,https://news.google.com/rss/articles/CBMizgFBVV95cUxPS25MRmtaTGNBbUJBVUY4RHRRSFRsZ1c0SktHbkM3cjdtUEV1azNiYWkzLXJwQmQ3ZWQ4UU1GY2JwODYwaXlrZ0M5SXNYaURrQ3pHc2FZV3pjN09KRE84SHpFd05IdmZFVFc5ZFgxdWhCclVFRmF2aXViSXpPd0plNXpyR1AyWHJEYTdDV2ZiZW4tYld5T3F0MldicS1PSjBfNTlfWkstU0hSX3AzdUt6cWlIcGlsM0UwOG53dHlzSVE1MVZ2Ulk2XzU4WW12UdIB0wFBVV95cUxQQ3dxMnV0VGR0Q3pZTFFmRlYyVmpyZE1HVjAyUzJueFZxamI5N0VuV2FLOF9BVEl5N05Yamt6Y1VhUmhBRk5wT0lDOTZXRmpnUERnX3UxS0J0RHM5VzRfUXBoZ2hhNDZQQkRLWDl5cG5tdEN2TUdJUFotaHhyWE1la3FpQXVtNU11eTZ3UWF3TFA5Uy1iSzEzNDkzY3FrYk9VX1RsVzcwV2Q4Q202MWg4Nl82ZWxXLXNkVkduNU5Bbms0LW5menFYdU1WQ09iRFM5OXg4?oc=5&hl=en-US&gl=US&ceid=US:en,Institucional,Imprensa Local,Geral / Não Especificado
2024-07-09,#Vídeo: Governador Jerônimo Rodrigues não questionará PL que proíbe uso de maconha em espaços públicos,Jornal da Chapada,https://news.google.com/rss/articles/CBMi2wFBVV95cUxQVnRGWkZOUlNmVkdxcS1hVkd2RVpfZ1pYdGFGWVFtX1p6VngxbHNlR0V2QWVpaWlNbDNaOWc2YzJHN1R0c0FwRnZ4emtab1NwVkw5TlkyVE9WTFhneFNnNnUwY1lhUEkyNGNCYWltaHFiOEJ5Q0hENl8wQ3hraG8zZzE2Rk5TMWlNRThybkU1TFVIaDFPODBhR2FzZG9ydlhIZ3h3NVN3TzBoczY5aTVZeURGZnowakw3aFVob3J1VkV3RUE0R1YtR1hJMzFKSTUtN2U5WC1mNlVUTU3SAeABQVVfeXFMUE1aZEhtT1l1ekIydk9IN21NWmNFVjhJVWZmMi16WEVaZ09OcVdFY2czb0pYTE41RmJHMk5sUDZnbFhqZ21VenBFdUlJYURkV3pHWWJpc190c0wxU3BDWDYtZGJzamJpaklkTHFObTJERVVncmZUSFNnQVV3bklwaS00ajhxUW1rRmNUTjNUTy1NeUtvZ0JOTVRQOFB4MThUWHZDYzY3LTVXbWxBX1RBZTFoOEg5YWwwRnA0WHBtMnRFaUVqOXpqck5VX1RSdEtlQUxHNG1IeTRVSU9rMVJGTkM?oc=5&hl=en-US&gl=US&ceid=US:en,Institucional,Imprensa Local,Geral / Não Especificado
2024-07-08,Prosel professor substituto,Agência Sertão,https://agenciasertao.com/2024/07/08/if-baiano-abriu-processo-seletivo-para-profissionais-de-libras/,Gestão e RH,Imprensa Local,Geral / Não Especificado
2024-07-04,"""Mijão"" é baleado dentro de residência no Bairro Triângulo Leal em Itabatã e socorrido ao Hospital",liberdadenews.com.br,https://news.google.com/rss/articles/CBMi1gFBVV95cUxQdUtrbExaWl9mbWkwdWEwZHV5Y3p1YUdGNTNNM2V1QVFONnd3ZTN4dktzZHpFWWg3Q0ViQmFxeHRWNU1FcGhTa19QMUphNzBIUTY2RG12b241Z0Z4VzJDb1ZXWERBNWwyZXRTTkdsNW54eXhlRkFWTnBUc1FTZ0x3RjJxSl9sbG1wVVlzaWpHV0Z3eXYyQmUwTmEzRmJpd3hnTVlnQjBQSzZsYWxmb0lVUzlwdm1FUDlpNUQtcWJ5dnp4U0RUOENTT2tyRnpHa0FNd1RWLUd3?oc=5&hl=en-US&gl=US&ceid=US:en,Institucional,Imprensa Local,Geral / Não Especificado
2024-07-04,IFBAIANO lança edital 116/2024 para Professor de Medicina Veterinária,Ache Concursos,https://news.google.com/rss/articles/CBMiwgFBVV95cUxNZGhHZ1FEN1JVQ29rdFYzUlBiaHo1SW1rNWVGV01UWjlxUDFaWkpJWUNUb1JNNkJXd0xKOHlHd0Z5THE1N05SN3BfVENHczFPRERMT2RxU2RYWGZlOUZfNzMxdmtSbDhzbmo0Zk5SQUVaTmhFaGlCd2VuN0Q1TlN4a045bExEWXhDdGpLTGR2MjBWZHpuUW41QVBSeXBzN1JMdlA3ZkJwMUp1aklwQmRqMWF6MmhBMlRsbEVKVzVRSUVCd9IBxwFBVV95cUxPVEwyb0NvenBpSENjVjRCUnFJbElPbFFnclpsOVFLUUtfdHpDeXh3V0pWVkFFLXNWVVpQTmNqcFp1WHVuZVJnX1ljX3d4a2xKaFliNUN1dWdSRDRISV9mQWJONzQ3TE9IYVc0bkRQM05ZeVdiQ1dXdTdFWXh4eEpxQnNTMV9hQnhrV3RieUFWVzhfV19qdi1tYjNlTnA1YnJTVEE1VmZudzRNYlM0UTA0ejVvWHRBR1oycGdnTnpYT09KYWk2ZkJv?oc=5&hl=en-US&gl=US&ceid=US:en,Gestão e RH,Especializados (Nichos),Geral / Não Especificado
2024-07-03,Campus Lapa retorna aulas após greve,Notícias da Lapa,https://www.bomjesusdalapanoticias.com.br/bom-jesus-da-lapa/campus-do-if-baiano-de-bom-jesus-da-lapa-retoma-aulas-nesta-quarta-3-apos-greve/,Ensino,Imprensa Local,Bom Jesus da Lapa
2024-07-03,Família de Itabuna participou da solenidade de anúncio de investimento do Governo Federal para a Bahia,Prefeitura de Itabuna,https://news.google.com/rss/articles/CBMi1wFBVV95cUxPNURoZi04eTJNMVpHMHdfSlJ1T2ptRGNhS041NDB6NUpLLXBCZUxPS2xxd29GSXo3aDEtVjQ2TG1ySXNFQUY3RjZLSnQzTlFIRHVOd1BFRFVzbURWQmk0VG5WZHF5bHZOdXdWaXVwbGNwcE9rMnJEaTU2SFRNaWkzNDI5NUdGQjByUnZQcXAwV3RtenJwTm95SUJnQkV1OXFrd1dVVk1YMENPeU8xOVk1d1NaOTAzZktnTWpOYm5FenRaMUI2amhpTjBNcEhtM1Y0aFhYSkxITQ?oc=5&hl=en-US&gl=US&ceid=US:en,Institucional,Institucional / Governamental,Geral / Não Especificado
2024-07-03,"Assaí seleciona para mais de 1,7 mil vagas de emprego na Bahia e em outros estados",Agência Sertão,https://news.google.com/rss/articles/CBMiuwFBVV95cUxNeWtWZDNSb0xnSEc4LVR1Q0tNUG5kY3JEU1QyTGxjRFdVbmpCcW5BZ2pBRWJBQnB3aElmWW5SanNvU1Q4Sml2VGtBdkhNbnBzZlF3cVBrY2w0QWhubFd2Sm5sWXlVaGNhRnU0akdiUkxvZjNKWXBJS2lwSDNSelVLa2lub0Y2ZzcwYjZaRDFwZ0NkLXl5RjZvZnd3TFg1d0dQX19uMWlWOU1tSC1WTzYwVGRkN0JkV04tRUpV0gG7AUFVX3lxTE15a1ZkM1JvTGdIRzgtVHVDS01QbmRjckRTVDJMbGNEV1VuakJxbkFnakFFYkFCcHdoSWZZblJqc29TVDhKaXZUa0F2SE1ucHNmUXdxUGtjbDRBaG5sV3ZKbmxZeVVoY2FGdTRqR2JSTG9mM0pZcElLaXBIM1J6VUtraW5vRjZnNzBiNlpEMXBnQ2QteXlGNm9md3dMWDV3R1BfX24xaVY5TW1ILVZPNjBUZGQ3QmRXTi1FSlU?oc=5&hl=en-US&gl=US&ceid=US:en,Gestão e RH,Imprensa Local,Geral / Não Especificado
2024-07-02,Pedra Fundamental do novo campus do IF Baiano em Santo Estevão é lançada,Página da Notícia,https://paginadanoticia.com.br/noticia/34386/pedra-fundamental-do-if-baiano-em-santo-estevao-e-lancada.html,Institucional,Imprensa Local,Geral / Não Especificado
2024-07-01,Prosel de cursos de pós-graduação,Pimenta Blog,https://pimenta.blog.br/2024/07/01/if-baiano-oferta-30-vagas-em-curso-de-pos-graduacao-no-campus-de-urucuca/,Ensino,Imprensa Local,Geral / Não Especificado
2024-07-01,IF BAIANO OFERTA 30 VAGAS EM CURSO DE PÓS-GRADUAÇÃO NO CAMPUS DE URUÇUCA,Pimenta Blog,https://news.google.com/rss/articles/CBMirAFBVV95cUxOVXJNM2dRU2dCVVo3QW5odHF4UVFTcGtyeENxSndFQWhBSFF6S3RubEJ5S2lqQm1DWWlBWW5DUVVQcnI0ZHVfbkJWMy11bEtsWFV3eEgxOVpnbmNNWWkxOXBycHR3QVN3WHR5NU0zVkpDODk1MWpBUHNfdHBnNDdaT0lnRy1pblRTNEd4RXNOVk83VVdxNm4ydkhYbU8wZ2RiUXFjUzNJT0JWcFVQ?oc=5&hl=en-US&gl=US&ceid=US:en,Gestão e RH,Imprensa Local,Uruçuca
2024-07-01,MAIS EDUCAÇÃO E SAÚDE PARA A,GOV.BR,https://news.google.com/rss/articles/CBMihwFBVV95cUxPd1E1VGlaTjFFby1ZaU9MR29RMDhLLUZhUWhuQnVWd2VWSEdlcnBHZTFZWjY3X1BaVkFoVEhmUlhRUXZ1RzE0NlliSDg1TGFLTW5yUXg4WlV3NDZ3U0FSVGdKWUhkRXdXcVVLdzJzNnRrOTg2LVlsNTAtZy1HT0VoMTRtY3o5eUU?oc=5&hl=en-US&gl=US&ceid=US:en,Institucional,Institucional / Governamental,Geral / Não Especificado
2024-06-29,IF Baiano e Ifba têm processos seletivos abertos para professor em quatro cidades,Agência Sertão,https://news.google.com/rss/articles/CBMitwFBVV95cUxQY2hNS3BjVG55RmQ3Z3pYbWhmS0szdnlhSjhUcUQ4bDFndVN2YmtaSFp1UmF4R3FwVzJaYVRzZUhZa0EtYTBVVUt2Yk5zcldUclZwUzBTTGY5WkduZ0NKQmV4dV9Dc1lJSDM0T25RTklOUXhKU083OXQtVVF4cTlQMG44ZS1zWU84b2hUM3hvV0tpRG9WWFVWSGRrZEN0eUFtV213dmhVUVpmOW90MHBRZFo2RFlXVTDSAbcBQVVfeXFMUGNoTUtwY1RueUZkN2d6WG1oZktLM3Z5YUo4VHFEOGwxZ3VTdmJrWkhadVJheEdxcFcyWmFUc2VIWWtBLWEwVVVLdmJOc3JXVHJWcFMwU0xmOVpHbmdDSkJleHVfQ3NZSUgzNE9uUU5JTlF4SlNPNzl0LVVReHE5UDBuOGUtc1lPOG9oVDN4b1dLaURvVlhVVkhka2RDdHlBbVdtd3ZoVVFaZjlvdDBwUWRaNkRZV1Uw?oc=5&hl=en-US&gl=US&ceid=US:en,Gestão e RH,Imprensa Local,Geral / Não Especificado
2024-06-29,Concursos Instituto Federal 2024: confira vagas abertas,Ache Concursos,https://news.google.com/rss/articles/CBMimgFBVV95cUxPVXhscU5HcWtYMl9WY1c2MlhRcDBKZVdxZDFIYjRFcjFkd0d5SmdLZy1nRWp0c3RnVkxUaDR4dm14QUhjd0RUQmxYYnBuNWk2cGp0ZEViMl9BVGVBbWNyRWFIYzByTElieDZldEhpRnU2MGhIUS0yQmtxZ3hFc3JsVmN6dXV1R0x6ekg2bkxKMEpxelBrbFFDWGtn0gGfAUFVX3lxTFBJX2QwQTcxRmVmVE5CbWpnUl9xMTdXTzN0TkNlM2lfcWluSm1HNGFVTDV0dG5aU0hNaW45NGlqLUhqa3dPQkxYeGxSWmNRZ3hWQU5qeDhuTGlrSnZRRDBkUDhhNmVOTGtrQTRmelZ2c0RHVHBTRW5DT1pZM0FZTkRpd0M3ZXdVdkdHZm0yd1Jnc2FaeHY4VGFpR19yUUo0WQ?oc=5&hl=en-US&gl=US&ceid=US:en,Gestão e RH,Especializados (Nichos),Geral / Não Especificado
2024-06-28,Fórum de Ensino do Conif elabora documento sobre retomada de atividades acadêmicas,CONIF,https://news.google.com/rss/articles/CBMiyAFBVV95cUxPVE5ITmNZNjdxT0hUYTdrbHBsbDczSWtISW1TZk5heTdxZWNFcW45WW1meHBsQklIYkNROF9ZUUVQNlBBcGFlVlY2cVBGY3lDanUyd0lQdlNBYnE4MUp3QXhrTUVhTFFQaWlMbHRIaXdiQW9mVXcyd2M3WWpGRzlFM1g0Y1kyVy1GRHJvdUNnaktlY01LSFZqcVVPbHVmVXhQZDdzRlBkX0lfOWg1SUNvN2VBTkgycmVZdFFDVnMxODJ3aTRzRGFmdw?oc=5&hl=en-US&gl=US&ceid=US:en,Ensino,Institucional / Governamental,Geral / Não Especificado
2024-06-28,Servidores do IF Baiano encerram greve,Sul da Bahia News,https://www.sulbahianews.com.br/teixeira-servidores-do-if-baiano-encerram-greve-e-definem-data-de-retorno-as-aulas/,Gestão e RH,Imprensa Local,Geral / Não Especificado
2024-06-28,Teixeira: servidores do IF Baiano encerram greve e definem data de retorno às aulas,SulBahiaNews,https://news.google.com/rss/articles/CBMitgFBVV95cUxPU0x5SkU5cDBSSGFHUkZsSnNqN3hiWW9iWGNyUGp4N1BsOVRLVVZERVBadEZCT3BKSjJKUUpWUXFENlBfNlBTNXh3NTJVdkNDRDdjbjNxZ3ZYbko4QVBfX0l3NlRBYTRtLU03Q0hXTzIyaF9mMmIzWDZUaHhQYXJpbE95UU9UQWJ3MGlPVHB3QkVVbk1zYWJhZ0dweGVKdnFSR1FsRzRNc2xkQWRXdmlYR19EMWpJdw?oc=5&hl=en-US&gl=US&ceid=US:en,Gestão e RH,Imprensa Local,Teixeira de Freitas
2024-06-27,"#Bahia: Em coletiva de imprensa, SSP aponta redução dos principais delitos no São João 2024",Jornal da Chapada,https://news.google.com/rss/articles/CBMiywFBVV95cUxQWjd3dTJqY3E1NmpQV1VvVG5HbVNjeXhMNDFmd3pBeHE3MWlKX2puSVNlOVNaRFRfaGFLcXRzOEcwUjJZZkFhOXZ6UzJtWGtIM2tJVktsQko0aEJmVUpQSjZEcVFhRGp3ZzhJNFFVMkMyalI4b2JfSWctTHVqdk9DNHVOY2FvZklZdGpPb3o3WUVLSjAyS0IwWWxHZG5qOEpPTktYUzB3Z0w0cGwxbkY4SUs0Z3lpS0NFN0piWUh0cHFqSG1XWV9oRG05Y9IB0AFBVV95cUxPRjhUTlNkU1djeE15OHJXZlVZWGotLUZ1YlJqcDdxdm10ZGV4STE2UXg1OTFxT29YclpHRHUxTzNQdFFtbl91MjFwY05oeVBLaUxZd0hYV0RCMmhPUWxPenlvZFdaUENaQlk1LUJvbWlRdUJwTWNQNmpHOW55MElWb3hheXU0MExkaDJnWldLbmR6S3F0eTBlOE9RbGtobWpWTVVKSUxGRi1KVDR1X2pwQ2toUFBwVm1sNUlyOWhtZmV4bHZScmh1TjU5N0pqM0Q1?oc=5&hl=en-US&gl=US&ceid=US:en,Institucional,Imprensa Local,Geral / Não Especificado
2024-06-27,Prosel professor substituto,PCI Concursos,https://www.pciconcursos.com.br/noticias/if-baiano-divulga-processo-seletivo-para-professores-substitutos,Gestão e RH,Especializados (Nichos),Geral / Não Especificado
2024-06-22,Homem morre após caminhão tombar e pegar fogo na BR-430 em Igaporã - iGuanambi,iGuanambi,https://news.google.com/rss/articles/CBMi3gFBVV95cUxPYWJ6eHhPOFNGdGZXM013QWRYd2xhanFHbGpzbVhxTlowYkd1MnZqSXFUZ1AzYzJFLVBHQjhsMFU4M0FTV0xSWjlkd2pFWVVId2pTZHJBQzhQcEtVUG05WG9fQTRNRnI0ZjhEQTh6T3JBSUJPajJLaGtSMmhZODFEZFlob2FmaEloRE80dUloNHFhSzNWbzNPWWtaa3lRb2J6YW5sSWJWODdYcHdhejQ4UnFqenQ0dkF6NTZpTUZvT1l6UlpPZWtkUEVYMFFPWXBkOFg5TjlkbTVSU2NGNlHSAdYBQVVfeXFMTWpTOThCVnFQNUhPQ2NHMnNlNWU3UlJrdGNOWS1EZHExSlVJUHNPTFVrVzNrMDlKUDZqX2xZQWhXYTFXYzV0b1VkWExSNjZTNjczYUJILVZSZE9VOHppRXBobWNDMl9xai1rTHFFcm05NlppTDhVZTRwT2ZscWE0emg2UzA0c2F6aXppLXVHOWhiZ2VRWlR2YzZmRkJ4RDczcG1wc1BzYXBFRVpCQmkzcTBQc3NxQ2RnbmZmVFdDeTNoN2tIbVJaeEE5dktjdkExTm50VDBIdw?oc=5&hl=en-US&gl=US&ceid=US:en,Institucional,Imprensa Local,Guanambi
2024-06-19,Senado aprova novo Ensino Médio com garantias de autonomia para os IFs,CONIF,https://news.google.com/rss/articles/CBMivgFBVV95cUxQWlp4S2lYc2k5UDg1LVFUemJFMU5hSWlIRm1HVEVVRDFROElBUlVNQWctSl92SFd3QklDMXktZHVKWkxZcTVsdTQxWlRfbGR0R29WOGlOLXNyNk5mUzA1QllkRTRzQmNBN29sN29BZzhQdzdqb2V5RFVwQWJpUXp2WGxMZjl6OXJKR3FnVW04blJMQUdFalFmN2t5WTB3dzJvUjlCMmdqc05NTGRWcFFoclgwVG0tS05iWFFMLWZn?oc=5&hl=en-US&gl=US&ceid=US:en,Ensino,Institucional / Governamental,Geral / Não Especificado
2024-06-19,SDE acelera implantação de campus do IF Baiano em Ruy Barbosa,Jornal Grande Bahia,https://jornalgrandebahia.com.br/2024/06/sde-acelera-concessao-de-area-para-implantacao-do-campus-if-baiano-em-ruy-barbosa/,Institucional,Especializados (Nichos),Ruy Barbosa
2024-06-18,MTE retoma Fórum Nacional de Aprendizagem Profissional com participação do Conif,CONIF,https://news.google.com/rss/articles/CBMi4gFBVV95cUxOWXhzVlIycFYwOHFfdVUzX3ZTeEVNUk1ERDZ0d2pQb2hOQkR6Q0NxTjZGVzR0ZVcxMGg2QmxzMy1NeVhUb3Y1QUVtZ3pIYVBCdjRzcHlzRlZoaFdod0dWc3l0cHVXdHRlWEM1MUl4cHJYLUlISXduRHFkbWhxMnhFdW9oX2JSMHBST2FYeDRNNDl5TUhWY3owR1BfX085dXFRUlFQWnA1cHF6VldELWhQZzV5SGFtNEtCMkVVZmpkSDExZ21JRF9hVmd6SG5KdWxXdDlURlFVRUstd3lwbGFHSWNB?oc=5&hl=en-US&gl=US&ceid=US:en,Institucional,Institucional / Governamental,Geral / Não Especificado
2024-06-18,SDE otimiza processo de implantação do Campus IF Baiano em Ruy Barbosa,ba.gov.br,https://news.google.com/rss/articles/CBMiqgFBVV95cUxNZjJza2JqdVYxUndCb3pocTh4Uko4czZHY2dmdlV4cUhick4xeVlqODd0cHVMLWRSbmtzTk5KYnpqMUFZby00VENsZk5hQ2xNTDg3cS1jZVozUUlRaTRCbU41RXYxRFdFZWh4RWJwWEpZS1BGdG1LVUNmcHZ6eVhxUjZWNGlCMFhNLXVKNS1XSG83LVIxMjgzcklMTHluWTU3Y1VEcU90eVJ1QQ?oc=5&hl=en-US&gl=US&ceid=US:en,Institucional,Institucional / Governamental,Ruy Barbosa
2024-06-18,SDE otimiza processo de implantação do Campus IF Baiano em Ruy Barbosa,Governo do Estado da Bahia,https://www.comunicacao.ba.gov.br/2024/06/noticias/sde-otimiza-processo-de-implantacao-do-campus-if-baiano-em-ruy-barbosa/,Institucional,Imprensa Local,Ruy Barbosa
2024-06-17,Conif publica edital do Programa Mobilidade de Assistente de Espanhol,CONIF,https://news.google.com/rss/articles/CBMivAFBVV95cUxQN3hYTDRyal9vRGNRMW15SlpVSktIQ2JIQXVYa3dZaXIwenN2SWhxUmJQV3pUakpWOGg4STJKal81ak1lbUc2eW1MSGtjYXEzSWpXaElvVzM2ZFlkdjJGdVZpYnJVTGNzbEhnZV8zU00xZGluS3VGd0RsZHZwdWNkbmw1LWNwT3U2WjhOYUtFTWQ0NHVNT3NRVjExN2pLMDVGazF6WXhSRU5xdC1WZ3F1UVdFRWZMclV5ckVkWg?oc=5&hl=en-US&gl=US&ceid=US:en,Gestão e RH,Institucional / Governamental,Geral / Não Especificado
2024-06-13,JIF 2025 será o maior já realizado na Rede Federal. Etapas locais estão mantidas neste ano,CONIF,https://news.google.com/rss/articles/CBMi0gFBVV95cUxQcEtDNE5NUVVsdThmRTh0VXNlZGFscEEyZktUQXFyT3JHWG9UTW8ta2plVHU2LVdoNHZiSVc0RUx6VWFYUHdpQ3BZR1ZUcGEyRnpPSU4wdWpPLUpubDZEeDhSUmVMYmNBWk5jazBFQjdCUmZBMHBfUFltZno0bTV1a0xqbFRmdUQyZFFDcjRWWUlhbnhxQ2FkbXBLeXM4bXgxYVZDWHh0NDZCVjNROWdrbUgwY0FkMm5yOVRzRWlrQWtOY1pfN1NEV3o5M1FxRDUzZWc?oc=5&hl=en-US&gl=US&ceid=US:en,Institucional,Institucional / Governamental,Geral / Não Especificado
2024-06-12,"Santander abriu novas vagas de emprego em cidades da Bahia, São Paulo e outros estados",Agência Sertão,https://news.google.com/rss/articles/CBMiwAFBVV95cUxNcDY3R0ZSUnlQb0hyTVFnSnN4SnNXaVp1V0hrOUdqWHJ0SkhNemhsX3NrTlZnNkZUOVlNczFFRGtVTHpMR1dRZUpIcTBLcGUxQ0RlRnZjbDBiTkZieTJmdFFXT3NzbzlKMjNUSHlqTUdITHpzMER6ZGd1am9CQlQxUXZKLXhJR2VGdFhjSVh5WXQ4MVFJYmtfeFZYcmFkTmZsRHBpWUtSelVJS2tfR0lkcFkxRmNNN0M3T3gtYi0xLTDSAcABQVVfeXFMTXA2N0dGUlJ5UG9Ick1RZ0pzeEpzV2ladVdIazlHalhydEpITXpobF9za05WZzZGVDlZTXMxRURrVUx6TEdXUWVKSHEwS3BlMUNEZUZ2Y2wwYk5GYnkyZnRRV09zc285SjIzVEh5ak1HSEx6czBEemRndWpvQkJUMVF2Si14SUdlRnRYY0lYeVl0ODFRSWJrX3hWWHJhZE5mbERwaVlLUnpVSUtrX0dJZHBZMUZjTTdDN094LWItMS0w?oc=5&hl=en-US&gl=US&ceid=US:en,Gestão e RH,Imprensa Local,Geral / Não Especificado
2024-06-05,Greve: entenda a demanda dos servidores,Fala Você Notícias,https://www.falavoce.com.br/bate-papo/136-2024/06/05/greve-no-if-baiano-entenda-as-demandas-dos-servidores,Gestão e RH,Imprensa Local,Geral / Não Especificado
2024-06-05,Audiência pública em Santo Estêvão discute implantação do IFBaiano,Jornal Grande Bahia,https://news.google.com/rss/articles/CBMirAFBVV95cUxOaF9UX2p5bE15bWxWTzc5cXRFZkc2SktyeFluYXdJVlppOS1QeXVSVVIxT3lPTVNQb0ZndmhCNmV4Qk96WVBOWElPelhWNW11UXlPQll5Nmh4enNjLURLblFyeVYwRjR4NmZTRldxaWlfVC1KNmc5VW9CWlFqV1plM21VXzVaRUxoTUhITkRpamVIN3ZPYmdMX1lteFFLWTFYWEFISWV4cmFxekp0?oc=5&hl=en-US&gl=US&ceid=US:en,Institucional,Especializados (Nichos),Santo Estêvão
2024-05-31,Presidiário com tornozeleira eletrônica é executado a tiros dentro de casa no Bairro Santa Rita em Teixeira,liberdadenews.com.br,https://news.google.com/rss/articles/CBMi6gFBVV95cUxQZVQyaWJmNnNLUWRINkxtd01rdlJlX01tUmFBNXZVNlEyN3RRSFZBUmY5NGxJMy0wV1Z6ZFRaZmxvWDRaMWxWQjI1RFhOakdIN3Y3Smx1YUtva2VtenU2dkt6WUVCdWZxX2hwUGJkbDR4RFR0VzZINWZheGF4Yk5mb0JIdXZXcGVONllhcldvZEs0QVhneF8xOE5JRmw0LTR1bmt4TS16c19PcVI4TlBWUUdUcV9hOGhSbnlCUVZGV0MwTW1pb0dBazE4elUyekhBSXFRZmZwNWRnQ2ltRXF0T0p5aGczQ0Z2a1E?oc=5&hl=en-US&gl=US&ceid=US:en,Institucional,Imprensa Local,Teixeira de Freitas
2024-05-30,maio 2024,ITAPETINGA AGORA,https://news.google.com/rss/articles/CBMiVkFVX3lxTE5KNW1xX1dDUmtldjNsNWJlNVRia0hxd0RQeWVUV1FuVDBfUmhvWVdDRkVQZk9GNFB3eGdjekhIUC1fRnZ5MUJ3RC1RcFpMZ0c3Y2hVcGxB?oc=5&hl=en-US&gl=US&ceid=US:en,Institucional,Imprensa Local,Itapetinga
2024-05-25,Audiência Pública,Se Liga Chapada,https://www.seligachapada.com.br/audiencia-publica-discute-implantacao-do-if-baiano-em-ruy-barbosa-e-destaca-beneficios-para-toda-a-comunidade/,Institucional,Imprensa Local,Geral / Não Especificado
2024-05-23,IF Baiano Campus Uruçuca Abre Inscrições para Vagas Gratuitas em Cursos de Graduação,Ilhéus Net,https://news.google.com/rss/articles/CBMivAFBVV95cUxOcGNPcFJvLUVCcExaYzBZNXFzWWZGS3Q3dHpBdXVTVFZBZzdDVDByVXpVQVlwa2k0TXpIMkU2WDF1ZkppODh3SzRMUFFZSm1OWW5RUFhkWS05Y1UzTE44TVN1ckdWeXdpYm9ReGIzMFhmWjVGYVBadFIzRE5vMTRNUXBwQkRjYkxwZkJjSWE1Z2lWaFgyMlI1SHo1c3VrX05pSlVmRFpXZjRYcFNEelhkV2U0ZEVjVVgwX0ZDZg?oc=5&hl=en-US&gl=US&ceid=US:en,Gestão e RH,Imprensa Local,Uruçuca
2024-05-22,Prosel professor substituto,G1 Bahia,https://g1.globo.com/ba/bahia/noticia/2024/05/22/if-baiano-oferece-vagas-para-professores-no-reconcavo-da-ba-salarios-passam-de-r-6-mil.ghtml,Gestão e RH,Imprensa (Nacional),Geral / Não Especificado
2024-05-22,Prosel professor substituto,Camaçari Notícias,"https://www.cn1.com.br/noticias/5/117993,if-baiano-abre-oportunidades-para-docentes-com-remuneracao-de-ate-rusd-6-mil",Gestão e RH,Imprensa Local,Geral / Não Especificado
2024-05-22,Prosel professor substituto,Sul da Bahia News,https://www.sulbahianews.com.br/if-baiano-abre-inscricoes-para-professores-substitutos/,Gestão e RH,Imprensa Local,Geral / Não Especificado
2024-05-22,IF Baiano oferece vagas para professores no recôncavo da BA; salários passam de R$ 6 mil,G1,https://news.google.com/rss/articles/CBMi2AFBVV95cUxQUUpyY183aDRMd3NNZWR4Ul9zU3ByNEVxcDkzMjhXRzJMQWdlTjlHaXNpdE01Nmk3bVZkc3dlU3h2N2xsZ0RzdEVmZldmSWt0ZXloTGlLdUpYSk4tQkFfaXdBS0M3RzJuWS10S3hjMlRMNWRFdHZmT1Y2Mk1ndDJ5R21ST0V0UzJEU0plX2ZIbUo2MWZPWkdIdFJmVGdLS3o2Wkl1MGIwSWZKZkthbjd1RlpkWG9IRG5DRm84U1A3MVhIQ3kxb1ByY0VxalVxRS1kcDJsZDJ5Z3XSAecBQVVfeXFMTnk4Q0tKeDdvWVdlQXVmSmF6bXVUZWhqVE54YW1EZGlWVHBTZEVyNDJLcjdFYVh2Unp4bWpFdTV2enBrUnVndm5wTTJQMzRBdXgyQVJLVHBvSlptdlpUUUtUc0w1N3dXYzdaaGtCYUZ2ZFp4R2piRkZGTm8xWFlxWVFpWDFvMGtvQkZMbnc2d3drVUl1b3pSU1Y4U2ZzSXNyeC1WMWtWbmdMU1ZzdE9uRnhVbGhUM3BiYWVDVEZhekc1aDFzUUdpMUFFWS0tb0hFdy00b1c5V2ZLTjhkTldoa3BUbGk1Y0xN?oc=5&hl=en-US&gl=US&ceid=US:en,Gestão e RH,Imprensa (Nacional),Geral / Não Especificado
2024-05-22,Prosel professor substituto,Salvador Notícia,https://salvadornoticia.com/if-baiano-abre-vagas-para-professores-substitutos-com-salarios-de-ate-r-63-mil/,Gestão e RH,Imprensa Local,Reitoria (Salvador)
2024-05-22,Prosel professor substituto,Jornal Correio,https://www.correio24horas.com.br/minha-bahia/if-baiano-abre-vagas-para-professor-com-salarios-que-podem-chegar-aos-r-6-mil-0524,Gestão e RH,Imprensa Regional (Bahia),Geral / Não Especificado
2024-05-22,Prosel professor substituto,Portal Abrantes,https://www.portalabrantes.com.br/noticia/38960-o-if-baiano-esta-com-oportunidades-abertas-para-professores,Gestão e RH,Imprensa Local,Geral / Não Especificado
2024-05-20,Prosel professor substituto,Empregos na Bahia,https://empregosnabahia.com.br/if-baiano-abriu-novo-processo-seletivo/,Gestão e RH,Imprensa Local,Geral / Não Especificado
2024-05-18,IF Baiano abriu novo processo seletivo para professores,Agência Sertão,https://news.google.com/rss/articles/CBMimAFBVV95cUxOOVJxZVZac1JtSlRjNHNVdm5ub1RyWHkxNk1FT01wZ1pZTHptWktrcVZQZlZ3Y2p5bHZRamxocHhFRE54MkFkVDFFcjZMRU9OOXAzWjY4dlk2RkdiYUVFOFA4WG1Fa2V6YmVlaUp3NUQySVdsNmhpU2JvTWEyV3pqaEV6VUxMUzhJbFRCSjFnTk1MNGJBWUtRSNIBmAFBVV95cUxOOVJxZVZac1JtSlRjNHNVdm5ub1RyWHkxNk1FT01wZ1pZTHptWktrcVZQZlZ3Y2p5bHZRamxocHhFRE54MkFkVDFFcjZMRU9OOXAzWjY4dlk2RkdiYUVFOFA4WG1Fa2V6YmVlaUp3NUQySVdsNmhpU2JvTWEyV3pqaEV6VUxMUzhJbFRCSjFnTk1MNGJBWUtRSA?oc=5&hl=en-US&gl=US&ceid=US:en,Gestão e RH,Imprensa Local,Geral / Não Especificado
2024-05-16,Estudantes já podem se inscrever para o Jovem Deputado Baiano e Estágio Legislativo,Agência Sertão,https://news.google.com/rss/articles/CBMivgFBVV95cUxQclhHRFNqMUUzSzZjY2FCcDYtbHZELU8zeGNuaHgtbkotd3VfcjlNbno2V0xRQUNPYWJDVFFsVE1uYV9kMzJVWlFRajEwMW5DZHhyd3g1ZmZrRWx5cVNNZVhWZFdaTmhOVjYwZDFGLUtzNHpDYTEwcERWS2hubEI1eDhNOHd4Q0VudEVSbUpnVGFBcDF0MEUzTXB2cnBWOVNIUDRRN054Z2xzVWtKRkRzNlpjTk82aEtqWEJnQnhB0gG-AUFVX3lxTFByWEdEU2oxRTNLNmNjYUJwNi1sdkQtTzN4Y25oeC1uSi13dV9yOU1uejZXTFFBQ09hYkNUUWxUTW5hX2QzMlVaUVFqMTAxbkNkeHJ3eDVmZmtFbHlxU01lWFZkV1pOaE5WNjBkMUYtS3M0ekNhMTBwRFZLaG5sQjV4OE04d3hDRW50RVJtSmdUYUFwMXQwRTNNcHZycFY5U0hQNFE3TnhnbHNVa0pGRHM2WmNOTzZoS2pYQmdCeEE?oc=5&hl=en-US&gl=US&ceid=US:en,Ensino,Imprensa Local,Geral / Não Especificado
2024-05-15,Aldeia Xucuru-Kariri luta por acesso à água e demarcação de terra às margens do São Francisco,Bahia Notícias,https://news.google.com/rss/articles/CBMi5gFBVV95cUxNVU50VlJENXlXUWVWT2tHWkxsVGFWZTlJNVVXU1hVSGZDb09ZZU85eVEzdWFUVjZmenViTWlFNkI2U3psZktsLXc2T1htejlsbjB2aktzMzhSbXRtMTNWNjdHU29Gbk9kMkVjYmRvNENJWEtBckExa3RkaVRuU2JFWlNyY2pfNmo1TjNQdnhKZ2dJYi15WXRrdXBheU0yYTZDTmVYRFE3V2oydlBIanNSbEFlbWdNQXJ6ZlVQaV9feGVaaTdDdEZlTnhWWXFwWmtlcEp4ZC1fNkNhazMyczAyNmhnVlJIUQ?oc=5&hl=en-US&gl=US&ceid=US:en,Institucional,Imprensa Regional (Bahia),Geral / Não Especificado
2024-05-13,Homenagens e início de Feira Literária marcam a comemoração de 2 anos do Colégio da Polícia Militar em Bom Jesus da Lapa,Notícias de Bom Jesus da Lapa,https://news.google.com/rss/articles/CBMijgJBVV95cUxNTlFwZjlDZlo2Zko0VjhVU2NvN0pZLU5pREhUajlNZ3c1X29TVktWaDZzZ3NWOTh0S3U3ZFVHT28zTE93UTBQQmI1dUFBMFRIdUswY1A0MlRUcnI3MGRQUjZZT1JFRElORU5IcEhyMFJuSThwVi1WUEdFVG9lNjZ0TUFIWUxxY3M0b3gyaHlZa1BfcENYOFBaY292eXRTam1fQm92VFNOTEZCRDNjclBvVnNhOHNDOFNsbk0yVXYxQ1EwVmxDdWlxMENtb09aSU5NVWd3d0VwMGFWSk9SeTc5ZHM0aVdJaUlvYktrQkxRSUhSaktJczVZVlJZUzA1S0d0SEVIQlVPeWhSLVlGX3c?oc=5&hl=en-US&gl=US&ceid=US:en,Extensão,Imprensa Local,Bom Jesus da Lapa
2024-05-13,"#Chapada: Celebração do Dia das Mães é marcada por apresentações de dança, shows de artistas locais e bolo ‘gigante’ em Itaberaba",Jornal da Chapada,https://news.google.com/rss/articles/CBMi_AFBVV95cUxOemhRbmd1MnRjSGpDWjFjOEN5NXpMRjUwS3hXN3BDaTVVRUVOd3pBWUV4Q2hYLUwxSDZKZzNSUW9tdXppNmxtX2J6R29Qbm1qaXMwWC0zc21KSG9FYXpfRE5ZdWpZUXRsZzV0OFNxcjZ3Y05WZEkydlFxRHpuNFJjQXZlbXlJT1hJY1ZGeXpZM1p3VWRkLWpla1hoSWsyVGpHNzloWFp6QmVESmZKZVI2OEl2VERqdUNDSElFMkNLcE1jU21DTW85anRmUUpDWWIwZklBMGNqZGdxaVRjbFRyWVVGU3pmQWRhRFEwY3N4X1FxSmpYQzRaUTZPTErSAYICQVVfeXFMTjlNQVBDMXVhYmFELXh6MHpYOHhfVE5ZOXBXS3F5aVNWN2VQZVAwSnV6YXhkTm1CMkI5bm50QlpNdDY3RW1NYkNzSEVmWTZqYmhOVnlFZHBNeVRPRDNoMkVqYXFQOFo3TGNaeEVDV3N1R28tOEgyS1hEZmJwbDl0LVJSTUlnU3NLMFprRGJXRjM2SWd3VzRXODh3ZEVqRTdfckZkemZoSEpUaURURnRzeTdRYUx5VE9EYkNZLXNjWEpEM1ZFdUlXSG5mN0loeVdfb2JjbmJubGZMWlliSTNzQXRXRzFoek1UV3NZZGRBYTVka2tMNWthTFlRaVltOGtvakRn?oc=5&hl=en-US&gl=US&ceid=US:en,Institucional,Imprensa Local,Itaberaba
2024-05-10,Professor do Instituto Federal da Bahia representa Rede Federal em evento dos BRICS,CONIF,https://news.google.com/rss/articles/CBMi4wFBVV95cUxNTWlNdk5KZzlDcTdnSjZHZzE5dHRGMndIQ1ZSa2NDOExiZjZzRE8wbE1PT1VwMDdkbUhWM1RIUi1BUHRqdk5MQTlxUDlHV2NfdExlVWdSaFd1RzEwZXZiX0R6S3NJcm1MajR2VlFMLUZlSmhlcTI3WHNUQ1dYeTJEenVNcF9aZFk0eDhoQUJrX2tWN2JYTVRHZUJIVTkyaVBLYjhCVHE2eDFrWXBwcGZSVEEzTHBta29wYTRrSnhOSkg3aGRCXzdVbkpON1hBbDlDcjhxUzNqenptRFh3TGZvRFd0Zw?oc=5&hl=en-US&gl=US&ceid=US:en,Gestão e RH,Institucional / Governamental,Geral / Não Especificado
2024-05-09,Ministério da Educação definiu distribuição dos novos campi de Institutos Federais na Bahia,Agência Sertão,https://news.google.com/rss/articles/CBMiyAFBVV95cUxORDhsY2dZdVEwUDZsZ1FJV0ItMldvLVEzZHFsOXhwT21FSDJmOFk0RGtVYk9La3Bta3ZZbXpjdTdJV0tJTUg2NVpfalZucG8wLTBGWmJQR2FXQ3JGelR2NFNhdHd4cWkyUkQzdU95QlBmNlVKVGFRR3JjNk5JOGlJZE9wVmtIUGg4OUpVM29SVk5Id2hUa2E4UG5jUWdXZnBqVG1FSXF0RnVEeWloR3JiNHhLalg0Qnl0bnE1Uk9YSk9VamFyQjZWb9IByAFBVV95cUxORDhsY2dZdVEwUDZsZ1FJV0ItMldvLVEzZHFsOXhwT21FSDJmOFk0RGtVYk9La3Bta3ZZbXpjdTdJV0tJTUg2NVpfalZucG8wLTBGWmJQR2FXQ3JGelR2NFNhdHd4cWkyUkQzdU95QlBmNlVKVGFRR3JjNk5JOGlJZE9wVmtIUGg4OUpVM29SVk5Id2hUa2E4UG5jUWdXZnBqVG1FSXF0RnVEeWloR3JiNHhLalg0Qnl0bnE1Uk9YSk9VamFyQjZWbw?oc=5&hl=en-US&gl=US&ceid=US:en,Institucional,Imprensa Local,Geral / Não Especificado
2024-05-09,Rebanho ovino do IF Baiano conquistou prêmio em exposição nacional da raça Santa Inês,Agência Sertão,https://agenciasertao.com/2024/05/09/rebanho-ovino-do-if-baiano-de-guanambi-conquistou-premio-em-exposicao-nacional-da-raca-santa-ines/,Institucional,Imprensa Local,Santa Inês
2024-05-08,"MEC realiza I Encontro sobre Transparência Ativa e Indicadores da Rede Federal, em Brasília",CONIF,https://news.google.com/rss/articles/CBMi0wFBVV95cUxNeVJ4OThOYnp5OVNoc0NPWndnaVBLNHI3SUlJMEFScmFxSWVWRFhtbWtqUjd0V29nOFUyNF8xZFIyS195Ym1RcXRYWWpqU2xmcFNUNDJvbXdYOU1RQnlDbFdLOVRUVm13UHItaUU3cHpncmZaR3hELVpMTEhFbXgyMlFWbnZOYlZrSVpOQnkycjhYM3JVY1B2N2hBUU5mMUhsMnRIZDhoNWtzZ3JmbHRMZnBtRy1Eb1BybW9td3U4M242NWJhbXA4QmRabWxxaGVEOXFF?oc=5&hl=en-US&gl=US&ceid=US:en,Institucional,Institucional / Governamental,Geral / Não Especificado
2024-05-03,Incra e UFRB firmam parceria para elaboração de relatórios técnicos sobre comunidades quilombolas na Bahia,Agência Sertão,https://news.google.com/rss/articles/CBMi2AFBVV95cUxPVzF4dFVLU2p6MlFURjNrR3p5Vk4yMXBNb2E2SXlzRW01Z1VUbVZReXptbUhObVhvS3hibmVqdnNRM3VRMzlHZ0x0eG5LT2ZHd0lBU0VQZk1oSHpHLWpxTDlNZEFvS29rbDV4YkFqNEUzMkIzc0tJZGRsdlVBbjRsQUZuMHh3dU14NlJXcXBtUXh3YnVZV3FNa0ItZUU4YmQ1Z0lmQXZCVElQQ2NuVzhoYWpCNFZOY2JGOUoxcTFyZDFRUmV6TVlIVjhmbzdkcTdWekY1QWtHaETSAdgBQVVfeXFMT1cxeHRVS1NqejJRVEYza0d6eVZOMjFwTW9hNkl5c0VtNWdVVG1WUXl6bW1ITm1Yb0t4Ym5lanZzUTN1UTM5R2dMdHhuS09mR3dJQVNFUGZNaEh6Ry1qcUw5TWRBb0tva2w1eGJBajRFMzJCM3NLSWRkbHZVQW40bEFGbjB4d3VNeDZSV3FwbVF4d2J1WVdxTWtCLWVFOGJkNWdJZkF2QlRJUENjblc4aGFqQjRWTmNiRjlKMXExcmQxUVJlek1ZSFY4Zm83ZHE3VnpGNUFrR2hE?oc=5&hl=en-US&gl=US&ceid=US:en,Ensino,Imprensa Local,Geral / Não Especificado
2024-05-02,Polícia Civil cumpre mandado e prende acusado de descumprir medida protetiva e injúria em Prado,liberdadenews.com.br,https://news.google.com/rss/articles/CBMi2gFBVV95cUxNWkVWTS0yYl9vdC04OHotbmF5bXpvcDN2aFhwcEstbTBYWGxneTdNOUxvUmFsSTE0VEtPSHV0NWNjR09BbDBkZEJTRE11Q1I3Nlo0SmtVa0xvWWNxZHlnVWoyS3VabHNjUlhsNDVDQ1Jnems1VjVudU5uLUgzZWRfRGxzMlhSSk1zWTk0R0dCRlM3ZnZOQ21mc0pRZDdjdGdYQVNNdHo4NFg5b0ZVNm1zcDczM2FYdGotUF9tSFNfRk5MWlhjVVdzUHVqMkNqZkZRc0pXbkV4TWpadw?oc=5&hl=en-US&gl=US&ceid=US:en,Institucional,Imprensa Local,Geral / Não Especificado
2024-05-01,Mulher é presa por estelionato após tentar aplicar golpe em agência da Caixa Econômica Federal em Teixeira de Freitas,liberdadenews.com.br,https://news.google.com/rss/articles/CBMi9wFBVV95cUxNY01WUlFSUzIyc05rMEJwb19FN0l6Z3pIYmdFN21kQnJfYnNfZHh0TWs2SWxZOE1TVXRybGszaTZZUmdzZVZwdEJxLVNxM3FrbTlaVlNmbHdybXhSeDdRbmFuS1IybHh3N3lsMm1HRzRTTFU0OTlJbjhkc3ZMbGcxTXRreXJnaGZWOW1tSjdaODFvWG1yZ1hmckNKSDBiY2o1dWVGckpaeGhPVks0d29ocFdaWHNHa2hkVXdUMFQtV0Z0eklSdXh5T1FjTkRudm9vMWxfR21mY3BBM3lYT0kyQUs5S3pJOU5heC0yNVpZTHhhVWRGWFJR?oc=5&hl=en-US&gl=US&ceid=US:en,Institucional,Imprensa Local,Teixeira de Freitas
2024-04-29,abril 2024,ITAPETINGA AGORA,https://news.google.com/rss/articles/CBMiVkFVX3lxTE5tdFpzR1VUMnVuODB1dndyR0pzcjZReVQ2SkRuMjVCLXg4Z1ZBdWhTY0puM0ZRWHliM0ttVGZGZnR6TXNST3RFS2hENWtNZWEzcDA4MVJn?oc=5&hl=en-US&gl=US&ceid=US:en,Institucional,Imprensa Local,Itapetinga
2024-04-26,Greve servidores,Ilhéus Net,https://www.ilheus.net/2024/04/servidores-de-12-unidades-do-if-baiano-se-somam-ao-movimento-grevista-que-paralisou-mais-de-500-unidades-de-institutos-federais-em-todo-o-brasil.html\#google\_vignette,Gestão e RH,Imprensa Local,Geral / Não Especificado
2024-04-26,"Quatro fóruns do Conif se reúnem no mês de abril, em Brasília",CONIF,https://news.google.com/rss/articles/CBMiqwFBVV95cUxNeEVvZ1l1d1hXa3ktYUpZbHkwclVzSGJBTUpOUU5GSzdnZlhjTlRZdGROblJNamVRZGI3UmpEcjJ4eEpMTWRBZUtJR0I1Y3hOa0Fpc2FOb2hReXgxc2xvdFlXUk1TQUhBXzBSeHExaDdjbkdwTk1NNU9wcXgxdWdCWkJXQXNzZ1BCTzNjMmF6clFIeVBqZWdvWU0yMnJjZENtTDQ0QWJ3aXpPejQ?oc=5&hl=en-US&gl=US&ceid=US:en,Institucional,Institucional / Governamental,Geral / Não Especificado
2024-04-26,Greve servidores,Bahia Recôcavo,https://www.bahiareconcavo.com.br/site/servidores-de-12-unidades-do-if-baiano-se-somam-ao-movimento-grevista-que-paralisou-mais-de-500-unidades-de-institutos-federais-em-todo-o-brasil/,Gestão e RH,Imprensa Local,Geral / Não Especificado
2024-04-25,Greve servidores,Notícias da Lapa,https://www.bomjesusdalapanoticias.com.br/bom-jesus-da-lapa/campus-do-if-baiano-de-bom-jesus-da-lapa-adere-a-greve-nacional-dos-servidores-federais-da-educacao/,Gestão e RH,Imprensa Local,Bom Jesus da Lapa
2024-04-25,Implantação do Curso de Bacharelado em Administração,Portal Jaguarari,https://www.portaljaguarari.com.br/2024/04/if-baiano-promove-audiencia-publica.html,Ensino,Imprensa Local,Geral / Não Especificado
2024-04-25,Prosel subsequente EAD,Mídia Bahia,https://midiabahia.com.br/12-unidades-do-if-baiano-estao-em-grave-no-pais-ja-sao-500/,Ensino,Imprensa Local,Geral / Não Especificado
2024-04-24,Projeto de adaptação de materiais para estudo de estudantes surdos,Agência Sertão,https://agenciasertao.com/2024/04/24/projeto-do-if-baiano-em-guanambi-realiza-adaptacao-de-materiais-para-estudo-individual-de-estudantes-surdos/,Ensino,Imprensa Local,Geral / Não Especificado
2024-04-24,Prosel subsequente EAD,Agência Sertão,https://agenciasertao.com/2024/04/24/if-baiano-abriu-mais-240-vagas-em-cursos-tecnicos-ead/,Ensino,Imprensa Local,Geral / Não Especificado
2024-04-24,Prosel subsequente EAD,Se Liga Alagoinhas,https://www.seligaalagoinhas.com.br/noticia/48444/if-baiano-n-campus-alagoinhas-oferta-240-vagas-em-cursos-tecnicos-subsequentes-ead,Ensino,Imprensa Local,Alagoinhas
2024-04-24,IF Baiano abriu mais 240 vagas em cursos técnicos EaD,Agência Sertão,https://news.google.com/rss/articles/CBMilgFBVV95cUxPUTB3Z0RBOWpDWFB4M08zSUpMdGNnRXZjZlFFbjFoblBFYnQ2djhlYW1nS05acGpVT0w4MkdHeDBlRU1Td21TTUs5MnRnc1ZYcF9vVEdHOWJPRFFibjZoTDNLUWZaR2M3ZEZPTFBRbWJJeHlnYVphQ012OGUtWU1RRjVFZ25saDlCMk00SEk3R1lyUEJOY2fSAZYBQVVfeXFMT1Ewd2dEQTlqQ1hQeDNPM0lKTHRjZ0V2Y2ZRRW4xaG5QRWJ0NnY4ZWFtZ0tOWnBqVU9MODJHR3gwZUVNU3dtU01LOTJ0Z3NWWHBfb1RHRzliT0RRYm42aEwzS1FmWkdjN2RGT0xQUW1iSXh5Z2FaYUNNdjhlLVlNUUY1RWdubGg5QjJNNEhJN0dZclBCTmNn?oc=5&hl=en-US&gl=US&ceid=US:en,Gestão e RH,Imprensa Local,Geral / Não Especificado
2024-04-23,#Chapada: Prefeitura de Marcionílio Souza promove campanha de conscientização para prevenção da doença ‘mão-pé-boca’,Jornal da Chapada,https://news.google.com/rss/articles/CBMi6wFBVV95cUxQVTY1YUpRN0U1UGFjTGJOUTluVkliRW5HaVk2R2lHbzJZT2wtMFg3QllGbHE4ZXJ0LUoxS3c3WkZuWmloQTJ3TmJ4aHRnZks5MGVTWFdvNTl3U2U3b2NTQ1RuMlJxbDU5SW51UU9QYThjMUNUaHRpelIxdENqam9ucGZRa2ZSZXVZX1RkSkREXzZ4NVpQbW1OZWV0VmF2YXZUZG9ROEtCV2lDQk9WUUhBTUVQYVdHN1g4TjZuZUtoVWFsWWpYcDZ6T2ZhLWtxRW1NVk4zVG5QRmdQZGRmTTd2THQ2dTI4Z21fbFFR0gHwAUFVX3lxTE5NNHhmU0hKZUlHRVZxTWxEYVRUY3V4TmVqbHNFODhsb0VqMEF0Vmp5bjAzZDdKTWppTTcyZ2I2aDVFVl9tWlRBTXRyRTRFTjMxZGVicWh5VE5pYXZQNDlvd1p6V3lRY2tTRE5LLUtJT1lieVdlMFhUNVA2VU1OUzY2R2g4V1R3NDdaRHNXekZEbVhpZ1NOeC16VU1MeHNNaWdLNDZHNEwxQ3dnVzVIUm9JaXdfd0tnN3BVWkREbXBLM0ZXRlUyUmVRUjhZaGFQR1hEaHJxbE5sU09OZWFpcHVLTmxyWDlDenlmUnhvSFYyYw?oc=5&hl=en-US&gl=US&ceid=US:en,Institucional,Imprensa Local,Geral / Não Especificado
2024-04-23,Prosel cursos FIC,Atualiza Bahia,https://www.atualizabahia.com.br/if-baiano-campus-valenca-oferta-mais-de-250-vagas-em-cursos-fic/,Ensino,Imprensa Local,Geral / Não Especificado
2024-04-22,Prosel cursos FIC,PEBSP,https://www.pebsp.com/ifbaiano-oferta-10-cursos-de-formacao-inicial-fic-gratuitos/,Ensino,Imprensa Local,Geral / Não Especificado
2024-04-20,"Instituto Federal de Educação, Ciência e Tecnologia da Bahia - IF DA BAHIA",Portal da Transparência do Governo Federal,https://news.google.com/rss/articles/CBMiggFBVV95cUxNekdvNzgyZmVfc1ptSG5LWEh3UEpwT051TTVxZFBMTWtlR1NiejN5QXY1S1p0b29TZk1wUW5YRHdNQUZ3QVBWR0ZaUDFoamhIaGx3amxlYWNwOTNkVTR3c2pHSzdKazVnVTVlS0E2c2hNUVhnZVpkZHJtakRja05Gamh3?oc=5&hl=en-US&gl=US&ceid=US:en,Pesquisa,Imprensa Local,Geral / Não Especificado
2024-04-20,"Luto na Política: morre o ex prefeito de Teixeira de Freitas, Temóteo Brito",SulBahiaNews,https://news.google.com/rss/articles/CBMiqgFBVV95cUxPYVhKSEg3b180dnV1T09ra2hfQ1pJR0MyeGNTZGtRc2pNZkt1LUc3dDRJM3ptZzNDSzRKOXNWYnVhSHhUV1FoNVlNQW1jZGVmNWFQT2ozTlRkWndyZ1Fua3RjMG1OOEVyeHhFT3Bpa2M2d0wyX1NoRlpyUDFGMTREdWpfbGMxRFlvbEZYMGNfLUhpZmpjTVJZZVZpWF9EY0F4V2hwY2d5RVdUZw?oc=5&hl=en-US&gl=US&ceid=US:en,Institucional,Imprensa Local,Teixeira de Freitas
2024-04-18,Planetário Everardo Públio de Castro sedia X Jornada de Astronomia - Prefeitura Municipal de Vitória da Conquista - Prefeitura Municipal de Vitória da Conquista,Prefeitura Municipal de Vitória da Conquista - PMVC,https://news.google.com/rss/articles/CBMimgFBVV95cUxQaUtDeVVfa0ZyY0R3QzNsc0drXzVITE1PcUpWVkZRSFBKb3dfLVpLa2hQZVJIaHpHWHVuQmpJb0xtc3FCX3RwQTdjS1VOYWN4eVlSdk1fbW91OG8yMHVhOTA2XzZaRVFjNk9MUDhiN01DdXdiNlFGNHo1T0ZKazcxaVNhREk5YlFua1ctVVFPR2poYU1LMGJNbGhR?oc=5&hl=en-US&gl=US&ceid=US:en,Extensão,Institucional / Governamental,Geral / Não Especificado
2024-04-18,Ifba e IF Baiano ofertam mais de 400 vagas para cursos gratuitos em três cidades,Agência Sertão,https://news.google.com/rss/articles/CBMiugFBVV95cUxNdTlWUEx1cUIzYjNzbGRJcHUyd1VGdkNPcG44VFYxZjE1QUc3MnhyME9SU2hwT0U5dmthMXpXaHZMbl9fdF81QjZQenV3ZEFjMno1b2JiR1dBLWZSRWw5ZEFvckZZdFhkX2Rsc1NsQTRESk02alc0LUVpcTZFUnh4cEdWenpOYnNva1Z4Q0J2RmNFOWZvYWFGSThySFRQWVJsc0lkQ2FsRk1GS0VrUkM3NUZaaVYzVUUxU2fSAboBQVVfeXFMTXU5VlBMdXFCM2Izc2xkSXB1MndVRnZDT3BuOFRWMWYxNUFHNzJ4cjBPUlNocE9FOXZrYTF6V2h2TG5fX3RfNUI2UHp1d2RBYzJ6NW9iYkdXQS1mUkVsOWRBb3JGWXRYZF9kbHNTbEE0REpNNmpXNC1FaXE2RVJ4eHBHVnp6TmJzb2tWeENCdkZjRTlmb2FhRkk4ckhUUFlSbHNJZENhbEZNRktFa1JDNzVGWmlWM1VFMVNn?oc=5&hl=en-US&gl=US&ceid=US:en,Gestão e RH,Imprensa Local,Geral / Não Especificado
2024-04-18,IF Baiano promove segunda edição da Tenda da Ciência nesta sexta e sábado em Guanambi,Agência Sertão,https://news.google.com/rss/articles/CBMiwAFBVV95cUxPWjMwWEN0RmdvMWl3M2NMeXNMQWxDUGhoWHlVVjV6cTJOcktOQ0oxT0dmQ0I1Ry1nMnQtRzNWX0hfZ1hJWmw1X2hpZGxidmJCR0F4MlVyVERmeUtDcHlEVXNJd1I4RjIyYjJJcHY4TEcxZ044VlVlYjRnOWlXSkdSM1p6cENSSTBjbkRqZXFDRWFSZkdPWi1aaXZvbjEwOFdZNFFMMDNieFU3cW90bFpHQVhfeV9ZWEUxUHJyNFBxY1TSAcABQVVfeXFMT1ozMFhDdEZnbzFpdzNjTHlzTEFsQ1BoaFh5VVY1enEyTnJLTkNKMU9HZkNCNUctZzJ0LUczVl9IX2dYSVpsNV9oaWRsYnZiQkdBeDJVclREZnlLQ3B5RFVzSXdSOEYyMmIySXB2OExHMWdOOFZVZWI0ZzlpV0pHUjNaenBDUkkwY25EamVxQ0VhUmZHT1otWml2b24xMDhXWTRRTDAzYnhVN3FvdGxaR0FYX3lfWVhFMVBycjRQcWNU?oc=5&hl=en-US&gl=US&ceid=US:en,Pesquisa,Imprensa Local,Guanambi
2024-04-18,Temperaturas voltam a cair em Vitória da Conquista,Agência Sertão,https://news.google.com/rss/articles/CBMikgFBVV95cUxNMHY4eThPSDNlTmhYb2czWm43UWV5LTFLaU5XTm5RSzBlVGM3QjdnUllqc1ZoWlZ0R1ZHZERyT3l2T2NFVmlJTVBteWlqdnlWM1VxRDd6RFY5MWlMbjZlc2NVQVNRemZiN2Y1N1hZTGFVdThBckhYTWJNcHdXZ3ZWOWNGVTJRRFVfakI5Z1dmbDJad9IBkgFBVV95cUxNMHY4eThPSDNlTmhYb2czWm43UWV5LTFLaU5XTm5RSzBlVGM3QjdnUllqc1ZoWlZ0R1ZHZERyT3l2T2NFVmlJTVBteWlqdnlWM1VxRDd6RFY5MWlMbjZlc2NVQVNRemZiN2Y1N1hZTGFVdThBckhYTWJNcHdXZ3ZWOWNGVTJRRFVfakI5Z1dmbDJadw?oc=5&hl=en-US&gl=US&ceid=US:en,Institucional,Imprensa Local,Geral / Não Especificado
2024-04-17,IF Baiano abre 40 vagas para curso superior em Itapetinga,Agência Sertão,https://news.google.com/rss/articles/CBMimwFBVV95cUxNRGdZX2FXMi1XcVNneXF2TnAzTVVNOUJ4Q0FuMWRlQmVYbXozbXgyN3JQX0prZ0VFc2s0U1VvVnVGTjFfcGlscVJVOEE5TEhqUy13cXhqRmJra3dybUVNdTlyRVNTX0dzbTVnRF9Ib0E2Y2hpWmh2X1BpRWtmRHloQmZVWXBVamJRY0ZibU9iTURfUFNpXzJwcmRCTdIBmwFBVV95cUxNRGdZX2FXMi1XcVNneXF2TnAzTVVNOUJ4Q0FuMWRlQmVYbXozbXgyN3JQX0prZ0VFc2s0U1VvVnVGTjFfcGlscVJVOEE5TEhqUy13cXhqRmJra3dybUVNdTlyRVNTX0dzbTVnRF9Ib0E2Y2hpWmh2X1BpRWtmRHloQmZVWXBVamJRY0ZibU9iTURfUFNpXzJwcmRCTQ?oc=5&hl=en-US&gl=US&ceid=US:en,Gestão e RH,Imprensa Local,Itapetinga
2024-04-17,Ifba abriu processo seletivo para Técnico em Enfermagem,Agência Sertão,https://news.google.com/rss/articles/CBMimAFBVV95cUxOdFpWd1ItZGx6bnlRVS1MaE1wOEl2N1VaSHczN29udkRibXJrdUZDZzNlaW96MXg0Nk9fb2x1RFhQVnE4ZzVzLV80ZzQ1d2JzcFZFZl9ReldLS0Zha0pETmFHOG9FNkx3NDRVR3NEdE96NFVJMFQ5cmRfZWlfSmFwb3djOGhNZkNVZFFRRXZnaTVJVVZLTUx2RtIBmAFBVV95cUxOdFpWd1ItZGx6bnlRVS1MaE1wOEl2N1VaSHczN29udkRibXJrdUZDZzNlaW96MXg0Nk9fb2x1RFhQVnE4ZzVzLV80ZzQ1d2JzcFZFZl9ReldLS0Zha0pETmFHOG9FNkx3NDRVR3NEdE96NFVJMFQ5cmRfZWlfSmFwb3djOGhNZkNVZFFRRXZnaTVJVVZLTUx2Rg?oc=5&hl=en-US&gl=US&ceid=US:en,Gestão e RH,Imprensa Local,Geral / Não Especificado
2024-04-17,Concurso IF Baiano: 96 vagas; até R$ 10 mil. Veja!,Blog Gran Cursos Online,https://news.google.com/rss/articles/CBMiZ0FVX3lxTE9lSWpTNEZZb2IzTTRYWGh6NUt0YVNDSnRidUdjTDBjdFNIR0UtdEVvRzhkeEZpU3NiNlMwOU1Jd3BycE9QeFo4Z1A3cEVMWExQUlEtVEJZb1NqNWFTcUZnRDduTEVTcjA?oc=5&hl=en-US&gl=US&ceid=US:en,Gestão e RH,Especializados (Nichos),Geral / Não Especificado
2024-04-16,Servidores e estudantes das instituições federais em Teixeira de Freitas adotam greve nacional,SulBahiaNews,https://news.google.com/rss/articles/CBMixgFBVV95cUxORFhwb0t4d0hob3M5eWxvVHN0RDFtWG1OXzdRSjVjbVJIUjZ1VlUyc1IyMDRkSG9qT191N0FxSVJWNlFQZ0JrS3N0TlFsOUYwWVFNSEsyX0xMNmVQWl8zWkM2RnA0dFl4b0ExQnhIaU1TYnFhTVpQaVpGVU85d19oZFdueE9zOW1sRlMwLVlSNmV0VTJQNWdtX0hVN2swdGZMT1VOS0lXblctTm9HN3NURGFwSjExLUhjNVFUMzNOcEJTU2FzT2c?oc=5&hl=en-US&gl=US&ceid=US:en,Gestão e RH,Imprensa Local,Teixeira de Freitas
2024-04-16,EDITAL 04/24 - INSCRIÇÃO - ASSISTENTES PT (respostas),CONIF,https://news.google.com/rss/articles/CBMinAFBVV95cUxObGZrZk52NDd1YVlZY3hHUlNKV21XV2pxMEh6OXlSM21JcDZtSUtjdXp3dzlBY040NS0wcGJMdFpBbmtDYlFUNjNPQTUwUFlPa24wN2tzSkFIb0p5UjBZME5WUkwzelJHWl8wMTNsRDZGY0xabVpKMkc4SlZHNERBZkNQMXNOWkhDS0dVQUZRUW0ydkE4bWZfSXdQMlU?oc=5&hl=en-US&gl=US&ceid=US:en,Gestão e RH,Institucional / Governamental,Geral / Não Especificado
2024-04-16,Curso de Qualificação profissional (FIC),Mídia Bahia,https://midiabahia.com.br/if-baiano-oferece-cursos-gratuitos-de-curta-duracao-em-urucuca-itaberaba-e-catu/,Ensino,Imprensa Local,Geral / Não Especificado
2024-04-16,Curso de Qualificação profissional (FIC),Ilheus 24h,https://ilheus24h.com.br/if-baiano-abre-vagas-para-cursos-gratuitos-em-tres-campi/,Ensino,Imprensa Local,Geral / Não Especificado
2024-04-15,Sebrae lança segunda edição do Desafio Liga Jovem na Bahia,Jornal Correio,https://news.google.com/rss/articles/CBMirgFBVV95cUxPeEpfUUJnNXo4ZzNzWjFKNDBIMmhCazNkN1VvZWNuLWtYeVNwdmpVRXJlejZjS2g2Qk92WWFHeVNzVGpUN0lTdnlTN3NHRU1kSURxUjNjZ0hVeVZZZW1BUm54SkdzcUstdzhLYkg2alh1NGVLMGtnWGF3OHh2aEZMc0FPREc2VTUxSkhHYTRCVHdEYWVEaDY3aFlMYjVZZk1CRVpZdmIyQk9Ea3E1T2c?oc=5&hl=en-US&gl=US&ceid=US:en,Institucional,Imprensa Regional (Bahia),Geral / Não Especificado
2024-04-15,"Professor querido e doutor em física; conheça Dielson Pereira, atleta que morreu durante competição",Jornal Correio,https://news.google.com/rss/articles/CBMihgJBVV95cUxONk1kaER3X1d4ZE5EeGxldWNFTUxvUGNqRHVWZkE4dzJURDlCZmdVYXdBNTJzU2FOaHR5QW5FaDRFSmpJcllGbnVzT1dnRXBwS3lheE16X1VFZ1BmQThtVVBTRjc5QXdZR2hkLVpuUENGN3ZCdXhXQTFGWk9iZ3YzZTVqUWhlVmJnSEl0cmRlX0hNT1dKb0JFZnFXOVRLN0dDUl9VRHdIYlpyejhEUGhJTjRlcVFLLXF1SFRDUFU2UVNCRUtoWmFsTzM4ZWhZV2EzU2hxSHE0WDJaX2NJNS1BdnJwTnFrLTlQV3NIZDRQRHVWQlEyXzBCdmhrNVlNMnV0RDJ2RXJB?oc=5&hl=en-US&gl=US&ceid=US:en,Gestão e RH,Imprensa Regional (Bahia),Geral / Não Especificado
2024-04-15,Greve servidores,SulBahia News,https://www.sulbahianews.com.br/if-baiano-campus-teixeira-de-freitas-adere-greve-dos-servidores-publicos/,Gestão e RH,Imprensa Local,Geral / Não Especificado
2024-04-14,IF Baiano anuncia novos cursos superiores em Teixeira: Administração e Engenharia Florestal,SulBahiaNews,https://news.google.com/rss/articles/CBMiwAFBVV95cUxOdGNQamJ2MmdxOXJsLWlsYTlWalVhM0p3RnU4YkFfUG9RT0JZdEl3N2xScXlBVHpNTi1STlhEMVlYSG9yRnBjc3BNc3JaZm9TcVdmbU9wbW1sQjdGX3hTdHQ5TnhnLVNEcnhMTWNweGRJT1NFbXhRRnVnM2g3eF94UHJ5UGtncnREUm51ZFI5LXRGMkFqa3NIcms0YXlKakozR0o5b2U5eFd4cFZZZ2dYdWdRbmlISmdmbHYxckpMMkg?oc=5&hl=en-US&gl=US&ceid=US:en,Ensino,Imprensa Local,Teixeira de Freitas
2024-04-14,Novos cursos de graduação,SulBahia News,https://www.sulbahianews.com.br/if-baiano-anuncia-novos-cursos-superiores-em-teixeira-administracao-e-engenharia-florestal/,Ensino,Imprensa Local,Geral / Não Especificado
2024-04-12,Professores do IF Baiano foram aprovados em programas de doutorado,Agência Sertão,https://agenciasertao.com/2024/04/12/professores-do-if-baiano-de-guanambi-foram-aprovados-em-programas-de-doutorado-sanduiche-no-exterior/,Gestão e RH,Imprensa Local,Geral / Não Especificado
2024-04-12,Greve servidores,Agência Sertão,https://agenciasertao.com/2024/04/12/servidores-do-if-baiano-de-guanambi-nao-aderiram-a-greve-nacional/\#google\_vignette,Gestão e RH,Imprensa Local,Geral / Não Especificado
2024-04-12,Servidores do IF Baiano de Guanambi não aderiram à greve nacional,Agência Sertão,https://news.google.com/rss/articles/CBMipgFBVV95cUxNQTNub09XNTFLNUdsUzZjT0VMQ1k3S1pUbVZIc2RxVm9pdlFVSVNPTkhwdEsxT2RsdGN0UlVwQXFOVFFWRE5nN3lvU0VGdVZHbW9RTXptU3pOMlI5VF9zYkd2NnpKUXIzYUZaUFJJRUxuX0xJcW1BZnpJWld6djFhdzZHSXc4YmxfLWdManRHVlUxNmdlNU4wQnJNbXd6RVQwdnJHemNn0gGmAUFVX3lxTE1BM25vT1c1MUs1R2xTNmNPRUxDWTdLWlRtVkhzZHFWb2l2UVVJU09OSHB0SzFPZGx0Y3RSVXBBcU5UUVZETmc3eW9TRUZ1Vkdtb1FNem1Tek4yUjlUX3NiR3Y2ekpRcjNhRlpQUklFTG5fTElxbUFmeklaV3p2MWF3NkdJdzhibF8tZ0xqdEdWVTE2Z2U1TjBCck1td3pFVDB2ckd6Y2c?oc=5&hl=en-US&gl=US&ceid=US:en,Gestão e RH,Imprensa Local,Guanambi
2024-04-11,Prosel estágio,Agência Sertão,https://www.bomjesusdalapanoticias.com.br/bom-jesus-da-lapa/campus-do-if-baiano-de-bom-jesus-da-lapa-abre-vaga-de-estagio-em-curso-de-graduacao/,Ensino,Imprensa Local,Geral / Não Especificado
2024-04-10,"Prefeitura inicia reparo emergencial na caixa de drenagem da rua de acesso ao IFBA, na Urbis V - Prefeitura Municipal de Vitória da Conquista",Prefeitura Municipal de Vitória da Conquista - PMVC,https://news.google.com/rss/articles/CBMivgFBVV95cUxOVjhsaTNLR1dKX1BLMzQwZHJmZmNWcmFqM3JzZFlXUVVubEt1Tkxod0NqbGxuTTdnSGVHY1pRQU1oSk1Yb3dYWmJpRmVnanJRMGFrdDFMbERSVnU1TnpXajlKVDlxZ2JHZHJDSV9ocEpyUG9EQUZYRndudlpYenRNeEpqbzlXdTBRM0dsWWxxdFRxVGt2RTJiMnc0dDhQYVdmNDdPczNVNTBXYXV3cTZ0SEJOOFdOY0NqNk44dXd3?oc=5&hl=en-US&gl=US&ceid=US:en,Institucional,Institucional / Governamental,Geral / Não Especificado
2024-04-10,Nota do Conif em apoio às reivindicações de servidoras e servidores da Rede Federal,CONIF,https://news.google.com/rss/articles/CBMiuAFBVV95cUxOTmRhdlotaEh0RnN2OTJPYmhkVV9PRUx6S3VxNnFnUzZNVXJOT3RGSzBVVDBKRWdxM2VyVExjNHRCOFNiRC1iV0tKUUJXT3BuT3l2dU1FSWlQTjdFTnkzLVhYaThiRUtKR04yRkZCNGVwTk1aY0FDMWhVNFpfendHMm1JVjA3bG5kZUtlYjVYdjB1a2tQcDh0LUZzQ05WYV9lX2xKeC1aa0xJbFY2V0RrZ09lRDF5NUVu?oc=5&hl=en-US&gl=US&ceid=US:en,Gestão e RH,Institucional / Governamental,Geral / Não Especificado
2024-04-09,"Prefeitura interdita rua do IFBA, na Urbis V, para reparo emergencial da caixa de drenagem - Prefeitura Municipal de Vitória da Conquista",Prefeitura Municipal de Vitória da Conquista - PMVC,https://news.google.com/rss/articles/CBMitwFBVV95cUxPSUhXTXZ6bno2a05Ya3prOGVhUXd3aWI4UUsxMDdNRkxqSHBmRnNuT2FnNkxEeGxDMC1PbkNuRWhLaTJyb2FiT2NqT0xLMzRBRHlMc09SM0NYYkdWck1VajRxM1d2MTkxXzRrUmxhelNMRmJndnFKSnIzdWl2N2dKeUU1aGhZVFlYV054alU5cjJmX0o4anNZZThlUEJnMEhWbDJnRWNldmlaclBMNXJ3eDg5czZJLWM?oc=5&hl=en-US&gl=US&ceid=US:en,Institucional,Institucional / Governamental,Geral / Não Especificado
2024-04-09,Jovem eunapolitano é um dos vencedores de desafio mundial da Nasa,SulBahiaNews,https://news.google.com/rss/articles/CBMinwFBVV95cUxNaXZCMV9EMUpweWdheFZIczBVaV9SX1lIc2VxU0Y5NmxoT19rLWRyaGZSWHE2VWFOYWw1bzMxT2w2N3lQa2dWUTljVmJSRW9oU19rdGh1emE3VnR0b0lPWGY4cVV3Z1YxM0VKLVFwamJzLTlIZTJSbmlkLXNoaXBsRE14c0E5SVg0VWcxMjZ6WGQ2S3UybGRWUlFrSk5IYmc?oc=5&hl=en-US&gl=US&ceid=US:en,Institucional,Imprensa Local,Geral / Não Especificado
2024-04-09,Ifac recebe reitores e reitoras da Rede Federal para reunião do Conif,CONIF,https://news.google.com/rss/articles/CBMitwFBVV95cUxNZUExWlV6Y3ZMYnMxanpMNlo5TUVsVk1wVHpyS1dwSGw5MGozQXFfZDV3aUNWVHFCRkcxY1pFa3EwQ29sQlhKSmE1MTFtYjhJX1RoTl9yRFV4ZmlCaFV6SDdpR2l1cHo0WFpjem1SamZsMkFYb0I2UmpGUm5LVXYxV01JOUx2RDdiVGV5dHNyOU15R0NiM1FwWFNxWDdIUXlfQVczZ3JnVno3Z1U5YnNKS0pfdWtmX1k?oc=5&hl=en-US&gl=US&ceid=US:en,Institucional,Institucional / Governamental,Geral / Não Especificado
2024-04-09,Inaugurado o Ponto de Inclusão Digital em Santa Maria da Vitória,Notícias de Bom Jesus da Lapa,https://news.google.com/rss/articles/CBMitAFBVV95cUxONk1qdWwzOXJwZXVIU0UxSzZuNU8yeExyY0Z1cXJVTnExRG56dzA1SUl2MnhYaUVZRnM0dllVOVBZTWQ5V1NfQlprUm9LcHFRdjM2OEc0TEk4bUtmOE9Qb2tZWVRubUdoRjk2LU9CWEloMUQ4aEtZamhNQUhnNUhkdVNVdDZqbHJtRlEteFpOa2hjdHZyY0ZZTFNkX3QtR0F3OGp5S3BySWFxTzJ5Z2JsTVFpUTg?oc=5&hl=en-US&gl=US&ceid=US:en,Institucional,Imprensa Local,Bom Jesus da Lapa
2024-04-03,Instituto Federal da Bahia - IFBA,GOV.BR,https://news.google.com/rss/articles/CBMi5AFBVV95cUxOdHFhRnhPekhtSHowUUpyM3Z5MklJelRKUzg4TWYwSzBOY3M2TnFKOC1KWm8yUjBNdUtRRGhxNUUwbFM0U3F3VHctQUtybWlPRE1kMnB1a1BRZkpnZllYdkl3d1R2OFdpSGxxZHBOQmJCODlUTElWT3VMUmd4QnFmSW9YMzQzcmJ0eVFMTm43RVhsUmF2MS1xa3YxNzg3akJGaWNILTN3akJEQ3pHUm5lS3BEVWpSYno3eEk5OUktZkEtTkFOSndKUlpGTlR6OEVISmthTGpPUlBCMi1aenZKelNkVno?oc=5&hl=en-US&gl=US&ceid=US:en,Institucional,Institucional / Governamental,Geral / Não Especificado
2024-04-02,Feira de Negócios de Guanambi foi adiada para a próxima semana por causa de chuvas,Agência Sertão,https://news.google.com/rss/articles/CBMivAFBVV95cUxNdVFvZEJyZDBWN0FkNk1ZYTd0c1FFSDVicldCMHB4THpnSkF2U2JBdUhmdmdvQmJsdTd3Y1IyY1BfN09Va2Zxb2xKbTBXOFdkMGwwNG5HVTRBS3BaU2ZlNWJDM3ozU3Y1a2JmSEloZ1k2UjJRWG9WdmQ4Yl9ueDZLcVltU0loOV96S1RLSGFKckdNb0h5WndnaDRhU3doMzRBZHRQSzR1WDdyYkFwYmxSRkdtRjJPQ1pWSDBtONIBvAFBVV95cUxNdVFvZEJyZDBWN0FkNk1ZYTd0c1FFSDVicldCMHB4THpnSkF2U2JBdUhmdmdvQmJsdTd3Y1IyY1BfN09Va2Zxb2xKbTBXOFdkMGwwNG5HVTRBS3BaU2ZlNWJDM3ozU3Y1a2JmSEloZ1k2UjJRWG9WdmQ4Yl9ueDZLcVltU0loOV96S1RLSGFKckdNb0h5WndnaDRhU3doMzRBZHRQSzR1WDdyYkFwYmxSRkdtRjJPQ1pWSDBtOA?oc=5&hl=en-US&gl=US&ceid=US:en,Extensão,Imprensa Local,Guanambi
2024-04-01,Concurso da Prefeitura de Luís Eduardo Magalhães abre inscrições nesta terça-feira,Agência Sertão,https://news.google.com/rss/articles/CBMivAFBVV95cUxOYjB0c1QzVmpUY3N2VmEzVlJhMFZHdi1iRnNBWG1nM0FSYUFTQjIzUmxqQjJBbzZ2TnBTMk83U1o0UnVGakhRdi1kb0FicXYwaFdpQl9RNnBPSnYxNWYtb2U1Q3ZWa1FyVmdKMXJRcU1yZHV5ck9iNFJ2c2w2Y1JUVmFBXzhmTm9WYTNKdExEalJ3TEY3TDE5ZkFoTE0tM285NHU0R09FNUxYZ3FHRjlhRG0tY3BJeGpEN0MzNdIBvAFBVV95cUxOYjB0c1QzVmpUY3N2VmEzVlJhMFZHdi1iRnNBWG1nM0FSYUFTQjIzUmxqQjJBbzZ2TnBTMk83U1o0UnVGakhRdi1kb0FicXYwaFdpQl9RNnBPSnYxNWYtb2U1Q3ZWa1FyVmdKMXJRcU1yZHV5ck9iNFJ2c2w2Y1JUVmFBXzhmTm9WYTNKdExEalJ3TEY3TDE5ZkFoTE0tM285NHU0R09FNUxYZ3FHRjlhRG0tY3BJeGpEN0MzNQ?oc=5&hl=en-US&gl=US&ceid=US:en,Gestão e RH,Imprensa Local,Geral / Não Especificado
2024-04-01,Salvador registrou pouca chuva e muito calor no mês de março,Agência Sertão,https://news.google.com/rss/articles/CBMinwFBVV95cUxQOThPUy1EVk8wbVpaX1hFMElvSVdNdHpQVnZIMTNWcTRCa2k4bmlOY21EMExOUHBDV0NPTnBnRnpUN3RBbFJzZ1BnellXUUtxYkNhbTF5T01TTlNSUVZseTVqa290WUEtNmhUejNEU2llRTJtQS15M3BqRWN6Z0ZqMTcySnIzUkx3Umw1aVhORnItSXBKUHp2YWQ0MXl6am_SAZ8BQVVfeXFMUDk4T1MtRFZPMG1aWl9YRTBJb0lXTXR6UFZ2SDEzVnE0QmtpOG5pTmNtRDBMTlBwQ1dDT05wZ0Z6VDd0QWxSc2dQZ3pZV1FLcWJDYW0xeU9NU05TUlFWbHk1amtvdFlBLTZoVHozRFNpZUUybUEteTNwakVjemdGajE3MkpyM1JMd1JsNWlYTkZyLUlwSlB6dmFkNDF5empv?oc=5&hl=en-US&gl=US&ceid=US:en,Institucional,Imprensa Local,Reitoria (Salvador)
2024-04-01,Baianas são premiadas e escolhidas para participar de evento internacional em faculdades dos Estados Unidos,Blog do Eloilton Cajuhy,https://news.google.com/rss/articles/CBMi4wFBVV95cUxNR1RSenN0SGVuOHlzaVlLSVo1VVBoSDN6QmVyUzg4akowdnBKWms2bWprLVFHb05HNld2UnRRbERMX2V1RThFUUE4c2VMeVU3d3BlSHJhcURBdHBtbTYwNWtQX0xGVTl1Q0YwM0RubVBfWXJRYTRQWk5QUmZZMmZHbEtLekRGZnF2bTVZa2R6LVVFSmNyQVZkX0t5c2ZpNU9YZVpmajFVNmxtcXcwOTFaeW03dDV1aW1mN1pEX044SmpBT2dZbkpTdlhFLWhRNjZYal9TYzhtaDZhN1kxRGx2dWVnbw?oc=5&hl=en-US&gl=US&ceid=US:en,Extensão,Imprensa Local,Geral / Não Especificado
2024-03-30,10 Cursos profissionalizantes estão disponíveis 100% on-line em Ruy Barbosa,Ruy Barbosa Notícias,https://news.google.com/rss/articles/CBMiWkFVX3lxTE9TcjRxWFZEN095TDZEdUFFNVFQYTM2V1RKQmdqS09HOVBwbDlGYjhwZUlINFVHVFNEMVhQTlctSi1UUU9YVE1kOVJUNkhFMzBzdWpkX095NFhHQQ?oc=5&hl=en-US&gl=US&ceid=US:en,Ensino,Imprensa Local,Ruy Barbosa
2024-03-29,Educação,Bnews,https://news.google.com/rss/articles/CBMiU0FVX3lxTFBaZ3pwTkx4TzRJbmRHUHFCbk1RS3VPN0ZCSk1hd25hM0JtUjJqamNOLUZQSUJWc1dUcHZGcXNBeWRRRTFKa2pROUtzV3FtSlBDUEJz?oc=5&hl=en-US&gl=US&ceid=US:en,Institucional,Imprensa Regional (Bahia),Geral / Não Especificado
2024-03-28,SAAE de Bom Jesus da Lapa realiza parada programada para ampliar o sistema de abastecimento de água da cidade,Notícias de Bom Jesus da Lapa,https://news.google.com/rss/articles/CBMi_wFBVV95cUxOQ2YtODA5NkFBVE1aWUVtSTVIQXh5SnZVVmNMRmZrcGpTMkt6TWVDNk5ma3lCRUs3SFhFc3laRC1RUGE3d0Jub1RyRGVMYUZGQXJ6b3B0RHl4QWpiUnBuMWFvMnVzanlhUUZBLVBSV0VFbTBjdzU4bFRYVzZzYjNTcjdFUFlaVm16Z2p0OTZMbGVFcGNMaU9oZ3d1NXh3b0tEWmF3OXVQSFp2ejREQi01V0t3ZFdjbm5wZEFFSXRFbTFWNXl3R01rbm5ZWUhvQVV5Z2xtdm1fekR0cDE2SDlJcTdFNkpub001MDBvcnZ3d0VmQ3BtbXYxM19lci03SU0?oc=5&hl=en-US&gl=US&ceid=US:en,Institucional,Imprensa Local,Bom Jesus da Lapa
2024-03-27,Ação da RONDESP termina com morte de suspeito de homicídios no Residencial Castelinho em Teixeira de Freitas,liberdadenews.com.br,https://news.google.com/rss/articles/CBMi6wFBVV95cUxNWmR1OW1mNUtleURiTnphVThsTngxd3BYeWVIOXJyTGY4LVlST3J3c1hnanQ5REZ3NFJXZXVsX2x6Y3pZeVRJVjhtaTZvUm02YTZ3NW5YY3otSXZIQm1zNmxGUDdURFpoME5MbUNSQ0FzbG9MUXFtZW5mcGUyUUdCRl9TOGd3MFh5SHlpN1dLclNFVkZvcW5XQl8yc0NUa3ZPa0MwRWphbGhzWHVvWjNBNzJhZnltN2dtTEJIWG9GR2RhUEtiZll3TlpfeWZTNER2NVhUd0w4YmliWFBZVXYxNXVEdXhWcTVYY1FV?oc=5&hl=en-US&gl=US&ceid=US:en,Institucional,Imprensa Local,Teixeira de Freitas
2024-03-22,Programação da X Jornada de Astronomia do Ifba em Vitória da Conquista foi divulgada,Agência Sertão,https://news.google.com/rss/articles/CBMivwFBVV95cUxPdnRCcU9HakMwclZXZzRUTjZYazlaSlVMQTFlREdhaUItMTFXZGlEbGg5QXNJVUhnYUE3eEE0dElQbXF6ZUpldWZOZDhnNlBOU3M3VlFWd0ZSUlMxZWk4MGJod21yekNIMEhoMDVORzlubUJVT2hLejhrVUFGZUJZazYyRnBGdVFIeHkyWWprYlY1UXhDOTJLQnJJcVJaOFRORFFFODFrNVkxakhRTkVUb1N2THJVRjMzR09UVkJaNNIBvwFBVV95cUxPdnRCcU9HakMwclZXZzRUTjZYazlaSlVMQTFlREdhaUItMTFXZGlEbGg5QXNJVUhnYUE3eEE0dElQbXF6ZUpldWZOZDhnNlBOU3M3VlFWd0ZSUlMxZWk4MGJod21yekNIMEhoMDVORzlubUJVT2hLejhrVUFGZUJZazYyRnBGdVFIeHkyWWprYlY1UXhDOTJLQnJJcVJaOFRORFFFODFrNVkxakhRTkVUb1N2THJVRjMzR09UVkJaNA?oc=5&hl=en-US&gl=US&ceid=US:en,Extensão,Imprensa Local,Geral / Não Especificado
2024-03-22,Estudante/Olimpíada de Zootecnia,Bahia Noticias,https://www.bahianoticias.com.br/municipios/noticia/38613-estudante-do-vale-do-jiquirica-concorre-em-etapa-nacional-de-olimpiada-de-zootecnia,Ensino,Imprensa Local,Geral / Não Especificado
2024-03-22,Estudante avança em Olimpíada de Zootecnia,Acorda Cidade,https://www.acordacidade.com.br/noticias/educacao/estudante-baiana-passa-para-etapa-nacional-da-olimpiada-de-zootecnia/,Ensino,Imprensa Local,Geral / Não Especificado
2024-03-21,Estudante avança em Olimpíada de Zootecnia,A Tarde,https://atarde.com.br/bahia/estudante-baiana-vai-a-etapa-nacional-da-olimpiada-de-zootecnia-1263256,Ensino,Imprensa Regional (Bahia),Geral / Não Especificado
2024-03-21,Prosel subsequente,Ilhéus 24h,https://ilheus24h.com.br/if-baiano-campus-urucuca-oferece-91-vagas-em-cursos-de-graduacao-ate-esta-sexta-22/,Ensino,Imprensa Local,Geral / Não Especificado
2024-03-21,Estudantes criam filme de rambutan,Itaberaba Notícias,https://www.itaberabanoticias.com.br/educacao-2/estudantes-baianos-desenvolvem-biofilme-a-base-de-rambutan-fruta-cultivada-na-bahia,Ensino,Imprensa Local,Itaberaba
2024-03-21,Prosel subsequente,É Bahia News,https://ebahianews.com.br/if-baiano-teixeira-de-freitas-recebe-inscricoes-ate-esta-quinta-feira-21-para-91-vagas-em-cursos-tecnicos-ead/,Ensino,Imprensa Local,Geral / Não Especificado
2024-03-21,Prosel EaD,SulBahia News,https://www.sulbahianews.com.br/if-baiano-teixeira-de-freitas-recebe-inscricoes-ate-esta-quinta-feira-21-para-91-vagas-em-cursos-tecnicos-ead/,Ensino,Imprensa Local,Geral / Não Especificado
2024-03-20,Estudantes criam biofilme de rambutan,Correio da Manhã,https://www.correiodamanha.com.br/nacional/nordeste/2024/03/122041-estudantes-criam-biofilme-de-rambutan.html,Ensino,Imprensa Regional (Bahia),Geral / Não Especificado
2024-03-20,Prosel subsequente,CPG,https://clickpetroleoegas.com.br/if-oferece-mais-de-90-vagas-em-cursos-tecnicos-gratuitos-100-ead-nao-precisa-fazer-prova-nem-pagar-nada/,Ensino,Imprensa Local,Geral / Não Especificado
2024-03-20,Ensino técnico abre horizonte profissional para os baianos,A TARDE,https://news.google.com/rss/articles/CBMingFBVV95cUxNeWwxZWNEbTN2TDlrb3NSVHFoZjZMU1lFd3JfSWhVcHI0TG1pQWM5cjI4SzRXN1NvOG1NR3BQLXlWbU5pM1dYc09jQlhjN1dWSklrVTFxcWpFbzIzYU1IX0JoYnc1dHlyTjVxaldLc2FWcE5xU1dlZVRmdkM0V2N4WVRkcFdJRGdIdi1lQXlaTjdnZWxvY0NlbGg4dnQ1UdIBpgFBVV95cUxQeVhvQ2RzcG1UZHNUdm45OGswUVptUkZwTmNMXzV2QU1uMy1halgzX1h5Wlk3UEZaR3k4dWpnY2JpVTJRaDVEa1plcGtsWkt3NnZiSDBtekJxLXFvczFqN2pxY3pwYXVCZlhNQ1I4dldzVExxVVd3Sy1JTGM1MjJuMmU3MGNrQ3JQRE0tY2tYTF9ST01XeWdhYUJaZWxNSEdWaFR2TjBn?oc=5&hl=en-US&gl=US&ceid=US:en,Ensino,Imprensa Regional (Bahia),Geral / Não Especificado
2024-03-18,"Estudantes baianos desenvolvem biofilme à base de rambutan, fruta cultivada na Bahia",ba.gov.br,https://news.google.com/rss/articles/CBMizgFBVV95cUxQTVZUUEY5YW1aYnZXYWpnNVp0cllQdFdKV1ZyVVZORXZYZDhibllZUWxVRUVCbk15eGlINVpXbjB2NDJ6N0pGdzhrODF1NFc2T2d1eU11Z0FueVpVTUtxSW1JM1lEUERpSTM3V2kzT0R4Y3prMWN0ZHRva0lOZ3BiS09SLWszSWhhQ294cGtWb0lrb2d5VXloUnVMalhhZVJhN2NlSld0eWN5RGlSTm1XMjlKVGlRX1VpLXdOMGQxZkRkVWtTNVBpSWZVUlBkZw?oc=5&hl=en-US&gl=US&ceid=US:en,Ensino,Institucional / Governamental,Geral / Não Especificado
2024-03-18,Estudantes desenvolvem biofilme à base de fruta cultivada na Bahia,A TARDE,https://news.google.com/rss/articles/CBMipAFBVV95cUxOMDhSeEZxUUhFbkVaUm9zdGwxc0poM1F0Y3g0YXIyNmR1bk9ZRXFEV2tvQzEyaTZyQTEzNWR1LVAxZjQ1NlhlcGxJeVB4VUFnZU9RVlQ0YUpWWTJxck9rTEpXbzFFazBheEtoajktQ0UtUzlMZnRMMHpPRmdIV0Mwc1I4bWtBcXhlRFUxU0dsS2ZYOU1JR2dWUFRYTmxQMUVzUkRBM9IBrAFBVV95cUxORER2ak9YUnh5S2tBcDNyb0hoanhWazZOc1M5TWF6c3dUY1RVWjhnRjg1QUFaZ25uYnZ2RDJ2QVZrNkh3N0pETjUwRUNwSklDSERVbE4tYkMzUk80Z1BNRExReG9qSGlwOTdRc3VHUWcyazMtRTFJeWNRSFdtS2ExT1RyLXBUM0VfY1VjM204cGRVTEhmSVhDbXRjZS1TbjBNR29MTEJQUm4wZUtv?oc=5&hl=en-US&gl=US&ceid=US:en,Ensino,Imprensa Regional (Bahia),Geral / Não Especificado
2024-03-15,LAAEB - Laboratório de análises ambientais do extremo sul da Bahia,Plataforma Nacional de Infraestrutura de Pesquisa,https://news.google.com/rss/articles/CBMiVEFVX3lxTE9VSThqWC1DMGFPYkt0VXk2S2JSeG90VVJ0dnVtUkZ2b3JCZWtSeU5JVlRXUnhibVZKVUFSelRjd0ZRN3pDMl8tMU5tT3RXQ01WaFBWOQ?oc=5&hl=en-US&gl=US&ceid=US:en,Institucional,Imprensa Local,Geral / Não Especificado
2024-03-14,IF Baiano oferta 48 vagas remanescentes para três cursos superiores em Guanambi,Agência Sertão,https://news.google.com/rss/articles/CBMiuAFBVV95cUxNa3ZnX01rR1hWLVVPVkhhX0gyY3V6a3JZLWVleU5FOXJPMWhmcXRvR3oxX045S0VNTG5wWkZyZDk4bVdBQXVIQ1pyVzBVNXY2R05kU3hmc05VVUl1cGpVYVJSTFVrd0I5UFlIdlpUZGVxLWxxbHJob05GWnlyTzhPRjFQb2tSeFNoUVpqNktJc0h2Z1RHUkFHZlhfM2NtTTJTVzRjNzJKYzV0QmhHNnJmd0g2Y2F3VVFW0gG4AUFVX3lxTE1rdmdfTWtHWFYtVU9WSGFfSDJjdXprclktZWV5TkU5ck8xaGZxdG9HejFfTjlLRU1MbnBaRnJkOThtV0FBdUhDWnJXMFU1djZHTmRTeGZzTlVVSXVwalVhUlJMVWt3QjlQWUh2WlRkZXEtbHFscmhvTkZaeXJPOE9GMVBva1J4U2hRWmo2S0lzSHZnVEdSQUdmWF8zY21NMlNXNGM3MkpjNXRCaEc2cmZ3SDZjYXdVUVY?oc=5&hl=en-US&gl=US&ceid=US:en,Gestão e RH,Imprensa Local,Guanambi
2024-03-14,Prosel cursos técnicos subsequentes EaD,Sul da Bahia News,https://www.sulbahianews.com.br/if-baiano-oferta-91-vagas-remanescentes-em-cursos-tecnicos-subsequentes-ead-em-teixeira/,Ensino,Imprensa Local,Geral / Não Especificado
2024-03-13,Prosel cursos de graduação,Pimenta Blog,https://pimenta.blog.br/2024/03/13/if-baiano-de-urucuca-oferta-91-vagas-em-cursos-de-graduacao/,Ensino,Imprensa Local,Geral / Não Especificado
2024-03-13,3ª edição do Origem Week movimenta cena gastronômica na Bahia - iBahia,iBahia,https://news.google.com/rss/articles/CBMisAFBVV95cUxOckdOUHhNNndjR3FiZXREMTR3R0dUeEFnZmZYeGNOUXVEaG5BbTc0UVVRYzB4ZnVuZ0FIUkxrNDdmdjlCVE5raWdTS002alEzY3Bla3NFd1NNZENFbkVzUmhHQ1VWMlAxZjRWRDJNZTlzdmNvMnQ5UGRfUHA5WWZPYUZhMEloYTFnZERvU045TEhhY1VFTUszTWtJMjBWQkpJR2tTLWQ5STJDQ2pCblJXTdIBuAFBVV95cUxOY0l5Q055T09Kd0l4bkxJd3VZRDR4VnpwLWFxRkFaVlhfb3kwcHIxd0VSUzE1TkhCc3FqbUhsV3V5V0UxSDRfS2dRU2YtRkh3eXBUWXlYNnJBcVVka3M5cHA5U2IyOWhHQXhtZElQVmtzSG5kRFFxZ0JXLXV1cHQzZmRpd2ZmZmt5M0tLVEJ1V3AyTDJ4eHJOSlB0ODhzVEp1RnJnMnZFbF82UXdIMzJ5eWk0R21pMXpI?oc=5&hl=en-US&gl=US&ceid=US:en,Institucional,Imprensa Regional (Bahia),Geral / Não Especificado
2024-03-13,"UNESCO-UNEVOC inicia formação para o projeto I-hubs, que é liderado pelo IFF",CONIF,https://news.google.com/rss/articles/CBMivwFBVV95cUxOTERUaFRzTXF5X3ppYmdQblpCTHhvZU4xYTZtNUtNWC1Mb3F0aU9MSFRoNTc1M0sydUY1STV4VWdoVGxIRUMya3hwZUk3dnlJYjRCZnZzOE1aSnV0aFRlR01Tc21VUUs2T3VFM3p4NFVMOERvRTNWc1o4bl84azcwTFBzLUZTOGxDQk83SWhBUWMwZC1OU2cyTHNiSlQ1M3U0MFhZWWJoNXR4WmJ4cEVaWUVZVHlKNnhPZmJMS0QtRQ?oc=5&hl=en-US&gl=US&ceid=US:en,Extensão,Institucional / Governamental,Geral / Não Especificado
2024-03-13,Governador atua para levar novo campus do IFBA à periferia de Salvador,A TARDE,https://news.google.com/rss/articles/CBMitgFBVV95cUxNSExGa0ctNHVvdVNYaFk2Mi0yOU82V1ZIZU8wQU1uMXJZRy0zTVJqM08yNmVmODVhc1JDamZldUhhTV9SS25hOHBNQk14YS1pa3NfNy0wME51bXNscG9ZcmlYdDcxb1ZaVWxpZTdMSnV1ODVNdGltUlR5VHFkdUdJelpZellBenBNem8xRG81Zm1UQWozOVVNamh0dWc4azRxZ2JtMjRQVmxfeG5ibkdPbU05RXBid9IBvgFBVV95cUxPTWVGTlkzQjNuTmdjMFZUSnppbEF3SlFRX282V3VFRjQteHc1bGR6anFxeXFUX2VGS004RnFoSVpyYUI2VzUzRUpSTG5wZ1lLSDVCejNrSEFVcHFmd2J2Uk5RTHhObFpRT2pNakxGbzhTbXlSNzNYZ29Ea1ZXLUFnUTJNWEtnVHpVZXZFSy1ZblNrb2hNeHdvaXdDRU9CSDB0QnZoV3RQbFJmcVhyMlBJTWUwd3VUUEUyMW9NajZR?oc=5&hl=en-US&gl=US&ceid=US:en,Institucional,Imprensa Regional (Bahia),Reitoria (Salvador)
2024-03-13,Deputado Ricardo Maia comemora criação do IFBA em Ribeira do Pombal-BA,Portal Alerta,https://news.google.com/rss/articles/CBMiwgFBVV95cUxOcHZkSVVnVUF2MlFNbjZfY1lVOVZPTURJMlNvN0o3ajdMUVZOUl9lX09xNTljWjNmR1kteUdoMk5iOWJyM3BaRE96RmJ1emxWRTByc3RIaEZXcThPZ2xNVUZDZkJQNHNEdE5oWTEyYnpyUXNDU3RrRUhoZWg0d25PNEVUQmw4WThLQXZWX2JkUElLLW9kVG5Nazg2Mi1YczllRS1wT0ZZX0d1RFRFRmxmY2U4NFBGekhjbXZISkFhX29EQQ?oc=5&hl=en-US&gl=US&ceid=US:en,Institucional,Imprensa Local,Ribeira do Pombal
2024-03-12,Presidente Lula anuncia oito novos Institutos Federais para a Bahia,Jornal Grande Bahia,https://news.google.com/rss/articles/CBMirgFBVV95cUxPdE4yRnpYZDdkWk95bjRiWnV6eEJFN0lWY3ROdG5LSWxEdDMwZ2ZaSVJ0YlMtdkFJTXNBS0laMnNYZXZSaWVNNjlmS3RwZUNuanJpbktMdEZ4SzU4VGpFOEl5eWF1MHlwTkFkZXA2cGpJWDRlemhCc29lLTA2V092WUhMb1RrMVQzdGN5enhLaHdobDJGdlJoMjA2TmFGYWJQdlFXanVOeTJ1OTlTcmc?oc=5&hl=en-US&gl=US&ceid=US:en,Institucional,Especializados (Nichos),Geral / Não Especificado
2024-03-12,Ifba abriu seleção para professor e para suporte pedagógico e administrativo em cinco cidades,Agência Sertão,https://news.google.com/rss/articles/CBMiywFBVV95cUxNYTdjQ2RUNktiNjNHU1VKbU9UN0RfRnU0V2xJUWp5MGIzekVHVTVQV0FreWZnbFpiQ3VVTHo3amJFUDRfVmgxVG9mcmo4dzl6RHI3UEhyQ191SURDOXVUeXloQVBFT2lWTFZXR3JWUk56ZjgwUUVsZjJ1dDFmLS1DVnNJeS1OUlRBU0xiTXprYzZXb2h3MnN4eGtYUElvQWEyXzA0UUdFbHBpSndWbkRpdUU3ci1KbHVqOXVBNTV2SE5RNS1WTG1qN2FfRdIBywFBVV95cUxNYTdjQ2RUNktiNjNHU1VKbU9UN0RfRnU0V2xJUWp5MGIzekVHVTVQV0FreWZnbFpiQ3VVTHo3amJFUDRfVmgxVG9mcmo4dzl6RHI3UEhyQ191SURDOXVUeXloQVBFT2lWTFZXR3JWUk56ZjgwUUVsZjJ1dDFmLS1DVnNJeS1OUlRBU0xiTXprYzZXb2h3MnN4eGtYUElvQWEyXzA0UUdFbHBpSndWbkRpdUU3ci1KbHVqOXVBNTV2SE5RNS1WTG1qN2FfRQ?oc=5&hl=en-US&gl=US&ceid=US:en,Gestão e RH,Imprensa Local,Geral / Não Especificado
2024-03-12,"Bahia receberá oito novos Institutos Federais de Educação, Ciência e Tecnologia",Notícias da Lapa,https://news.google.com/rss/articles/CBMixgFBVV95cUxQNmVkRmdmQlp1d2NYeklTbDdfUFk3ZXQ3MzN0NUF0YzNvci1FQ1ZrbWhpZ0xUZ2N6TTNybWdvZkFEd09BNExGcXFTaV8ybWx0ZWFPWWJxaG5wcXpQUF9ZaThUeE9YeXNjX09wSHpZZ1lmWi1aRm9hNDdTVlF2VGJlTjFPSUtKYVZKOFhBYlhWYVJnZnZsQUlYeG5yTmZHWXY1eGZHVGRlLVJEY1FfZm9VOUhBU0R2T3VXaTNDeXgtLTQtVjdNNXc?oc=5&hl=en-US&gl=US&ceid=US:en,Pesquisa,Imprensa Local,Bom Jesus da Lapa
2024-03-12,"Como antecipado em A TARDE, Lula anuncia 8 institutos federais na BA",A TARDE,https://news.google.com/rss/articles/CBMisgFBVV95cUxOTVRoODBXM2RNeGM1cXFyQ2lscVY1SnVpOWt5ZElBTmIyTm5YeHhEZ0VWdDVqd0FnOUdrSnhFSWZBWlhnLTRWVFpOZ0ZfTnlGdlBHaGhRUmVwbnRHXzlxcVFTanI1RzRUNWVtaVRvX3JIVjJ4eWlvTDhhbkdKd1k0VU40U2Z4bnpJV1MxTzl2NVF2eFJrVFVzV2Z0QVN0cmd5Z3J2aE43M0xGVnYyakZsN3BB0gG6AUFVX3lxTFBuY2J0d1d1eWF4NEJiQ0c1dUpCLU5WR3Ytam5ta2MwZ21ybTdSckpGMWhVaHVkYWJhSnZHdG5jV0FkQ1FBXzZZOHRwbVgyc0lYT3pNcWZoVG82bVJGakt6WTY0WGh5UXIxRVpVQjBld0c5RHhRemkySEpMX2ZrbTNYZFlDY2hMeWJJdDBCT0RCQndkSEpNbVVHcDNiZzNVSS01RmVNRjNVZk9tMFk1OFQ3Z2QzVHJCZ2dEQQ?oc=5&hl=en-US&gl=US&ceid=US:en,Institucional,Imprensa Regional (Bahia),Geral / Não Especificado
2024-03-12,PRESIDENTE LULA ANUNCIA 8 NOVAS UNIDADES DO IFBA; ITABUNA É CONTEMPLADA,Pimenta Blog,https://news.google.com/rss/articles/CBMiqgFBVV95cUxPMmZzQTVqTUlnd0xWQVFKQ3ZXVUR4M1hBd2MxQVd4Ul9tUTliU0wtSlNTd1pYWWlGb0VSVVJFUEZPeVM4U251UUpreXpzVnZyM3JBZWg2TGFVU0lqd1piSFhjYkpLUGszdGllT1BZZlpPalgzV1F6LXFEZGR0YU1PNjZORWl5VDJmYnV6VGF5cUFYZTlaQnR2RkVQUUZDLVZPQ0d0QkJ4RnJrZw?oc=5&hl=en-US&gl=US&ceid=US:en,Institucional,Imprensa Local,Geral / Não Especificado
2024-03-12,"Oficiais de Justiça de Guanambi ganham Selo Diamante em destaque estadual, com avaliação máxima do TJBA -",iGuanambi,https://news.google.com/rss/articles/CBMi5wFBVV95cUxONXpIc1prQlhzWkRfYUhsU2dsckRlc2hJNVZqZF9FY05SZ3dZdGxIbTZDc3NwaEVlUUtqT2kzS3FOTE5WYTlYUzRtNmE0OEJKM1FydktvVnhLVEt3dHRpSS0tRW5BNGZtSE85MWpHdE9LZEdHbFpTa2ItcUUzekFGWkp5TDZrdFpiNnlIenE5U2RuNWtub09NRXpEeW16NlZtU3phVnd2Wkt2SXByZV94ZzJhZWRIbHZTaVpReUtxVzNTc3A2cTdWRkQ1R3JHUnh1OUlRYkRHakhLOW1zY19ENTVZbUVZakHSAewBQVVfeXFMTWpqM2RZRzFDd252N3VZc2VqakhOMEtPZ05QQ3BBT0dGRGdZeERNYVIzaVVfRXUtc2twTktJUUMyNnRlU1ZyNzhkb1poMjlXdFlIdFpmOGtzRDBpbWxxSzB0UTlDbzBEVzF0bGhjYVZjTG5TNlBiS1BSS0tvS05pMlNDR1JvYTM3OFpCczhwZG5LV0p6a0FkVkhKM0x2MXloMmxpUzlaTV9JcE0zN1RYZEZaYXpneXU2WnU1M0JBd04yT1NSSi10VXlGVDkwNXVOME45OEtWSGhZekdBdFI1NzYweU93UDhpNVRyazg?oc=5&hl=en-US&gl=US&ceid=US:en,Institucional,Imprensa Local,Guanambi
2024-03-12,"Bahia receberá oito novos Institutos Federais de Educação, Ciência e Tecnologia",ba.gov.br,https://news.google.com/rss/articles/CBMixwFBVV95cUxPTndNUjd1UGJteEdhVU16RTJRSEhMZ1RzTnRrUkVQY0RGYlR3OHV3ZjZrR2t0bXQxei1HeW9LQTB4b0J4STZ1cnJ1U1J2ZnhNdTR2LWlSNkh3T0hlcTZjaEZzclRLUENJcnJCbVVSV2t3Y1hYWXJBYVN1NXFaZnlaY1Z1S3AyVEVyMGE3Wm8tOVJ3M0NjeFctYWZaX3FpWmJYSENzNXRoMFV2MXk2bEtWYjc0RHk0T2xmSThWREJiX05YT25rWm5z?oc=5&hl=en-US&gl=US&ceid=US:en,Pesquisa,Institucional / Governamental,Geral / Não Especificado
2024-03-12,Lula anuncia construção de oito novos Institutos Federais na Bahia,Bahia Notícias,https://news.google.com/rss/articles/CBMiwgFBVV95cUxNaWNjNUJ4dGRTTXZ3czQ1MGtyTUZYVnBhZFEyZlMybUdzR1g4Sm1pT2xSVjIwRHRndW1FZEpvLWtYTExzTGptVml0dkhxT1Awak45bm52UDZnc3lWalctNTZaYkFxZlIxZWhBYWN4Z3g1eXdxUDkyZ0lLOVVYQ1NSZFhYM3ZfQUlyTDJadEhvLVdDZkpHZmx3V3ZKQWNRekU1T1I4WEtKWWJwVEg1SGdvYjJPWnBFV1l6enVzMWtBbDJ6QQ?oc=5&hl=en-US&gl=US&ceid=US:en,Institucional,Imprensa Regional (Bahia),Geral / Não Especificado
2024-03-11,Pleno do conif recebe procuradores federais durante 131ª Reunião do Conif,CONIF,https://news.google.com/rss/articles/CBMiuwFBVV95cUxPcjVoS3l2UjNIb3BtcV93Y0lDQTN4QlpBcWlkNzlDQXhwalNWUENyTEtiNlNkMDBEZ205YkdxWFFDdHlfOVpGckxoNFhIUGtfd0p1MEM1TmtxM3NVR1V0Y240RWdTSExPbC1fby1ndHlnU0FyazJGWXkwN2NkR0FTVmtla0pLdVNjdTdrZldpdnhlVWxONWc1blFRQi1mTlR0UUp3N1VDR1VSUU9Md3gxWUFmN3JtcDYzTURV?oc=5&hl=en-US&gl=US&ceid=US:en,Institucional,Institucional / Governamental,Geral / Não Especificado
2024-03-11,Prefeitura de Cruz abre período de recadastramento e inscrição de transporte universitário intermunicipal gratuito para UFRB e IF Baiano,Prefeitura de Cruz das Almas,https://news.google.com/rss/articles/CBMiiAJBVV95cUxOY2RXajZTYmwweU1pMkdZdHA3MWl4dEZLazFKX3ZJWGFqOVJRbjllS0RfNDBHWS1NZFBuVnZLejRQMW0xNlU1eW9ZVnoyNWxOdk0tT3dqc19TVUI5X21zeDc3aXRMTzFFMy1aVGRLQ19xbjRxaVNRaEc5WnFXaDA1aThtOS1XMk44aFRLV19KSHJ6dVhya2trMFVNUmlMN3U2eGNkRlBDbkYxbEF1dWx4MGp2SG9NM2JCMWkxaFhGMDRvcXBvR3FfdFF4WTM3MFQ2ZWliMUJBWllwQnFaSzFuelRRcUVJQ0NEdEZsX1M4bHlZTFkyem5pVmxiTzh6SzczaXg2RHEzcVo?oc=5&hl=en-US&gl=US&ceid=US:en,Institucional,Institucional / Governamental,Geral / Não Especificado
2024-03-11,Plataforma Nilo Peçanha - Dados Abertos,Dados Abertos - MEC,https://news.google.com/rss/articles/CBMiiAFBVV95cUxPTE56ZjIxa3dfaXA1T0UzUElIUktSMEdUS2c1MkVYWFYtdl91U2pUZjdBWnFxbjJ3MnVleWxSbi0wUmR0ajdSQkVCejZoYnVSS3B0X2drUl9ZT3NuRV95Tkxpd3B3dmxIQjY4NTVXNC0xTU9SUTMwZWJYb3hZREFyaGZWTGZ5OVZz?oc=5&hl=en-US&gl=US&ceid=US:en,Institucional,Institucional / Governamental,Geral / Não Especificado
2024-03-08,Professores: Bolsa Produtividade CNPQ,Agência Sertão,https://agenciasertao.com/2024/03/07/pesquisadores-do-if-baiano-de-guanambi-foram-contemplados-com-bolsa-de-produtividade-do-cnpq/,Gestão e RH,Imprensa Local,Geral / Não Especificado
2024-03-07,Homicídio em Teixeira de Freitas: Jovem é Assassinado no Bairro Jerusalém,liberdadenews.com.br,https://news.google.com/rss/articles/CBMiuwFBVV95cUxPMVRmaDg1ZlBoandhUURQNy1UeGhaZnk2TTNPV0R2VGJhNFZnQllXdXBzUF9ZdmtKMDVBdF9sVWVqVkhTMC02cElMX3k4cEJ6N0lRMEJENWt3eV9SaDdjb2FVOWc1UnJVMnVWUEg0R21yOGl6TzE5QmpkTjZFUEkxaTFsX2tYSDBaUTBGQ3lIOWlkMl9LaGJ4Qk5INURxOGV5c0V0VXFCMTlDOUQwU2xTQzZVZTRHOGxJYnZN?oc=5&hl=en-US&gl=US&ceid=US:en,Institucional,Imprensa Local,Teixeira de Freitas
2024-03-06,Professores: Bolsa Produtividade CNPQ,iGuanambi,https://www.iguanambi.com.br/noticias/2024/03/06/pesquisadores-do-if-baiano-de-guanambi-sao-contemplados-com-bolsa-de-produtividade-do-cnpq/,Gestão e RH,Imprensa Local,Guanambi
2024-03-06,Prosel EaD,Folha do Estado da Bahia,https://www.jornalfolhadoestado.com/educacao/if-baiano-em-santa-ines-oferta-180-vagas-em-cursos-tecnicos-subsequentes,Ensino,Imprensa (Nacional),Geral / Não Especificado
2024-03-05,"Homenagem à Leopoldina Veras, reitora do IF Sertão-PE, abre 131ª Reunião do Conif",CONIF,https://news.google.com/rss/articles/CBMiwwFBVV95cUxNUXd4Ymxocm1EbHE1NFo2UHJaRzhaa0NSSHZYX1libHhUMm5IalBBMnpJdUltVjVuOXliM2FnYlZ1bVQ4aFFTa0VVa2FLNzI3Q0VNSE1IZ0pXOU5GSjRiTmVqdk9HTVBld1lwUEVORVA0dy0wWWNMMWhmVlRTQU9hakRRWDVWWFNLNzBsMDRmLTQzZkRDVWhaVF9iVTJGZ3BocDc5czlXRU5YempncHF1N1NIX0I1WF91UUgwd09mY2J5dFk?oc=5&hl=en-US&gl=US&ceid=US:en,Institucional,Institucional / Governamental,Geral / Não Especificado
2024-03-04,IF Baiano oferta 95 vagas para cursos de qualificação profissional em Xique-Xique,Agência Sertão,https://news.google.com/rss/articles/CBMiuwFBVV95cUxOWFZrUTV2bUpubXRTazJVeGVXZkJwT0d3dWdfMGZkbUs5T3k2ZWlTdWdJUi1vWjJ0Wk5kYVF2cDlzdkRtbG9vcnlDVFhRV25FWWpMRmk5X0x1N3ZTendFMXVtbmFQQVdhckVTdnZSY3lZSmY3QW9wQjcteW5wZkN4ZmxMREdmWlhCOWpjUkh6MXdfRmZNLVhWSG9BY040UThFVWpMbzJkWENUdWF6MGFWZ0I4MXZObkNYM3FV0gG7AUFVX3lxTE5YVmtRNXZtSm5tdFNrMlV4ZVdmQnBPR3d1Z18wZmRtSzlPeTZlaVN1Z0lSLW9aMnRaTmRhUXZwOXN2RG1sb29yeUNUWFFXbkVZakxGaTlfTHU3dlN6d0UxdW1uYVBBV2FyRVN2dlJjeVlKZjdBb3BCNy15bnBmQ3hmbExER2ZaWEI5amNSSHoxd19GZk0tWFZIb0FjTjRROEVVakxvMmRYQ1R1YXowYVZnQjgxdk5uQ1gzcVU?oc=5&hl=en-US&gl=US&ceid=US:en,Gestão e RH,Imprensa Local,Xique-Xique
2024-03-03,Pescador é assassinado a tiros em Barra de Caravelas: Outro homem é baleado vítima de bala perdida,liberdadenews.com.br,https://news.google.com/rss/articles/CBMi1wFBVV95cUxOTFJJZ2EybVhZdXFLUlhCLXc2V3l1OUhFWkxmMTJUbGswLS1iWjBac3p0ZlcwdWFXQk5CTDFQanpzSDlyQW9ua0xyMXFudWQyeDhjRmpaZ1FVeHdVX05EQlVreUhBLTJOQkgzc2Uxb1VDclpHVUxrVTZJeWJISlZnbWplYmRSOFpxcldiNTFLQXJzUXhiSnVTTGFtS3VPeVRmNmRPdHVWUk9BaGhfSkZuN3JsdHd4NXR6RG9tR3hFSndaeVZNd2VoVWFGRVl4R3JXTmNYS0hyWQ?oc=5&hl=en-US&gl=US&ceid=US:en,Institucional,Imprensa Local,Geral / Não Especificado
2024-03-02,Instituições federais baianas registram diminuição nos orçamentos de 2024; UFOB se destaca por aumento nas finanças,Bahia Notícias,https://news.google.com/rss/articles/CBMiggJBVV95cUxPTC1PY1Z0a3gtNXpQakJfYWhkMW5OZEFVaVdtZ2RpRld4TWVXazhtbFpkNlFKVEs3N0JtMnNQOVMwTG5pOXRxQWpKQUJ0WEphZ0VXRXFCeWhJV2pzVDhmNXQ4MHRVMXJfT05SNFNWa1lnVHF3YU1EYUtuQnF4QUxhNGlodXRQa25UMWtxYkFHR2NzY3ZyNWcyYWRWMHh6b0l4eGlJOTJiS0ctWWUzTnk3a3FfUXVfejZ2RmFTV2tLdS1PSWNZVWV2UThXam9wN2h5clFYQ29DVFdlZlpjbGJBelNuRTR6amh5RDRaOTBjbzI1XzhKWVlMNFFUVVhuY25abFE?oc=5&hl=en-US&gl=US&ceid=US:en,Institucional,Imprensa Regional (Bahia),Geral / Não Especificado
2024-02-29,Concurso Público,Notícias Concursos,https://noticiasconcursos.com.br/if-baiano-reabre-inscricoes-para-concurso-com-44-vagas/,Gestão e RH,Especializados (Nichos),Geral / Não Especificado
2024-02-28,Nova ficção de Barbara Carine debate o racismo nos ambientes de aprendizado,Jornal Correio,https://news.google.com/rss/articles/CBMiyAFBVV95cUxPME1ERzAwZU1UTkNsYTFOZ0piUzExUURpaUZ0bFRfT2I0NjZHdzVVWUhZdDlra19vVHNDREJyMFBsNDAxc091dFMxNFlXakRiOGhPMlpuc2RxU3VXVjdEcUN0U1ZEU1BQZkV3d1FoV3RVS3pzcnk3bUl3bExOTVJJeWFiVmZ5MGp4dElpeTZ1Z0V4eXF3dFJvTTJPcUhPdTJnMlloa3dUQ3AyZnllNVUyUjJZZTFPanJHVGFBbGJQbGZUWHhfNkJzcA?oc=5&hl=en-US&gl=US&ceid=US:en,Institucional,Imprensa Regional (Bahia),Geral / Não Especificado
2024-02-27,Retificação Concurso,PCI Concursos,https://www.pciconcursos.com.br/noticias/if-baiano-retifica-edital-de-concurso-publico,Gestão e RH,Especializados (Nichos),Geral / Não Especificado
2024-02-27,Monitoria,Notícias da Lapa,https://www.bomjesusdalapanoticias.com.br/bom-jesus-da-lapa/campus-do-if-baiano-de-bom-jesus-da-lapa-abre-inscricoes-para-selecao-de-monitores-do-curso-de-engenharia-agronomica/,Institucional,Imprensa Local,Bom Jesus da Lapa
2024-02-26,Últimos dias para pedidos do fardamento do IF Baiano na Leão dos Tecidos,Catu Acontece,https://news.google.com/rss/articles/CBMiqAFBVV95cUxPY3pKblhCUGJTNTI0T29nVHEwWURoWFJaSUVvVmtzd0VmQ09FVGZqaTVJSUY3Y1dnYW1hWmQ1UVU1VHduNC1zX1JHRkJ0WVE5VkUxOV91QWtQaWpYbkRnZHFabTRmb081V3p3cjkzLTJPTEdmUXkwa1FpYWUwWFhFMzZFZEN5b2Vzbk5UcmYxVjhsRnR0UlZqYlQ2M0tIbWJhdDRrMi1teHE?oc=5&hl=en-US&gl=US&ceid=US:en,Institucional,Imprensa Local,Catu
2024-02-23,Homem é preso e adolescente apreendido pela CAEMA em Ibirapuã: Dupla estava em posse de drogas,liberdadenews.com.br,https://news.google.com/rss/articles/CBMi1wFBVV95cUxPbmExV010WkZUMEo4UGdib0lNQXFZUkNWRVBIeHdHc013a0p2eko0aF9Vb051WVdLdmY5MDJjWFJfV29JTEFXYWpzN2ZsU2RmekJpckY2SE1oXzNQSXJ0dTFHM0l2R3B1cHR4c1EwTWt5UkJOdzh1V0J6dmxaWUJiLXdlTnpUSi12YVFMcjdKdkF0YVhmaXNTODRUQ1ViemVmNDlmbTFadnFValRidUp2XzJuaHFpcjM4aDFnOHgwY0VDcWlQVjVxNE1PRjR1c3FORDJXUnU0Yw?oc=5&hl=en-US&gl=US&ceid=US:en,Institucional,Imprensa Local,Geral / Não Especificado
2024-02-22,Ifba e IF Baiano abriram novos processos seletivos para professor,Agência Sertão,https://news.google.com/rss/articles/CBMipgFBVV95cUxQYXRmYWJQVTNhV3FZeXpxNXdwR051Wkk2TGxfcGppaGpxTGxXdFN3T2twQnRya0g0bHZvU3FJeDNqRnVZYmVqclZObk5aa3Babzk5S0VYUGNNZWFFQnFCcHFGN0paZmtJdkI3Q215MFhjZFRNbXZUamRpNjBKYjVtVWtvQmxLZkpsZ19MZGtDMnI5azJzTkFDcWwzaTdVYUdqN3ZKWWFn0gGmAUFVX3lxTFBhdGZhYlBVM2FXcVl5enE1d3BHTnVaSTZMbF9wamloanFMbFd0U3dPa3BCdHJrSDRsdm9TcUl4M2pGdVliZWpyVk5uTlprcFpvOTlLRVhQY01lYUVCcUJwcUY3Slpma0l2QjdDbXkwWGNkVE1tdlRqZGk2MEpiNW1Va29CbEtmSmxnX0xka0MycjlrMnNOQUNxbDNpN1VhR2o3dkpZYWc?oc=5&hl=en-US&gl=US&ceid=US:en,Gestão e RH,Imprensa Local,Geral / Não Especificado
2024-02-21,Untitled,CONIF,https://news.google.com/rss/articles/CBMijgFBVV95cUxNMloxdDJKa0ZyNGs0ekI1azJKUS1PMlE4dHdPZFhOVV9fNzIwNi1kQjRTOEwtbXliV2h2anlXak9JdEk2My1BOEJZSlpEd0l1RXNCNk9NejRtcmRmS1hrQWQ3ZnVjM1c2a2tuc3RNZXExcEpVazREcnhVWDF1WjNPZm1QRjBFUEJxcjNXZE13?oc=5&hl=en-US&gl=US&ceid=US:en,Institucional,Institucional / Governamental,Geral / Não Especificado
2024-02-18,Últimos dias para inscrições no Concurso Público,Agência Sertão,https://agenciasertao.com/2024/02/18/ultimos-dias-para-inscricoes-no-concurso-do-if-baiano-2/,Gestão e RH,Imprensa Local,Geral / Não Especificado
2024-02-18,Inscrições para Concurso Público começam amanhã,Voz da Bahia,https://vozdabahia.com.br/inscricoes-para-concurso-do-if-baiano-terminam-nesta-terca-feira-20/,Gestão e RH,Imprensa Local,Geral / Não Especificado
2024-02-18,Últimos dias para inscrições no Concurso Público,iBahia,https://www.ibahia.com/empregos-e-concursos/inscricoes-para-concurso-do-if-baiano-terminam-nesta-terca-feira-20-314439,Gestão e RH,Imprensa Regional (Bahia),Geral / Não Especificado
2024-02-18,Últimos dias para inscrições no Concurso Público,Siga a Noticía,https://sigaanoticia.com.br/ultima-chance-inscricoes-para-concurso-do-if-baiano-encerram-nesta-terca-feira-20/,Gestão e RH,Imprensa Local,Geral / Não Especificado
2024-02-16,Seminário aborda desafios da cadeia produtiva do cravo,Embrapa,https://news.google.com/rss/articles/CBMitAFBVV95cUxNcm1qcXBCTFJaTEJWcGx4M01uSnFTLWo3ZG5UcENORU1DcUhKUzEzdUxzT0Zjc24tcUpJamNfR2FUSnlYSVJVdjBsSGtFdmxDLXpYR1NWRVFQd2NFOTZWY0hxWGJmbW9UaWlxQ2ROWldJUUhVZHlnQUd5bDBUZ0NZeFc3QkUwOUlkOEFUQVNwRktLZGFLb2xxWGNkUW1wVUJtZTdpemNGUVdHdzBRQ0ItbGxQSkM?oc=5&hl=en-US&gl=US&ceid=US:en,Extensão,Institucional / Governamental,Geral / Não Especificado
2024-02-16,Pesquisa de Pedidos de Acesso à Informação e Decisões Recursais,Busca LAI,https://news.google.com/rss/articles/CBMicEFVX3lxTE4zbVZHRTczMkhRR0E5UC1Va2dQSXg4SmFFQXlFUHE4OWEyZmZQMUZnbi1VNW9TbUswUFYwaU53UDU0cTBMNUdjOEo1OXMzNXk0MWdsREtsMUl2cmc2amgzeHFXd2w5WFg5UXY5QXFEQk0?oc=5&hl=en-US&gl=US&ceid=US:en,Pesquisa,Imprensa Local,Geral / Não Especificado
2024-02-15,Prorrogação Concurso Público,Vagas na Bahia,https://vagasnabahia.com.br/if-baiano-divulga-concurso-com-96-vagas-na-bahia-com-salario-de-ate-4-55592-conforme-o-nivel-de-formacao/,Gestão e RH,Imprensa Local,Geral / Não Especificado
2024-02-15,Prorrogação Concurso Público,Empregos na Bahia,https://empregosnabahia.com.br/prorrogadas-as-inscricoes-para-concurso-publico-do-if-baiano/\#google\_vignette,Gestão e RH,Imprensa Local,Geral / Não Especificado
2024-02-13,Prorrogação Concurso Público,Se Liga Chapada,https://www.seligachapada.com.br/if-baiano-prorroga-inscricoes-ate-dia-20-de-fevereiro/,Gestão e RH,Imprensa Local,Geral / Não Especificado
2024-02-13,Prosel EAD,PEBSP,https://www.pebsp.com/ifbaiano-anuncia-4-cursos-tecnicos-ead-com-inscricoes-abertas/,Ensino,Imprensa Local,Geral / Não Especificado
2024-02-10,Prorrogação Concurso Público,O HOJE.com,https://ohoje.com/noticia/concursos/n/1568867/t/if-baiano-prorroga-inscricoes-ate-dia-20-de-fevereiro/,Gestão e RH,Imprensa Local,Geral / Não Especificado
2024-02-09,Concurso IF Baiano 2024: Inscrição é prorrogada para Técnicos Administrativos,Ache Concursos,https://news.google.com/rss/articles/CBMiswFBVV95cUxPS3hrVXY5cm9VQk0zV0FnZlVBUnVoNFNJUTZsU19iaWc4eEU0LTV5bGl6VWtuQ1ZmN3h4UlZqSm9BWGs3N2JISkh0MTVaWDlwVG1zdmJ1UjBCS3YzVEF0V0FNQ0ZZWTRPamNTNHQ5aERCanU5aGZtRmlrSzlDYjczWTVyY242OFFQMk9rRmJuSXF3NS03WG9RSFd3bi1rcnI2V1JraTk3clFCTzFPREpYQXlHQdIBuAFBVV95cUxPQ2h3UGktUC1BTC1ReFlWXzdfWTNlYnVtWnVfa1o5Nl84OTVDZUUzT0IwLXAzdTVYRWdjUHNmRkJpcDU3dEcwd2ZwNzlfLVFtWExJZDVpeWhlYlB1a3NPVmdRbU9DNk50V0RHaUg3UE5jMG5pT0kxLXZVQ1dTQmJPRTJKeko4bmhVSGxXNGg0YkptVnlFODhUOW9hbmp5aUh6UXRCU3BHbFVhbVFheEY2Slkya3lVVXpp?oc=5&hl=en-US&gl=US&ceid=US:en,Gestão e RH,Especializados (Nichos),Geral / Não Especificado
2024-02-09,#Política: Vitor Azevedo elogia esforços de Jerônimo para municípios afetados pela chuva e diz que tema é prioridade na reabertura da Assembleia,Jornal da Chapada,https://news.google.com/rss/articles/CBMikwJBVV95cUxQbGhaaWxPNU11SkxtU01LRkpEUGJPOW1qcEo5UXFXSUkwOVVFSFNNVE01UktDV3Y1cnRLQjhqOW5GVGp6ek9BUWJ5Q3Q1aEw0N2Z4aXdIS0xpdmF5bVlVY3NqVmtYWmpUeWViV1RIenNvRnVqYW5MLWMyb0hVLUVZUHR3eXllaW8zdXYxelpIZWJPWGlPRVhKZW1RbmhqdVp5MVA5WjZDV0JYWkQxQVFyblZaZW1UVkFQVUtfY1VwanVWWjJIMk9QLXB2OHZUMmZkeGVYelhIUjF0OWlSbWIyMVZPa0NELTJfWmp2eGZTa0NGeF9PWnJXYXN2X2NQSlpTWWVWMUk5NmtGNWhBNG1BRlhhc9IBmAJBVV95cUxQY1g3R1lscGJ1d3V6RWZHSm95NWpQVlZORURISjFLUVZsRVpveDdacWlCelhyLUp2RjBscnpHdVFEWTBpbnJPYTViOF9LY1pHVFZrNnlCUDNBbnViY3lFYzZXMVVIb3pRclpuZjBkMVc3OWw0dTF6QkYtYzV4Z3hzNmg1R2IxX1J5ZTRiSk5EUFJKZzVOeXFTRXZXTVM3MlVpNGR3U2tJWjFxRU1XekR0aVVqTEZBVjFJLUhOdFE4eWM3cEVJTEhvWGE0bkwwSHhZQ0VKQnpYSUpYLU5tVkZBckY4aktoU1F6UFhGRmlrMEQ4UWNjVUZ3clJGM1RkeGtWaDB1VGMxT0xFRHUyRGVOdm1teUZQNmFB?oc=5&hl=en-US&gl=US&ceid=US:en,Institucional,Imprensa Local,Geral / Não Especificado
2024-02-09,IF Baiano prorroga inscrições dos concursos públicos até dia 20 de fevereiro,Preto no Branco | Com Sibelle Fonseca,https://news.google.com/rss/articles/CBMitAFBVV95cUxQSGNRWWZ1Tl9aWEF1WFhBbldJNDA0S05vdmpvSGhuVFdCcUtpU1AtbDNvUmxtbXh3T01yNEZwZ19LRGNjVmtvWFhQYVVrMXBFcUJtNXM3bDRwcTR6ZUhaWnQzM0t3UlF6cGVhekQ1SFltTE9oVUNLdjg3YXh2WWNlNF9QWWFjVUE1WW54VWZfVzVYT2NMZHZ6NWtoVmw0SXpiLTVHUzhTNVd6ZmFNOVNPZ0dKWHg?oc=5&hl=en-US&gl=US&ceid=US:en,Gestão e RH,Imprensa Local,Geral / Não Especificado
2024-02-09,Sexta-feira de Carnaval tem alertas de chuvas em todos os municípios baianos,Agência Sertão,https://news.google.com/rss/articles/CBMiswFBVV95cUxOLXZxTUZIcDNNWmoxLXlybF9rMGxqZmhiTkFtV2dra2tRaU1OYWsxWmZEcU1GNUZIdEx6bE04NTlSenE3eHBRWWdUdmxTOG5NYmJETXR0aFBQZGdyNjdDSnRuTV8ySjlRTzduT3Y2U3VJLTdCSF9rYUxVbEJ6a2VRbklTRGh3SE5vaTRGMGNLUlhMd2Z1YVVHQnY0M2hzOEdCN0F1MjhDbk5LUGhFYUlvblJSWdIBswFBVV95cUxOLXZxTUZIcDNNWmoxLXlybF9rMGxqZmhiTkFtV2dra2tRaU1OYWsxWmZEcU1GNUZIdEx6bE04NTlSenE3eHBRWWdUdmxTOG5NYmJETXR0aFBQZGdyNjdDSnRuTV8ySjlRTzduT3Y2U3VJLTdCSF9rYUxVbEJ6a2VRbklTRGh3SE5vaTRGMGNLUlhMd2Z1YVVHQnY0M2hzOEdCN0F1MjhDbk5LUGhFYUlvblJSWQ?oc=5&hl=en-US&gl=US&ceid=US:en,Extensão,Imprensa Local,Geral / Não Especificado
2024-02-09,Prorrogação Concurso Público,PCI Concursos,https://www.pciconcursos.com.br/noticias/if-baiano-prorroga-inscricoes-para-dois-concursos-publicos,Gestão e RH,Especializados (Nichos),Geral / Não Especificado
2024-02-08,Prorrogação Concurso Público,Agência Sertão,https://agenciasertao.com/2024/02/08/inscricoes-do-concurso-do-if-baiano-foram-prorrogadas/,Gestão e RH,Imprensa Local,Geral / Não Especificado
2024-02-07,Ifba e IF Baiano abrem processos seletivos para professor em duas cidades,Agência Sertão,https://news.google.com/rss/articles/CBMisAFBVV95cUxOc3dtMEF5ZEhfbmJKUXU5Q2d3QlFkaVQxeEpCRk8yOUZBOHpYejJaN0hZcW4zUGpOTl83WGtZNFRHZmNxSmItb3p3cWoydUxqZGxLbzFXaHhuRmM1bVhkMi1BcF9KS1pLaEdyS3VubWZRS2ptN3VXY0pIU25XY1lfMWRwS1ZCcS1pclowSHdONmFBYlRBLUNYaUJJWEdnNFlucWs2OTNwWGRmTlRnQnF5etIBsAFBVV95cUxOc3dtMEF5ZEhfbmJKUXU5Q2d3QlFkaVQxeEpCRk8yOUZBOHpYejJaN0hZcW4zUGpOTl83WGtZNFRHZmNxSmItb3p3cWoydUxqZGxLbzFXaHhuRmM1bVhkMi1BcF9KS1pLaEdyS3VubWZRS2ptN3VXY0pIU25XY1lfMWRwS1ZCcS1pclowSHdONmFBYlRBLUNYaUJJWEdnNFlucWs2OTNwWGRmTlRnQnF5eg?oc=5&hl=en-US&gl=US&ceid=US:en,Gestão e RH,Imprensa Local,Geral / Não Especificado
2024-02-07,CDL de Guanambi avalia que feriado na Quarta-feira de Cinzas atrapalha economia da cidade,Agência Sertão,https://news.google.com/rss/articles/CBMixgFBVV95cUxPNFh3c2VzSTRYbTZWRE9IWENHM1pCVHppWHhWdWdQUk9OWEw5bk4zUnNOZzc4MUFFYmMxQ0pLaXpJNUdVNU8wODZJNG1TM1psdkxTTERfczFHeGJ5ZVhDMlhuRlZSZHZNMnJ2dlhkUERNaWtZR2JxZ2YzeHQ0cVNXcFUwSzJaS2VOdG8zZE9ObDVkLW1fUzRkbElKZEJyc0lLaGFKNm4wOGNIM2trOV91RlQxVjltcjZBLWtJYTZLdV9aWXZZbFHSAcYBQVVfeXFMTzRYd3Nlc0k0WG02VkRPSFhDRzNaQlR6aVh4VnVnUFJPTlhMOW5OM1JzTmc3ODFBRWJjMUNKS2l6STVHVTVPMDg2STRtUzNabHZMU0xEX3MxR3hieWVYQzJYbkZWUmR2TTJydnZYZFBETWlrWUdicWdmM3h0NHFTV3BVMEsyWktlTnRvM2RPTmw1ZC1tX1M0ZGxJSmRCcnNJS2hhSjZuMDhjSDNrazlfdUZUMVY5bXI2QS1rSWE2S3VfWll2WWxR?oc=5&hl=en-US&gl=US&ceid=US:en,Extensão,Imprensa Local,Guanambi
2024-02-07,Prefeitura de Bom Jesus da Lapa decreta ponto facultativo nos dias 9 e 12 de fevereiro,Notícias de Bom Jesus da Lapa,https://news.google.com/rss/articles/CBMi4AFBVV95cUxQcDJmblA0NjBjekJVWTNpdzFPa2ZjNGRxUTFoVkR5a1RpYzR0OXRvaWpseTM1eHVfMXB5a2REcFdDbkdhbGV3U0EtYUVUdktoLXlsMm5Yb3g2NXhWZlRlSTl6MWM0YU8yYjBkVXZneW9GVV9Ua0hLVW9ZeGphRl9OMC1HZXBJMEF5d05zWVFINmxCMGY4QThaZ2dMUzlnQWFJMld0Y0kyRmY4cG5fVFdkTlZqcngwWnZrT2ltaHl4QnB6WGxOaEJ6UkcyaFBEUUFLbUdmUkRDd0ExSHA4MGNteA?oc=5&hl=en-US&gl=US&ceid=US:en,Institucional,Imprensa Local,Bom Jesus da Lapa
2024-02-06,Prosel,PimentaBlog,https://pimenta.blog.br/2024/02/06/if-baiano-oferece-42-vagas-em-cursos-tecnicos-para-o-campus-de-urucuca/,Ensino,Imprensa Local,Geral / Não Especificado
2024-02-06,ÓRGÃO: 26000 - Ministério da Educação UNIDADE: 26245 - Universidade Federal do Rio de Janeiro ANEXO I Crédito Especial PRO,GOV.BR,https://news.google.com/rss/articles/CBMinAFBVV95cUxNblB0cWZIbnc1Z2RXWmRPQThMb3VTWFZfeFh6TVhQUGl2YlV3R3B5WTBSVHN2WkktMi1rQzNGUHdENl90TmxsZUM1eEIzX3hzMzRoa05ZMnlwcFNhZFZXRnhJaXlDVFU0RUVoMWhyMjhQRzI1Mm9VLU5rbURPQlBaMzB2UEpPLU91NHJnRnNMSG9RcXRtdnhXbkNUUHU?oc=5&hl=en-US&gl=US&ceid=US:en,Institucional,Institucional / Governamental,Geral / Não Especificado
2024-02-03,"Pierrôs, caretas, baianas, super-heróis e outros desfilam no Fuzuê e garantem a alegria dos foliões",Jornal Correio,https://news.google.com/rss/articles/CBMi4wFBVV95cUxNOTBTb1gxWThHVERuV29sYW9jQVNuX2t2MnRRbFVtcXpqekY4YmVJVGktSTg4czZXaHNsVlVYMjNubV9vNU11TUhUdmw2NzRGWHcydHdqb0V2cGl0S0VKM3JFMnhMQ2tlZW9pRnNfUUFoQ0U2SFc1V05yaTZMaE5MRXFRbTN4bHdqWHRLTWV2WDlxdGNRQ056YWFBZEpnOFppNjB6U2JJa29sRzJKNHpJc2dIZnVpT2xLWF9PaElLN3pwV0RKNXFCb1lpdURvSzR2M2R1Qkh0RE1fWnMxNnZUXzNVYw?oc=5&hl=en-US&gl=US&ceid=US:en,Institucional,Imprensa Regional (Bahia),Geral / Não Especificado
2024-02-02,IF Baiano publica edital para cursos subsequentes EaD,SulBahiaNews,https://news.google.com/rss/articles/CBMijwFBVV95cUxQNXRPSlFzbWpYb0h0UnpjZTBRRHQ3V29SV25ETnhfUU5ZX0ZkY0pKa0Q3ekJ2cFg0TW9HdXVXN3BjcGlTdUlRMmNBNHFlcllEMVRBUHJFcUVPcnRVblBaVHFHaTNLcjN6SzRXVEE2cy1fdld6V01nQ0ZnczRxQk9YSHN6bmh0UW85ZDk5ZWJnVQ?oc=5&hl=en-US&gl=US&ceid=US:en,Gestão e RH,Imprensa Local,Geral / Não Especificado
2024-02-02,Prosel,Correio,https://www.correio24horas.com.br/minha-bahia/if-baiano-oferece-160-vagas-em-cursos-tecnicos-em-catu-0224,Ensino,Imprensa Regional (Bahia),Geral / Não Especificado
2024-02-01,#Programa: Bahia Pesca e UFRB oferecem oportunidade a recém-formados em ciências agrárias,Jornal da Chapada,https://news.google.com/rss/articles/CBMiywFBVV95cUxNTTdlZExic1R1b283NGpQVWVYTVVqLUl1dEpxekVhQVZiWDhkSV9EZEhQMWhWRS1DTlhRV1F6Y0syQUp2SlhKY2ItTFNnRXI2QmM5ZWJkZDdFYkFsLUVGcGg0X296YS1lcURpT0xxcWlQWnp1VU5aUlFjNDkxNHdvYTB6NGpSeWhIcVVlazU2MWZkN2xEZXQzMnZkSEJ4OXRFeHhjS2U4Z1hibl9XLUx5eHR1ZW5CWFplcWZWN2dLb0FmdzZXZkV6UEVxONIB0AFBVV95cUxOSVlmWURIVi1ZNXpHa252Nmp3dUFCaU1qcmU4SER2YmZfRHVMZVA3NnYzcW1MdGZ2aTdNcGpjcG51eGN6eG5XMG8xWVB0eTR3aDhzcVFLcHZCTTMwbmZycVE3VGZLd2RPbG9uOEl0VUIyZXFRbl91Zlo5VHpRNXo3Vk4tM19JQ2dUX2R4LUZhY1dMUTJNMXBHc3k0MzZfNS1Tc2VURGk5eWtnVDZFdC0wTFR4M2xzZFByclVTSWJpcTVqSG5ab3dOOUhrLTNnOFFj?oc=5&hl=en-US&gl=US&ceid=US:en,Pesquisa,Imprensa Local,Geral / Não Especificado
2024-01-30,"Chuvas: Muquém de São Francisco, Wanderley e mais 12 municípios da Bahia decretam estado de emergência; quatro óbitos foram registrados",Notícias de Bom Jesus da Lapa,https://news.google.com/rss/articles/CBMijwJBVV95cUxNRGhwb2VNN0wzMEZ2SWw3MHY0ZTdMZ3BvWkNQc3VJMWRaRHFZZDN3c1I1UmI3Yl9xX0oyTXhXNWEwRk56S08zVHpOeWNncFRIOHFDME1GZXNadkI2VkNVZlE4a0puRVZXMEcwTHNNQ0ZKYllVc0ZUM2RlbW1oTTZpVXg2NV82U1Qyb2doTWI5bDh5UjBDTmN0MTZaRTJHTTZNaHBTR2tKVTkxdDY1MDhyVkZsQzBaOXFEQkYzMXg2VkxVaVcyWVBDZzJIX3hwQm9hdng5WVdFcHdqVnJ6STlrY2l6RndkcE9mdkpsSlltZGplc2FmbEJmT055bDVIeFA2XzEzTjBYZExHMlFaSVJV?oc=5&hl=en-US&gl=US&ceid=US:en,Institucional,Imprensa Local,Bom Jesus da Lapa
2024-01-29,Prosel EaD,Notícias da Lapa,https://www.bomjesusdalapanoticias.com.br/bom-jesus-da-lapa/campus-do-if-baiano-de-bom-jesus-da-lapa-oferta-160-vagas-em-cursos-tecnicos-subsequentes-ead/,Ensino,Imprensa Local,Bom Jesus da Lapa
2024-01-29,"Dois acidentes de trânsito na BR 116, deixam três mortos entre Tucano-BA e Euclides da Cunha-BA",Portal Alerta,https://news.google.com/rss/articles/CBMi4gFBVV95cUxQQXhQS3VWQ3JTamtneHFNOHRXRmNtcTJWQmJUakxRN3RCNXRYczJDM2lWaFpPR2toTDZ0M0Zpbktnc1dnUUJtMzdZNVJDazY1SVVsNHNhNkJVQThXdkFBcFVPNWdaMEE5T0l0dzUyYVVSVWJtZTRCdUJoalFodGthZF9KZm1ONmFtclZWeVd5MUVxOF80R2MzM01JSTBxMUJ4aVRqalI3blRKZDR2UGM5TEFMdHBheEphbUtLSmhKZEFBclM5OVpUaU4zS1JNaElMY0lCXzNDcGVTNG96dk9nRC13?oc=5&hl=en-US&gl=US&ceid=US:en,Institucional,Imprensa Local,Geral / Não Especificado
2024-01-29,Prosel EaD,Folha do Vale,https://folhadovale.net/campus-bom-jesus-da-lapa-oferta-160-vagas-em-cursos-tecnicos-subsequentes-ead.html,Ensino,Imprensa (Nacional),Geral / Não Especificado
2024-01-26,IF Baiano lança edital com 105 vagas para cursos técnicos integrados em Teixeira de Freitas,SulBahiaNews,https://news.google.com/rss/articles/CBMiwgFBVV95cUxQVWlGcV85MlVQeG5JT1RiSVVybWhHNEtNa1JsMUM2TTVDNFJiQTNtU0kwTmF2cE5ybm1pY05tQVpRNWd4TDdtMGdxT1FYRExCWW82d05qRllzU0xiRTg1b1hKeXhvWVkxb0pzN3ZkczU0RGFKMzBkbTNickpMbzVMc1cydTQ1ZlVuTHJXR0VzWHo3U2VpUlBYRmxlZ215SmtkTHRuSzlwY21IQTAtcTBqN3FrV2xkWTNXa29oclNvc0pCUQ?oc=5&hl=en-US&gl=US&ceid=US:en,Gestão e RH,Imprensa Local,Teixeira de Freitas
2024-01-26,Prosel subsequente EaD,PEBSP,https://www.pebsp.com/instituto-federal-baiano-sai-na-frente-e-abre-inscricoes-para-3-cursos-tecnicos-ead-gratuitos-oferecidos-em-2024/,Ensino,Imprensa Local,Geral / Não Especificado
2024-01-26,Prosel,SulBahia News,https://www.sulbahianews.com.br/if-baiano-lanca-edital-com-105-vagas-para-cursos-tecnicos-integrados-em-teixeira-de-freitas/,Ensino,Imprensa Local,Geral / Não Especificado
2024-01-25,Ifba inicia implantação de novos campi em duas cidades,Agência Sertão,https://news.google.com/rss/articles/CBMilwFBVV95cUxNcFZtQ21vMkxCMFFCR09qa2lRWDFqSHdaOG9RUmlQWDlwRUg4R3NRMDYxNVhBMVh5Tkg0YTRpYjQ1aW9NY0hVRmFCdWFiMlNqNkgyZUZsX2JYMi05Q2NfbDNSSGxDWWgtTTRrNDBWdUJTSlR6enlwTGcxLXRuSmZmNDRicHNGdHlDOVN6SzlSb2FDSW5rSHBR0gGXAUFVX3lxTE1wVm1DbW8yTEIwUUJHT2praVFYMWpId1o4b1FSaVBYOXBFSDhHc1EwNjE1WEExWHlOSDRhNGliNDVpb01jSFVGYUJ1YWIyU2o2SDJlRmxfYlgyLTlDY19sM1JIbENZaC1NNGs0MFZ1QlNKVHp6eXBMZzEtdG5KZmY0NGJwc0Z0eUM5U3pLOVJvYUNJbmtIcFE?oc=5&hl=en-US&gl=US&ceid=US:en,Institucional,Imprensa Local,Geral / Não Especificado
2024-01-25,Concurso Público,Catraca Livre,https://catracalivre.com.br/educacao/if-baiano-anuncia-concurso-publico-com-96-vagas-e-cadastro-reserva/,Gestão e RH,Imprensa (Nacional),Geral / Não Especificado
2024-01-23,LEI ORÇAMENTÁRIA VOLUME I,GOV.BR,https://news.google.com/rss/articles/CBMijgFBVV95cUxQcWFWdi1FRkduUV9OLUdrNW9LSW8weU4yd2plamN0WFJGcTVJbVlhY09xQ21TUE15NlhTVVpoU3ljWVhiQkphczZYMkJ2TFJHb3B3U1MxOVR6ZGt3RVhHMWEwMHkzQnhJMndHRHdYLWpDbmppN3JiVWJuc0RZZVJ6b0VVdkR3dklNU1BucHRR?oc=5&hl=en-US&gl=US&ceid=US:en,Institucional,Institucional / Governamental,Geral / Não Especificado
2024-01-23,Instituto Federal Baiano Campus Catu divulga seleção para vagas através do SISU,Catu Acontece,https://news.google.com/rss/articles/CBMisgFBVV95cUxOdk1IcUhSLUF5bXVXOHlUSm0tWGdadjduNjkxcmpfdFJGS21sSjNBNFZKWUFDeVBxZngtR1pTc292R05aUVk1dmdHejBmOHljTVJ2R29ObnRLNkdxR0NyMlFFTmRfY0NmWDEza09XbDNEYUFuRFBYaGY0bTZDVk9yVVhxa0tkS1AzRjJRYzVlcDd0TENDMEIyc2ZDNnl4ODc4OENXM2ZzYzE5VHhrd0dCUWVR?oc=5&hl=en-US&gl=US&ceid=US:en,Gestão e RH,Imprensa Local,Catu
2024-01-23,LEI ORÇAMENTÁRIA VOLUME II,GOV.BR,https://news.google.com/rss/articles/CBMijgFBVV95cUxOVmFLaThKQ0xELWNYRnBqcGluMUlJZy1BQ0c4OUF2eFIxM3JjaGdwNmUzS25keklEUlJnV3NXVWt6SzZyYkt0UGZ0ZXg3TDVGOThuejFDSmhyMnBLRWxfWjNCVVIyLW41TkRycTF0NUpqX2N4UXA5VVhXaHEtYXBJaWF6Z0MwWDhtYmw3TEV3?oc=5&hl=en-US&gl=US&ceid=US:en,Institucional,Institucional / Governamental,Geral / Não Especificado
2024-01-23,LEI ORÇAMENTÁRIA VOLUME V DETALHAMENTO DAS AÇÕES,GOV.BR,https://news.google.com/rss/articles/CBMijgFBVV95cUxNQXJRWW1aRFZjM0U3N251M1BUbWhWQW1nUnFfOFlqekNheEVzbDZGa3NtaC1VMjB4TjliZkZLdnBiRndmRmlMRlljMXRUS1pLMHRxNnUteVdfTlA4cUZSWkpzeGlWOWJtYnFOOHFpem0wei1fSzlYVjVfQTJyOVJWR3NiQ2pOOFFXeGlodXN3?oc=5&hl=en-US&gl=US&ceid=US:en,Institucional,Institucional / Governamental,Geral / Não Especificado
2024-01-22,Concurso Público,iGuanambi,https://www.iguanambi.com.br/noticias/2024/01/22/concurso-publico-do-if-baiano-oferece-remuneracoes-que-chegam-a-r-104-mil/,Gestão e RH,Imprensa Local,Guanambi
2024-01-22,Sisu 2024,Agência Sertão,https://agenciasertao.com/2024/01/22/if-baiano-oferta-925-vagas-em-dez-cidades-via-sisu/,Ensino,Imprensa Local,Geral / Não Especificado
2024-01-22,"Conif seleciona estudantes para receber bolsas de estudos na Universidad de Jaén, da Espanha",CONIF,https://news.google.com/rss/articles/CBMi1AFBVV95cUxOZFJCVU5hY1JoMFlCWkJ0MjEyNE1hZkt6bzUyZjUyZFBrb3FMRlFlSDlQSHJ2RlE0YTZ1UlhmSVhjWllZcWptc1M5cXg4VEZ3YU83UXpjdTd1a0htNWdfb1pyZWd0VTZTWWJiNDJKQTV4TFB5UldFTm1VWXpsVnhST3FhYkFQRE9BeTBMRS1PU1d4SGJZbW44SDV3WDNqTFNFZzBQcUNSb3RPMFVuWmRJMHNsYjF6dFRkcEFUeFJtZUp2V01pUDdtTEJjR0xzMVotTUNMMA?oc=5&hl=en-US&gl=US&ceid=US:en,Ensino,Institucional / Governamental,Geral / Não Especificado
2024-01-22,Concurso Público,Blog do Anderson,https://www.blogdoanderson.com/2024/01/22/ifbai/,Gestão e RH,Imprensa Local,Geral / Não Especificado
2024-01-21,Nota de corte sisu,Vestibulando Web,https://www.vestibulandoweb.com.br/sisu/nota-de-corte-ifbaiano-sisu-2021-1-renda-escola-publica/,Ensino,Imprensa Local,Geral / Não Especificado
2024-01-19,IF Baiano abriu processos seletivos para professor em três cidades,Agência Sertão,https://news.google.com/rss/articles/CBMipwFBVV95cUxOelpLTFZpNm03YThwYktFQ3kwZzBocVVCOF9PTkpfbGkza1V3c1dxd3R6SlJ6eUZkSm9vb0tvVjd0Tjd0bzZ5ekgzdjA5cE8tdV9TNUtRR3FtRmRmbTBCM0h4dm9NRW05bEdramlFZlR5aHFvTndkT05CdVlaZDdEeGFuRWVNaVc1SnZrY0xPY0M3dXFJLTNGVUZ1N0xsRGtEaUFPV0E2c9IBpwFBVV95cUxOelpLTFZpNm03YThwYktFQ3kwZzBocVVCOF9PTkpfbGkza1V3c1dxd3R6SlJ6eUZkSm9vb0tvVjd0Tjd0bzZ5ekgzdjA5cE8tdV9TNUtRR3FtRmRmbTBCM0h4dm9NRW05bEdramlFZlR5aHFvTndkT05CdVlaZDdEeGFuRWVNaVc1SnZrY0xPY0M3dXFJLTNGVUZ1N0xsRGtEaUFPV0E2cw?oc=5&hl=en-US&gl=US&ceid=US:en,Gestão e RH,Imprensa Local,Geral / Não Especificado
2024-01-18,"Saiba a diferença entre umidificador, climatizador, ar-condicionado e ventilador",Jornal Correio,https://news.google.com/rss/articles/CBMiyAFBVV95cUxOZXRTTnMwV0J1TDBWWlJIcm94RFAyUk11S1FUZHlKY1pTdmxPZU5VcWF4TUFwVTIxUjJjQUttQkgwdmtwei16RlBkVU5vbE1URTNfQjFYR2UyOEE0d2VfalVTc1hrYkFneHR0WVNDV3dzLW5zNkxCWmpZaXItcDFIN0RiYThnNTBRWnVhZXpjN3JVVmRvWm1PdU5EYmNVQTRBY0huU3VTUDJmR1pwcWN2SHBoZElmLWFUOEstWU04WHBoYnUycVk5Zw?oc=5&hl=en-US&gl=US&ceid=US:en,Institucional,Imprensa Regional (Bahia),Geral / Não Especificado
2024-01-16,Concurso Público,A Tarde,https://atarde.com.br/conteudopublicitario/concurso-publico-do-if-baiano-oferece-remuneracoes-de-ate-r-104-mil-1255590,Gestão e RH,Imprensa Regional (Bahia),Geral / Não Especificado
2024-01-16,Ministério da Agricultura oferta 520 vagas no Concurso Público Municipal Unificado,Agência Sertão,https://news.google.com/rss/articles/CBMivAFBVV95cUxPdDFCdkZ5QUNJelB2Rzk5ZnBraXFaQWpqU0ltWTRTLTY5bVdmZHJ2bUtvODRfVE5KMWNVVHJrMFVURFF1Yzg2bHJjQ2lpMmlZdk5JeWZVM1lfZ1FlZVoxV3NEMW1hUlhLOFJ5MWFWZUM1aUNfbjJ2dWNuV0FVa3o1YXBKMUlLcHJWMTl5T191b191ZFF0UEg2aTR2NEs0WTRuY1NNZW9zVmNuT2tHQlFtVTN6bUJPMXNiYmpxMNIBvAFBVV95cUxPdDFCdkZ5QUNJelB2Rzk5ZnBraXFaQWpqU0ltWTRTLTY5bVdmZHJ2bUtvODRfVE5KMWNVVHJrMFVURFF1Yzg2bHJjQ2lpMmlZdk5JeWZVM1lfZ1FlZVoxV3NEMW1hUlhLOFJ5MWFWZUM1aUNfbjJ2dWNuV0FVa3o1YXBKMUlLcHJWMTl5T191b191ZFF0UEg2aTR2NEs0WTRuY1NNZW9zVmNuT2tHQlFtVTN6bUJPMXNiYmpxMA?oc=5&hl=en-US&gl=US&ceid=US:en,Gestão e RH,Imprensa Local,Geral / Não Especificado
2024-01-16,Concurso Público,Recruta Bahia,https://www.recrutabahia.com.br/2024/01/if-baiano-esta-com-inscricoes-abertas.html?m=1,Gestão e RH,Imprensa Local,Geral / Não Especificado
2024-01-16,Concurso Público,Bahia Econômica,https://bahiaeconomica.com.br/wp/2024/01/16/instituto-federal-abre-vagas-na-bahia-com-remuneracoes-de-ate-r-104-mil/,Gestão e RH,Imprensa Local,Geral / Não Especificado
2024-01-15,"Após atingir 5,2 m, nível do Rio São Francisco começa a baixar em Bom Jesus da Lapa",Notícias da Lapa,https://news.google.com/rss/articles/CBMi2gFBVV95cUxOU2xlQnlEeDhzbFhSbGRDZUtIMWdOaldqaUlxVVB6aUphMVdGSEdKLVpsY3Z4Z3VBM2pWc2dwYWJUbUVaUkRGcUh1SFJleXdla3BXTm5kUUgzOVJWSFBnZHdQT1J1SElhTWltbks3em84SzVrXy1PZkFiRFFGZkZmLTM2QS1LaDQtQkVqYlZ4cW91OWdVeFVMNVVLbzRJNUR3MDNFVmotWU9qMW1mVW1hSFRNZldWNHYyWExaU3JiUm9PbzJLcmlWR1VTbUo3SVVPTDFEMTJzaXY5dw?oc=5&hl=en-US&gl=US&ceid=US:en,Institucional,Imprensa Local,Bom Jesus da Lapa
2024-01-14,#Chapada: Quintais produtivos trazem renda e autoestima a mulheres agricultoras de Iraquara,Jornal da Chapada,https://news.google.com/rss/articles/CBMi1AFBVV95cUxPNDRZeTJlQ0J6WVhZYmcwSHA2RGtFaDdPY3lZMktHODVDN3Vpb2E5ZmRYU1R0TFF2NFp1SThuLXh5cTAwVVU4aUFUQVpzZGIteV85SGdSLW5JdmRNV243M2ptOURkZ001eUJLdU94UEQ2dGh5N3J5ZkVQNHpBYzhhdkhqWVJoT3RBaGdZUFloNFdITS1XalJBb25YRUstRENDcThsakhIN1pIWlZYa1p2RVhiUmE5b091TWt5Q05tbG44NS01QjVVMWRuT1RZaE5NV2JMY9IB2gFBVV95cUxPb0FXUW1QRUFKdFRqUXZoMDVVMTZYVE9OazdPMUFqNDRRdkpwYnJvakNrY3JIcjFPNld5SEp6LURkX3AyYzBUUDlxNGh5UlZPUWFBNjREM3puc3U2WDl6eERsZjBEbWlxVGpGUUdKNjVPYXJ0N25jQS1ZRE43VUdxeG02UGp3SXRlQmtxNE9CM3QtYWtWTHlwdk5FbEg3OFk2YXRUQXdRZjBVbFE4SGx1SXB4QV9vNFNmNlI3MVk3MDFLQmpxdUNVM0RIb0RWT3FKblBjelhOaWYtdw?oc=5&hl=en-US&gl=US&ceid=US:en,Institucional,Imprensa Local,Geral / Não Especificado
2024-01-13,Concurso Público,Blog do Redação,https://blogdoredacao.com.br/concurso-publico-do-if-baiano-oferece-remuneracoes-que-chegam-a-r-104-mil/,Gestão e RH,Imprensa Local,Geral / Não Especificado
2024-01-10,Secretaria Municipal de Educação de Bom Jesus da Lapa lança projeto voltado para o bem-estar do servidor,Notícias de Bom Jesus da Lapa,https://news.google.com/rss/articles/CBMi-wFBVV95cUxPZHJiWXFka2FqVk1jSE00Zjl0RUxGVEpUa1o5SkNfTWJYMlkzTzFzLUtxLWRSQmxCbElRcm9PaWc5SXZKVjhvTEN2LWlWMjhTdEp3c1JxMVhYNGRqMHFFcjN5b1FpTDFIdEowOHgxYmJpdkI5NjhVQ3ZVZFBJbUJ1VzhGZVFiTDRHTjRmZkZ6cVpKRDNrRzV2dUlBQnBxOXdsU1Y3Z3lfTmJvVWdteTlGeGw1Zk15OWNJdGxtTjNrLXJab1lqLXJnV1ppT3F5SDRscHYyUnVqaW12elpjZDAtRFo5aGt1V3lfYlRkSDl0ZFktQ2xhWmZWcmo3TQ?oc=5&hl=en-US&gl=US&ceid=US:en,Gestão e RH,Imprensa Local,Bom Jesus da Lapa
2024-01-10,Inscrições abertas para Concurso Público,Preto no Branco,https://pretonobranco.org/2024/01/10/estao-abertas-as-inscricoes-para-os-concursos-publicos-do-if-baiano/,Gestão e RH,Imprensa Local,Geral / Não Especificado
2024-01-10,Concurso Público,O HOJE.COM,https://ohoje.com/noticia/concursos/n/1561418/t/if-baiano-abre-inscricoes-para-concursos-publicos/,Gestão e RH,Imprensa Local,Geral / Não Especificado
2024-01-10,Prosel EaD,SulBahiaNews,https://www.sulbahianews.com.br/if-baiano-abre-inscricoes-para-cursos-tecnicos-a-distancia/,Ensino,Imprensa Local,Geral / Não Especificado
2024-01-09,Inscrições abertas para Concurso Público,Notícias Concursos,https://noticiasconcursos.com.br/inscricoes-do-concurso-if-baiano-ainda-estao-abertas-nao-perca-esta-chance/\#google\_vignette,Gestão e RH,Especializados (Nichos),Geral / Não Especificado
2024-01-09,Conif recebeu a visita de representantes do governo do Timor-Leste,CONIF,https://news.google.com/rss/articles/CBMiswFBVV95cUxQdXhfMU9WVFVkcEcyU3NfbERsbkpZR2MybTdKMzZZam44RTV4Q3RUdFl1MDhRenpTTTM0WnFUSzU1NkZTeThyWExqYlBPVkw4WC1TbFZ2UXFCc2NCLTJyOVk3Uy14NHBLelA4dktpN1ZGSHhnam0yZXNRY0p3QlJ2Mm9oLXgzSndIcHNHWWRVaWtvNjR0X3BnWXRRMWdsZ3NxcVdZbDV5c241d1ZScHBJZDN1SQ?oc=5&hl=en-US&gl=US&ceid=US:en,Institucional,Institucional / Governamental,Geral / Não Especificado
2024-01-06,Nota de corte do IF Baiano no Sisu,Vestibulando Web,https://www.vestibulandoweb.com.br/sisu/nota-de-corte-da-ifbaiano-no-sisu-2023-1/,Ensino,Imprensa Local,Geral / Não Especificado
2024-01-05,Inscrições abertas para Concurso Público,Diga Bahia,https://www.digabahia.com.br/concurso-publico-com-96-vagas-para-o-if-baiano-abre-inscricoes/,Gestão e RH,Imprensa Local,Geral / Não Especificado
2024-01-05,Estudante do interior da Bahia é aprovado com bolsa integral em Havard,Notícias de Bom Jesus da Lapa,https://news.google.com/rss/articles/CBMiygFBVV95cUxOM3hzTkpOZHJuWDFkRURPd3JiSWdRWW9TdmJBV1hSUTJZNmlTZ1RIalNmN0h0VVRvMVRsa25xLVNFbXpWXzJBamVwN3EtRkJjN0pDcFEybEdNejFSbjU3TmxycTFSWEF2VzRseHljS1FERUt0WGxYLUVNSHNPWjhOV3ZKaDRZcVAya0VPcEZzZ3VfaEtsRVFWUmFjZU9QQXZxdkV4ckxud1dSZjBrRWY5RGZMcmtFbTF0VDdlWEI5Uk83amhwT3pvbzRn?oc=5&hl=en-US&gl=US&ceid=US:en,Ensino,Imprensa Local,Bom Jesus da Lapa
2024-01-05,Inscrições abertas para Concurso Público,A Tarde,https://atarde.com.br/bahia/concurso-publico-do-if-baiano-abre-inscricoes-com-salario-de-r-10-mil-1254355,Gestão e RH,Imprensa Regional (Bahia),Geral / Não Especificado
2024-01-05,Inscrições abertas para Concurso Público,Blog do Valente,https://blogdovalente.com.br/concursos/2024/01/concurso-publico-do-if-baiano-abre-inscricoes-com-salario-de-r-10-mil/,Gestão e RH,Imprensa Local,Geral / Não Especificado
2024-01-05,CONCURSO PÚBLICO DO IF BAIANO ABRE INSCRIÇÕES COM SALÁRIO DE R$ 10 MIL -,- Bahia Economica,https://news.google.com/rss/articles/CBMitAFBVV95cUxOaW1na3YxanA0MW41X1RZZEF5NkRkN3RlQ2tVQzdKbGh6dzhaODVoYjFpUGNxdUp6cjcxbkV3QkVmaFhCNGVZRm1sdmdhNnJpNmUwYUdHM1NXVEJZV3lEY2Frblg5YXp3NTNkaHA2dldFWThtY21wNzVNOUhOT0pIYnJ0LXF4ZUNlZTdXRTVrVkNJMmJlc0VILUJfeWMwZmpBTlI0SU9xQkFUUWJrQmZMOHhqTVU?oc=5&hl=en-US&gl=US&ceid=US:en,Gestão e RH,Imprensa Local,Geral / Não Especificado
2024-01-04,Prosel Concurso Público,G1 Bahia,https://g1.globo.com/ba/bahia/blogdoemprego/noticia/2024/01/04/if-baiano-divulga-concurso-para-professores-e-tecnicos-confira-como-participar.ghtml,Gestão e RH,Imprensa (Nacional),Geral / Não Especificado
2024-01-04,Inscrições abertas para Concurso Público,Aratu on,https://aratuon.com.br/educacao/2024-01-04/concurso-publico-com-96-vagas-para-o-if-baiano-esta-com-inscricoes-abertas-os-salarios-vao-ate-r-10-48164/,Gestão e RH,Imprensa Regional (Bahia),Geral / Não Especificado
2024-01-04,Inscrições abertas para Concurso Público,Jornal Correio,https://www.correio24horas.com.br/minha-bahia/if-baiano-concurso-para-formacao-de-cadastro-de-reserva-0124,Gestão e RH,Imprensa Regional (Bahia),Geral / Não Especificado
2024-01-04,Prosel Concurso Público,iBahia,https://www.ibahia.com/empregos-e-concursos/if-baiano-abre-96-vagas-para-concurso-com-salarios-de-ate-r-10-mil-311825,Gestão e RH,Imprensa Regional (Bahia),Geral / Não Especificado
2024-01-04,Inscrições abertas para o Concurso Público,Bahia Econômica,https://bahiaeconomica.com.br/wp/2024/01/04/if-baiano-divulga-concurso-com-96-vagas-para-professores-e-tecnicos/,Gestão e RH,Imprensa Local,Geral / Não Especificado
2024-01-04,Prefeito de Guanambi autoriza projeto de reforma do Mercado das Artes - iGuanambi,iGuanambi,https://news.google.com/rss/articles/CBMiuwFBVV95cUxNX09CazJGMmw1SWlkVkI3OVY1WnlhZDliTEdVa1M2RVRuVFpQeDEtdGQwUWxVTE16blpWUWxraktUU18tQ2tZS25jSXBNSzNxYVFXVlJGYkdpeVY0QWJqMzNxWmR1RzBacF90ZG8yZ1ZIcW9lMlo0QkZFdnF1SmZYSDRXVVA0WDNVYVhuSFVTLTQ4V0lFUDhsNVpoYnlzd2tkM0JNTkdtSDc3bHVmbUhFTVctMDIxOUxfcFNR0gHAAUFVX3lxTFBUNTZoTVlHaUE0VXVKWTl3dGVWTktpc2JGLXRhSWlnR1cxSzMzd01oQjRFaVR2N2RUcjVqZ3FxbDBJUUhEdW1HMWY4ckRpczhWVEVhQXJfNlQ1ZENEdTNaX3V5Z1RBanhVUXlMczNhY09aMmo4aDJza1FHdHVwd2gtM2FNWkx4ci0wbzRoaHJ3Y2d1R1RWeWdUa19tNkc2aW1zTnRLaDhvSjBId1RpcVRHa19HZGxpOVpFb1h3cjdTUw?oc=5&hl=en-US&gl=US&ceid=US:en,Extensão,Imprensa Local,Guanambi
2024-01-04,IF Baiano abre inscrições para 241 vagas de cursos de graduação em Guanambi,Agência Sertão,https://news.google.com/rss/articles/CBMiswFBVV95cUxPdkhMdk81cG5sX1hBT0VuMlJtTjFSOVJ1OVpXbWlSWUpuTTJuUklRTlhhRkJPSWphVjUxUk00VHdMbWY0d1FEb0V1ZU11d0NyRXloZ2ZJalI0WkZWRzdfMXpfVTl1bFNDOGZaYmVrSHV0S2ZocjFrWVNsbUJEcTU3MFNqNGR5eVRaV3VEbTk2Z2luSEhhQ2dQMFI5T3pNM1BGeXdINDducFE0czNRMDdUQWZ5RdIBswFBVV95cUxPdkhMdk81cG5sX1hBT0VuMlJtTjFSOVJ1OVpXbWlSWUpuTTJuUklRTlhhRkJPSWphVjUxUk00VHdMbWY0d1FEb0V1ZU11d0NyRXloZ2ZJalI0WkZWRzdfMXpfVTl1bFNDOGZaYmVrSHV0S2ZocjFrWVNsbUJEcTU3MFNqNGR5eVRaV3VEbTk2Z2luSEhhQ2dQMFI5T3pNM1BGeXdINDducFE0czNRMDdUQWZ5RQ?oc=5&hl=en-US&gl=US&ceid=US:en,Gestão e RH,Imprensa Local,Guanambi
2024-01-04,IF Baiano divulga concurso com 96 vagas para professores e técnicos; confira como participar,G1,https://news.google.com/rss/articles/CBMi4AFBVV95cUxOdXg0UlA2aThEYWdWNUdOV1AwV0lRdVhIdC1QQ3hkOEhnOE0zOUtVa3RHOUJKWjE0cFdiR0VpTi14R1djWWQwZzRNMnB3M1AtcUl6N2pwUDFtLVNrRjhXTnVycmV2Qk05bG5GelFHYTJQS0FHbnF5MlY5LS1ub2QxUktpem9YeEJvZTFveDNMaDF2bTh3cHUxNUJVSXhUbmpZWEtuWEdTbzBmOHhnQ1ZvY3ZkT2pNOXVqczJCOS1JY1hvQWRhcDEzUUtWTjUzVy1SLUFPbHBXVkJNNUZYRlZtTtIB7wFBVV95cUxPN3JtaUZUT21qX3Rsb0pnOTRFWGtubHFGaHN6V1hsSXQ5emF1VE9takVhMDVtWFZHaTRjWnVlQVdWdlVEZ081clJJNVh5US1wNEFyRTBrUUxJQTBZYVp2X0lOa3ZKU25kdkFnN2F5aVlLbzVDMG5HYy1vV3RrZEJ1NGJ6Zm03cHFHbUJkOVUwT2lmWVViZ1BiY05lLS04eVVHdzdxa2pFM1lja0VYSnhqbEVRR1NELTZabnEtb3d4QkhxTGpySFVwX1NlenN4UzI4N0lHSFNscElJZjAxVWtJekh3LUpGdS02VkxHS3Z0aw?oc=5&hl=en-US&gl=US&ceid=US:en,Gestão e RH,Imprensa (Nacional),Geral / Não Especificado
2024-01-04,Prosel Concurso Público,Mural do Oeste,https://muraldooeste.com/if-baiano-divulga-concurso-divulga-concurso-com-96-vagas-para-professores-e-tecnicos-confira-como-participar/,Gestão e RH,Imprensa Local,Geral / Não Especificado
2024-01-04,Festa de Reis altera trânsito entre a Liberdade e a Lapinha - iBahia,iBahia,https://news.google.com/rss/articles/CBMirAFBVV95cUxPbEJ0VnFlS09PN0xjYWlBQnVmUk9KVTVvaXRlMS04VHV2bS1yLXpXTGdubk9FYUtQczk5bi0yODl1TGUxV2JtazRGQTdKdmNMRWdwbGlnUDdYNFVGYl9DemxSZGJQYkhKYkh2UjR2eGhCbGZOOWt3Qks0NVFfelVpUXVhQm5EbEoybG1RX2JBQ1NIYVBZRk9HcjNrWnFvVmVONVh4eUM3RnpYSE8x0gG0AUFVX3lxTE9tS251UUZfUFhfZFpsUkE3OENqazlBRkZJUlZ5dnJrTnpKTV9CWEF2T3JBVTU0Ym9yM2NSRm1VeG9ZNERQMDJtUWUtRTlSZjdEZnRkanRZSW0xUEczRG1kYVY0a095MUtOUlJON0tnQnVfRjY5ZlR2WlJMUWdRcGlfY2JTZDdEeXVmRU5yQ2VsM2tXb19yaGlYczd0MG9QbTJTNXBWX245RmIxTzRSakFkTEZsXw?oc=5&hl=en-US&gl=US&ceid=US:en,Institucional,Imprensa Regional (Bahia),Geral / Não Especificado
2024-01-03,Trânsito entre Liberdade e Lapinha será alterado para a Festa de Reis,Jornal Correio,https://news.google.com/rss/articles/CBMivAFBVV95cUxORnFjSDF1OG5Eb0NnSjlUaXdxS0dxbFZlN3JrSWhyMXRmQmljVF9MU0t1UzhubTBSb21kdDVnenI2a0hETHVfM2oycWRHUGREX3BsdlAzbXUxYk1UU0duUUVXVUlfX0tHbC11NnJJZTlHYXB6a09MOW1hcEhRWS1WZWo0Y0JzR0NZZVRTd25OT3hINlFZSE5PWnN0RWJKaHF0SVNYQUQ4bUZSOHdIZ2ZSTkw2RWVFcmlac2pXTg?oc=5&hl=en-US&gl=US&ceid=US:en,Institucional,Imprensa Regional (Bahia),Geral / Não Especificado
2024-01-03,Inscrições abertas para o Concurso Público,Sul da Bahia News,https://www.sulbahianews.com.br/inicia-hoje-inscricoes-para-concurso-do-if-baiano-com-96-vagas-em-teixeira-e-outras-6-cidades/,Gestão e RH,Imprensa Local,Geral / Não Especificado
2024-01-03,Santuário do Bom Jesus da Lapa divulga cartaz e tema do ciclo de romarias 2024,Notícias de Bom Jesus da Lapa,https://news.google.com/rss/articles/CBMi1gFBVV95cUxQZEtwN3hDbFYyWkdVRVRzeUdiVE5WVjNaeVM5YUxQZHhCNm9CdTNiTkhuaTJqb3U3UXhEYlp5REM0dkRfaTJsRDNuN2tlX2RIbnUtN3FFZExKV040T2Fldm9qUVdfWHdvOFdwZ2Y0S3VuOGxrNGF2dVZJOHJNQnc3YWVoaHhqSWNuWXNvWGJTbW9jTDJoLVY2Z3dyYzFyZTZ4Q2luX290UzFSN3JkMndEd3liUVZWcWNNWEJSTEU3akxsV2ZsWjg1WF80eXVuT0poOGR3VEpn?oc=5&hl=en-US&gl=US&ceid=US:en,Institucional,Imprensa Local,Bom Jesus da Lapa
2024-01-03,Inscrições abertas para o Concurso Público,Notícias Concursos,https://noticiasconcursos.com.br/concurso-if-baiano-abre-inscricoes-com-96-vagas-e-varios-cargos/,Gestão e RH,Especializados (Nichos),Geral / Não Especificado
2024-01-03,Prefeitura de Tanque Novo entrega novo Hospital Municipal para a população - iGuanambi,iGuanambi,https://news.google.com/rss/articles/CBMiwgFBVV95cUxPeE5neEtrTXpkSGdfQ2tLTmNQcHo0eFgxZTdoc0dFOW5LT3VDeHJvRWpiV1dwT1pMcUFCVl9FUUJ0VTc2MkJya3NVTENpMDhRaWpNay1zTDZ3amVfR0MwbUtJYVZRbXUtZUhNT3pxbnh3WHItZEt3alo1emY2d3c0ZGxfSDdfZ2swS25OY1Y4WlE4REtIX0FkeVk0Z1dSOTUtTGxuM0xGbjl1YkVSNGg5RGI2cnNLUGFGc2JsWW9qUUlzUdIBxwFBVV95cUxPeHRZQzNHeVRWekZhMGVlck5GelBRVl8wQ2FrVDNiR0p5OENjc3JocXp5XzZMSFBNUHIzUWxiMkU5cENuU1JuSFVJRWduc1U2SEVBZmVFejZ1Q1dqRkFpbmF0b0NXbTRvWVpXX2I1QXRxa1JEWDd5RVBXZlpiaVRPNWdtWHBOZUpFbXFoOTFZMEJHSDNqOVQtRS1GQzI4QUpnTVZLWjJibk5ldm5ITHJES2Fhemt3SWpmOV9XZlFXNGZEUHpieDl3?oc=5&hl=en-US&gl=US&ceid=US:en,Institucional,Imprensa Local,Guanambi
2024-01-02,Prosel Concurso Público,Catraca Livre,https://catracalivre.com.br/educacao/if-baiano-abre-concurso-com-96-vagas-e-cadastro-reserva/,Gestão e RH,Imprensa (Nacional),Geral / Não Especificado
