data,assunto,veiculo,link,eixo_institucional,abrangencia,campus,origem,tipo_mencao
2026-10-04,Prosel 2026,Bahia na Política,https://bahianapolitica.com.br/if-baiano-anuncia-mais-1-405-vagas-para-cursos-subsequentes-em-cinco-unidades/,Ensino,Imprensa Local,Alagoinhas,curadoria_dicom,correta
2026-10-03,IFBaiano abre seleção para Especialização gratuita em Educação,PEBSP - Portal de Educação,https://www.pebsp.com/ifbaiano-abre-selecao-para-especializacao-gratuita-em-educacao/,Gestão e RH,Especializados (Nichos),Geral / Não Especificado,busca_automatica,correta
2026-10-02,Concurso IF Baiano: Edital publicado com 26 Vagas,https://concursos.estrategia.com/portal/concurso-if-baiano-edital/amp/,https://concursos.estrategia.com/portal/concurso-if-baiano-edital/amp/,Gestão e RH,Especializados (Nichos),Geral / Não Especificado,busca_automatica,correta
2026-10-02,Especialização gratuita em Metodologia Contemporânea do Ensino e da Pesquisa em Educação abre vagas para 2027,InfoEducação,https://infoeducacao.com.br/especializacao-gratuita-em-metodologia-contemporanea-do-ensino-e-da-pesquisa-em-educacao-abre-vagas-para-2027/,Gestão e RH,Especializados (Nichos),Geral / Não Especificado,busca_automatica,correta
2026-10-02,Concurso IF Baiano: Edital publicado com 26 Vagas,https://www.estrategiaconcursos.com.br/blog/concurso-if-baiano-edital/amp/,https://www.estrategiaconcursos.com.br/blog/concurso-if-baiano-edital/amp/,Gestão e RH,Especializados (Nichos),Geral / Não Especificado,busca_automatica,correta
2026-10-01,IF Baiano abre seleção para pós-graduação em ...,https://bahianapolitica.com.br/if-baiano-abre-selecao-para-pos-graduacao-em-metodologia-contemporanea-do-ensino-e-da-pesquisa-em-educacao/,https://bahianapolitica.com.br/if-baiano-abre-selecao-para-pos-graduacao-em-metodologia-contemporanea-do-ensino-e-da-pesquisa-em-educacao/,Gestão e RH,Especializados (Nichos),Governador Mangabeira,curadoria_dicom,correta
2026-10-01,Instituto Federal abre inscrições para pós-graduação gratuita em Educação e Interdisciplinaridade,PEBSP - Portal de Educação,https://www.pebsp.com/instituto-federal-abre-inscricoes-para-pos-graduacao-gratuita-em-educacao-e-interdisciplinaridade-dcs/,Ensino,Especializados (Nichos),Geral / Não Especificado,busca_automatica,correta
2026-10-01,Pós-Graduação em Educação: IF Baiano abre vagas na Especialização em Metodologia Contemporânea do Ensino,PEBSP - Portal de Educação,https://www.pebsp.com/pos-graduacao-em-educacao-if-baiano-abre-vagas-gratuitas-na-especializacao-em-metodologia-contemporanea-do-ensino-dcs/,Gestão e RH,Especializados (Nichos),Geral / Não Especificado,busca_automatica,correta
2026-09-30,IF Baiano inicia atividades acadêmicas em Santo Estêvão ...,https://jornalgrandebahia.com.br/2026/09/if-baiano-inicia-atividades-academicas-em-santo-estevao-com-curso-de-geoprocessamento-do-pronatec-e-84-vagas/,https://jornalgrandebahia.com.br/2026/09/if-baiano-inicia-atividades-academicas-em-santo-estevao-com-curso-de-geoprocessamento-do-pronatec-e-84-vagas/,Institucional,Especializados (Nichos),Santo Estêvão,curadoria_dicom,correta
2026-09-30,Formação de docentes moçambicanos,Portal Conif,https://portal.conif.org.br/comunicacao/gerais/docentes-mocambicanos-chegam-ao-brasil-para-formacao-em-14-campi-da-rede-federal,Gestão e RH,Governamental,Guanambi,curadoria_dicom,correta
2026-09-29,WAGNER E RUI EXALTAM CHEGADA DE POLICLÍNICA E IF BAIANO: ‘PARCERIA ENTRE LULA E JERÔNIMO’,- Bahia Economica,https://bahiaeconomica.com.br/wp/2026/09/28/wagner-e-rui-exaltam-chegada-de-policlinica-e-if-baiano-parceria-entre-lula-e-jeronimo/,Institucional,Imprensa Local,Geral / Não Especificado,busca_automatica,correta
2026-09-29,Projeto de biomonitoramento de ambientes aquáticos,Funcern,https://funcern.br/noticias/funcern-fortalece-pesquisa-do-if-baiano-para-preservacao-da-lagoa-de-itaparica/,Extensão,Imprensa Local,Xique-Xique,curadoria_dicom,correta
2026-09-29,Salvador: Santuário do Bonfim abre vendas de camisas para caminhada de 2027; renda apoia Projeto Bom Samaritano,Jornal Grande Bahia,https://jornalgrandebahia.com.br/2026/09/salvador-santuario-do-bonfim-abre-vendas-de-camisas-para-caminhada-de-2027-renda-apoia-projeto-bom-samaritano/,Extensão,Imprensa Regional (Bahia),Reitoria (Salvador),busca_automatica,correta
2026-09-29,Formadores de Moçambique participam de formação na Rede ...,https://www.gov.br/mec/pt-br/assuntos/noticias/2026/setembro/formadores-de-mocambique-participam-de-formacao-na-rede-federal,https://www.gov.br/mec/pt-br/assuntos/noticias/2026/setembro/formadores-de-mocambique-participam-de-formacao-na-rede-federal,Institucional,Governamental,Geral / Não Especificado,busca_automatica,correta
2026-09-28,Wagner e Rui exaltam Policlínica e IF Baiano: ‘Parceria Lula-Jerônimo’,bahia.ba,https://bahia.ba/politica/wagner-e-rui-exaltam-policlinica-e-if-baiano-parceria-lula-jeronimo/,Institucional,Imprensa Regional (Bahia),Geral / Não Especificado,busca_automatica,correta
2026-09-28,Últimos dias para inscrições na seleção do IF-Baiano,Bahia na Política,https://bahianapolitica.com.br/ultimos-dias-para-inscricoes-na-selecao-do-if-baiano-ha-520-vagas-no-campus-de-urucuca/,Gestão e RH,Imprensa Local,Reitoria (Salvador),curadoria_dicom,correta
2026-09-28,"Em Remanso, Wagner e Rui exaltam chegada de Policlínica e IF Baiano: ‘Parceria entre Lula e Jerônimo’",Classe Politica,https://classepolitica.com.br/noticia/em-remanso-wagner-e-rui-exaltam-chegada-de-policlinica-e-if-baiano-parceria-entre-lula-e-jeronimo,Institucional,Imprensa Local,Remanso,busca_automatica,correta
2026-09-28,"Em Remanso, Wagner e Rui exaltam chegada de Policlínica e IF Baiano: ‘Parceria entre Lula e Jerônimo’",News BA,https://newsba.com.br/2026/09/28/em-remanso-wagner-e-rui-exaltam-chegada-de-policlinica-e-if-baiano-parceria-entre-lula-e-jeronimo/,Institucional,Imprensa Local,Remanso,busca_automatica,correta
2026-09-28,Wagner e Rui destacam Policlínica e IF Baiano em Remanso,https://panoramadabahia.com.br/wagner-e-rui-destacam-policlinica-e-if-baiano-em-remanso-parceria-entre-lula-e-jeronimo/,https://panoramadabahia.com.br/wagner-e-rui-destacam-policlinica-e-if-baiano-em-remanso-parceria-entre-lula-e-jeronimo/,Institucional,Governamental,Remanso,busca_automatica,correta
2026-09-27,ÚLTIMOS DIAS PARA INSCRIÇÕES NA SELEÇÃO DO IF-BAIANO; HÁ 520 VAGAS NO CAMPUS DE URUÇUCA,Pimenta Blog,https://pimenta.blog.br/2026/09/27/ultimos-dias-para-inscricoes-na-selecao-do-if-baiano-ha-520-vagas-no-campus-de-urucuca/,Gestão e RH,Imprensa Local,Uruçuca,busca_automatica,correta
2026-09-27,Estudante do IF Baiano em Guanambi morre aos 14 anos,Achei Sudoeste,https://www.acheisudoeste.com.br/noticias/guanambi/estudante-do-if-baiano-em-guanambi-morre-aos-14-anos,Ensino,Especializados (Nichos),Guanambi,busca_automatica,correta
2026-09-27,Imprimir - Estudante do IF Baiano em Guanambi morre aos 14 anos,Achei Sudoeste,https://www.acheisudoeste.com.br/noticias/guanambi/estudante-do-if-baiano-em-guanambi-morre-aos-14-anos/imprimir,Ensino,Especializados (Nichos),Guanambi,busca_automatica,correta
2026-09-25,IF BAIANO seleciona assistentes pedagógicos UAB,https://vagastutor.com.br/if-baiano-seleciona-assistentes-pedagogicos-uab/,https://vagastutor.com.br/if-baiano-seleciona-assistentes-pedagogicos-uab/,Institucional,Imprensa Local,Geral / Não Especificado,busca_automatica,correta
2026-09-25,Pós-graduação Metodologia Contemporânea do Ensino e da Pesquisa em Educação,Fala Você Notícias,https://www.falavoce.com.br/noticias/9816-2026/09/25/if-baiano-oferece-35-vagas-em-pos-graduacao-na-area-de-educacao,Ensino,Imprensa Local,Governador Mangabeira,curadoria_dicom,correta
2026-09-24,"E vento “Diálogo sobre Ciência, Tecnologia e Educação",Blog do Gusmão,https://blogdogusmao.com.br/2026/09/24/magno-lavigne-mira-qualificacao-profissional-e-defende-ampliacao-do-programa-manuel-querino/,Pesquisa,Imprensa Local,Reitoria (Salvador),curadoria_dicom,correta
2026-09-24,Pavimentação de avenida,Jornal Grande Bahia,https://jornalgrandebahia.com.br/2026/09/santo-estevao-prefeito-tiago-dias-autoriza-pavimentacao-da-avenida-passos-ferreira-com-r-41-milhoes-e-emenda-de-dal-barreto/,Institucional,Imprensa Regional (Bahia),Santo Estêvão,curadoria_dicom,correta
2026-09-24,"Evento “Diálogo sobre Ciência, Tecnologia e Educação",Pimenta Blog,https://pimenta.blog.br/tag/programa-manuel-querino/,Pesquisa,Imprensa Local,Reitoria (Salvador),curadoria_dicom,correta
2026-09-24,II Seminário de Agroindústria da Agricultura Familiar,Prefeitura de Senhor do Bonfim,https://senhordobonfim.ba.gov.br/ii-seminario-fortalece-agroindustria-e-abre-novas-oportunidades-para-agricultores-familiares-de-senhor-do-bonfim/,Extensão,Governamental,Senhor do Bonfim,curadoria_dicom,correta
2026-09-24,Magno apresenta avanços do Programa Manuel Querino em diálogo com professores do IFBA e IF Baiano,agravo.blog.br,https://www.agravo.blog.br/blog/2026/09/24/magno-apresenta-avancos-do-programa-manuel-querino-em-dialogo-com-professores-do-ifba-e-if-baiano/,Gestão e RH,Imprensa Local,Geral / Não Especificado,busca_automatica,ambos_citados
2026-09-24,"Evento “Diálogo sobre Ciência, Tecnologia e Educação",Bahia sem Fronteiras,https://www.bahiasemfronteiras.com.br/magno-lavigne-mira-qualificacao-profissional-e-defende-ampliacao-do-programa-manuel-querino/,Pesquisa,Imprensa Local,Reitoria (Salvador),curadoria_dicom,correta
2026-09-24,IF Baiano realiza palestra sobre avaliação biopsicossocial de pessoas com deficiência,Fala Você Notícias,https://www.falavoce.com.br/noticias/9783-2026/09/23/if-baiano-realiza-palestra-sobre-avaliacao-biopsicossocial-de-pessoas-com-deficiencia,Pesquisa,Imprensa Local,Geral / Não Especificado,busca_automatica,correta
2026-09-24,IF Baiano realiza palestra sobre avaliação biopsicossocial de pessoas com deficiência,falavoce.com.br,https://www.falavoce.com.br/noticias/9783-2026/09/24/if-baiano-realiza-palestra-sobre-avaliacao-biopsicossocial-de-pessoas-com-deficiencia,Pesquisa,Imprensa Local,Reitoria (Salvador),curadoria_dicom,correta
2026-09-23,Programa de Intercâmbio Acadêmico Latino-Americano,IFCE,https://portal.ifce.edu.br/noticias/ifce-seleciona-alunos-para-programa-de-intercambio-academico-latino-americano/,Institucional,Outras Instituições de Ensino,Reitoria (Salvador),curadoria_dicom,correta
2026-09-22,IF Baiano abre seleção para intercâmbio com bolsa de estudos na Argentina,Fala Você Notícias,https://www.falavoce.com.br/noticias/9744-2026/09/22/if-baiano-abre-selecao-para-intercambio-com-bolsa-de-estudos-na-argentina,Gestão e RH,Imprensa Local,Reitoria (Salvador),curadoria_dicom,correta
2026-09-22,Pós-graduação Meio Ambiente e Agroecologia,PEBSP,https://www.pebsp.com/insituto-federal-abre-vagas-em-pos-graduacao-em-meio-ambiente-para-graduados-de-qualquer-area-dcs/,Ensino,Imprensa Local,Valença,curadoria_dicom,correta
2026-09-21,IF Baiano anuncia cinco cursos EAD com 150 vagas para moradores de Jaguaripe,Blog do Valente,https://blogdovalente.com.br/destaque/2026/09/if-baiano-anuncia-cinco-cursos-ead-com-150-vagas-para-moradores-de-jaguaripe/,Gestão e RH,Imprensa Local,Valença,curadoria_dicom,correta
2026-09-21,Jaguaripe amplia parceria com IF Baiano e anuncia 150 vagas em cursos EAD,Voz da Bahia,https://vozdabahia.com.br/jaguaripe-amplia-parceria-com-if-baiano-e-anuncia-150-vagas-em-cursos-ead/,Gestão e RH,Imprensa Local,Valença,curadoria_dicom,correta
2026-09-18,Seleção docente,Atlas Público,https://atlaspublico.com.br/boletins/as-inscricoes-para-11-concursos-e-processos-seletivos-88083,Gestão e RH,Imprensa Local,Reitoria (Salvador),curadoria_dicom,correta
2026-09-18,Prefeitura de Nazaré amplia parceria com IF Baiano e anuncia 150 vagas em cinco cursos gratuitos,Criativa On Line,https://criativaonline.com.br/prefeitura-de-nazare-amplia-parceria-com-if-baiano-e-anuncia-150-vagas-em-cinco-cursos-gratuitos/,Gestão e RH,Imprensa Local,Valença,curadoria_dicom,correta
2026-09-18,Implantação de polo de Educação a Distância,Portal Bahia.Ba,https://portalbahia.ba/noticia/6332/jaguaripe-amplia-oferta-de-cursos-ead-em-parceria-com-if-baiano,Institucional,Imprensa Regional (Bahia),Valença,curadoria_dicom,correta
2026-09-18,IF Baiano abre 30 vagas para Tecnologia em Agroindústria em Governador Mangabeira,Tribuna do Recôncavo,https://tribunadoreconcavo.com/if-baiano-abre-vagas-tecnologia-agroindustria-governador-mangabeira/,Gestão e RH,Imprensa Local,Governador Mangabeira,busca_automatica,correta
2026-09-18,2º Fórum Náutico Internacional da ANB,Tribuna da Bahia,https://www.trbn.com.br/materia/I163604/forum-nautico-termina-com-acordo-para-gestao-sustentavel-de-praias-baianas,Institucional,Imprensa Regional (Bahia),Reitoria (Salvador),curadoria_dicom,correta
2026-09-17,Prosel graduação,Bahia Recôncavo,https://bahiareconcavo.com.br/2026/09/17/inscricoes-abertas-para-o-curso-de-tecnologia-em-agroindustria-no-campus-governador-mangabeira/,Ensino,Imprensa Local,Governador Mangabeira,curadoria_dicom,correta
2026-09-17,2º Fórum Náutico Internacional da ANB,Itamaraju Notícias,https://itamarajunoticias.com.br/editorial/economia/qualidade-do-mar-e-destaque-no-encerramento-do-ii-forum-nautico-internacional/,Institucional,Imprensa Local,Reitoria (Salvador),curadoria_dicom,correta
2026-09-17,FAMIF 2026 define finalistas para etapa no Campus Guanambi,falavoce.com.br,https://www.falavoce.com.br/noticias/9628-2026/09/17/famif-2026-define-finalistas-para-etapa-no-campus-guanambi,Institucional,Imprensa Local,Reitoria (Salvador),curadoria_dicom,correta
2026-09-15,Avião com deputado federal baiano faz pouso forçado no aeroporto de Irecê,Acesse Política,https://acessepolitica.com.br/noticia/181416/aviao-com-deputado-federal-baiano-faz-pouso-forcado-no-aeroporto-de-irece,Institucional,Imprensa Local,Geral / Não Especificado,busca_automatica,correta
2026-09-15,Escolas de Alagoinhas recebem oficinas inspiradas em Pierre Verger,A TARDE,https://atarde.com.br/educacao/escolas-de-alagoinhas-recebem-oficinas-inspiradas-em-pierre-verger-1402133,Extensão,Imprensa Regional (Bahia),Alagoinhas,busca_automatica,correta
2026-09-15,Escolas de Alagoinhas recebem oficinas inspiradas em Pierre Verger,atarde.com.br,https://atarde.com.br/educacao/escolas-de-alagoinhas-recebem-oficinas-inspiradas-em-pierre-verger-1402133?_=amp,Extensão,Imprensa Local,Alagoinhas,busca_automatica,correta
2026-09-15,Pós-graduação Meio Ambiente e Agroecologia,PEBSP,https://www.pebsp.com/if-baiano-abre-30-vagas-em-pos-graduacao-gratuita-de-meio-ambiente-e-agroecologia-sem-prova/,Ensino,Imprensa Local,Valença,curadoria_dicom,correta
2026-09-14,I Semana da Biologia do IF Baiano,Agência Sertão,https://agenciasertao.com/2026/09/14/i-semana-da-biologia-do-if-baiano-comeca-nesta-segunda-feira-em-guanambi/,Institucional,Imprensa Local,Guanambi,curadoria_dicom,correta
2026-09-14,Pós-graduação em Educação do Campo,Atlas Público,https://atlaspublico.com.br/boletins/as-inscricoes-para-36-concursos-e-processos-seletivos-se-87189,Ensino,Imprensa Local,Serrinha,curadoria_dicom,correta
2026-09-14,Deputado Federal baiano está entre alvos de operação que apura corrupção e tráfico de influência em tribunais,Acorda Cidade,https://www.acordacidade.com.br/politica/deputado-federal-baiano-esta-entre-alvos-de-operacao-que-apura-corrupcao-e-trafico-de-influencia-em-tribunais/,Institucional,Imprensa Regional (Bahia),Geral / Não Especificado,busca_automatica,correta
2026-09-14,Parceria com o CEPEDI,Fala Você Notícias,https://www.falavoce.com.br/noticias/9540-2026/09/13/if-baiano-guanambi-fortalece-parceria-com-cepedi-em-projetos-de-inovacao,Institucional,Imprensa Local,Guanambi,curadoria_dicom,correta
2026-09-14,IF Baiano Guanambi fortalece parceria com CEPEDI em projetos de inovação,falavoce.com.br,https://www.falavoce.com.br/noticias/9540-2026/09/14/if-baiano-guanambi-fortalece-parceria-com-cepedi-em-projetos-de-inovacao,Pesquisa,Imprensa Local,Guanambi,busca_automatica,correta
2026-09-14,Capacitação de professores moçambicanos,Gov.br,https://www.gov.br/mec/pt-br/assuntos/noticias/2026/setembro/mec-participa-de-abertura-virtual-de-formacao-de-mocambicanos,Gestão e RH,Governamental,Guanambi,curadoria_dicom,correta
2026-09-14,Prosel 2027,"Uruçuca, Teixeira de Freitas, Governador Mangabeira e Xique-Xique",https://www.pebsp.com/if-baiano-1600-vagas-cursos-tecnicos-ead/,Ensino,Imprensa Local,Governador Mangabeira,curadoria_dicom,correta
2026-09-12,Seleção docente,PEBSP,https://www.pebsp.com/4-editais-abertos-para-trabalhar-como-tutor-e-professor-na-ead-instituicoes-publicas-oferecem-bolsas-de-ate-r-1-850/,Gestão e RH,Imprensa Local,Reitoria (Salvador),curadoria_dicom,correta
2026-09-11,"Bahia Golden Bee Experience 2026 reúne apicultores e produtores no IF Baiano, em Alagoinhas",Bahia Comenta,https://bahiacomenta.com.br/noticia/53648/bahia-golden-bee-experience-2026-reune-apicultores-e-produtores-no-if-baiano-em-alagoinhas,Institucional,Imprensa Local,Alagoinhas,busca_automatica,correta
2026-09-11,"Bahia Golden Bee Experience 2026 reúne apicultores e produtores no IF Baiano, em Alagoinhas",Alta Pressão Online,https://www.apo.com.br/noticia/alagoinhas/bahia-golden-bee-experience-2026-reune-apicultores-e-produtores-no-if-baiano-em-alagoinhas/,Institucional,Imprensa Local,Alagoinhas,curadoria_dicom,correta
2026-09-11,Bahia Golden Bee Experience 2026,GiroES,https://www.giroes.com.br/noticia/40600/bahia-golden-bee-experience-2026-reune-apicultores-e-produtores-no-if-baiano-em-alagoinhas,Institucional,Imprensa Local,Alagoinhas,curadoria_dicom,correta
2026-09-11,"Bahia Golden Bee Experience 2026 reúne apicultores e produtores no IF Baiano, em Alagoinhas",PÁGINA DE POLÍCIA,https://www.paginadepolicia.com.br/noticia/120712/bahia-golden-bee-experience-2026-reune-apicultores-e-produtores-no-if-baiano-em-alagoinhas/amp,Institucional,Imprensa Local,Alagoinhas,busca_automatica,correta
2026-09-10,IF Baiano abre seleção para 13 vagas de professores em pós-graduação EaD,Fala Você Notícias,https://www.falavoce.com.br/noticias/9471-2026/09/10/if-baiano-abre-selecao-para-13-vagas-de-professores-em-pos-graduacao-ead,Gestão e RH,Imprensa Local,Reitoria (Salvador),curadoria_dicom,correta
2026-09-08,Guanambi lidera taxa de crescimento populacional na região entre 2022 e 2026,Classe Politica,https://classepolitica.com.br/noticia/guanambi-lidera-taxa-de-crescimento-populacional-na-regiao-entre-2022-e-2026,Institucional,Imprensa Local,Guanambi,busca_automatica,correta
2026-09-07,Comemoração 7 de Setembro,Notícias da Lapa,https://www.bomjesusdalapanoticias.com.br/bom-jesus-da-lapa/bom-jesus-da-lapa-homenageia-suas-raizes-durante-desfile-de-7-de-setembro/,Institucional,Imprensa Local,Bom Jesus da Lapa,curadoria_dicom,correta
2026-09-07,IF Baiano seleciona professores para especialização EaD,PEBSP,https://www.pebsp.com/if-baiano-seleciona-professores-para-especializacao-ead/,Gestão e RH,Imprensa Local,Reitoria (Salvador),curadoria_dicom,correta
2026-09-06,"Catu realiza Desfile Cívico de 7 de Setembro com escolas, fanfarras e instituições",Catu Acontece,https://www.catuacontece.com.br/catu-realiza-desfile-civico-de-7-de-setembro-com-escolas-fanfarras-e-instituicoes/,Institucional,Imprensa Local,Catu,busca_automatica,correta
2026-09-06,Prosel 2027,seligaalagoinhas.com.br,https://www.seligaalagoinhas.com.br/noticia/73246/oportunidade-no-if-baiano-campus-alagoinhas-abre-180-vagas-para-novos-estudantes,Ensino,Imprensa Local,Alagoinhas,curadoria_dicom,correta
2026-09-04,Prosel 2027,Jornal Valença Agora,https://valencaagora.com/if-baiano-abre-inscricoes-para-cursos-tecnicos-ead-gratuitos-em-valenca-camamu-e-nazare/,Ensino,Imprensa Local,Valença,curadoria_dicom,correta
2026-09-04,Prosel 2027,PEBSP,https://www.pebsp.com/instituto-federal-abre-360-vagas-em-5-cursos-tecnicos-ead/,Ensino,Imprensa Local,Valença,curadoria_dicom,correta
2026-09-03,Conselho Tutelar promove reunião intersetorial em defesa dos direitos de crianças e adolescentes em Santo Estêvão,página da notícia,https://paginadanoticia.com.br/noticia/35449/conselho-tutelar-promove-reuniao-intersetorial-em-defesa-dos-direitos-de-criancas-e-adolescentes-em.html,Institucional,Imprensa Local,Santo Estêvão,busca_automatica,correta
2026-09-03,IF Baiano abre seleção para intercâmbio de estudantes no Canadá,Fala Você Notícias,https://www.falavoce.com.br/noticias/9295-2026/09/03/if-baiano-abre-selecao-para-intercambio-de-estudantes-no-canada,Gestão e RH,Imprensa Local,Reitoria (Salvador),curadoria_dicom,correta
2026-09-02,João Filho anuncia convênio com planos odontológicos para servidores de Itaberaba,Chapada Notícias,https://chapadanoticias.com.br/cidades/joao-filho-anuncia-convenio-com-planos-odontologicos-para-servidores-de-itaberaba/,Gestão e RH,Imprensa Local,Itaberaba,busca_automatica,correta
2026-09-02,Programa Vendo e Aprendendo é lançado em Alagoinhas para ampliar cuidado com a saúde ocular de estudantes,:: Bahia Jornal ::,https://www.bahiajornal.com.br/noticia/179441/programa-vendo-e-aprendendo-e-lancado-em-alagoinhas-para-ampliar-cuidado-com-a-saude-ocular-de-estudantes,Ensino,Imprensa Local,Alagoinhas,busca_automatica,correta
2026-09-02,Audiência Pública em Catu debaterá política municipal para manejo populacional de cães e gatos em situação de rua,Ministério Público do Estado da Bahia. |,https://www.mpba.mp.br/noticia/83691,Institucional,Governamental,Catu,busca_automatica,correta
2026-09-02,Servidora do IF Baiano é demitida após processo administrativo disciplinar,O TEMPO,https://www.otempo.com.br/politica/2026/9/2/servidora-do-if-baiano-e-demitida-apos-processo-administrativo-disciplinar.amp,Gestão e RH,Imprensa (Nacional),Reitoria (Salvador),curadoria_dicom,correta
2026-09-01,Programa Vendo e Aprendendo é lançado em Alagoinhas para ampliar cuidado com a saúde ocular de estudantes,Alagonews,https://alagonews.com.br/noticia/29035/programa-vendo-e-aprendendo-e-lancado-em-alagoinhas-para-ampliar-cuidado-com-a-saude-ocular-de-estudantes,Ensino,Imprensa Local,Alagoinhas,busca_automatica,correta
2026-09-01,IF Baiano abre 160 vagas para cursos técnicos em Itaberaba,Chapada Notícias,https://chapadanoticias.com.br/educacao/if-baiano-abre-160-vagas-para-cursos-tecnicos-em-itaberaba/,Gestão e RH,Imprensa Local,Itaberaba,busca_automatica,correta
2026-09-01,Programa Vendo e Aprendendo é lançado em Alagoinhas para ampliar cuidado com a saúde ocular de estudantes,Prefeitura de Alagoinhas,https://www.alagoinhas.ba.gov.br/index.php/programa-vendo-e-aprendendo-e-lancado-em-alagoinhas-para-ampliar-cuidado-com-a-saude-ocular-de-estudantes/,Ensino,Governamental,Alagoinhas,busca_automatica,correta
2026-09-01,IF Baiano abre inscrições para Exame de Proficiência em Língua Inglesa; prazo vai até 21 de setembro,Fala Você Notícias,https://www.falavoce.com.br/noticias/9245-2026/09/01/if-baiano-abre-inscricoes-para-exame-de-proficiencia-em-lingua-inglesa-prazo-vai-ate-21-de-setembro,Pesquisa,Imprensa Local,Reitoria (Salvador),curadoria_dicom,correta
2026-09-01,"Seguem até 16 de outubro as inscrições para mais de 1000 vagas em cursos técnicos gratuitos oferecidos pelo Instituto Federal Baiano, o IF Baiano. As oportunidades estão distribuídas em diversas cidades do estado. Os cursos são voltados para quem tem",instagram.com,https://www.instagram.com/p/DcvZcR8AeOg/,Gestão e RH,Imprensa Local,Geral / Não Especificado,busca_automatica,correta
2026-09-01,Programa Vendo e Aprendendo é lançado em Alagoinhas para ampliar cuidado com a saúde ocular de estudantes,seligaalagoinhas.com.br,https://www.seligaalagoinhas.com.br/noticia/73166/programa-vendo-e-aprendendo-e-lancado-em-alagoinhas-para-ampliar-cuidado-com-a-saude-ocular-de-estudantes,Ensino,Imprensa Local,Alagoinhas,busca_automatica,correta
2026-09-01,Programa Vendo e Aprendendo é lançado em Alagoinhas para ampliar cuidado com a saúde ocular de estudantes,Se Liga Alagoinhas,https://www.seligaalagoinhas.com.br/noticia/73170/programa-vendo-e-aprendendo-e-lancado-em-alagoinhas-para-ampliar-cuidado-com-a-saude-ocular-de-estudantes/amp,Ensino,Imprensa Local,Alagoinhas,busca_automatica,correta
2026-08-31,IF Baiano abre inscrições para 1.875 vagas em cursos técnicos gratuitos,Stift Melk,http://www.tribunadabahia.com.br/materia/I162334/if-baiano-abre-inscricoes-para-1-875-vagas-em-cursos-tecnicos-gratuitos-1,Gestão e RH,Imprensa Local,Geral / Não Especificado,busca_automatica,correta
2026-08-31,Inscrições no IF Baiano começam com 1.875 vagas gratuitas para cursos técnicos; confira,Aratu On,https://aratuon.com.br/educacao/inscricoes-no-if-baiano-comecam-com-1-875-vagas-gratuitas-para-cursos-tecnicos-confira/,Gestão e RH,Imprensa Regional (Bahia),Geral / Não Especificado,busca_automatica,correta
2026-08-31,"IF Baiano abre inscrições para 1,8 mil vagas em cursos técnicos gratuitos",A TARDE,https://atarde.com.br/bahia/if-baiano-abre-inscricoes-para-18-mil-vagas-em-cursos-tecnicos-gratuitos-1400271,Gestão e RH,Imprensa Regional (Bahia),Reitoria (Salvador),curadoria_dicom,correta
2026-08-31,"IF BAIANO OFERECE 1,8 MIL VAGAS EM CURSOS TÉCNICOS GRATUITOS -",- Bahia Economica,https://bahiaeconomica.com.br/wp/2026/08/31/if-baiano-oferece-18-mil-vagas-em-cursos-tecnicos-gratuitos/,Gestão e RH,Imprensa Local,Reitoria (Salvador),curadoria_dicom,correta
2026-08-31,Prosel 2027,Blog do Eloilton Cajuhy,https://blogdoeloiltoncajuhy.com.br/site/if-baiano-abre-inscricoes-para-155-vagas-em-cursos-tecnicos-gratuitos-em-senhor-do-bonfim/,Ensino,Imprensa Local,Senhor do Bonfim,curadoria_dicom,correta
2026-08-31,"IF Baiano abre inscrições para mais de 1,8 mil vagas em cursos técnicos gratuitos na Bahia",Empregos na Bahia,https://empregosnabahia.com.br/if-baiano-cursos-tecnicos-gratuitos-bahia/,Gestão e RH,Imprensa Local,Geral / Não Especificado,busca_automatica,correta
2026-08-31,"IF Baiano abre inscrições para mais de 1,8 mil vagas em cursos técnicos gratuitos",G1,https://g1.globo.com/google/amp/ba/bahia/videos-jornal-da-manha/video/if-baiano-abre-inscricoes-para-mais-de-18-mil-vagas-em-cursos-tecnicos-gratuitos-14916100.ghtml,Gestão e RH,Imprensa (Nacional),Geral / Não Especificado,busca_automatica,correta
2026-08-31,"IF Baiano abre inscrições para mais de 1,8 mil vagas em cursos técnicos gratuitos",Grupo Lomes de Comunicação,https://glomes.com.br/if-baiano-abre-inscricoes-para-mais-de-18-mil-vagas-em-cursos-tecnicos-gratuitos/,Gestão e RH,Imprensa Local,Geral / Não Especificado,busca_automatica,correta
2026-08-31,IF Baiano abre nesta segunda-feira (31) 1.875 vagas em cursos técnicos gratuitos para 2027,Portal N1N,https://n1n.com.br/bahia/109182/if-baiano-abre-nesta-segunda-feira-31-1-875-vagas-em-cursos-tecnicos-gratuitos-para-2027/,Gestão e RH,Imprensa Local,Geral / Não Especificado,busca_automatica,correta
2026-08-31,IF Baiano abre 1.875 vagas gratuitas em cursos técnicos; inscrições começam nesta segunda,otrombone.com.br,https://otrombone.com.br/if-baiano-abre-1-875-vagas-gratuitas-em-cursos-tecnicos-inscricoes-comecam-nesta-segunda/,Gestão e RH,Imprensa Local,Geral / Não Especificado,busca_automatica,correta
2026-08-31,Jovem de 22 anos foi executado a tiros na porta de casa em Santo Estêvão,paginadanoticia.com.br,https://paginadanoticia.com.br/noticia/35444/jovem-de-22-anos-foi-executado-a-tiros-na-porta-de-casa-em-santo-estevao.html,Institucional,Imprensa Local,Santo Estêvão,busca_automatica,correta
2026-08-31,IF Baiano abre 1.875 vagas gratuitas para cursos técnicos com ingresso em 2027,salvadornoticia.com,https://salvadornoticia.com/if-baiano-abre-1-875-vagas-gratuitas-para-cursos-tecnicos-com-ingresso-em-2027/,Gestão e RH,Imprensa Local,Geral / Não Especificado,busca_automatica,correta
2026-08-31,IF Baiano abre nesta segunda 1.875 vagas em cursos técnicos gratuitos,sulbahia1.com.br,https://sulbahia1.com.br/if-baiano-abre-nesta-segunda-1-875-vagas-em-cursos-tecnicos-gratuitos/,Gestão e RH,Imprensa Local,Geral / Não Especificado,busca_automatica,correta
2026-08-31,IF Baiano abre 1.875 vagas em cursos técnicos gratuitos com oportunidades para Nazaré e Valença,Voz da Bahia,https://vozdabahia.com.br/if-baiano-abre-1-875-vagas-em-cursos-tecnicos-gratuitos-com-oportunidades-para-nazare-e-valenca/,Gestão e RH,Imprensa Local,Valença,busca_automatica,correta
2026-08-31,Últimas Notícias sobre #vozdabahia #IFBaiano #Valença #Nazaré #CursosGratuitos,Voz da Bahia,https://vozdabahia.com.br/tag/vozdabahia-ifbaiano-valenca-nazare-cursosgratuitos/,Ensino,Imprensa Local,Valença,busca_automatica,correta
2026-08-31,"IF Baiano abre inscrições para mais de 1,8 mil vagas em cursos técnicos gratuitos",Achei Sudoeste,https://www.acheisudoeste.com.br/noticias/educacao/if-baiano-abre-inscricoes-para-mais-de-1-8-mil-vagas-em-cursos-tecnicos-gratuitos,Gestão e RH,Especializados (Nichos),Reitoria (Salvador),curadoria_dicom,correta
2026-08-31,IF Baiano abre 1.875 vagas em cursos técnicos gratuitos para 2027,correio24horas.com.br,https://www.correio24horas.com.br/bahia/if-baiano-abre-1875-vagas-em-cursos-tecnicos-gratuitos-para-2027-0826,Gestão e RH,Imprensa Regional (Bahia),Reitoria (Salvador),curadoria_dicom,correta
2026-08-31,IF Baiano abre 1.875 vagas gratuitas em cursos técnicos para quem já concluiu o Ensino Médio,deolhonacidade.net,https://www.deolhonacidade.net/if-baiano-abre-1-875-vagas-gratuitas-em-cursos-tecnicos-para-quem-ja-concluiu-o-ensino-medio,Gestão e RH,Imprensa Local,Reitoria (Salvador),curadoria_dicom,correta
2026-08-31,"IF Baiano abre inscrições para mais de 1,8 mil vagas em cursos grátis - iBahia",iBahia,https://www.ibahia.com/noticias/educacao/if-baiano-abre-inscricoes-para-mais-de-18-mil-vagas-em-cursos-gratis-390272,Gestão e RH,Imprensa Regional (Bahia),Geral / Não Especificado,busca_automatica,correta
2026-08-31,IF Baiano abre inscrições para 1.875 vagas em cursos técnicos gratuitos; confira,Rádio Metrópole,"https://www.metro1.com.br/noticias/bahia/187554,if-baiano-abre-inscricoes-para-1875-vagas-em-cursos-tecnicos-gratuitos-confira",Gestão e RH,Imprensa Local,Reitoria (Salvador),curadoria_dicom,correta
2026-08-31,IF Baiano abre inscrições para 1.875 vagas em cursos técnicos gratuitos,Tribuna da Bahia,https://www.trbn.com.br/materia/I162334/if-baiano-abre-inscricoes-para-1-875-vagas-em-cursos-tecnicos-gratuitos-1,Gestão e RH,Imprensa Regional (Bahia),Geral / Não Especificado,busca_automatica,correta
2026-08-30,"Com mais de 1,8 mil vagas, IF Baiano abre inscrições para cursos técnicos gratuitos nesta segunda (31)",Acorda Cidade,https://www.acordacidade.com.br/educacao/com-mais-de-18-mil-vagas-if-baiano-abre-inscricoes-para-cursos-tecnicos-gratuitos-nesta-segunda-31/,Gestão e RH,Imprensa Regional (Bahia),Reitoria (Salvador),curadoria_dicom,correta
2026-08-29,IF Baiano abre inscrições nesta segunda (31) para 1.875 vagas em cursos técnicos gratuitos,Bahia Na Política,https://bahianapolitica.com.br/if-baiano-abre-inscricoes-nesta-segunda-31-para-1-875-vagas-em-cursos-tecnicos-gratuitos/,Gestão e RH,Imprensa Local,Geral / Não Especificado,busca_automatica,correta
2026-08-29,"No Sertão Produtivo, Wagner destaca Policlínica, IF Baiano, hospitais e adutora como símbolos do avanço da região",Classe Politica,https://classepolitica.com.br/noticia/no-sertao-produtivo-wagner-destaca-policlinica-if-baiano-hospitais-e-adutora-como-simbolos-do-avanco-da-regiao,Institucional,Imprensa Local,Geral / Não Especificado,busca_automatica,correta
2026-08-29,"IF Baiano abre inscrições para mais de 1,8 mil vagas em cursos técnicos gratuitos; saiba mais",G1,https://g1.globo.com/ba/bahia/noticia/2026/08/28/inscricoes-para-cursos-gratuitos-na-bahia.ghtml,Gestão e RH,Imprensa (Nacional),Reitoria (Salvador),curadoria_dicom,correta
2026-08-29,IF Baiano abre inscrições para 440 vagas em cursos técnicos gratuitos em Bom Jesus da Lapa,Notícias de Bom Jesus da Lapa,https://www.bomjesusdalapanoticias.com.br/bom-jesus-da-lapa/if-baiano-abre-inscricoes-para-440-vagas-em-cursos-tecnicos-gratuitos-em-bom-jesus-da-lapa/,Gestão e RH,Imprensa Local,Bom Jesus da Lapa,busca_automatica,correta
2026-08-29,"Pindaí confirma ordem de serviço para pavimentação de trecho entre Guirapá, Tanque e IF Baiano - iGuanambi",iGuanambi,https://www.iguanambi.com.br/noticias/2026/08/28/pindai-confirma-ordem-de-servico-para-pavimentacao-de-trecho-entre-guirapa-tanque-e-if-baiano/,Institucional,Imprensa Local,Geral / Não Especificado,busca_automatica,correta
2026-08-28,IF Baiano abre inscrições para 1.875 vagas em cursos técnicos gratuito,avozdocampo.com,https://avozdocampo.com/bahia/if-baiano-abre-inscricoes-para-1-875-vagas-em-cursos-tecnicos-gratuito/,Gestão e RH,Imprensa Local,Reitoria (Salvador),curadoria_dicom,correta
2026-08-28,IF Baiano abre inscrições nesta segunda-feira (31) para 1.875 vagas em cursos técnicos gratuitos para 2027,Portal N1N,https://n1n.com.br/bahia/108794/if-baiano-abre-inscricoes-nesta-segunda-feira-31-para-1-875-vagas-em-cursos-tecnicos-gratuitos-para-2027/,Gestão e RH,Imprensa Local,Geral / Não Especificado,busca_automatica,correta
2026-08-28,IF Baiano oferece oportunidades em cursos técnicos,Sociedade ON,https://sociedadeonline.com/if-baiano-oferece-oportunidades-em-cursos-tecnicos,Ensino,Imprensa Local,Geral / Não Especificado,busca_automatica,correta
2026-08-28,IF Baiano abre inscrições para 1.875 vagas em cursos técnicos gratuitos,Tribuna do Recôncavo,https://tribunadoreconcavo.com/if-baiano-1875-vagas-cursos-tecnicos-gratuitos/,Gestão e RH,Imprensa Local,Geral / Não Especificado,busca_automatica,correta
2026-08-28,IF Baiano abre 1.875 vagas em cursos técnicos gratuitos; inscrições começam nesta segunda (31),Jornal Correio,https://www.correio24horas.com.br/educacao/if-baiano-abre-1875-vagas-em-cursos-tecnicos-gratuitos-inscricoes-comecam-nesta-segunda-31-0826,Gestão e RH,Imprensa Regional (Bahia),Geral / Não Especificado,busca_automatica,correta
2026-08-28,IF Baiano oferece 1.875 vagas em cursos técnicos gratuitos para 2027,Fala Você Notícias,https://www.falavoce.com.br/noticias/9149-2026/08/28/if-baiano-oferece-1-875-vagas-em-cursos-tecnicos-gratuitos-para-2027,Gestão e RH,Imprensa Local,Geral / Não Especificado,busca_automatica,correta
2026-08-27,"Lembrança de infância de estudante de 17 anos leva pesquisadores a um córrego de Xique-Xique, na Bahia, e termina na identificação de sítio arqueológico inédito com pinturas rupestres, polidor de pedra e cerâmica pré-colonial já registrado pelo Iphan",CPG Click Petróleo e Gás,https://clickpetroleoegas.com.br/lembranca-de-infancia-de-estudante-de-17-anos-leva-pesquisadores-a-um-corrego-de-xique-xique-na-bahia-e-termina-na-identificacao-de-sitio-arqueologico-inedito-com-pinturas-rupestres-p-asaf04/,Ensino,Imprensa Local,Xique-Xique,busca_automatica,correta
2026-08-27,Prefeitura de Teixeira de Freitas e IF Baiano promovem formação sobre transtornos do neurodesenvolvimento,Itamaraju Notícias,https://www.itamarajunoticias.com.br/editorial/prefeitura-de-teixeira-de-freitas-e-if-baiano-promovem-formacao-sobre-transtornos-do-neurodesenvolvimento/,Institucional,Imprensa Local,Teixeira de Freitas,busca_automatica,correta
2026-08-27,Teixeira: Prefeitura e IF Baiano promovem formação sobre transtornos do neurodesenvolvimento,SulBahiaNews,https://www.sulbahianews.com.br/teixeira-prefeitura-e-if-baiano-promovem-formacao-sobre-transtornos-do-neurodesenvolvimento/,Institucional,Imprensa Local,Geral / Não Especificado,busca_automatica,correta
2026-08-27,Uesb inicia Feira das Profissões 2026 no centro de Itapetinga,uesb.br,https://www.uesb.br/noticias/uesb-inicia-feira-das-profissoes-2026-no-centro-de-itapetinga/,Extensão,Outras Instituições de Ensino,Itapetinga,busca_automatica,correta
2026-08-26,"IF Baiano oferta 510 vagas em cursos técnicos EaD para Guanambi, Iuiu, Caculé e Caetité",93 Notícias,https://93noticias.com.br/if-baiano-oferta-510-vagas-em-cursos-tecnicos-ead-para/,Gestão e RH,Imprensa Local,Guanambi,busca_automatica,correta
2026-08-26,"IF Baiano oferece 510 vagas em cursos técnicos EaD para Guanambi, Iuiu, Caculé e Caetité",Agência Sertão,https://agenciasertao.com/2026/08/26/if-baiano-oferece-510-vagas-em-cursos-tecnicos-ead-para-guanambi-iuiu-cacule-e-caetite/,Gestão e RH,Imprensa Local,Guanambi,curadoria_dicom,correta
2026-08-26,Prefeitura de Teixeira de Freitas e IF Baiano promovem formação sobre transtornos do neurodesenvolvimento,PrimeiroJornal,https://primeirojornal.com.br/2026/08/prefeitura-de-teixeira-de-freitas-e-if-baiano-promovem-formacao-sobre-transtornos-do-neurodesenvolvimento-prefeitura-de-teixeira-de-freitas-bahia/,Institucional,Imprensa Local,Teixeira de Freitas,busca_automatica,correta
2026-08-26,IF Baiano abre seleção para cursos técnicos EaD com 400 vagas em Bom Jesus da Lapa e Santa Maria da Vitória,Notícias de Bom Jesus da Lapa,https://www.bomjesusdalapanoticias.com.br/bom-jesus-da-lapa/171115/,Gestão e RH,Imprensa Local,Bom Jesus da Lapa,curadoria_dicom,correta
2026-08-26,Descoberta de sítio arqueológico,Diário do Litoral,https://www.diariodolitoral.com.br/variedades/jovem-de-17-anos-brincava-em-local-secreto-na-infancia-descobre-que-o-lugar-guardava-tesouro-arqueologico-e-revela-achado-para-cientistas/,Institucional,Imprensa Local,Xique-Xique,curadoria_dicom,correta
2026-08-26,IF Baiano abre 510 vagas para cursos técnicos EaD em Guanambi e região,Fala Você Notícias,https://www.falavoce.com.br/noticias/9097-2026/08/26/if-baiano-abre-510-vagas-para-cursos-tecnicos-ead-em-guanambi-e-regiao,Gestão e RH,Imprensa Local,Guanambi,curadoria_dicom,correta
2026-08-26,Formação sobre transtornos do neurodesenvolvimento,Prefeitura de Teixeira de Freitas,https://www.teixeiradefreitas.ba.gov.br/prefeitura-de-teixeira-de-freitas-e-if-baiano-promovem-formacao-sobre-transtornos-do-neurodesenvolvimento/,Institucional,Governamental,Teixeira de Freitas,curadoria_dicom,correta
2026-08-23,Comício em Ribeira do Pombal,Grupo Lomes de Comunicação,https://glomes.com.br/candidato-a-reeleicao-jeronimo-rodrigues-encerra-agenda-de-sabado-22-com-comicio-em-ribeira-do-pombal/,Institucional,Imprensa Local,Ribeira do Pombal,curadoria_dicom,correta
2026-08-23,"Em Ribeira do Pombal, Jerônimo afirma que o L ‘é um projeto do Brasil’",MundoBA,https://mundoba.com.br/eleicoes/em-ribeira-do-pombal-jeronimo-afirma-que-o-l-e-um-projeto-do-brasil/,Extensão,Imprensa Local,Ribeira do Pombal,curadoria_dicom,correta
2026-08-23,Comício em Ribeira do Pombal,Panorama da Bahia,https://panoramadabahia.com.br/jeronimo-reune-forca-politica-no-semiarido-com-10-mil-pessoas-e-apoio-de-prefeitos-da-regiao/,Institucional,Imprensa Local,Ribeira do Pombal,curadoria_dicom,correta
2026-08-19,IF Baiano de Valença abre inscrições para vagas remanescentes do curso técnico em Meio Ambiente,Jornal Valença Agora,https://valencaagora.com/if-baiano-de-valenca-abre-inscricoes-para-vagas-remanescentes-do-curso-tecnico-em-meio-ambiente/,Gestão e RH,Imprensa Local,Valença,curadoria_dicom,correta
2026-08-19,Alagoinhas participa da Jornada Formativa do Sistema Nacional de Cultura em Salvador,Prefeitura de Alagoinhas,https://www.alagoinhas.ba.gov.br/index.php/alagoinhas-participa-da-jornada-formativa-do-sistema-nacional-de-cultura-em-salvador/,Extensão,Governamental,Alagoinhas,busca_automatica,correta
2026-08-19,Entrevista com o secretário de Educação da Bahia,Bahia Notícias,https://www.bahianoticias.com.br/noticia/320157-secretario-da-educacao-da-bahia-detalha-ensino-tecnico-e-qualificacao-para-novo-polo-automotivo,Institucional,Imprensa Regional (Bahia),Reitoria (Salvador),curadoria_dicom,correta
2026-08-19,Alagoinhas participa da Jornada Formativa do Sistema Nacional de Cultura em Salvador,Se Liga Alagoinhas,https://www.seligaalagoinhas.com.br/noticia/72952/alagoinhas-participa-da-jornada-formativa-do-sistema-nacional-de-cultura-em-salvador,Extensão,Imprensa Local,Alagoinhas,busca_automatica,correta
2026-08-18,Corpo encontrado próximo ao campus,Caririceara,https://caririceara.com/2026/08/18/vendedor-de-joias-e-semijoias-residente-em-juazeiro-do-norte-e-encontrado-morto-e-enterrado-em-area-de-mata-na-bahia/,Institucional,Imprensa Local,Itapetinga,curadoria_dicom,correta
2026-08-18,Corpo encontrado próximo ao campus,Itapetinga,https://caririceara.com/2026/08/18/vendedor-de-joias-e-semijoias-residente-em-juazeiro-do-norte-e-encontrado-morto-e-enterrado-em-area-de-mata-na-bahia/Nota,Institucional,Imprensa Local,Itapetinga,busca_automatica,correta
2026-08-18,IF BAIANO ABRE 625 VAGAS EM CURSOS TÉCNICOS NO CAMPUS URUÇUCA PARA INGRESSO EM 2027,ILHÉUS 24H,https://ilheus24h.com.br/if-baiano-abre-625-vagas-em-cursos-tecnicos-no-campus-urucuca-para-ingresso-em-2027/,Gestão e RH,Imprensa Local,Uruçuca,curadoria_dicom,correta
2026-08-18,22ª edição do Dia Nacional do Campo Limpo,Nidde Digital,https://niddedigital.com/bom-jesus-da-lapa-celebra-o-dia-nacional-do-campo-limpo-com-acao-que-reune-mais-de-2-mil-pessoas-em-tres-municipios-baianos/,Institucional,Imprensa Local,Bom Jesus da Lapa,curadoria_dicom,correta
2026-08-18,Tragédia em Itapetinga | vendedor de joias cearense é encontrado morto após nove dias desaparecido,Blog Anderson,https://www.blogdoanderson.com/2026/08/17/uootig/,Institucional,Imprensa Local,Itapetinga,busca_automatica,correta
2026-08-18,IF Baiano abre vagas de monitoria com apoio financeiro em Bom Jesus da Lapa,Notícias de Bom Jesus da Lapa,https://www.bomjesusdalapanoticias.com.br/bom-jesus-da-lapa/if-baiano-abre-vagas-de-monitoria-com-apoio-financeiro-em-bom-jesus-da-lapa/,Gestão e RH,Imprensa Local,Bom Jesus da Lapa,curadoria_dicom,correta
2026-08-18,"IF Baiano investe R$ 11,6 mil em alimentos da agricultura familiar para merenda escolar",O TEMPO,https://www.otempo.com.br/politica/2026/8/18/if-baiano-investe-r-116-mil-em-alimentos-da-agricultura-familiar-para-merenda-escolar.amp,Extensão,Imprensa (Nacional),Geral / Não Especificado,busca_automatica,correta
2026-08-18,Corpo encontrado próximo ao campus,Blog do Marcelo,https://www.vitoriadaconquistanoticias.com.br/v2/2026/08/17/urgente-foi-encontrado-nesta-segunda-feira-o-corpo-do-comerciante-jailton-nergino-desaparecido-ha-9-dias/,Institucional,Imprensa Local,Itapetinga,curadoria_dicom,correta
2026-08-17,Prosel monitoria,Fala Você Notícias,https://www.falavoce.com.br/noticias/8899-2026/08/17/if-baiano-abre-7-vagas-de-monitoria-com-bolsa-de-r-250-em-bom-jesus-da-lapa,Ensino,Imprensa Local,Bom Jesus da Lapa,curadoria_dicom,correta
2026-08-16,IF Baiano Guanambi realiza 10º Seminário de Agroecologia em agosto,Fala Você Notícias,https://www.falavoce.com.br/noticias/8875-2026/08/16/if-baiano-guanambi-realiza-10-ordm-seminario-de-agroecologia-em-agosto,Extensão,Imprensa Local,Guanambi,busca_automatica,correta
2026-08-14,IF Baiano abre inscrições para curso gratuito de Auxiliar de Geoprocessamento na Bahia,G1,https://g1.globo.com/ba/feira-de-santana-regiao/noticia/2026/08/14/inscricoes-vagas-bahia.ghtml,Ensino,Imprensa (Nacional),Santo Estêvão,curadoria_dicom,correta
2026-08-14,IF Baiano abre 625 vagas gratuitas para cursos técnicos em Uruçuca,Ilhéus Eventos,https://ilheuseventos.com.br/noticias/educacao/if-baiano-abre-625-vagas-gratuitas-para-cursos-tecnicos-em-urucuca/,Gestão e RH,Imprensa Local,Uruçuca,busca_automatica,correta
2026-08-14,IF Baiano oferece 84 vagas em curso gratuito de Auxiliar de Geoprocessamento,Panorama da Bahia,https://panoramadabahia.com.br/if-baiano-oferece-84-vagas-em-curso-gratuito-de-auxiliar-de-geoprocessamento/,Gestão e RH,Imprensa Local,Santo Estêvão,curadoria_dicom,correta
2026-08-14,Vagas para professores em institutos federais,IFPE,https://portal.ifpe.edu.br/noticias/portaria-distribui-937-novos-cargos-em-institutos-federais/,Gestão e RH,Outras Instituições de Ensino,Reitoria (Salvador),curadoria_dicom,correta
2026-08-14,IF Baiano oferece vagas em curso gratuito de Geoprocessamento; saiba como se inscrever,Se Ligue Bahia,https://seliguebahia.com.br/bahia/if-baiano-oferece-vagas-em-curso-gratuito-de-geoprocessamento-saiba-como-se-inscrever/,Gestão e RH,Imprensa Local,Santo Estêvão,curadoria_dicom,correta
2026-08-14,IF Baiano abre inscrições para curso de Auxiliar de Geoprocessamento em Santo Estêvão,Acorda Cidade,https://www.acordacidade.com.br/educacao/if-baiano-abre-inscricoes-para-curso-em-santo-estevao/,Ensino,Imprensa Regional (Bahia),Santo Estêvão,curadoria_dicom,correta
2026-08-14,IF Baiano abre 84 vagas para curso gratuito de Auxiliar de Geoprocessamento,Jornal Correio,https://www.correio24horas.com.br/minha-bahia/if-baiano-abre-84-vagas-para-curso-gratuito-de-auxiliar-de-geoprocessamento-0826,Gestão e RH,Imprensa Regional (Bahia),Santo Estêvão,curadoria_dicom,correta
2026-08-14,IF Baiano oferece 84 vagas gratuitas em curso de Geoprocessamento em Santo Estêvão,deolhonacidade.net,https://www.deolhonacidade.net/if-baiano-oferece-84-vagas-gratuitas-em-curso-de-geoprocessamento-em-santo-estevao,Gestão e RH,Imprensa Local,Santo Estêvão,curadoria_dicom,correta
2026-08-14,IF Baiano abre 625 vagas gratuitas para cursos técnicos em Uruçuca,Ilhéus Net,https://www.ilheus.net/2026/08/if-baiano-abre-625-vagas-gratuitas-para-cursos-tecnicos-em-urucuca.html,Gestão e RH,Imprensa Local,Uruçuca,curadoria_dicom,correta
2026-08-14,Univerciência- Projeto Educa Drones,Jornal O Candeeiro,https://www.jornalocandeeiro.com.br/noticia-53370-educacaocomdronesdeteccaodemetanolembebidasdesigninclusivoepesquisasobreenxaquecanounivercienciadatve,Pesquisa,Imprensa Local,Guanambi,curadoria_dicom,correta
2026-08-13,IF BAIANO OFERECE 625 VAGAS EM CURSOS TÉCNICOS NO CAMPUS URUÇUCA PARA 2027,Ipolitica,https://ipolitica.blog.br/if-baiano-oferece-625-vagas-em-cursos-tecnicos-no-campus-urucuca-para-2027/,Gestão e RH,Imprensa Local,Uruçuca,curadoria_dicom,correta
2026-08-13,#Chapada: Ruy Barbosa reforça ações de inclusão e prepara programação para ‘Semana da Pessoa com Deficiência’,jornaldachapada.com.br,https://jornaldachapada.com.br/2026/08/12/chapada-ruy-barbosa-reforca-acoes-de-inclusao-e-prepara-programacao-para-semana-da-pessoa-com-deficiencia/,Pesquisa,Imprensa Local,Ruy Barbosa,busca_automatica,correta
2026-08-13,Prosel cursos FIC,Página da Notícia,https://paginadanoticia.com.br/noticia/35439/if-baiano-abre-inscricoes-para-curso-de-auxiliar-de-geoprocessamento-em-santo-estevao-bolsa-mensal-r.amp,Ensino,Imprensa Local,Santo Estêvão,curadoria_dicom,correta
2026-08-13,IF Baiano abre inscrições para curso de Auxiliar de Geoprocessamento em Santo Estêvão; bolsa mensal R$ 250,página da notícia,https://paginadanoticia.com.br/noticia/35439/if-baiano-abre-inscricoes-para-curso-de-auxiliar-de-geoprocessamento-em-santo-estevao-bolsa-mensal-r.html,Ensino,Imprensa Local,Santo Estêvão,busca_automatica,correta
2026-08-13,IF Baiano Campus Valença contrata serviços de engenharia por R$ 355 mil,O TEMPO,https://www.otempo.com.br/politica/2026/8/13/if-baiano-campus-valenca-contrata-servicos-de-engenharia-por-r-355-mil,Institucional,Imprensa (Nacional),Valença,busca_automatica,correta
2026-08-13,IF Baiano destina R$ 355 mil para manutenção predial no campus de Valença,O TEMPO,https://www.otempo.com.br/politica/2026/8/13/if-baiano-destina-r-355-mil-para-manutencao-predial-no-campus-de-valenca,Institucional,Imprensa (Nacional),Valença,busca_automatica,correta
2026-08-13,IF Baiano destina R$ 355 mil para manutenção predial no campus Valença,O TEMPO,https://www.otempo.com.br/politica/2026/8/13/if-baiano-destina-r-355-mil-para-manutencao-predial-no-campus-valenca.amp,Institucional,Imprensa (Nacional),Valença,busca_automatica,correta
2026-08-13,IF Baiano destina R$ 355 mil para serviços de manutenção no campus Valença,O TEMPO,https://www.otempo.com.br/politica/2026/8/13/if-baiano-destina-r-355-mil-para-servicos-de-manutencao-no-campus-valenca.amp,Institucional,Imprensa (Nacional),Valença,busca_automatica,correta
2026-08-12,Homem é morto a tiros e tem corpo parcialmente carbonizado em Santo Estêvão,Acorda Cidade,https://www.acordacidade.com.br/policia/homem-e-morto-a-tiros-e-tem-corpo-parcialmente-carbonizado-em-santo-estevao/,Institucional,Imprensa Regional (Bahia),Santo Estêvão,busca_automatica,correta
2026-08-12,IF Baiano abre 1.568 vagas em cursos técnicos EaD gratuitos sem prova,Hora Brasil,https://www.horabrasil.com.br/2026/08/12/if-baiano-cursos-tecnicos-ead-gratuitos/,Gestão e RH,Imprensa Local,Governador Mangabeira,curadoria_dicom,correta
2026-08-11,Urgente: Polícia Civil prende grupo suspeito de tentar matar mulher em Teixeira de Freitas,SulBahiaNews,https://www.sulbahianews.com.br/urgente-policia-civil-prende-grupo-suspeito-de-tentar-matar-mulher-em-teixeira-de-freitas/,Institucional,Imprensa Local,Teixeira de Freitas,busca_automatica,correta
2026-08-10,IF Baiano abre 4.451 vagas em cursos técnicos gratuitos para 2027,horabrasil.com.br,https://www.horabrasil.com.br/2026/08/10/if-baiano-cursos-tecnicos-gratuitos-2027/,Gestão e RH,Imprensa Local,Reitoria (Salvador),curadoria_dicom,correta
2026-08-09,Dia dos Pais: Radiovaldo Costa relembra trajetória e destaca importância do pai em sua formação,Catu Acontece,https://www.catuacontece.com.br/dia-dos-pais-radiovaldo-costa-relembra-trajetoria-e-destaca-importancia-do-pai-em-sua-formacao/,Institucional,Imprensa Local,Catu,busca_automatica,correta
2026-08-09,Prosel 2027,"Governador Mangabeira, Teixeira de Freitas, Uruçuca e Xique-Xique",https://www.pebsp.com/if-baiano-abre-1-568-vagas-em-cursos-tecnicos-gratuitos-e-a-distancia-em-quatro-polos-dcs/,Ensino,Imprensa Local,Governador Mangabeira,curadoria_dicom,correta
2026-08-07,Vagas para professores em institutos federais,Concursos no Brasil,https://concursosnobrasil.com/noticia/2026/08/07/mec-distribui-937-cargos-para-institutos-federais-e-abre-caminho-para-novos-concursos/,Gestão e RH,Especializados (Nichos),Reitoria (Salvador),curadoria_dicom,correta
2026-08-07,IF Baiano abre seleção para Assistente Pedagógico com bolsa de R$ 1.550,Fala Você Notícias,https://www.falavoce.com.br/noticias/8641-2026/08/07/if-baiano-abre-selecao-para-assistente-pedagogico-com-bolsa-de-r-1-550,Gestão e RH,Imprensa Local,Geral / Não Especificado,busca_automatica,correta
2026-08-07,Pesquisa sobre mamonas,O Candeeiro,https://www.jornalocandeeiro.com.br/noticia-53258-univercienciamostraargilamodificadacarpintarianavalmonitoramentodoaremamonanatve,Pesquisa,Imprensa Local,Guanambi,curadoria_dicom,correta
2026-08-07,IF Baiano formaliza termo aditivo para contrato de professora substituta no campus Valença,O TEMPO,https://www.otempo.com.br/politica/2026/8/7/if-baiano-formaliza-termo-aditivo-para-contrato-de-professora-substituta-no-campus-valenca,Gestão e RH,Imprensa (Nacional),Valença,busca_automatica,correta
2026-08-07,IF Baiano prorroga contrato de docente substituta para o campus de Valença,O TEMPO,https://www.otempo.com.br/politica/2026/8/7/if-baiano-prorroga-contrato-de-docente-substituta-para-o-campus-de-valenca,Gestão e RH,Imprensa (Nacional),Valença,busca_automatica,correta
2026-08-07,IF Baiano prorroga contrato de professora substituta para o campus Valença,O TEMPO,https://www.otempo.com.br/politica/2026/8/7/if-baiano-prorroga-contrato-de-professora-substituta-para-o-campus-valenca,Gestão e RH,Imprensa (Nacional),Valença,busca_automatica,correta
2026-08-07,Prosel 2027,PEBSP,https://www.pebsp.com/if-baiano-abre-centenas-de-vagas-em-cursos-tecnicos-ead-em-informatica-rede-de-computadores-e-mais-dcs/,Ensino,Imprensa Local,Xique-Xique,curadoria_dicom,correta
2026-08-06,Vagas para professores em institutos federais,DOL,https://dol.com.br/concursos/federais/959091/concursos-mec-redistribui-937-vagas-para-institutos-federais-no-brasil?d=1,Gestão e RH,Imprensa Local,Reitoria (Salvador),curadoria_dicom,correta
2026-08-06,Descoberta feita por estudante de 17 anos leva à identificação de sítio arqueológico inédito em Xique-Xique (BA),Edenevaldo Alves,https://edenevaldoalves.com.br/descoberta-feita-por-estudante-de-17-anos-leva-a-identificacao-de-sitio-arqueologico-inedito-em-xique-xique-ba/,Ensino,Imprensa Local,Xique-Xique,curadoria_dicom,correta
2026-08-06,Vagas para professores em institutos federais,Estratégia Concursos,https://www.estrategiaconcursos.com.br/blog/concurso-professor-ebtt/,Gestão e RH,Especializados (Nichos),Reitoria (Salvador),curadoria_dicom,correta
2026-08-06,Vagas para professores em institutos federais,Gov.br,https://www.gov.br/mec/pt-br/assuntos/noticias/2026/agosto/portaria-distribui-937-novos-cargos-em-institutos-federais,Gestão e RH,Governamental,Reitoria (Salvador),curadoria_dicom,correta
2026-08-06,Vagas para professores em institutos federais,PEBSP,https://www.pebsp.com/mec-libera-937-cargos-para-professores-em-institutos-federais-confira-as-vagas-por-instituto/,Gestão e RH,Imprensa Local,Reitoria (Salvador),curadoria_dicom,correta
2026-08-06,Vagas para professores em institutos federais,Terra,"https://www.terra.com.br/noticias/educacao/carreira/mec-autoriza-937-vagas-para-professores-e-institutos-federais-devem-abrir-concursos,9ef5447a6993858bf25e9093eb72697b1u4aqotj.html",Gestão e RH,Imprensa (Nacional),Reitoria (Salvador),curadoria_dicom,correta
2026-08-05,Vagas para professores em institutos federais,Primeira Página,https://primeirapagina.com.br/emprego-e-concursos/mec-anuncia-937-vagas-para-professores-em-63-intitutos-federais-distruidos-pelo-brasil/,Gestão e RH,Imprensa Local,Reitoria (Salvador),curadoria_dicom,correta
2026-08-05,"Mais de 270 estudantes de Alagoinhas ganham espaço de leitura que une literatura, ciência, tecnologia e sustentabilidade",estadodabahia.com.br,https://www.estadodabahia.com.br/noticia/49481/mais-de-270-estudantes-de-alagoinhas-ganham-espaco-de-leitura-que-une-literatura-ciencia-tecnologia-e-sustentabilidade,Ensino,Imprensa Local,Alagoinhas,busca_automatica,correta
2026-08-05,Descoberta de sítio arqueológico,Fala Você Notícias,https://www.falavoce.com.br/noticias/8581-2026/08/05/estudante-de-17-anos-ajuda-a-descobrir-sitio-arqueologico-inedito-no-interior-da-bahia,Institucional,Imprensa Local,Xique-Xique,curadoria_dicom,correta
2026-08-05,Vagas para professores em institutos federais,Rádio Itatiaia,https://www.itatiaia.com.br/educacao/educacao-educacao/mec-autoriza-937-vagas-para-professores-em-28-institutos-federais-veja-lista/,Gestão e RH,Imprensa Local,Reitoria (Salvador),curadoria_dicom,correta
2026-08-05,"Escolha do vice de Flávio é sinal que segurança pública será prioridade, afirma deputado federal baiano",portalsalvadorfm.com.br,https://www.portalsalvadorfm.com.br/politica/eleicoes/escolha-do-vice-de-flavio-e-sinal-que-seguranca-publica-sera-prioridade-afirma-deputado-federal-baiano/,Institucional,Imprensa Local,Geral / Não Especificado,busca_automatica,correta
2026-08-05,Hub Bahia Games,Tribuna da Bahia,https://www.trbn.com.br/materia/I160683/hub-bahia-games-e-lancado-oficialmente-durante-o-gamepolitan-e-marca-nova-fase,Institucional,Imprensa Regional (Bahia),Reitoria (Salvador),curadoria_dicom,correta
2026-08-05,Pesquisa sobremamonas,UESB,https://www.uesb.br/noticias/univerciencia-apresenta-pesquisas-sobre-construcao-naval-qualidade-do-ar-e-mamona/,Pesquisa,Outras Instituições de Ensino,Guanambi,curadoria_dicom,correta
2026-08-04,Descoberta de sítio arqueológico,Voz no Campo,https://avozdocampo.com/bahia/sitio-arqueologico-na-bahia-e-descoberto-por-estudante-de-17-anos/,Institucional,Imprensa Local,Xique-Xique,curadoria_dicom,correta
2026-08-04,Descoberta de sítio arqueológico,G1,https://g1.globo.com/ba/bahia/noticia/2026/08/04/descoberta-feita-por-estudante-da-bahia-leva-a-identificacao-de-sitio-arqueologico.ghtml,Institucional,Imprensa (Nacional),Xique-Xique,curadoria_dicom,correta
2026-08-04,IF Baiano abre vagas para cursos técnicos,G1,https://g1.globo.com/ba/bahia/videos-jornal-da-manha/video/if-baiano-abre-vagas-para-cursos-tecnicos-14837216.ghtml,Gestão e RH,Imprensa (Nacional),Reitoria (Salvador),curadoria_dicom,correta
2026-08-04,#Chapada: Descoberta de estudante leva à identificação de sítio arqueológico inédito em Xique-Xique,jornaldachapada.com.br,https://jornaldachapada.com.br/2026/08/04/chapada-descoberta-de-estudante-leva-a-identificacao-de-sitio-arqueologico-inedito-em-xique-xique/amp/,Ensino,Imprensa Local,Reitoria (Salvador),curadoria_dicom,correta
2026-08-04,Estudante de 17 anos leva à identificação de sítio arqueológico inédito em Xique-Xique,Mais Oeste,https://maisoeste.com.br/?p=15160,Ensino,Imprensa Local,Xique-Xique,busca_automatica,correta
2026-08-04,Descoberta de sítio arqueológico,Portal do Cerrado,https://portaldocerrado.com/sitio-arqueologico-em-xique-xique-bahia/,Institucional,Imprensa Local,Xique-Xique,curadoria_dicom,correta
2026-08-04,Arquivamento de procedimento preparatório,Achei Sudoeste,https://www.acheisudoeste.com.br/noticias/bom-jesus-da-lapa/mpf-arquiva-investigacao-sobre-suposta-fraude-em-selecao-do-if-baiano-em-bom-jesus-da-lapa,Institucional,Especializados (Nichos),Bom Jesus da Lapa,curadoria_dicom,correta
2026-08-04,MPF arquiva investigação sobre suposta fraude em seleção do IF Baiano em Bom Jesus da Lapa,Achei Sudoeste,https://www.acheisudoeste.com.br/noticias/bom-jesus-da-lapa/mpf-arquiva-investigacao-sobre-suposta-fraude-em-selecao-do-if-baiano-em-bom-jesus-da-lapa/imprimir,Gestão e RH,Especializados (Nichos),Bom Jesus da Lapa,busca_automatica,correta
2026-08-04,Estudante de 17 anos ajuda a descobrir sítio arqueológico com pinturas rupestres em Xique-Xique,Bahia Notícias,https://www.bahianoticias.com.br/municipios/noticia/51944-estudante-de-17-anos-ajuda-a-descobrir-sitio-arqueologico-com-pinturas-rupestres-na-bahia,Ensino,Imprensa Regional (Bahia),Xique-Xique,curadoria_dicom,correta
2026-08-04,Descoberta de aluno do IF Baiano leva à identificação de sítio arqueológico inédito na Bahia,Notícias da Lapa,https://www.bomjesusdalapanoticias.com.br/ultimas-noticias/descoberta-de-aluno-do-if-baiano-leva-a-identificacao-de-sitio-arqueologico-inedito-na-bahia/,Ensino,Imprensa Local,Xique-Xique,curadoria_dicom,correta
2026-08-04,"Com mais de 4 mil vagas, IF Baiano lança edital para cursos técnicos gratuitos presenciais e EAD",PEBSP,https://www.pebsp.com/com-mais-de-4-mil-vagas-if-baiano-lanca-edital-para-cursos-tecnicos-gratuitos-presenciais-e-ead-dcs/,Gestão e RH,Imprensa Local,Reitoria (Salvador),curadoria_dicom,correta
2026-08-04,Descoberta de sítio arqueológico,Terra,"https://www.terra.com.br/byte/um-estudante-brasileiro-de-apenas-17-anos-forca-a-ciencia-a-reescrever-o-passado-apos-descobrir-um-sitio-arqueologico-historico-na-bahia-que-escondia-segredos-milenares,c1cb758270a58fa3d1fa8cd983b1ead8lt4t9gr7.html",Institucional,Imprensa (Nacional),Xique-Xique,curadoria_dicom,correta
2026-08-04,Descoberta de sítio arqueológico,Xataka Brasil,https://www.xataka.com.br/diversos/um-estudante-brasileiro-apenas-17-anos-forca-a-ciencia-a-reescrever-passado-apos-descobrir-um-sitio-arqueologico-historico-na-bahia-que-escondia-segredos-milenares,Institucional,Imprensa Local,Xique-Xique,curadoria_dicom,correta
2026-08-03,Hub Bahia Games,BA de Valor,https://badevalor.com.br/if-baiano-e-cepedi-criam-hub-bahia-games-para-impulsionar-industria-de-jogos-digitais-no-estado/,Institucional,Imprensa Local,Reitoria (Salvador),curadoria_dicom,correta
2026-08-03,Hub Bahia Games,Negócios BA,https://negociosba.com.br/noticias/criacao-do-hub-bahia-games-e-oficializada-durante-o-gamepolitan/,Institucional,Imprensa Local,Reitoria (Salvador),curadoria_dicom,correta
2026-08-01,Hub Bahia Games,Alô Alô Bahia,https://aloalobahia.com/noticias/2026/08/01/salvador-ganhara-hub-para-formacao-e-empreendedorismo-na-industria-de-games/,Institucional,Imprensa Local,Reitoria (Salvador),curadoria_dicom,correta
2026-08-01,IF Baiano oferece mais de 4 mil vagas em cursos técnicos; inscrições começam em agosto,Atualiza Bahia,https://atualizabahia.com.br/if-baiano-oferece-mais-de-4-mil-vagas-em-cursos-tecnicos-inscricoes-comecam-em-agosto/,Gestão e RH,Imprensa Local,Geral / Não Especificado,busca_automatica,correta
2026-08-01,Prosel 2027,Bahia na Política,https://bahianapolitica.com.br/if-baiano-abre-mais-de-4-mil-vagas-em-cursos-tecnicos-em-toda-a-bahia-para-ingresso-em-2027/,Ensino,Imprensa Local,Reitoria (Salvador),curadoria_dicom,correta
2026-08-01,Prosel 2027,Se Ligue Bahia,https://seliguebahia.com.br/bahia/if-baiano-abre-mais-de-44-mil-vagas-para-cursos-tecnicos-n,Ensino,Imprensa Local,Reitoria (Salvador),curadoria_dicom,correta
2026-08-01,"IF Baiano abre mais de 4,4 mil vagas para cursos técnicos na Bahia; veja como se inscrever",seliguebahia.com.br,https://seliguebahia.com.br/bahia/if-baiano-abre-mais-de-44-mil-vagas-para-cursos-tecnicos-na-bahia-veja-como-se-inscrever/,Gestão e RH,Imprensa Local,Geral / Não Especificado,busca_automatica,correta
2026-08-01,Hub Bahia Games,Bahia sem Fronteiras,https://www.bahiasemfronteiras.com.br/criacao-do-hub-bahia-games-e-oficializada-no-gamepolitan/,Institucional,Imprensa Local,Reitoria (Salvador),curadoria_dicom,correta
2026-08-01,Concurso de redação 2026,Fala Você Notícias,https://www.falavoce.com.br/noticias/8488-2026/08/01/if-baiano-abre-concurso-de-redacao-com-notebooks-e-smartphones-como-premio,Gestão e RH,Imprensa Local,Reitoria (Salvador),curadoria_dicom,correta
2026-07-31,Prosel 2027,Aratu On,https://aratuon.com.br/educacao/if-baiano-abre-selecao-com-mais-4-mil-vagas-para-cursos-tecnicos-em-2027/,Ensino,Imprensa Regional (Bahia),Reitoria (Salvador),curadoria_dicom,correta
2026-07-31,Prosel 2027,Chapada Notícias,https://chapadanoticias.com.br/geral/if-baiano-abre-mais-de-44-mil-vagas-para-cursos-tecnicos-em-2027/,Ensino,Imprensa Local,Reitoria (Salvador),curadoria_dicom,correta
2026-07-31,Prosel 2027,Correio do Estado da Bahia,https://correiodoestadobahia.com.br/?p=18855,Ensino,Imprensa Regional (Bahia),Reitoria (Salvador),curadoria_dicom,correta
2026-07-31,Prosel 2027,Ilhéus Eventos,https://ilheuseventos.com.br/noticias/educacao/if-baiano-abre-785-vagas-em-cursos-tecnicos-gratuitos-em-urucuca-e-cidades-da-regiao/,Ensino,Imprensa Local,Uruçuca,curadoria_dicom,correta
2026-07-31,Projeto de mapeamento de lavouras,O Presente Rural,https://opresenterural.com.br/projeto-aposta-em-inteligencia-artificial-para-aprimorar-mapeamento-de-lavouras-no-brasil/,Extensão,Especializados (Nichos),Reitoria (Salvador),curadoria_dicom,correta
2026-07-31,Prosel 2027,Revista Metropolitana,https://revistametropolitana.com.br/noticia/58875/if-baiano-oferece-4-4-mil-vagas-em-cursos-tecnicos-para-2027-inscricoes-comecam-em-agosto,Ensino,Imprensa Local,Reitoria (Salvador),curadoria_dicom,correta
2026-07-31,Palestra sobre meio ambiente,valencaagora.com,https://valencaagora.com/defensoria-publica-destaca-papel-na-protecao-do-meio-ambiente-durante-palestra-no-if-baiano/,Institucional,Imprensa Local,Valença,curadoria_dicom,correta
2026-07-31,Prosel 2027,Bahia Notícias,https://www.bahianoticias.com.br/municipios/noticia/51887-if-baiano-abre-44-mil-vagas-para-cursos-tecnicos-na-bahia-com-ingresso-em-2027,Ensino,Imprensa Regional (Bahia),Reitoria (Salvador),curadoria_dicom,correta
2026-07-31,Prosel 2027,Fala Você Notícias,https://www.falavoce.com.br/noticias/8454-2026/07/31/if-baiano-abre-selecao-com-mais-de-4-4-mil-vagas-para-cursos-tecnicos-na-bahia,Ensino,Imprensa Local,Reitoria (Salvador),curadoria_dicom,correta
2026-07-31,Prosel 2027,iBahia,https://www.ibahia.com/noticias/educacao/ifba-oferece-mais-de-4-mil-vagas-para-cursos-tecnicos-na-bahia-368842,Ensino,Imprensa Regional (Bahia),Reitoria (Salvador),curadoria_dicom,correta
2026-07-31,Prosel 2027,Metro1,"https://www.metro1.com.br/noticias/bahia/186195,if-baiano-oferece-mais-de-4-mil-vagas-em-cursos-tecnicos-inscricoes-comecam-em-agosto",Ensino,Imprensa Local,Reitoria (Salvador),curadoria_dicom,correta
2026-07-31,Prosel 2027,Sul Bahia News,https://www.sulbahianews.com.br/if-baiano-abre-mais-de-4-mil-vagas-para-cursos-tecnicos-na-bahia/,Ensino,Imprensa Local,Reitoria (Salvador),curadoria_dicom,correta
2026-07-30,Prosel 2027,Agência Sertão,https://agenciasertao.com/2026/07/30/if-baiano-abre-4-451-vagas-para-cursos-tecnicos-em-14-cidades/,Ensino,Imprensa Local,Reitoria (Salvador),curadoria_dicom,correta
2026-07-30,Prosel 2027,Voz no Campo,https://avozdocampo.com/bahia/if-baiano-abre-mais-de-4-mil-vagas-para-cursos-tecnicos-na-bahia/,Ensino,Imprensa Local,Reitoria (Salvador),curadoria_dicom,correta
2026-07-30,Prosel 2027,Bahia Econômica,https://bahiaeconomica.com.br/wp/2026/07/30/if-baiano-abre-selecao-com-mais-de-44-mil-vagas-em-cursos-tecnicos-para-2027/,Ensino,Imprensa Local,Reitoria (Salvador),curadoria_dicom,correta
2026-07-30,Prosel 2027,Blog do Eloilton Cajuhy,https://blogdoeloiltoncajuhy.com.br/site/if-baiano-abre-vagas-para-cursos-tecnicos-em-senhor-do-bonfim-e-outras-cidades-da-bahia/,Ensino,Imprensa Local,Reitoria (Salvador),curadoria_dicom,correta
2026-07-30,Prosel 2027,Criativa Online,https://criativaonline.com.br/if-baiano-abre-mais-de-4-mil-vagas-em-cursos-tecnicos-em-toda-a-bahia-para-ingresso-em-2027/,Ensino,Imprensa Local,Reitoria (Salvador),curadoria_dicom,correta
2026-07-30,Prosel 2027,G1,https://g1.globo.com/ba/bahia/blogdoemprego/noticia/2026/07/30/if-baiano-abre-mais-de-4-mil-vagas-para-cursos-tecnicos-na-bahia.ghtml,Ensino,Imprensa (Nacional),Reitoria (Salvador),curadoria_dicom,correta
2026-07-30,Prosel 2027,Pimenta Blog,https://pimenta.blog.br/2026/07/30/urucuca-if-baiano-oferta-vagas-em-sete-cursos-tecnicos-gratuitos/,Ensino,Imprensa Local,Uruçuca,curadoria_dicom,correta
2026-07-30,Prosel 2027,Voz da Bahia,https://vozdabahia.com.br/if-baiano-abre-selecao-cursos-tecnicos-2027/,Ensino,Imprensa Local,Reitoria (Salvador),curadoria_dicom,correta
2026-07-30,Prosel 2027,Acorda Cidade,https://www.acordacidade.com.br/educacao/if-baiano-abre-mais-de-4-mil-vagas-em-cursos-tecnicos-em-toda-a-bahia/,Ensino,Imprensa Regional (Bahia),Reitoria (Salvador),curadoria_dicom,correta
2026-07-30,Prosel 2027,Notícias da Lapa,https://www.bomjesusdalapanoticias.com.br/bom-jesus-da-lapa/if-baiano-abre-selecao-para-cursos-tecnicos-integrados-ao-ensino-medio-com-120-vagas-em-bom-jesus-da-lapa/,Ensino,Imprensa Local,Bom Jesus da Lapa,curadoria_dicom,correta
2026-07-30,Prosel 2027,De Olho na Cidade,https://www.deolhonacidade.net/if-baiano-abre-selecao-para-mais-de-4-mil-vagas-em-cursos-tecnicos-com-ingresso-em-2027,Ensino,Imprensa Local,Reitoria (Salvador),curadoria_dicom,correta
2026-07-30,Prosel 2027,Fala Você Notícias,https://www.falavoce.com.br/noticias/8434-2026/07/30/if-baiano-oferece-mais-de-4-4-mil-vagas-em-cursos-tecnicos-para-ingresso-em-2027,Ensino,Imprensa Local,Reitoria (Salvador),curadoria_dicom,correta
2026-07-30,Prosel 2027,Portal RCD,https://www.portalrcd.com/post/if-baiano-oferece-mais-de-4-mil-vagas-em-cursos-t%C3%A9cnicos-para-2027,Ensino,Imprensa Local,Reitoria (Salvador),curadoria_dicom,correta
2026-07-30,Prosel 2027,Tribuna da Bahia,https://www.trbn.com.br/materia/I160222/if-baiano-abre-mais-de-4-mil-vagas-em-cursos-tecnicos-em-toda-a-bahia,Ensino,Imprensa Regional (Bahia),Reitoria (Salvador),curadoria_dicom,correta
2026-07-30,Iniciação em extensão como um caminho para o processo formativo do estudante do Ensino Médio Integrado do IF Baiano,IFRN,https://www2.ifrn.edu.br/ojs/index.php/RBEPT/article/view/18438,Ensino,Outras Instituições de Ensino,Geral / Não Especificado,busca_automatica,correta
2026-07-29,Prosel 2027,Click Petróleo e Gás,https://clickpetroleoegas.com.br/instituto-federal-abre-120-vagas-em-cursos-tecnicos-gratuitos-de-agricultura-e-zootecnia-veja-como-se-inscrever-para-ser-aluno-do-if-baiano-ama01/,Ensino,Imprensa Local,Guanambi,curadoria_dicom,correta
2026-07-29,Prosel 2027,Fala Você Notícias,https://www.falavoce.com.br/noticias/8411-2026/07/29/if-baiano-de-guanambi-abre-selecao-com-200-vagas-para-cursos-tecnicos-integrados-em-2027,Ensino,Imprensa Local,Guanambi,curadoria_dicom,correta
2026-07-28,X Seminário de Agroecologia e Produção Orgânica,Fala Você Notícias,https://www.falavoce.com.br/noticias/8382-2026/07/28/if-baiano-abre-inscricoes-para-o-x-seminario-de-agroecologia-e-producao-organica-em-guanambi,Extensão,Imprensa Local,Guanambi,curadoria_dicom,correta
2026-07-27,X Seapo será realizado em agosto no IF Baiano em Guanambi; veja programação,Agência Sertão,https://agenciasertao.com/2026/07/27/x-seapo-sera-realizado-em-agosto-no-if-baiano-em-guanambi-veja-programacao/,Institucional,Imprensa Local,Guanambi,busca_automatica,correta
2026-07-27,Prosel cursos subsequentes,Fala Oeste,https://falabarreiras.com/na-bahia/concursos-na-bahia-tem-vagas-e-inscricoes-abertas/,Ensino,Imprensa Local,Guanambi,curadoria_dicom,correta
2026-07-27,Prosel cursos subsequentes,Hora Brasil,https://www.horabrasil.com.br/2026/07/27/if-baiano-cursos-tecnicos-gratuitos-sem-prova/,Ensino,Imprensa Local,Guanambi,curadoria_dicom,correta
2026-07-26,Prosel cursos subsequentes,PEBSP,https://www.pebsp.com/if-baiano-abre-120-vagas-em-cursos-tecnicos-gratuitos-em-agricultura-e-zootecnia-dcs/,Ensino,Imprensa Local,Guanambi,curadoria_dicom,correta
2026-07-25,Prosel cursos subsequentes,Agência Sertão,https://agenciasertao.com/2026/07/25/ultima-semana-para-se-inscrever-em-120-vagas-de-cursos-tecnicos-do-if-baiano-em-guanambi/,Ensino,Imprensa Local,Guanambi,curadoria_dicom,correta
2026-07-25,Prosel vagas remanescentes,Bahia na Política,https://bahianapolitica.com.br/if-baiano-campus-serrinha-abre-selecao-para-21-vagas-remanescentes-no-curso-tecnico-em-agropecuaria/,Gestão e RH,Imprensa Local,Serrinha,curadoria_dicom,correta
2026-07-24,Prosel vagas remanescentes,A Voz do Campo,https://avozdocampo.com/feira-de-santana/if-baiano-abre-vagas-gratuitas-em-curso-tecnico-de-agropecuaria-an-ba/,Gestão e RH,Imprensa Local,Serrinha,curadoria_dicom,correta
2026-07-24,Prosel vagas remanescentes,G1,https://g1.globo.com/ba/feira-de-santana-regiao/noticia/2026/07/24/vagas-instituto-bahia.ghtml,Gestão e RH,Imprensa (Nacional),Serrinha,curadoria_dicom,correta
2026-07-24,Prosel vagas remanescentes,Acorda Cidade,https://www.acordacidade.com.br/educacao/if-baiano-abre-selecao-para-vagas-remanescentes-no-curso-tecnico-em-agropecuaria/#goog_rewarded,Gestão e RH,Imprensa Regional (Bahia),Serrinha,curadoria_dicom,correta
2026-07-24,Plataforma Aquilombando-se,O Candeeiro,https://www.jornalocandeeiro.com.br/noticia-52988-univercienciadestacaestudossobreimpactoambientaldoturismoeousodetecnologiasnamedicinaenapreservacaodaculturaquilombola,Institucional,Imprensa Local,Reitoria (Salvador),curadoria_dicom,correta
2026-07-24,Prosel vagas remanescentes,Líder FM 96.5,https://www.liderfm965.com.br/noticiaatual/ba_if-baiano-abre-vagas-gratuitas-em-curso-tecnico-de-agropecuaria-no-interior-da-bahia,Gestão e RH,Imprensa Local,Serrinha,curadoria_dicom,correta
2026-07-24,Prosel vagas remanescentes,Sociedade On,https://www.sociedadeon.com.br/if-baiano-abre-selecao-para-curso-tecnico,Gestão e RH,Imprensa Local,Serrinha,curadoria_dicom,correta
2026-07-23,Workshop sobre atendimento no serviço público,Prefeitura São Francisco do Conde,https://novo.saofranciscodoconde.ba.gov.br/noticia/escola-de-governo-promove-workshop-sobre-atendimento-no-servico-publico-e-diversidades,Institucional,Governamental,Guanambi,curadoria_dicom,correta
2026-07-23,UNEB abre seleção para vagas remanescentes; Bom Jesus da Lapa oferece 89 oportunidades em cursos presenciais e EaD,Notícias da Lapa,https://www.bomjesusdalapanoticias.com.br/bom-jesus-da-lapa/uneb-abre-selecao-para-vagas-remanescentes-bom-jesus-da-lapa-oferece-89-oportunidades-em-cursos-presenciais-e-ead/,Gestão e RH,Imprensa Local,Bom Jesus da Lapa,busca_automatica,correta
2026-07-22,Prosel vagas remanescentes,Calila Notícias,https://calilanoticias.com/2026/07/if-baiano-campus-serrinha-abre-selecao-para-21-vagas-remanescentes-no-curso-tecnico-em-agropecuaria,Gestão e RH,Imprensa Local,Serrinha,curadoria_dicom,correta
2026-07-22,Prosel vagas remanescentes,Portal Cival Anjos,https://civalanjos.blogspot.com/2026/07/if-baiano-campus-serrinha-abre-selecao.html,Gestão e RH,Imprensa Local,Serrinha,curadoria_dicom,correta
2026-07-22,Prosel vagas remanescentes,Ichu Notícias,https://www.ichunoticias.com.br/2026/07/if-baiano-campus-serrinha-abre-selecao.html?m=0,Gestão e RH,Imprensa Local,Serrinha,curadoria_dicom,correta
2026-07-22,Prosel vagas remanescentes,Infonotícias,https://www.infonoticias.com.br/noticia/if-baiano-campus-serrinha-abre-selecao-para-21-vagas-remanescentes-no-curso-tecnico-em-agropecuaria,Gestão e RH,Imprensa Local,Serrinha,curadoria_dicom,correta
2026-07-22,Prosel vagas remanescentes,serrinhafm.com.br,https://www.serrinhafm.com.br/,Gestão e RH,Imprensa Local,Serrinha,curadoria_dicom,correta
2026-07-21,Seminários Pibid,Fala Você Notícias,https://www.falavoce.com.br/noticias/8211-2026/07/21/if-baiano-campus-guanambi-promove-seminarios-do-pibid-nos-dias-21-e-22-de-julho,Extensão,Imprensa Local,Guanambi,curadoria_dicom,correta
2026-07-20,Prosel vagas remanescentes,Netdados,https://www.netdados.com.br/2026/07/20/if-baiano-selecao-de-21-vagas-para-tecnico-em-agropecuaria-em-serrinha/,Gestão e RH,Imprensa Local,Serrinha,curadoria_dicom,correta
2026-07-18,Auxilio,Net Dados,https://www.netdados.com.br/2026/07/18/if-baiano-disponibiliza-auxilios-para-estudantes-em-quatro-unidades/,Institucional,Imprensa Local,Reitoria (Salvador),curadoria_dicom,correta
2026-07-17,Obras de pavimentação asfáltica,Agência Sertão,https://agenciasertao.com/2026/07/17/nova-ligacao-asfaltica-entre-guanambi-e-pindai-tem-investimento-previsto-de-quase-r-32-milhoes/,Institucional,Imprensa Local,Guanambi,curadoria_dicom,correta
2026-07-16,Obras de pavimentação asfáltica,Jornal Grande Bahia,https://jornalgrandebahia.com.br/2026/07/governo-jeronimo-abre-licitacao-para-pavimentar-1949-km-entre-guirapa-e-if-baiano-obra-em-apora-avanca-em-processo-anterior/,Institucional,Imprensa Regional (Bahia),Guanambi,curadoria_dicom,correta
2026-07-16,"Seinfra publica aviso de licitação para pavimentação entre Guirapá, em Pindaí, e IF Baiano, em Guanambi -",iGuanambi,https://www.iguanambi.com.br/noticias/2026/07/15/seinfra-publica-aviso-de-licitacao-para-pavimentacao-entre-guirapa-em-pindai-e-if-baiano-em-guanambi/amp/,Institucional,Imprensa Local,Guanambi,busca_automatica,correta
2026-07-16,Contratos professor substituto,O Tempo,https://www.otempo.com.br/politica/2026/7/16/if-baiano-atualiza-quadro-de-docentes-em-oito-campi-no-interior-da-bahia,Gestão e RH,Imprensa (Nacional),Reitoria (Salvador),curadoria_dicom,correta
2026-07-15,Obras de pavimentação asfáltica,93 Notícias,https://93noticias.com.br/licitacao-para-pavimentacao-de-195-km-entre-guirapa-e/,Institucional,Imprensa Local,Guanambi,curadoria_dicom,correta
2026-07-15,Feira Orgânica,Agência Sertão,https://agenciasertao.com/2026/07/15/parque-da-cidade-recebe-feira-organica-nesta-quarta-feira-em-guanambi/,Extensão,Imprensa Local,Guanambi,curadoria_dicom,correta
2026-07-15,Obras de pavimentação asfáltica,Agência Sertão,https://agenciasertao.com/2026/07/15/seinfra-abre-licitacao-para-pavimentar-195-km-entre-if-baiano-de-guanambi-e-guirapa-em-pindai/,Institucional,Imprensa Local,Guanambi,curadoria_dicom,correta
2026-07-15,Capacitação sobre CAR/CEFIR,Alagonews,https://alagonews.com.br/noticia/28059/capacitacao-sobre-car-cefir-fortalece-o-acesso-do-credito-rural-aos-agricultores-familiares-de-alagoinhas/amp,Institucional,Imprensa Local,Catu,curadoria_dicom,correta
2026-07-15,Capacitação sobre CAR/CEFIR,alagoinhas.ba.gov.br,https://www.alagoinhas.ba.gov.br/index.php/capacitacao-sobre-carcefir-fortalece-o-acesso-do-credito-rural-aos-agricultores-familiares-de-alagoinhas/,Institucional,Governamental,Catu,curadoria_dicom,correta
2026-07-15,Plataforma Aquilombando-se,Gov.ba,https://www.ba.gov.br/irdeb/noticias/2026-07/796/univerciencia-destaca-estudos-sobre-impacto-ambiental-do-turismo-e-o-uso-de,Institucional,Imprensa Local,Reitoria (Salvador),curadoria_dicom,correta
2026-07-15,Obras de pavimentação asfáltica,iGuanambi,https://www.iguanambi.com.br/noticias/2026/07/15/seinfra-publica-aviso-de-licitacao-para-pavimentacao-entre-guirapa-em-pindai-e-if-baiano-em-guanambi/,Institucional,Imprensa Local,Guanambi,curadoria_dicom,correta
2026-07-15,Contratos professor substituto,"Itaberaba, Senhor do Bonfim, Xique-Xique, Governador Mangabeira",https://www.otempo.com.br/politica/2026/7/15/if-baiano-formaliza-contratacao-de-novos-professores-substitutos-em-tres-campi.amp,Gestão e RH,Imprensa Local,Governador Mangabeira,curadoria_dicom,correta
2026-07-13,INSTITUTO FEDERAL BAIANO – CAMPUS SANTA INÊS LICENCIATURA EM GEOGRAFIA DISCIPLINA: TRABALHO DE CAMPO INTERDISCIPLINAR IV FICH,Portal eduCapes,https://educapes.capes.gov.br/bitstream/capes/1180826/2/Ficha%20de%20trabalho%20de%20campo_Final.pdf,Institucional,Imprensa Local,Santa Inês,busca_automatica,correta
2026-07-12,Renovação de matrícula,Fala Você Notícias,https://www.falavoce.com.br/noticias/7967-2026/07/12/if-baiano-guanambi-abre-renovacao-de-matricula-para-o-semestre-2026-2,Ensino,Imprensa Local,Guanambi,curadoria_dicom,correta
2026-07-11,Univerciência - Samu,Nidde Digital,https://niddedigital.com/neste-sabado-11-na-tve-bahia-o-programa-univerciencia-destaca-tecnologia-em-urgencias-medicas-e-em-dados-sobre-mortalidade-infantil-e-a-saude-do-rio-catole/,Pesquisa,Imprensa Local,Guanambi,curadoria_dicom,correta
2026-07-11,"GESTÃO DA QUALIDADE DE VIDA NO TRABALHO: PRÁTICAS ATUAIS E PERSPECTIVAS FUTURAS DO IF BAIANO, NA ÓTICA DA LEI 14.681/2023",Portal de Periódicos da UNEB,https://revistas.uneb.br/cintergeo/article/view/29678/ANAIS_2025,Institucional,Imprensa Local,Geral / Não Especificado,busca_automatica,correta
2026-07-10,36ª ExpoBonfim,Prefeitura de Senhor do Bonfim,https://senhordobonfim.ba.gov.br/36a-expobonfim-movimenta-senhor-do-bonfim-de-16-a-19-de-julho-no-parque-de-exposicoes/,Institucional,Governamental,Senhor do Bonfim,curadoria_dicom,correta
2026-07-10,Univerciência -Samu,Jornal O Candeeiro,https://www.jornalocandeeiro.com.br/noticia-52751-univercienciadestacatecnologiaemurgenciasmedicaseemdadossobremortalidadeinfantileasaudedoriocatole,Pesquisa,Imprensa Local,Guanambi,curadoria_dicom,correta
2026-07-09,Prosel cursos subsequentes,Tribuna do Recôncavo,https://tribunadoreconcavo.com/if-baiano-valenca-curso-tecnico-meio-ambiente/,Ensino,Imprensa Local,Valença,curadoria_dicom,correta
2026-07-07,Oportunidades e Projetos,Fala Você Notícias,https://www.falavoce.com.br/bate-papo/7832-2026/07/07/if-baiano-guanambi-abre-novas-oportunidades-e-reforca-protagonismo-em-ensino-inovacao-e-formacao-profissional,Extensão,Imprensa Local,Guanambi,curadoria_dicom,correta
2026-07-07,Obras de pavimentação asfáltica,iGuanambi,https://www.iguanambi.com.br/noticias/2026/07/07/prefeito-joao-veiga-comemora-autorizacao-para-pavimentacao-entre-guirapa-e-if-baiano-em-guanambi/,Institucional,Imprensa Local,Guanambi,curadoria_dicom,correta
2026-07-05,Prosel cursos subsequentes,Curso grátis com certificado,https://cursogratiscomcertificado.com.br/if-baiano-abre-120-vagas-em-cursos-tecnicos-subsequentes-presenciais-em-guanambi-selecao-e-por-ordem-de-inscricao-e-matricula-sem-taxa-com-agricultura-e-zootecnia/,Ensino,Imprensa Local,Guanambi,curadoria_dicom,correta
2026-07-03,Desenvolvimento de Drones,Conexão Notícias,https://conexaodenoticias.com.br/drones-desenvolvidos-no-if-baiano-transformam-tecnologia-em-ferramenta-para-agricultura-e-meio-ambiente/,Institucional,Imprensa Local,Guanambi,curadoria_dicom,correta
2026-07-01,Obras de pavimentação asfáltica,Agência Sertão,https://agenciasertao.com/2026/07/01/prefeitura-de-guanambi-anunciou-pavimentacoes-de-mais-de-tres-quilometros-de-acessos-em-ceraima/,Institucional,Imprensa Local,Guanambi,curadoria_dicom,correta
2026-07-01,Projeto Bioluz,Click Petróleo e Gás,https://clickpetroleoegas.com.br/jovens-baianos-usam-garrafas-pet-cobre-e-zinco-para-criar-projeto-que-produz-eletricidade-a-partir-das-raizes-de-plantas-e-microrganismos-do-solo-conheca-o-projeto-bioluz-ama01/#goog_rewarded,Extensão,Imprensa Local,Alagoinhas,curadoria_dicom,correta
2026-07-01,Desenvolvimento de Drones,Conectado News,https://conectadonews.com.br/noticia/8077/drones-desenvolvidos-no-if-baiano-transformam-tecnologia-em-ferramenta-para-agricultura-e-meio-ambiente,Institucional,Imprensa Local,Reitoria (Salvador),curadoria_dicom,correta
2026-06-30,Desenvolvimento de Drones,Agência Sertão,https://agenciasertao.com/2026/06/30/if-baiano-desenvolve-drones-para-agricultura-ensino-e-monitoramento-ambiental-em-guanambi/,Institucional,Imprensa Local,Reitoria (Salvador),curadoria_dicom,correta
2026-06-30,"IF Baiano em Santo Estêvão tem inauguração adiada por pendências de infraestrutura, mas implantação segue em andamento",Jornal Grande Bahia,https://jornalgrandebahia.com.br/2026/06/if-baiano-em-santo-estevao-tem-inauguracao-adiada-por-pendencias-de-infraestrutura-mas-implantacao-segue-em-andamento/,Institucional,Imprensa Regional (Bahia),Santo Estêvão,busca_automatica,correta
2026-06-30,Campus Santo Estevão,Jornal Grande Bahia,https://jornalgrandebahia.com.br/2026/06/if-baiano-informa-que-inauguracao-do-campus-de-santo-estevao-ainda-nao-tem-data-confirmada/,Institucional,Imprensa Regional (Bahia),Santo Estêvão,curadoria_dicom,correta
2026-06-30,Desenvolvimento de Drones,Fala Você Notícias,https://www.falavoce.com.br/noticias/7701-2026/06/30/if-baiano-desenvolve-drones-para-impulsionar-agricultura-sustentavel-no-semiarido-baiano,Institucional,Imprensa Local,Reitoria (Salvador),curadoria_dicom,correta
2026-06-30,Pavimentação asfáltica em Ceraíma,Fala Você Notícias,https://www.falavoce.com.br/noticias/7710-2026/06/30/prefeitura-autoriza-analise-para-pavimentacao-de-mais-de-3-km-de-vias-em-ceraima,Institucional,Imprensa Local,Guanambi,curadoria_dicom,correta
2026-06-28,IF Baiano abre seleção para cadastro de reserva de equipe do PRONATEC em Santo Estêvão,página da notícia,https://paginadanoticia.com.br/noticia/35427/if-baiano-abre-selecao-para-cadastro-de-reserva-de-equipe-do-pronatec-em-santo-estevao.html,Gestão e RH,Imprensa Local,Santo Estêvão,busca_automatica,correta
2026-06-25,Posse dos conselhos diretor e fiscal da ABAF,Bahia Econômica,https://bahiaeconomica.com.br/wp/2026/06/25/abaf-empossa-conselhos-diretor-e-fiscal-para-o-bienio-2026-2028/,Institucional,Imprensa Local,Reitoria (Salvador),curadoria_dicom,correta
2026-06-25,Reunião com a COOPERC,IGuanambi,https://www.iguanambi.com.br/noticias/2026/06/25/deputado-charles-fernandes-cobra-providencias-urgentes-para-vazamentos-na-barragem-de-ceraima/amp/,Institucional,Imprensa Local,Guanambi,curadoria_dicom,correta
2026-06-22,"Codevasf, MIDR e IF Baiano firmam parceria para instalação de centro de transferência de tecnologia no Projeto Baixio de Irecê (BA)",www.gov.br,https://www.gov.br/codevasf/pt-br/assuntos/noticias/2023/codevasf-midr-e-if-baiano-firmam-parceria-para-instalacao-de-centro-de-transferencia-de-tecnologia-no-projeto-baixio-de-irece-ba,Pesquisa,Governamental,Geral / Não Especificado,busca_automatica,correta
2026-06-19,Parceria institucional,Classe Política,https://classepolitica.com.br/noticia/prefeitura-de-alagoinhas-e-if-baiano-firmam-parceria-para-impulsionar-educacao-inovacao-e-desenvolvimento-social,Institucional,Imprensa Local,Alagoinhas,curadoria_dicom,correta
2026-06-19,Desenvolvimento de plataforma de turismo,Jornal Valença Agora,https://valencaagora.com/prefeitura-de-valenca-e-if-baiano-desenvolvem-plataforma-digital-para-impulsionar-o-turismo-local/,Institucional,Imprensa Local,Valença,curadoria_dicom,correta
2026-06-19,Parceria institucional,alagoinhas.ba.gov.br,https://www.alagoinhas.ba.gov.br/index.php/prefeitura-de-alagoinhas-e-if-baiano-firmam-parceria-para-impulsionar-educacao-inovacao/,Institucional,Governamental,Alagoinhas,curadoria_dicom,correta
2026-06-19,Parceria institucional,Bahia Jornal,https://www.bahiajornal.com.br/noticia/173662/prefeitura-de-alagoinhas-e-if-baiano-firmam-parceria-para-impulsionar-educacao-inovacao-e-desenvolvimento-social,Institucional,Imprensa Local,Alagoinhas,curadoria_dicom,correta
2026-06-19,"Prefeitura de Alagoinhas e IF Baiano firmam parceria para impulsionar educação, inovação e desenvolvimento social",Se Liga Alagoinhas,https://www.seligaalagoinhas.com.br/noticia/71635/prefeitura-de-alagoinhas-e-if-baiano-firmam-parceria-para-impulsionar-educacao-inovacao-e-desenvolvimento-social,Pesquisa,Imprensa Local,Alagoinhas,busca_automatica,correta
2026-06-19,Parceria institucional,seligaalagoinhas.com.br,https://www.seligaalagoinhas.com.br/noticia/71635/prefeitura-de-alagoinhas-e-if-baiano-firmam-parceria-para-impulsionar-educacao-inovacao-e-desenvolvimento-social/amp,Institucional,Imprensa Local,Alagoinhas,curadoria_dicom,correta
2026-06-16,Retificação de portarias de pessoal,O Tempo,https://www.otempo.com.br/politica/2026/6/16/reitora-do-if-baiano-retifica-portarias-de-nomeacao-e-afastamento-de-servidores,Institucional,Imprensa (Nacional),Reitoria (Salvador),curadoria_dicom,correta
2026-06-14,IFAUNA,Jornal Grande Bahia,https://jornalgrandebahia.com.br/2026/06/projeto-do-if-baiano-identifica-quase-30-especies-da-mata-atlantica-e-aponta-importancia-de-fragmento-florestal-em-teixeira-de-freitas/,Institucional,Imprensa Regional (Bahia),Teixeira de Freitas,curadoria_dicom,correta
2026-06-13,Feira Orgânica,Agência Sertão,https://agenciasertao.com/2026/06/13/parque-da-cidade-recebe-feira-organica-neste-sabado-em-guanambi/,Extensão,Imprensa Local,Guanambi,curadoria_dicom,correta
2026-06-12,IFAUNA,Conif,https://portal.redefederal.org.br/noticias/noticias/p3/projeto-ifauna-revela-riqueza-da-fauna-em-fragmento-de-mata-atlantica-e-contribui-para-a-conservacao-ambiental,Institucional,Governamental,Teixeira de Freitas,curadoria_dicom,correta
2026-06-11,IFAUNA,Oliveira Dimas,https://oliveiradimas.blogspot.com/2026/06/projeto-do-if-baiano-revela-riqueza-da.html,Institucional,Imprensa Local,Teixeira de Freitas,curadoria_dicom,correta
2026-06-11,Série Indicações Geográficas - Ep Café,Plantão News,https://plantaonews.com.br/mec-lanca-episodio-sobre-cafe-do-alto-noroeste-fluminense/,Institucional,Imprensa Local,Reitoria (Salvador),curadoria_dicom,correta
2026-06-10,Série Indicações Geográficas - Ep Café,Foco MT,https://focomt.com.br/mec-lanca-episodio-sobre-cafe-do-alto-noroeste-fluminense/,Institucional,Imprensa Local,Reitoria (Salvador),curadoria_dicom,correta
2026-06-10,Seleção Intérprete de Libras,Qconcursos,https://folha.qconcursos.com/n/if-baiano-serrinha-ba-abre-processo-seletivo-simplificado-com-1-vaga,Gestão e RH,Especializados (Nichos),Serrinha,curadoria_dicom,correta
2026-06-10,Série Indicações Geográficas - Ep Café,Radar Digital Brasília,https://radardigitalbrasilia.com.br/educacao/mec-lanca-episodio-sobre-cafe-do-alto-noroeste-fluminense/,Institucional,Imprensa Local,Reitoria (Salvador),curadoria_dicom,correta
2026-06-10,Seleção professor substituto,PCI Concursos,https://www.pciconcursos.com.br/noticias/if-baiano-ba-abre-selecao-para-profissional-tecnico-especializado-em-linguagem-de-sinais,Gestão e RH,Especializados (Nichos),Serrinha,curadoria_dicom,correta
2026-06-07,Pesquisa sobre mel do sertão baiano,CPG Click Petróleo e Gás,https://clickpetroleoegas.com.br/ouro-do-sertao-descoberta-de-mel-raro-na-caatinga-baiana-surpreende-cientistas-fortalece-a-economia-local-e-pode-ajudar-na-prevencao-de-doencas-como-alzheimer-e-diabetes-gstts/,Pesquisa,Imprensa Local,Reitoria (Salvador),curadoria_dicom,correta
2026-06-05,Seleção professor substituto,Leia Já,https://www.leiaja.com/carreiras/2026/06/05/institutos-federais-encerram-inscricoes-para-selecoes-nesta-sexta-feira-5/,Gestão e RH,Imprensa Local,Alagoinhas,curadoria_dicom,correta
2026-06-04,IF Baiano Valença abre seletivo para professores substitutos,Sou Enfermagem,https://www.souenfermagem.com.br/noticias/if-baiano-valenca-abre-seletivo-para-professores-substitutos/,Gestão e RH,Imprensa Local,Valença,curadoria_dicom,correta
2026-06-04,Seleção professor substituto,Sou Enfermagem,https://www.souenfermagem.com.br/noticias/if-baiano-valenca-abre-seletivo-para-professores-substitutos/#google_vignette,Gestão e RH,Imprensa Local,Valença,curadoria_dicom,correta
2026-06-03,Transporte público coletivo,Agência Sertão,https://agenciasertao.com/2026/06/03/audiencia-publica-reune-sugestoes-para-implantacao-de-onibus-em-guanambi/,Institucional,Imprensa Local,Guanambi,curadoria_dicom,correta
2026-06-03,Caravana da Citricultura do Recôncavo,Bahia na Política,https://bahianapolitica.com.br/caravana-da-citricultura-do-reconcavo-alerta-produtores-sobre-pragas-que-ameacam-lavouras/,Institucional,Imprensa Local,Governador Mangabeira,curadoria_dicom,correta
2026-06-03,Transporte público coletivo,Sudoeste Acontece,https://sudoesteacontece.com.br/?p=17908,Institucional,Imprensa Local,Guanambi,curadoria_dicom,correta
2026-06-03,Transporte público coletivo,Fala Você Notícias,https://www.falavoce.com.br/noticias/6948-2026/06/02/camara-de-vereadores-realizou-audiencia-publica-debatendo-a-implantacao-do-transporte-coletivo-urbano-e-distrital-em-guanambi,Institucional,Imprensa Local,Guanambi,curadoria_dicom,correta
2026-06-02,Mostra Parasitológica em Ubaíra,Criativa,https://criativaonline.com.br/eja-em-movimento-ciencia-saude-e-cidadania-transformam-aprendizagem-de-estudantes-em-ubaira/,Institucional,Imprensa Local,Reitoria (Salvador),curadoria_dicom,correta
2026-06-02,Reunião do Conselho Permanente para Reconhecimento de Saberes e Competências (CPRSC),APUFSC,https://www.apufsc.org.br/2026/06/02/proifes-cobra-do-mec-avanco-em-pautas-da-categoria-negociadas-em-2024/,Institucional,Imprensa Local,Reitoria (Salvador),curadoria_dicom,correta
2026-06-02,IF Baiano investe R$ 3.060 em nitrogênio líquido para bovinocultura em Catu,O Tempo,https://www.otempo.com.br/politica/2026/6/2/if-baiano-investe-r-3060-em-nitrogenio-liquido-para-bovinocultura-em-catu,Institucional,Imprensa (Nacional),Catu,curadoria_dicom,correta
2026-06-01,Seleção professor substituto,Ache Concursos,https://www.acheconcursos.com.br/noticias/concursos-ba-mais-de-500-vagas-em-junho-estao-abertas-no-estado-90572,Gestão e RH,Especializados (Nichos),Alagoinhas,curadoria_dicom,correta
2026-06-01,Seleção Estágio,Notícias da Lapa,https://www.bomjesusdalapanoticias.com.br/bom-jesus-da-lapa/if-baiano-abre-selecao-para-estagiarios-remunerados-em-bom-jesus-da-lapa/,Gestão e RH,Imprensa Local,Bom Jesus da Lapa,curadoria_dicom,correta
2026-05-31,Seleção Estágio,Agência Sertão,https://agenciasertao.com/2026/05/31/if-baiano-abriu-processos-seletivos-de-estagio-em-bom-jesus-da-lapa-guanambi-e-senhor-do-bonfim/,Gestão e RH,Imprensa Local,Bom Jesus da Lapa,curadoria_dicom,correta
2026-05-31,Seleção Estágio,"Bom Jesus da Lapa, Guanambi, Senhor do Bonfim",https://www.falavoce.com.br/noticias/6873-2026/05/31/if-baiano-abre-selecao-para-estagios-remunerados-em-bom-jesus-da-lapa-guanambi-e-senhor-do-bonfim,Gestão e RH,Imprensa Local,Bom Jesus da Lapa,curadoria_dicom,correta
2026-05-31,IF Baiano abre seletivo para Professor Substituto AEE,Sou Enfermagem,https://www.souenfermagem.com.br/noticias/if-baiano-abre-seletivo-para-professor-substituto-aee/,Gestão e RH,Imprensa Local,Alagoinhas,curadoria_dicom,correta
2026-05-31,Seleção professor substituto,Sou Enfermagem,https://www.souenfermagem.com.br/noticias/if-baiano-abre-vaga-professor-substituto-xique-xique/,Gestão e RH,Imprensa Local,Xique-Xique,curadoria_dicom,correta
2026-05-29,Reunião do Conselho Permanente para Reconhecimento de Saberes e Competências (CPRSC),APUB,https://apub.org.br/reconhecimento-do-rcs-para-docentes-aposentados-e-controle-de-frequencia-no-ebtt-sao-pauta-do-cprsc/,Institucional,Imprensa Local,Reitoria (Salvador),curadoria_dicom,correta
2026-05-29,Projeto “Orgânico Inteligente”,iGuanambi,https://www.iguanambi.com.br/noticias/2026/05/29/guajeru-realiza-acao-educativa-sobre-sustentabilidade-em-parceria-com-o-if-baiano/,Extensão,Imprensa Local,Guanambi,curadoria_dicom,correta
2026-05-28,IF Baiano abriu seleção para estágio remunerado em Guanambi,Agência Sertão,https://agenciasertao.com/2026/05/28/if-baiano-abriu-selecao-para-estagio-remunerado-em-guanambi/,Gestão e RH,Imprensa Local,Guanambi,busca_automatica,correta
2026-05-28,Seleção professor substituto,Bahia na Política,https://bahianapolitica.com.br/if-baiano-abre-selecao-para-professores-substitutos-nos-campi-alagoinhas-e-xique-xique/,Gestão e RH,Imprensa Local,Alagoinhas,curadoria_dicom,correta
2026-05-28,IF Baiano publica três vagas para Professor Substituto no Campus Valença,Concursos no Brasil,https://concursosnobrasil.com/concursos/ba/2026/05/28/if-baiano-publica-tres-vagas-para-professor-substituto-no-campus-valenca/,Gestão e RH,Especializados (Nichos),Valença,busca_automatica,correta
2026-05-28,Seleção professor substituto,QConcursos Folha Dirigida,https://folha.qconcursos.com/n/concurso-if-baiano-valenca-ba-3-vagas-para-professor-substituto,Gestão e RH,Imprensa (Nacional),Valença,curadoria_dicom,correta
2026-05-28,IF Baiano abre vagas para Professor Substituto em três áreas,Mídia Externa,https://www.acheconcursos.com.br/concursos-bahia/processo-seletivo-if-baiano-vagas-professor-substituto-tres-areas-90483,Gestão e RH,Imprensa Local,Geral / Não Especificado,busca_automatica,correta
2026-05-28,Seleção professor substituto,Ache Concursos,https://www.acheconcursos.com.br/concursos-bahia/processo-seletivo-if-baiano-vagas-professor-substituto-tres-areas-90483.amp,Gestão e RH,Especializados (Nichos),Valença,curadoria_dicom,correta
2026-05-28,Seleção professor substituto,PCI Concursos,https://www.pciconcursos.com.br/noticias/if-baiano-abre-processo-seletivo-para-professores-substitutos-no-campus-valenca,Gestão e RH,Especializados (Nichos),Valença,curadoria_dicom,correta
2026-05-27,Acesso ao Campus Guanambi,Agência Sertão,https://agenciasertao.com/2026/05/27/if-baiano-realiza-melhorias-no-acesso-ao-campus-guanambi-com-apoio-da-prefeitura-e-da-cooperc/,Institucional,Imprensa Local,Guanambi,curadoria_dicom,correta
2026-05-27,Posse Reitora,Agência Sertão,https://agenciasertao.com/2026/05/27/ozenice-silva-dos-santos-toma-posse-como-primeira-reitora-do-if-baiano/,Institucional,Imprensa Local,Reitoria (Salvador),curadoria_dicom,correta
2026-05-27,Posse Reitora,Blog do Gusmão,https://blogdogusmao.com.br/2026/05/27/nova-gestao-da-ufsb-toma-posse-em-brasilia/,Institucional,Imprensa Local,Reitoria (Salvador),curadoria_dicom,correta
2026-05-27,Posse Reitora,D Diário,https://diariosm.com.br/noticias/geral/em-brasilia-reitora-da-ufsm-toma-posse-oficial-em-solenidade-coletiva-no-mec.15445443,Institucional,Imprensa Local,Reitoria (Salvador),curadoria_dicom,correta
2026-05-27,Posse Reitora,Portal Conif,https://portal.conif.org.br/en/comunicacao/gerais/posse-reitoras-ifbaiano-ifto,Institucional,Governamental,Reitoria (Salvador),curadoria_dicom,correta
2026-05-27,Posse Reitora,UFG,https://ufg.br/n/201310-mec-empossa-reitores-de-oito-instituicoes-federais-de-ensino-superior,Institucional,Imprensa Local,Reitoria (Salvador),curadoria_dicom,correta
2026-05-27,IF Baiano abre seleção para professores substitutos em duas unidades,Mídia Externa,https://www.acordacidade.com.br/empregos/if-baiano-abre-selecao-para-professores-substitutos-em-duas-unidades/,Gestão e RH,Imprensa Local,Geral / Não Especificado,busca_automatica,correta
2026-05-27,Acesso ao Campus Guanambi,Fala Você Notícias,https://www.falavoce.com.br/noticias/6798-2026/05/28/prefeitura-de-guanambi-realiza-melhorias-em-estrada-de-acesso-ao-if-baiano-em-ceraima,Institucional,Imprensa Local,Guanambi,curadoria_dicom,correta
2026-05-27,"Codevasf promove curso de beneficiamento de pescado no IFBaiano, em Bom Jesus da Lapa (BA)",GOV.BR,https://www.gov.br/codevasf/pt-br/assuntos/noticias/2021/codevasf-promove-curso-de-beneficiamento-de-pescado-no-ifbaiano-em-bom-jesus-da-lapa-ba,Ensino,Governamental,Bom Jesus da Lapa,busca_automatica,correta
2026-05-27,IF Baiano abre novas vagas em seleção para professores substitutos,Mídia Externa,https://www.jornalfolhadoestado.com/concursos-e-empregos/if-baiano-abre-novas-vagas-em-selecao-para-professores-substitutos/,Gestão e RH,Imprensa Local,Geral / Não Especificado,busca_automatica,correta
2026-05-26,Seleção professor substituto,QConcursos Folha Dirigida,https://folha.qconcursos.com/n/concurso-if-baiano-alagoinhas-ba-2-vagas-para-professor-substituto,Gestão e RH,Imprensa (Nacional),Alagoinhas,curadoria_dicom,correta
2026-05-26,Instituto Federal Baiano Xique-Xique BA abre processo seletivo com 1 vaga para professor de AEE,Folha Dirigida,https://folha.qconcursos.com/n/instituto-federal-baiano-xique-xique-ba-abre-processo-seletivo-com-1-vaga-para-professor-de-aee,Gestão e RH,Imprensa (Nacional),Xique-Xique,curadoria_dicom,correta
2026-05-26,Seleção professor substituto,Ache Concursos,https://www.acheconcursos.com.br/concursos-bahia/processo-seletivo-ifbaiano-abre-vaga-professor-90407,Gestão e RH,Especializados (Nichos),Xique-Xique,curadoria_dicom,correta
2026-05-26,Egressa produtora de queijo premiada,Achei Sudoeste,https://www.acheisudoeste.com.br/noticias/guanambi/conheca-a-moradora-de-guanambi-que-transformou-uma-unica-cabra-em-negocio-de-sucesso,Institucional,Especializados (Nichos),Guanambi,curadoria_dicom,correta
2026-05-26,Seleção professor substituto,PCI Concursos,https://www.pciconcursos.com.br/noticias/if-baiano-abre-processo-seletivo-para-professor-substituto-na-area-de-atendimento-educacional-especializado,Gestão e RH,Especializados (Nichos),Alagoinhas,curadoria_dicom,correta
2026-05-26,IF Baiano abre vaga para professor substituto no campus Xique-Xique,PCI Concursos,https://www.pciconcursos.com.br/noticias/if-baiano-abre-vaga-para-professor-substituto-no-campus-xique-xique,Gestão e RH,Especializados (Nichos),Xique-Xique,curadoria_dicom,correta
2026-05-26,Seleção professor substituto,Portal Tela,https://www.portaltela.com/noticias/educacao/2026/05/26/if-baiano-de-alagoinhas-abre-2-vagas-para-professor-substituto/,Gestão e RH,Imprensa Local,Alagoinhas,curadoria_dicom,correta
2026-05-25,Egressa produtora de queijo premiada,A Voz do Campo,https://avozdocampo.com/baiana-ganha-cabra-como-salario-vira-produtora-de-queijo-e-acumula-medalhas-com-produtos-premiados/,Institucional,Imprensa Local,Guanambi,curadoria_dicom,correta
2026-05-25,Egressa produtora de queijo premiada,Blog do Eloilton Cajuhy,https://blogdoeloiltoncajuhy.com.br/site/baiana-ganha-cabra-como-salario-vira-produtora-de-queijo-e-acumula-medalhas-com-produtos-premiados/,Institucional,Imprensa Local,Guanambi,curadoria_dicom,correta
2026-05-25,IF Baiano abre vagas para Professores Substitutos em Alagoinhas,Ache Concursos,https://www.acheconcursos.com.br/concursos-bahia/processo-seletivo-if-baiano-vagas-professores-substitutos-alagoinhas-90363,Gestão e RH,Especializados (Nichos),Alagoinhas,busca_automatica,correta
2026-05-24,Egressa produtora de queijo premiada,G1,https://g1.globo.com/ba/bahia/noticia/2026/05/24/baiana-recebe-cabra-como-salario-e-produz-queijos-premiados.ghtml,Institucional,Imprensa (Nacional),Guanambi,curadoria_dicom,correta
2026-05-22,Descoberta de sítio arqueológico,Agência Brasil,https://agenciabrasil.ebc.com.br/radioagencia-nacional/geral/audio/2026-05/novo-sitio-arqueologico-e-registrado-no-interior-da-bahia,Institucional,Imprensa (Nacional),Xique-Xique,curadoria_dicom,correta
2026-05-22,IF Baiano Campus Guanambi publicará edital para cursos técnicos gratuitos nesta sexta-feira - iGuanambi,iGuanambi,https://www.iguanambi.com.br/noticias/2026/05/22/if-baiano-campus-guanambi-publicara-edital-para-cursos-tecnicos-gratuitos-nesta-sexta-feira/amp/,Gestão e RH,Imprensa Local,Guanambi,busca_automatica,correta
2026-05-21,DESENVOLVIMENTO DE WEBSITE INFORMATIVO SOBRE A POLÍTICA DE ASSISTÊNCIA ESTUDANTIL DO IF BAIANO,EduCAPES,https://educapes.capes.gov.br/bitstream/capes/1171863/1/Carlito%20Barros%20-%20ProfEPT%20-%20%20Produto%20Educacional_v_final_com%20ISBN%20%281%29.pdf,Institucional,Imprensa Local,Geral / Não Especificado,busca_automatica,correta
2026-05-20,Seleção professor substituto,Agência Sertão,https://agenciasertao.com/2026/05/20/if-baiano-publicou-seis-editais-para-professor-substituto-em-cinco-campi-da-bahia/,Gestão e RH,Imprensa Local,Reitoria (Salvador),curadoria_dicom,correta
2026-05-20,Seleção professor substituto,Aratu On,https://aratuon.com.br/empregos-concursos/if-baiano-abre-selecao-com-salarios-de-ate-r-8-3-mil-para-professores-substitutos/,Gestão e RH,Imprensa Regional (Bahia),Reitoria (Salvador),curadoria_dicom,correta
2026-05-20,Seleção professor substituto,A Tarde,https://atarde.com.br/educacao/instituto-baiano-anuncia-vagas-para-professor-com-salarios-de-ate-r-83-mil-1389388,Gestão e RH,Imprensa Regional (Bahia),Reitoria (Salvador),curadoria_dicom,correta
2026-05-20,Seleção professor substituto,Bahia na Política,https://bahianapolitica.com.br/if-baiano-seleciona-professores-substitutos-para-cinco-campi/,Gestão e RH,Imprensa Local,Reitoria (Salvador),curadoria_dicom,correta
2026-05-20,Seleção professor substituto,Empregos na Bahia,https://empregosnabahia.com.br/if-baiano-abre-processo-seletivo-professores-substitutos/,Gestão e RH,Imprensa Local,Reitoria (Salvador),curadoria_dicom,correta
2026-05-20,Seleção professor substituto,Ilhéus Eventos,https://ilheuseventos.com.br/vagas-de-emprego/if-baiano-abre-selecao-com-vagas-para-professores/,Gestão e RH,Imprensa Local,Reitoria (Salvador),curadoria_dicom,correta
2026-05-20,Seleção professor substituto,Farol da Bahia,https://www.faroldabahia.com.br/noticia/com-salarios-de-ate-rusd-8-3-mil-if-baiano-abre-processos-seletivos-para-professor-substituto,Gestão e RH,Imprensa Regional (Bahia),Reitoria (Salvador),curadoria_dicom,correta
2026-05-20,"IF Baiano abre seleções para professores substitutos com salários de até R$ 8,3 mil; saiba mais",Metro1,"https://www.metro1.com.br/noticias/bahia/182799,if-baiano-abre-selecoes-para-professores-substitutos-com-salarios-de-ate-rdollar-83-mil-saiba-mais",Gestão e RH,Imprensa Local,Reitoria (Salvador),curadoria_dicom,correta
2026-05-20,Seleção professor substituto,Sou Enfermagem,https://www.souenfermagem.com.br/noticias/if-baiano-abre-seletivo-professor-pedagogia-senhor-do-bonfim/,Gestão e RH,Imprensa Local,Senhor do Bonfim,curadoria_dicom,correta
2026-05-19,"TERMO DE COOPERAÇÃO TÉCNICA Nº 001/2025 - IF BAIANO | SECTI - Secretaria de Ciência, Tecnologia e Inovação",ba.gov.br,http://www.ba.gov.br/secti/publicacoes/3022/termo-de-cooperacao-tecnica-no-0012025-if-baiano,Pesquisa,Governamental,Geral / Não Especificado,busca_automatica,correta
2026-05-19,Professor substituto,Bahia Economica,https://bahiaeconomica.com.br/wp/2026/05/19/if-baiano-abre-selecao-para-professor-substituto-com-salarios-de-ate-r-83-mil/,Gestão e RH,Imprensa Local,Reitoria (Salvador),curadoria_dicom,correta
2026-05-19,Seleção professor substituto,Diário do Estado,https://diariodoestadogo.com.br/guanambi-ba-if-baiano-abre-selecao-para-professor-de-geografia/,Gestão e RH,Imprensa Local,Reitoria (Salvador),curadoria_dicom,correta
2026-05-19,Seleção professor substituto,É Notícias,https://enoticias.com.br/noticia/26341/if-baiano-abre-selecao-com-vagas-para-professor-substituto-em-cinco-cidades-da-bahia,Gestão e RH,Imprensa Local,Reitoria (Salvador),curadoria_dicom,correta
2026-05-19,"IF Baiano anuncia processos seletivos para contratação de professor substituto com salários de até R$ 8,3 mil",G1,https://g1.globo.com/ba/bahia/blogdoemprego/noticia/2026/05/19/if-baiano-anuncia-processos-seletivos-para-contratacao-de-professor-substituto.ghtml,Gestão e RH,Imprensa (Nacional),Reitoria (Salvador),curadoria_dicom,correta
2026-05-19,Descoberta de sítio arqueológico,Líder Notícias,https://lidernoticias.com/descoberta-de-aluno-do-ensino-medio-revela-sitio-arqueologico-escondido-em-cidade-da-bahia/,Institucional,Imprensa Local,Xique-Xique,curadoria_dicom,correta
2026-05-19,Seleção professor substituto,Pimenta Blog,https://pimenta.blog.br/2026/05/19/if-baiano-seleciona-professores-em-urucuca-e-outras-quatro-cidades/,Gestão e RH,Imprensa Local,Reitoria (Salvador),curadoria_dicom,correta
2026-05-19,Seleção professor substituto,Se ligue Bahia,https://seliguebahia.com.br/bahia/if-baiano-abre-selecao-para-professores-substitutos-com-salarios-de-ate-r-83-mil/,Gestão e RH,Imprensa Local,Reitoria (Salvador),curadoria_dicom,correta
2026-05-19,"IFBA abre seleção para professores substitutos com salários de até R$ 8,3 mil em Governador Mangabeira e outros municípios",Voz da Bahia,https://vozdabahia.com.br/if-baiano-abre-selecao-para-professores-substitutos-com-salarios-de-ate-r-83-mil-em-governador-mangabeira-e-outros-municipio/,Gestão e RH,Imprensa Local,Governador Mangabeira,busca_automatica,ifba_no_lugar_do_ifbaiano
2026-05-19,IF Baiano seleciona professores substitutos para cinco campi,Mídia Externa,https://www.acordacidade.com.br/empregos/concursos/if-baiano-seleciona-professores-substitutos-para-cinco-campi/,Gestão e RH,Imprensa Local,Geral / Não Especificado,busca_automatica,correta
2026-05-19,Seleção professor substituto,Correio,https://www.correio24horas.com.br/emprego/if-baiano-abre-vagas-para-professores-substitutos-com-salarios-de-r-83-mil-0526,Gestão e RH,Imprensa Regional (Bahia),Reitoria (Salvador),curadoria_dicom,correta
2026-05-19,IF Baiano abre seleção com 7 vagas para professor substituto em cinco cidades da Bahia,De Olho na Cidade,https://www.deolhonacidade.net/if-baiano-abre-selecao-com-7-vagas-para-professor-substituto-em-cinco-cidades-da-bahia,Gestão e RH,Imprensa Local,Geral / Não Especificado,busca_automatica,correta
2026-05-19,Seleção professor substituto,Fala Você,https://www.falavoce.com.br/noticias/6562-2026/05/19/if-baiano-abre-selecao-com-vagas-para-professor-substituto-e-salarios-de-ate-r-8-3-mil,Gestão e RH,Imprensa Local,Reitoria (Salvador),curadoria_dicom,correta
2026-05-19,"IF Baiano contrata professor substituto com salário de até R$ 8,3 mil",iBahia,https://www.ibahia.com/empregos-e-concursos/if-baiano-contrata-professor-substituto-com-salario-de-ate-r-83-mil-366186,Gestão e RH,Imprensa Regional (Bahia),Reitoria (Salvador),curadoria_dicom,correta
2026-05-19,Seleção professor substituto,Jornal Folha do Estado,https://www.jornalfolhadoestado.com/concursos-e-empregos/if-baiano-seleciona-professores-substitutos-com-salarios-ate-r-83-mil/,Gestão e RH,Imprensa (Nacional),Reitoria (Salvador),curadoria_dicom,correta
2026-05-19,"IF Baiano abre seleção para professor substituto com salários de até R$ 8,3 mil",Mídia Externa,"https://www.metro1.com.br/noticias/bahia/182753,if-baiano-abre-selecao-para-professor-substituto-com-salarios-de-ate-rdollar-83-mil",Gestão e RH,Imprensa Local,Geral / Não Especificado,busca_automatica,correta
2026-05-19,Seleção professor substituto,Sudoeste Bahia,https://www.sudoestebahia.com/noticias/bahia/if-baiano-abre-selecao-para-professor-substituto-com-salarios-de-ate-r-8-3-mil,Gestão e RH,Imprensa Local,Reitoria (Salvador),curadoria_dicom,correta
2026-05-18,Descoberta de sítio arqueológico,"Alô, Alô Bahia",https://aloalobahia.com/noticias/2026/05/18/estudante-do-if-baiano-ajuda-a-descobrir-sitio-arqueologico-inedito-no-interior-da-bahia/,Institucional,Imprensa Local,Xique-Xique,curadoria_dicom,correta
2026-05-18,Concurso IF Baiano Senhor do Bonfim BA: 1 vaga para professor de Pedagogia,Folha Dirigida,https://folha.qconcursos.com/n/concurso-if-baiano-senhor-do-bonfim-ba-1-vaga-para-professor-de-pedagogia,Gestão e RH,Imprensa (Nacional),Senhor do Bonfim,curadoria_dicom,correta
2026-05-18,Concurso IF Baiano Senhor do Bonfim BA: vaga para professor de sociologia,Folha Dirigida,https://folha.qconcursos.com/n/concurso-if-baiano-senhor-do-bonfim-ba-vaga-para-professor-de-sociologia,Gestão e RH,Imprensa (Nacional),Senhor do Bonfim,curadoria_dicom,correta
2026-05-18,Seleção professor substituto,QConcursos Folha Dirigida,https://folha.qconcursos.com/n/concurso-if-baiano-urucuca-ba-1-vaga-para-professor-substituto-aee,Gestão e RH,Imprensa (Nacional),Uruçuca,curadoria_dicom,correta
2026-05-18,IF Baiano concurso: 1 vaga para professor substituto de Química,Folha Dirigida,https://folha.qconcursos.com/n/if-baiano-concurso-1-vaga-para-professor-substituto-de-quimica,Gestão e RH,Imprensa (Nacional),Governador Mangabeira,curadoria_dicom,correta
2026-05-18,Descoberta de sítio arqueológico,Notícia Boa Bahia,https://noticiaboabahia.com.br/estudante-do-if-baiano-ajuda-a-descobrir-novo-sitio-arqueologico-no-interior-da-bahia/,Institucional,Imprensa Local,Xique-Xique,curadoria_dicom,correta
2026-05-18,Processo Seletivo IFBAIANO abre vagas para Professor em duas cidades,Mídia Externa,https://www.acheconcursos.com.br/concursos-bahia/processo-seletivo-ifbaiano-abre-vaga-para-professor-em-duas-cidades-90196,Gestão e RH,Imprensa Local,Geral / Não Especificado,busca_automatica,correta
2026-05-18,Descoberta de sítio arqueológico,Correio,https://www.correio24horas.com.br/minha-bahia/descoberta-de-aluno-do-ensino-medio-revela-sitio-arqueologico-em-cidade-da-bahia-0526,Institucional,Imprensa Regional (Bahia),Xique-Xique,curadoria_dicom,correta
2026-05-18,Seleção professor substituto,PCI  Concursos,https://www.pciconcursos.com.br/noticias/if-baiano-abre-processo-seletivo-para-professor-substituto-de-pedagogia-em-senhor-do-bonfim,Gestão e RH,Especializados (Nichos),Senhor do Bonfim,curadoria_dicom,correta
2026-05-18,IF Baiano abre processo seletivo para professor substituto de Sociologia no campus Senhor do Bonfim,PCI Concursos,https://www.pciconcursos.com.br/noticias/if-baiano-abre-processo-seletivo-para-professor-substituto-de-sociologia-no-campus-senhor-do-bonfim,Gestão e RH,Especializados (Nichos),Senhor do Bonfim,busca_automatica,correta
2026-05-18,Seleção professor substituto,PCI Concursos,https://www.pciconcursos.com.br/noticias/if-baiano-abre-processo-seletivo-para-professor-substituto-no-campus-urucuca,Gestão e RH,Especializados (Nichos),Uruçuca,curadoria_dicom,correta
2026-05-18,IF Baiano abre vaga para professor substituto de química no campus Governador Mangabeira,PCI Concursos,https://www.pciconcursos.com.br/noticias/if-baiano-abre-vaga-para-professor-substituto-de-quimica-no-campus-governador-mangabeira,Gestão e RH,Especializados (Nichos),Governador Mangabeira,curadoria_dicom,correta
2026-05-18,Descoberta de sítio arqueológico,Portal RCD,https://www.portalrcd.com/post/estudante-do-if-baiano-descobre-s%C3%ADtio-arqueol%C3%B3gico-in%C3%A9dito-em-xique-xique,Institucional,Imprensa Local,Xique-Xique,curadoria_dicom,correta
2026-05-18,IF Baiano em Senhor do Bonfim abre vaga para professor de sociologia,Portal Tela,https://www.portaltela.com/noticias/educacao/2026/05/18/if-baiano-em-senhor-do-bonfim-abre-vaga-para-professor-de-sociologia/,Gestão e RH,Imprensa Local,Senhor do Bonfim,busca_automatica,correta
2026-05-18,IF Baiano oferece 1 vaga de professor substituto em Química,Portal Tela,https://www.portaltela.com/noticias/educacao/2026/05/18/if-baiano-oferece-1-vaga-de-professor-substituto-em-quimica/,Gestão e RH,Imprensa Local,Geral / Não Especificado,busca_automatica,correta
2026-05-15,Instituto Federal oferece 60 vagas em cursos técnicos gratuitos de Agropecuária e Instrumento Musical; saiba como se inscrever nas oportunidades do IF Baiano,Click Petróleo e Gás,https://clickpetroleoegas.com.br/60-vagas-abertas-em-cursos-tecnicos-gratuitos-de-agropecuaria-e-instrumento-musical-no-instituto-federal-baiano-veja-como-se-inscrever-ama01/,Gestão e RH,Imprensa Local,Serrinha,curadoria_dicom,correta
2026-05-15,IF Baiano abre 60 vagas para cursos técnicos gratuitos em Agropecuária e Instrumento Musical,uniten.com.br,https://uniten.com.br/if-baiano-cursos-tecnicos-gratuitos-agropecuaria-instrumento-musical/,Gestão e RH,Imprensa Local,Geral / Não Especificado,busca_automatica,correta
2026-05-15,Concursos na Bahia,Terra,"https://www.terra.com.br/noticias/educacao/carreira/concursos-na-bahia-estado-soma-375-vagas-abertas-e-salarios-chegam-a-r-834033-confira,39e5f18d174d28f1a4d270bcd8e14249dxfhmiaw.html",Gestão e RH,Imprensa (Nacional),Reitoria (Salvador),curadoria_dicom,correta
2026-05-14,Seleção professor substituto,Sou Enfermagem,https://www.souenfermagem.com.br/noticias/if-baiano-abre-selecao-para-professor-substituto-salario-atrativo/,Gestão e RH,Imprensa Local,Senhor do Bonfim,curadoria_dicom,correta
2026-05-13,Expo Guanambi 2026,Agência Sertão,https://agenciasertao.com/2026/05/13/if-baiano-leva-ciencia-tecnologia-inovacao-e-interatividade-para-a-expoguanambi/,Institucional,Imprensa Local,Guanambi,curadoria_dicom,correta
2026-05-12,Seleção professor substituto,Bahia na Política,https://bahianapolitica.com.br/senhor-do-bonfim-if-baiano-abre-selecao-para-professor-substituto-de-atendimento-educacional-especializado/,Gestão e RH,Imprensa Local,Senhor do Bonfim,curadoria_dicom,correta
2026-05-12,Seleção professor substituto,Concursos no Brasil,https://concursosnobrasil.com/concursos/ba/2026/05/12/if-baiano-anuncia-abertura-de-vagas-em-seletivo-para-itapetinga/,Gestão e RH,Especializados (Nichos),Itapetinga,curadoria_dicom,correta
2026-05-12,Seleção professor substituto,QConcursos Folha Dirigida,https://folha.qconcursos.com/n/concurso-if-baiano-campus-itapetinga-ba-abre-2-vagas-para-professores,Gestão e RH,Imprensa (Nacional),Itapetinga,curadoria_dicom,correta
2026-05-12,Seleção professor substituto,Nide,https://nide.com.br/concurso/if-baiano-anuncia-abertura-de-vagas-em-seletivo-para-itapetinga/,Gestão e RH,Imprensa Local,Itapetinga,curadoria_dicom,correta
2026-05-12,IFBaiano abre vagas para Professor de Geografia e Química,Ache Concursos,https://www.acheconcursos.com.br/concursos-bahia/ifbaiano-abre-vagas-para-professor-de-geografia-e-quimica-90064,Gestão e RH,Especializados (Nichos),Itapetinga,curadoria_dicom,correta
2026-05-12,Seleção professor substituto,PCI Concursos,https://www.pciconcursos.com.br/noticias/if-baiano-abre-processo-seletivo-para-professores-substitutos-no-campus-itapetinga,Gestão e RH,Especializados (Nichos),Itapetinga,curadoria_dicom,correta
2026-05-12,Seleção professor substituto,Portal Tela,https://www.portaltela.com/noticias/educacao/2026/05/12/if-baiano-campus-itapetinga-abre-2-vagas-para-professores/,Gestão e RH,Imprensa Local,Itapetinga,curadoria_dicom,correta
2026-05-12,IF Baiano abre seleção para Professor de Geografia Campus Guanambi,Sou Enfermagem,https://www.souenfermagem.com.br/noticias/if-baiano-abre-selecao-para-professor-de-geografia-campus-guanambi/,Gestão e RH,Imprensa Local,Guanambi,busca_automatica,correta
2026-05-11,IF Baiano abre seleção para professor substituto no Campus Senhor do Bonfim,Acorda Cidade,https://www.acordacidade.com.br/empregos/concursos/if-baiano-abre-selecao-para-professor-substituto-no-campus-senhor-do-bonfim/,Gestão e RH,Imprensa Regional (Bahia),Senhor do Bonfim,curadoria_dicom,correta
2026-05-11,Seleção professor substituto,Acorda Cidade,https://www.acordacidade.com.br/empregos/concursos/if-baiano-abre-selecao-para-professor-substituto-no-campus-senhor-do-bonfim/#goog_rewarded,Gestão e RH,Imprensa Regional (Bahia),Senhor do Bonfim,curadoria_dicom,correta
2026-05-11,Seleção professor substituto,Notícias da Lapa,https://www.bomjesusdalapanoticias.com.br/bahia/processo-seletivo-do-instituto-federal-baiano-oferece-salario-de-ate-r-83-mil/,Gestão e RH,Imprensa Local,Senhor do Bonfim,curadoria_dicom,correta
2026-05-11,Seleção professor substituto,De Olho na Cidade,https://www.deolhonacidade.net/if-baiano-abre-selecao-para-professor-substituto-em-senhor-do-bomfim,Gestão e RH,Imprensa Local,Senhor do Bonfim,curadoria_dicom,correta
2026-05-10,Palmatech 2026,Agência Sertão,https://agenciasertao.com/2026/05/10/if-baiano-campus-guanambi-apresentou-pesquisas-sobre-palma-forrageira-no-palmatech-2026/,Institucional,Imprensa Local,Guanambi,curadoria_dicom,correta
2026-05-10,IF Baiano vai ofertar mais de mil vagas no Sisu 2026,De Olho na Cidade,https://www.deolhonacidade.net/if-baiano-vai-ofertar-mais-de-mil-vagas-no-sisu-2026,Gestão e RH,Imprensa Local,Geral / Não Especificado,busca_automatica,correta
2026-05-09,Seleção professor substituto,Agência Sertão,https://agenciasertao.com/2026/05/09/if-baiano-abriu-processo-seletivo-para-professor-em-guanambi/,Gestão e RH,Imprensa Local,Guanambi,curadoria_dicom,correta
2026-05-08,Concurso IF Baiano Guanambi BA abre 1 vaga para professor de geografia,Folha Dirigida,https://folha.qconcursos.com/n/concurso-if-baiano-guanambi-ba-abre-1-vaga-para-professor-de-geografia,Gestão e RH,Imprensa (Nacional),Guanambi,curadoria_dicom,correta
2026-05-08,IF Baiano Guanambi BA suspende processo seletivo para 1 vaga de professor,Folha Dirigida,https://folha.qconcursos.com/n/if-baiano-guanambi-ba-suspende-processo-seletivo-para-1-vaga-de-professor,Gestão e RH,Imprensa (Nacional),Guanambi,curadoria_dicom,correta
2026-05-08,Seleção professor substituto,QConcursos Folha Dirigida,https://folha.qconcursos.com/n/if-baiano-senhor-do-bonfim-ba-abre-processo-seletivo-com-1-vaga-para-professor,Gestão e RH,Imprensa (Nacional),Senhor do Bonfim,curadoria_dicom,correta
2026-05-08,IF Baiano abre processo seletivo para Professor Substituto de Geografia no Campus Guanambi,PCI Concursos,https://www.pciconcursos.com.br/noticias/if-baiano-abre-processo-seletivo-para-professor-substituto-de-geografia-no-campus-guanambi,Gestão e RH,Especializados (Nichos),Guanambi,curadoria_dicom,correta
2026-05-08,IF Baiano abre seleção para professor substituto em Atendimento Educacional Especializado,PCI Concursos,https://www.pciconcursos.com.br/noticias/if-baiano-abre-selecao-para-professor-substituto-em-atendimento-educacional-especializado,Gestão e RH,Especializados (Nichos),Geral / Não Especificado,busca_automatica,correta
2026-05-08,Seleção professor substituto,PCI Concursos,https://www.pciconcursos.com.br/noticias/if-baiano-ba-selecao-para-professor-substituto-no-campus-guanambi-esta-suspensa,Gestão e RH,Especializados (Nichos),Guanambi,curadoria_dicom,correta
2026-05-07,InovaSUS Digital,Agência Sertão,https://agenciasertao.com/2026/05/07/sistema-desenvolvido-pelo-if-baiano-para-o-samu-em-guanambi-foi-selecionado-para-laboratorio-federal-de-inovacao-em-saude-digital/,Institucional,Imprensa Local,Guanambi,curadoria_dicom,correta
2026-05-07,InovaSUS Digital,Bahia na Política,https://bahianapolitica.com.br/tecnologia-desenvolvida-na-bahia-passa-a-integrar-programa-nacional-de-inovacao-do-sus/,Institucional,Imprensa Local,Guanambi,curadoria_dicom,correta
2026-05-06,Prosel cursos subsequentes,G1,https://g1.globo.com/ba/feira-de-santana-regiao/noticia/2026/05/06/vagas-cursos-bahia.ghtml,Ensino,Imprensa (Nacional),Serrinha,curadoria_dicom,correta
2026-05-06,Prosel cursos subsequentes,Taktá no Ar,https://takta.com.br/municipios/if-baiano-abre-vagas-para-cursos-tecnicos-gratuitos-confira-como-se-inscrever/,Ensino,Imprensa Local,Serrinha,curadoria_dicom,correta
2026-05-06,IF Baiano abre inscrições para cursos técnicos de Instrumento Musical e Agropecuária,Acorda Cidade,https://www.acordacidade.com.br/educacao/if-baiano-serrinha-abre-inscricoes-para-cursos-tecnicos-de-instrumento-musical-e-agropecuaria/,Ensino,Imprensa Regional (Bahia),Geral / Não Especificado,busca_automatica,correta
2026-05-05,Prosel cursos subsequentes,Bahia Municipios,https://bahiamunicipios.com.br/if-baiano-abre-60-vagas-para-cursos-em-serrinha/,Ensino,Imprensa Local,Serrinha,curadoria_dicom,correta
2026-05-05,Prosel cursos subsequentes,Bahia na Politica,https://bahianapolitica.com.br/campus-serrinha-abre-inscricoes-para-60-vagas-em-cursos-tecnicos-subsequentes/,Ensino,Imprensa Local,Serrinha,curadoria_dicom,correta
2026-05-05,Prosel cursos subsequentes,Digaí Feira,https://digaifeira.com.br/campus-serrinha-abre-inscricoes-para-60-vagas-em-cursos-tecnicos-subsequentes/,Ensino,Imprensa Local,Serrinha,curadoria_dicom,correta
2026-05-05,V Caravana de Educação Sanitária para Prevenção da Monilíase do Cacaueiro e Cupuaçuzeiro,Grupo Lomes de Comunicação,https://glomes.com.br/campanha-na-bahia-busca-prevenir-praga-na-cultura-do-cacau-que-ainda-nao-foi-registrada-no-estado/,Institucional,Imprensa Local,Teixeira de Freitas,curadoria_dicom,correta
2026-05-05,Prosel cursos subsequentes,Oliveira Dimas,https://oliveiradimas.blogspot.com/,Ensino,Imprensa Local,Serrinha,curadoria_dicom,correta
2026-05-05,Ifba Serrinha abre inscrições para cursos técnicos de Instrumento Musical e Agropecuária,Acorda Cidade,https://www.acordacidade.com.br/educacao/ifba-serrinha-abre-inscricoes-para-cursos-tecnicos-de-instrumento-musical-e-agropecuaria/,Ensino,Imprensa Regional (Bahia),Serrinha,curadoria_dicom,ifba_no_lugar_do_ifbaiano
2026-05-05,Prosel cursos subsequentes,Portal da Feira,https://www.portaldafeira.com.br/noticia/161796/campus-do-instituto-federal-de-serrinha-abre-inscricoes-para-60-vagas-em-cursos-tecnicos,Ensino,Imprensa Local,Serrinha,curadoria_dicom,correta
2026-05-04,Campanha Nacional Faça Bonito,Alagonews,https://alagonews.com.br/noticia/25110/maio-laranja-formacao-de-agentes-comunitarios-fortalece-rede-de-protecao-no-combate-ao-abuso-sexual-infanto-juvenil-em-alagoinhas/amp,Institucional,Imprensa Local,Alagoinhas,curadoria_dicom,correta
2026-05-04,Seleção professor substituto,Criativa Online,https://criativaonline.com.br/if-baiano-abre-selecao-para-professor-substituto-em-tres-campi/,Gestão e RH,Imprensa Local,Guanambi,curadoria_dicom,correta
2026-05-04,Seleção professor substituto,Jornal da Chapada,https://jornaldachapada.com.br/2026/05/04/chapada-if-baiano-abre-selecao-para-professores-substitutos-em-xique-xique-e-itaberaba-veja-como-se-inscrever/,Gestão e RH,Imprensa Local,Itaberaba,curadoria_dicom,correta
2026-05-04,Seminário de Cacauicultura Familiar,Jornal Valença Agora,https://valencaagora.com/ceplac-e-if-baiano-realizam-seminario-sobre-fortalecimento-da-agricultura-sustentavel-e-mercado-do-cacau-em-valenca/,Extensão,Imprensa Local,Valença,curadoria_dicom,correta
2026-05-04,Projeto de turismo sustentável,Jornal Valença Agora,https://valencaagora.com/conselho-municipal-de-turismo-de-valenca-conhece-avancos-do-protair-e-debate-turismo-sustentavel/,Extensão,Imprensa Local,Valença,curadoria_dicom,correta
2026-05-04,V Caravana de Educação Sanitária para Prevenção da Monilíase do Cacaueiro e Cupuaçuzeiro,ba.gov.br,https://www.ba.gov.br/seagri/noticias/2026-05/1000305/adab-lanca-campanha-de-prevencao-moniliase-no-extremo-sul-da-bahia,Institucional,Governamental,Teixeira de Freitas,curadoria_dicom,correta
2026-05-03,Seleção professor substituto,Sou Enfermagem,https://www.souenfermagem.com.br/noticias/if-baiano-abre-vagas-professor-substituto-campus-guanambi/,Gestão e RH,Imprensa Local,Guanambi,curadoria_dicom,correta
2026-05-01,V Caravana de Educação Sanitária para Prevenção da Monilíase do Cacaueiro e Cupuaçuzeiro,ADAB,http://www.adab.ba.gov.br/noticias/adab-leva-caravana-de-prevencao-a-moniliase-ao-extremo-sul-da-bahia/,Institucional,Governamental,Teixeira de Freitas,curadoria_dicom,correta
2026-04-30,InovaSUS Digital,Jornal de Brasília,https://jornaldebrasilia.com.br/noticias/saude/institutos-federais-integram-inovasus-digital-com-16-solucoes-inovadoras/,Institucional,Imprensa Local,Reitoria (Salvador),curadoria_dicom,correta
2026-04-30,InovaSUS Digital,Portal do Governo Federal,https://www.gov.br/mec/pt-br/assuntos/noticias/2026/abril/institutos-federais-passam-a-integrar-o-inovasus-digital,Institucional,Governamental,Reitoria (Salvador),curadoria_dicom,correta
2026-04-29,Trajetória do IF Baiano na pesquisa com bananicultura em Guanambi é destacada em evento internacional no México,Mídia Externa,http://www.bing.com/news/apiclick.aspx?ref=FexRss&aid=&tid=69fb4c49b4064377b6c35f27f864062d&url=https%3a%2f%2ffaroldacidade.com.br%2fnoticias%2fabrir%2fTrajetoria-do-IF-Baiano-na-pesquisa-com-bananicultura-em-Guanambi-e-destacada-em-evento-internacional-no-Mexicoabrir%2f8068%2f&c=11571254512878386713&mkt=en-us,Pesquisa,Imprensa Local,Guanambi,busca_automatica,correta
2026-04-29,Pesquisa em bananicultura no evento ACORBAT,Farol da cidade,https://faroldacidade.com.br/noticias/abrir/Trajetoria-do-IF-Baiano-na-pesquisa-com-bananicultura-em-Guanambi-e-destacada-em-evento-internacional-no-Mexicoabrir/8068/,Pesquisa,Imprensa Local,Guanambi,curadoria_dicom,correta
2026-04-29,Área doada pela Codevasf abriga campus do IFBaiano em Bom Jesus da Lapa,GOV.BR,https://www.gov.br/codevasf/pt-br/assuntos/noticias/2013/area-doada-pela-codevasf-abriga-campus-do-ifbaiano-em-bom-jesus-da-lapa,Institucional,Governamental,Bom Jesus da Lapa,busca_automatica,correta
2026-04-28,"Codevasf, MIDR e IF Baiano firmam parceria para instalação de centro de transferência de tecnologia no Projeto Baixio de Irecê (BA)",GOV.BR,http://www.gov.br/codevasf/pt-br/assuntos/noticias/2023/codevasf-midr-e-if-baiano-firmam-parceria-para-instalacao-de-centro-de-transferencia-de-tecnologia-no-projeto-baixio-de-irece-ba,Pesquisa,Governamental,Geral / Não Especificado,busca_automatica,correta
2026-04-28,Seleção professor substituto,Agência Sertão,https://agenciasertao.com/2026/04/28/if-baiano-abriu-processos-seletivos-para-professor-em-guanambi-itaberaba-e-xique-xique/,Gestão e RH,Imprensa Local,Guanambi,curadoria_dicom,correta
2026-04-28,Posse diretores pro tempore,"Ribeira do Pombal, Remanso, SantoEstevão, Ruy Barbosa",https://agenciasertao.com/2026/04/28/if-baiano-empossou-diretores-de-quatro-novos-campi-em-implantacao/,Institucional,Imprensa Local,Santo Estêvão,curadoria_dicom,correta
2026-04-28,Seleção professor substituto,Concursos no Brasil,https://concursosnobrasil.com/concursos/ba/2026/04/28/if-baiano-lanca-selecao-para-professor-com-ganhos-de-ate-r-83-mil/,Gestão e RH,Especializados (Nichos),Itaberaba,curadoria_dicom,correta
2026-04-28,IF Baiano Guanambi BA abre processo seletivo com 1 vaga para professor,Folha Dirigida,https://folha.qconcursos.com/n/if-baiano-guanambi-ba-abre-processo-seletivo-com-1-vaga-para-professor,Gestão e RH,Imprensa (Nacional),Guanambi,curadoria_dicom,correta
2026-04-28,Seleção professor substituto,QConcursos Folha Dirigida,https://folha.qconcursos.com/n/if-baiano-itaberaba-ba-abre-processo-seletivo-para-professor-substituto-1-vaga,Gestão e RH,Imprensa (Nacional),Itaberaba,curadoria_dicom,correta
2026-04-28,IF Baiano Xique-Xique BA abre processo seletivo de professor substituto,Folha Dirigida,https://folha.qconcursos.com/n/if-baiano-xique-xique-ba-abre-processo-seletivo-de-professor-substituto,Gestão e RH,Imprensa (Nacional),Xique-Xique,curadoria_dicom,correta
2026-04-28,Concursos públicos,Focus Concursos,https://noticias.focusconcursos.com.br/noticias/bahia-tera-onda-de-concursos-em-2026-veja-os-editais-confirmados,Gestão e RH,Especializados (Nichos),Reitoria (Salvador),curadoria_dicom,correta
2026-04-28,Pesquisa em bananicultura no evento ACORBAT,iGuanambi,https://www.iguanambi.com.br/noticias/2026/04/28/if-baiano-de-guanambi-participa-de-evento-internacional-no-mexico-e-reforca-atuacao-na-pesquisa-agricola/,Pesquisa,Imprensa Local,Guanambi,curadoria_dicom,correta
2026-04-28,Seleção professor substituto,PCI Concursos,https://www.pciconcursos.com.br/noticias/if-baiano-abre-processo-seletivo-para-professor-substituto-no-campus-guanambi,Gestão e RH,Especializados (Nichos),Guanambi,curadoria_dicom,correta
2026-04-28,IF Baiano abre seleção para Professor Substituto de Ciências e Tecnologia de Alimentos em Itaberaba,PCI Concursos,https://www.pciconcursos.com.br/noticias/if-baiano-abre-selecao-para-professor-substituto-de-ciencias-e-tecnologia-de-alimentos-em-itaberaba,Gestão e RH,Especializados (Nichos),Itaberaba,curadoria_dicom,correta
2026-04-28,IF Baiano abre seleção para Professor Substituto de Sociologia em Xique-Xique,PCI Concursos,https://www.pciconcursos.com.br/noticias/if-baiano-abre-selecao-para-professor-substituto-de-sociologia-em-xique-xique,Gestão e RH,Especializados (Nichos),Xique-Xique,curadoria_dicom,correta
2026-04-27,Trajetória do IF Baiano na pesquisa com bananicultura em Guanambi é destacada em evento internacional no México,Agência Sertão,https://agenciasertao.com/2026/04/27/trajetoria-do-if-baiano-na-pesquisa-com-bananicultura-em-guanambi-e-destacada-em-evento-internacional-no-mexico/,Pesquisa,Imprensa Local,Guanambi,busca_automatica,correta
2026-04-27,Processo Seletivo IFBAIANO abre vaga para Professor em 2026,Ache Concursos,https://www.acheconcursos.com.br/concursos-bahia/processo-seletivo-ifbaiano-vagas-professores-2026-89720,Gestão e RH,Especializados (Nichos),Guanambi,curadoria_dicom,correta
2026-04-24,Bolsas Parfor Equidade,Bahia Recôncavo,https://bahiareconcavo.com.br/2026/04/24/if-baiano-abre-selecao-com-bolsas-para-docentes-no-parfor-equidade/,Ensino,Imprensa Local,Serrinha,curadoria_dicom,correta
2026-04-24,Seleção professor substituto,Concurso News,https://concursonews.com/2026/04/if-baiano-abre-seletivo-para-professor-substituto-em-sociologia-com-inscricoes-ate-3-de-maio/,Gestão e RH,Especializados (Nichos),Xique-Xique,curadoria_dicom,correta
2026-04-24,Seleção professor substituto,Concursos no Brasil,https://concursosnobrasil.com/concursos/ba/2026/04/24/if-baiano-abre-vaga-na-area-de-sociologia-para-o-campus-xique-xique/,Gestão e RH,Especializados (Nichos),Xique-Xique,curadoria_dicom,correta
2026-04-24,Audiência pública,Revista Recôncavo,https://revistareconcavo.com.br/cruz-das-almas-vereador-professor-lilo-realiza-audiencia-publica-sobre-fim-da-escala-6x1-reunindo-sindicatos-entidades-e-jovens/,Institucional,Imprensa Local,Governador Mangabeira,curadoria_dicom,correta
2026-04-23,Tenda da Ciência,Agência Sertão,https://agenciasertao.com/2026/04/23/tenda-da-ciencia-leva-atividades-gratuitas-ao-publico-em-guanambi-nesta-sexta-feira-e-sabado/,Pesquisa,Imprensa Local,Guanambi,curadoria_dicom,correta
2026-04-23,Série Indicações Geográficas,Conexão MT,https://conexaomt.com/educacao/mec-marca-presenca-em-feira-de-diversidade-alimentar/,Institucional,Imprensa Local,Reitoria (Salvador),curadoria_dicom,correta
2026-04-23,Série Indicações Geográficas,Plantão News,https://plantaonews.com.br/mec-marca-presenca-em-feira-de-diversidade-alimentar/,Institucional,Imprensa Local,Reitoria (Salvador),curadoria_dicom,correta
2026-04-23,Prosel vagas remanescentes,Jornal Valença Agora,https://valencaagora.com/vagas-remanescentes-if-baiano-campus-valenca/,Gestão e RH,Imprensa Local,Valença,curadoria_dicom,correta
2026-04-23,Série Indicações Geográficas,Portal do IFSC,https://www.ifsc.edu.br/web/noticias/w/campus-urupema-e-destaque-em-serie-do-mec-sobre-indicacoes-geograficas,Institucional,Outras Instituições de Ensino,Reitoria (Salvador),curadoria_dicom,correta
2026-04-22,Série Indicações Geográficas,Portal do Governo Federal,https://www.gov.br/mec/pt-br/assuntos/noticias/2026/abril/mec-divulga-novo-episodio-da-serie-indicacoes-geograficas-nos-ifs,Institucional,Governamental,Reitoria (Salvador),curadoria_dicom,correta
2026-04-17,Curso de Qualificação profissional (FIC),Jornal da Chapada,https://jornaldachapada.com.br/2026/04/17/chapada-if-baiano-abre-inscricoes-para-curso-gratuito-em-itaberaba-com-foco-em-ciencias-da-natureza-e-preparacao-para-ensino-superior/,Ensino,Imprensa Local,Itaberaba,curadoria_dicom,correta
2026-04-17,Curso de Qualificação profissional (FIC),Tribuna do Recôncavo,https://tribunadoreconcavo.com/if-baiano-abre-inscricoes-para-cursos-gratuitos-de-qualificacao-profissional-em-tres-cidades-da-bahia/,Ensino,Imprensa Local,Catu,curadoria_dicom,correta
2026-04-16,Olimpíada Brasileira de Astronomia e Astronáutica (OBA),Agência Sertão,https://agenciasertao.com/2026/04/16/estudantes-do-if-baiano-campus-guanambi-conquistaram-oito-medalhas-na-olimpiada-brasileira-de-astronomia-e-astronautica-oba/,Extensão,Imprensa Local,Guanambi,curadoria_dicom,correta
2026-04-16,Curso de Qualificação profissional (FIC),Ilheus 24h,https://ilheus24h.com.br/if-baiano-abre-vagas-para-cursos-gratuitos-em-tres-campi/,Ensino,Imprensa Local,Catu,curadoria_dicom,correta
2026-04-16,Curso de Qualificação profissional (FIC),Mídia Bahia,https://midiabahia.com.br/if-baiano-oferece-cursos-gratuitos-de-curta-duracao-em-urucuca-itaberaba-e-catu/,Ensino,Imprensa Local,Catu,curadoria_dicom,correta
2026-04-15,Olimpíada Brasileira de Astronomia e Astronáutica (OBA),Folha do Vale,https://folhadovale.net/alunos-if-baiano-campus-guanambi-conquistam-medalhas-na-olimpiada-brasileira-de-astronomia-e-astronautica.html,Extensão,Imprensa (Nacional),Guanambi,curadoria_dicom,correta
2026-04-15,Curso de Qualificação profissional (FIC),Pimenta Blog,https://pimenta.blog.br/2026/04/15/if-baiano-de-urucuca-oferta-100-vagas-em-cursos-de-qualificacao-profissional/,Ensino,Imprensa Local,Uruçuca,curadoria_dicom,correta
2026-04-15,Intercâmbio Canadá,Sertão Hoje,https://www.sertaohoje.com.br/noticias/bahia/if-baiano-lanca-editais-de-intercambio-no-canada-para-estudantes-e-servidores,Institucional,Imprensa Local,Reitoria (Salvador),curadoria_dicom,correta
2026-04-11,Seleção professor substituto,Sou Enfermagem,https://www.souenfermagem.com.br/noticias/if-baiano-abre-vaga-professor-tecnologia-alimentos-santa-ines/,Gestão e RH,Imprensa Local,Santa Inês,curadoria_dicom,correta
2026-04-10,Seleção professor substituto,Agência Sertão,https://agenciasertao.com/2026/04/10/if-baiano-e-ifba-abriram-novos-processos-seletivos-para-professores-em-tres-cidades/,Gestão e RH,Imprensa Local,Santa Inês,curadoria_dicom,correta
2026-04-10,Seleção professor substituto,Agrobase,https://www.agrobase.com.br/concursos/2026/if-baiano-ba-selecao-simplificada-60-2026/,Gestão e RH,Especializados (Nichos),Santa Inês,curadoria_dicom,correta
2026-04-08,Pesquisa Biofilmes,Bahia na Política,https://bahianapolitica.com.br/senhor-do-bonfim-pesquisa-do-if-baiano-desenvolve-biofilmes-para-alimentos-a-partir-de-residuos-agroindustriais/,Pesquisa,Imprensa Local,Senhor do Bonfim,curadoria_dicom,correta
2026-04-08,Pesquisa Biofilmes,Campo e Negócios,https://campoenegocios.com/pesquisa-do-if-baiano-desenvolve-biofilmes-para-alimentos-a-partir-de-residuos-agroindustriais/,Pesquisa,Imprensa Local,Senhor do Bonfim,curadoria_dicom,correta
2026-04-08,Seleção professor substituto,Concurso News,https://concursonews.com/2026/04/if-baiano-abre-selecao-para-professor-substituto-em-alimentos-no-campus-santa-ines-inscricoes-comecam-dia-13/,Gestão e RH,Especializados (Nichos),Santa Inês,curadoria_dicom,correta
2026-04-07,Pesquisa Biofilmes,A Notícia do Vale,https://anoticiadovale.com/2026/04/07/pesquisa-do-if-baiano-desenvolve-biofilmes-para-alimentos-a-partir-de-residuos-agroindustriais/,Pesquisa,Imprensa Local,Senhor do Bonfim,curadoria_dicom,correta
2026-04-07,Seleção professor substituto,QConcursos Folha Dirigida,https://folha.qconcursos.com/n/processo-seletivo-if-baiano-santa-ines-ba-abre-1-vaga-para-professor-substituto,Gestão e RH,Imprensa (Nacional),Reitoria (Salvador),curadoria_dicom,correta
2026-04-07,Seleção professor substituto,PCI Concursos,https://www.pciconcursos.com.br/noticias/if-baiano-abre-vaga-para-professor-substituto-na-area-de-tecnologia-de-alimentos-em-santa-ines,Gestão e RH,Especializados (Nichos),Reitoria (Salvador),curadoria_dicom,correta
2026-04-07,Seleção professor substituto,Portal Tela,https://www.portaltela.com/noticias/educacao/2026/04/07/if-baiano-santa-ines-abre-uma-vaga-de-professor-substituto/,Gestão e RH,Imprensa Local,Santa Inês,curadoria_dicom,correta
2026-04-02,PLANO DE INTEGRIDADE DO IF BAIANO,Base de Conhecimento da CGU,https://basedeconhecimento.cgu.gov.br/bitstreams/cf86484f-c213-4068-b829-d23c022ce3d0/download,Institucional,Imprensa Local,Geral / Não Especificado,busca_automatica,correta
2026-04-01,Seleção professor substituto,Agência Sertão,https://agenciasertao.com/2026/04/01/if-baiano-e-ifba-abriram-processos-seletivos-para-professor-em-tres-cidades/,Gestão e RH,Imprensa Local,Xique-Xique,curadoria_dicom,correta
2026-04-01,Eleições UESB,Avoador,https://avoador.com.br/eleicoes-uesb-terceiro-debate-entre-candidatos-a-reitoria-reune-estudantes-professores-e-tecnicos-em-itapetinga/,Institucional,Imprensa Local,Itapetinga,curadoria_dicom,correta
2026-03-29,Seleção professor substituto,Diário do Estado,https://diariodoestadogo.com.br/concurso-if-baiano-inscricoes-abertas-para-vaga-de-professor-com-salarios-de-ate-r-8-05829-649169/,Gestão e RH,Imprensa Local,Xique-Xique,curadoria_dicom,correta
2026-03-29,Documentário Mulheres Mil,JB News,https://jbnews.com.br/mec-lanca-mulheres-mil-o-documentario/,Extensão,Imprensa Local,Reitoria (Salvador),curadoria_dicom,correta
2026-03-29,Documentário Mulheres Mil,Jornal do Vale,https://jornaldovale.com/mec-lanca-mulheres-mil-o-documentario/,Extensão,Imprensa Local,Reitoria (Salvador),curadoria_dicom,correta
2026-03-29,Documentário Mulheres Mil,Leia Agora,https://leiagora.com.br/mec-lanca-mulheres-mil-o-documentario/,Extensão,Imprensa Local,Reitoria (Salvador),curadoria_dicom,correta
2026-03-29,Documentário Mulheres Mil,Notícia Marajó,https://noticiamarajo.com.br/educacao/mec-lanca-mulheres-mil-o-documentario/,Extensão,Imprensa Local,Reitoria (Salvador),curadoria_dicom,correta
2026-03-29,Documentário Mulheres Mil,Novidades MT,https://novidadesmt.com.br/educacao/mec-lanca-mulheres-mil-o-documentario/,Extensão,Imprensa Local,Reitoria (Salvador),curadoria_dicom,correta
2026-03-29,Documentário Mulheres Mil,Plantão News,https://plantaonews.com.br/mec-lanca-mulheres-mil-o-documentario/,Extensão,Imprensa Local,Reitoria (Salvador),curadoria_dicom,correta
2026-03-29,Acidente com motociclista,Bom Jesus da Lapa Notícias,https://www.bomjesusdalapanoticias.com.br/bom-jesus-da-lapa/motociclista-morre-em-colisao-com-carro-na-br-349-em-bom-jesus-da-lapa/,Institucional,Imprensa Local,Bom Jesus da Lapa,curadoria_dicom,correta
2026-03-29,Seleção professor substituto,O Tempo,https://www.otempo.com.br/emprego-e-concursos/2026/3/29/concurso-if-baiano-inscricoes-para-professor-ate-na-proxima-quinta-feira-2-salarios-ate-r-805829,Gestão e RH,Imprensa (Nacional),Xique-Xique,curadoria_dicom,correta
2026-03-29,Documentário Mulheres Mil,Pontaporã Informa,https://www.pontaporainforma.com.br/mec-lanca-mulheres-mil-o-documentario/,Extensão,Imprensa Local,Reitoria (Salvador),curadoria_dicom,correta
2026-03-27,Feira santa do pescado,valencaagora.com,https://valencaagora.com/feira-santa-do-pescado-movimenta-economia-e-valoriza-producao-local-em-valenca/,Extensão,Imprensa Local,Valença,curadoria_dicom,correta
2026-03-26,Autorização para funcionamento do campus,Remanso Notícias,https://portal.remanso-noticias.com/?p=87126,Institucional,Imprensa Local,Remanso,curadoria_dicom,correta
2026-03-26,Jornada Social 2026,Prefeitura de Senhor do Bonfim,https://senhordobonfim.ba.gov.br/jornada-social-2026-comeca-com-debates-sobre-cenario-social-e-combate-as-desigualdades-em-bonfim/,Extensão,Governamental,Senhor do Bonfim,curadoria_dicom,correta
2026-03-26,Cerimônia de Posse,Sudoeste Acontece,https://sudoesteacontece.com.br/?p=12127,Institucional,Imprensa Local,Guanambi,curadoria_dicom,correta
2026-03-26,Cerimônia de Posse,Achei Sudoeste,https://www.acheisudoeste.com.br/noticias/guanambi/professor-toma-posse-como-diretor-geral-do-if-baiano-em-guanambi/imprimir,Institucional,Especializados (Nichos),Guanambi,curadoria_dicom,correta
2026-03-26,Artigo sobre manejo da cabruca,Federação Anarquista,https://www.federacaoanarquista.com.br/pesquisadores-do-if-baiano-e-da-uesc-publicam-artigo-inedito-sobre-manejo-da-cabruca-no-terra-vista/,Pesquisa,Imprensa Local,Uruçuca,curadoria_dicom,correta
2026-03-25,Rui Costa autoriza construção do IF Baiano e licitação de novo sistema de água de Itabuna nesta quinta-feira,Muita Informação,https://muitainformacao.com.br/politica/rui-costa-autoriza-construcao-do-if-baiano-e-licitacao-de-novo-sistema-de-agua-de-itabuna-nesta-quinta-feira/,Extensão,Imprensa Local,Geral / Não Especificado,busca_automatica,correta
2026-03-25,Artigo sobre manejo da cabruca,Cacau e Chocolate,https://www.cacauechocolate.com.br/v1/2026/03/25/pesquisadores-do-if-baiano-e-da-uesc-publicam-artigo-inedito-sobre-manejo-da-cabruca-no-terra-vista/,Pesquisa,Imprensa Local,Uruçuca,curadoria_dicom,correta
2026-03-24,Cerimônia de Posse,Agência Sertão,https://agenciasertao.com/2026/03/24/novo-diretor-geral-do-if-baiano-campus-guanambi-inicia-mandato-ate-2030/,Institucional,Imprensa Local,Guanambi,curadoria_dicom,correta
2026-03-24,Cerimônia de Posse,Blog do Valente,https://blogdovalente.com.br/saj/2026/03/natural-de-saj-professora-cristiane-santos-toma-posse-como-diretora-geral-do-if-baiano-campus-governador-mangabeira/,Institucional,Imprensa Local,Governador Mangabeira,curadoria_dicom,correta
2026-03-24,Seleção professor substituto,Folha Dirigida,https://folha.qconcursos.com/n/if-baiano-abre-processo-seletivo-para-professor-substituto-em-xique-xique-ba-com-1-vaga,Gestão e RH,Imprensa (Nacional),Xique-Xique,curadoria_dicom,correta
2026-03-24,Jornada Social 2026,Nonato Notícias,https://nonatonoticias.blogspot.com/2026/03/prefeitura-de-senhor-do-bonfim-inicia_24.html,Extensão,Imprensa Local,Senhor do Bonfim,curadoria_dicom,correta
2026-03-24,Jornada Social 2026,Blog do Netto Maravilha,https://www.blogdonettomaravilha.com.br/2026/03/prefeitura-de-senhor-do-bonfim-inicia_24.html,Extensão,Imprensa Local,Senhor do Bonfim,curadoria_dicom,correta
2026-03-24,Seleção professor substituto,PCI Concursos,https://www.pciconcursos.com.br/noticias/if-baiano-ba-abre-processo-seletivo-para-docente-substituto-de-matematica-em-xique-xique,Gestão e RH,Especializados (Nichos),Reitoria (Salvador),curadoria_dicom,correta
2026-03-23,Cerimônia de Posse,Agência Sertão,https://agenciasertao.com/2026/03/23/if-baiano-empossa-14-diretores-gerais-para-gestao-2026-2030/,Institucional,Imprensa Local,Reitoria (Salvador),curadoria_dicom,correta
2026-03-23,Mulheres rurais,Agência Sertão,https://agenciasertao.com/2026/03/23/if-baiano-reune-cerca-de-100-mulheres-rurais-em-evento-sobre-protagonismo-direitos-e-agroindustria-em-guanambi/,Institucional,Imprensa Local,Guanambi,curadoria_dicom,correta
2026-03-23,Seleção professor substituto,Concursos Knews,https://concursonews.com/2026/03/if-baiano-abre-selecao-para-professor-substituto-em-xique-xique-inscricoes-comecam-dia-26/,Gestão e RH,Especializados (Nichos),Xique-Xique,curadoria_dicom,correta
2026-03-23,Protesto de estudantes,Folha do Vale,https://folhadovale.net/ex-diretor-do-if-baiano-afirma-que-protesto-nao-tinha-pauta-especifica.html,Ensino,Imprensa (Nacional),Guanambi,curadoria_dicom,correta
2026-03-23,Seleção professor substit uto,Ache Concursos,https://www.acheconcursos.com.br/concursos-bahia/processo-seletivo-if-baiano-vagas-professor-matematica-88910,Gestão e RH,Especializados (Nichos),Xique-Xique,curadoria_dicom,correta
2026-03-23,Mulheres rurais,IGuanambi,https://www.iguanambi.com.br/noticias/2026/03/23/evento-reune-cerca-de-100-mulheres-rurais-em-guanambi-e-fortalece-protagonismo-feminino-no-sertao/amp/,Institucional,Imprensa Local,Guanambi,curadoria_dicom,correta
2026-03-22,UFRB recebe visita de estudantes do IF Baiano – UFRB – Universidade Federal do Recôncavo da Bahia,UFRB,https://ufrb.edu.br/portal/noticias/ufrb-recebe-visita-de-estudantes-do-if-baiano/,Ensino,Outras Instituições de Ensino,Geral / Não Especificado,busca_automatica,correta
2026-03-22,"IF BAIANO abre concurso para professor com salários de até R$ 8.058,29; saiba como se inscrever",O Tempo,https://www.otempo.com.br/emprego-e-concursos/2026/3/23/if-baiano-abre-concurso-para-professor-com-salarios-de-ate-r-805829-saiba-como-se-inscrever,Gestão e RH,Imprensa (Nacional),Geral / Não Especificado,curadoria_dicom,correta
2026-03-21,Sealba 2026,Portal BA Knews,https://portalbanews.com.br/noticia/36861/prefeitura-e-if-baiano-firmam-termos-de-compromisso-durante-a-sealba-alagoinhas/amp,Institucional,Imprensa Local,Alagoinhas,curadoria_dicom,correta
2026-03-21,Sealba 2026,alagoinhas.ba.gov.br,https://www.alagoinhas.ba.gov.br/index.php/prefeitura-e-if-baiano-firmam-termos-de-compromisso-durante-a-sealba-alagoinhas/,Institucional,Governamental,Alagoinhas,curadoria_dicom,correta
2026-03-19,Prosel graduação,Agência Sertão,https://agenciasertao.com/2026/03/19/if-baiano-oferta-144-vagas-em-guanambi-para-reopcao-ou-transferencia-em-cursos-superiores/,Ensino,Imprensa Local,Guanambi,curadoria_dicom,correta
2026-03-19,Prosel graduação,Caetité Sensacionalista,https://caetitesensacionalista.com/if-baiano-oferta-144-vagas-em-guanambi-para-reopcao-ou-transferencia-em-cursos-superiores/,Ensino,Imprensa Local,Guanambi,curadoria_dicom,correta
2026-03-19,Matrículas no Ensino técnico,Fala Você Notícias,https://www.falavoce.com.br/noticias/5099-2026/03/19/guanambi-se-destaca-no-ensino-tecnico-e-esta-entre-lideres-em-matriculas-no-nordeste,Ensino,Imprensa Local,Guanambi,curadoria_dicom,correta
2026-03-19,Sealba 2026,Plantão Bahia,https://www.plantaobahia.com.br/2026/03/programacao-da-sealba-alagoinhas-tera.html,Institucional,Imprensa Local,Alagoinhas,curadoria_dicom,correta
2026-03-18,Sealba 2026,bonfimdigital.com,https://bonfimdigital.com/noticia/20627/programacao-da-sealba-alagoinhas-tera-oficinas-do-if-baiano,Institucional,Imprensa Local,Alagoinhas,curadoria_dicom,correta
2026-03-18,Sealba 2026,Diga Notícias,https://diganoticias.com.br/noticia/182999/programacao-da-sealba-alagoinhas-tera-oficinas-do-if-baiano,Institucional,Imprensa Local,Alagoinhas,curadoria_dicom,correta
2026-03-18,Sealba 2026,Gazeta Bahia,https://gazetabahia.com.br/noticia/80942/programacao-da-sealba-alagoinhas-tera-oficinas-do-if-baiano/amp,Institucional,Imprensa Local,Alagoinhas,curadoria_dicom,correta
2026-03-18,Sealba 2026,N1 da Bahia,https://numero1dabahia.com.br/noticia/6992/programacao-da-sealba-alagoinhas-tera-oficinas-do-if-baiano,Institucional,Imprensa Local,Alagoinhas,curadoria_dicom,correta
2026-03-18,Sealba 2026,Resenha de noticias,https://resenhadenoticias.com.br/noticia/18762/programacao-da-sealba-alagoinhas-tera-oficinas-do-if-baiano,Institucional,Imprensa Local,Alagoinhas,curadoria_dicom,correta
2026-03-18,Sealba 2026,Âncora Notícias,https://www.ancoranoticias.com.br/noticia/63143/programacao-da-sealba-alagoinhas-tera-oficinas-do-if-baiano,Institucional,Imprensa Local,Alagoinhas,curadoria_dicom,correta
2026-03-18,Sealba 2026,Mustach,https://www.mustach.com.br/noticia/78946/programacao-da-sealba-alagoinhas-tera-oficinas-do-if-baiano,Institucional,Imprensa Local,Alagoinhas,curadoria_dicom,correta
2026-03-18,Sealba 2026,Noticias no Ar,https://www.noticiasnoar.com.br/noticia/106032/programacao-da-sealba-alagoinhas-tera-oficinas-do-if-baiano,Institucional,Imprensa Local,Alagoinhas,curadoria_dicom,correta
2026-03-18,Sealba 2026,Portal da Feira,https://www.portaldafeira.com.br/noticia/158195/programacao-da-sealba-alagoinhas-tera-oficinas-do-if-baiano,Institucional,Imprensa Local,Alagoinhas,curadoria_dicom,correta
2026-03-18,Sealba 2026,Portal Euclidense,https://www.portaleuclidense.com.br/noticia/82718/programacao-da-sealba-alagoinhas-tera-oficinas-do-if-baiano,Institucional,Imprensa Local,Alagoinhas,curadoria_dicom,correta
2026-03-17,Sealba 2026,alagoinhas.ba.gov.br,https://www.alagoinhas.ba.gov.br/index.php/programacao-sealba-if-baiano/,Institucional,Governamental,Alagoinhas,curadoria_dicom,correta
2026-03-16,Sealba 2026,Bom dia Feira,https://bomdiafeira.com.br/sealba-2026-impulsiona-agronegocio-em-alagoinhas-confira-a-programacao/,Institucional,Imprensa Local,Alagoinhas,curadoria_dicom,correta
2026-03-16,Buracos na BR-349,Bom Jesus da Lapa Notícias,https://www.bomjesusdalapanoticias.com.br/bom-jesus-da-lapa/buracos-e-desniveis-na-br-349-geram-reclamacoes-de-motoristas-em-bom-jesus-da-lapa/,Institucional,Imprensa Local,Bom Jesus da Lapa,curadoria_dicom,correta
2026-03-13,Sistema Integrado de Regulação e Urgência em Saúde - SIRUS,Tribuna da Bahia,https://www.trbn.com.br/materia/I150681/samu-adota-sistema-digital-desenvolvido-no-if-baiano,Institucional,Imprensa Regional (Bahia),Guanambi,curadoria_dicom,correta
2026-03-12,IF Baiano oferta 38 vagas para três cursos superiores em Guanambi,Agência Sertão,https://agenciasertao.com/2026/03/12/if-baiano-oferta-38-vagas-para-tres-cursos-superiores-em-guanambi/,Gestão e RH,Imprensa Local,Guanambi,busca_automatica,correta
2026-03-12,Novos campi de institutos federais,Folha de Matogrosso,https://folhadematogrosso.com.br/nacional/novos-campi-de-institutos-federais-ofertam-ensino-medio-integrado/,Institucional,Imprensa (Nacional),Santo Estêvão,curadoria_dicom,correta
2026-03-12,Novos campi de institutos federais,JB News,https://jbnews.com.br/novos-campi-de-institutos-federais-ofertam-ensino-medio-integrado/,Institucional,Imprensa Local,Santo Estêvão,curadoria_dicom,correta
2026-03-12,Novos campi de institutos federais,"Remanso, Ruy Barbosa, Santo Estevão",https://jornaldovale.com/novos-campi-de-institutos-federais-ofertam-ensino-medio-integrado/,Institucional,Imprensa Local,Santo Estêvão,curadoria_dicom,correta
2026-03-12,Novos campi de institutos federais,Leia Agora,https://leiagora.com.br/novos-campi-de-institutos-federais-ofertam-ensino-medio-integrado/,Institucional,Imprensa Local,Santo Estêvão,curadoria_dicom,correta
2026-03-12,Novos campi de institutos federais,Minuto MT,https://minutomt.com.br/educacao/novos-campi-de-institutos-federais-ofertam-ensino-medio-integrado/,Institucional,Imprensa Local,Santo Estêvão,curadoria_dicom,correta
2026-03-12,Novos campi de institutos federais,Notícia Marajó,https://noticiamarajo.com.br/educacao/novos-campi-de-institutos-federais-ofertam-ensino-medio-integrado/,Institucional,Imprensa Local,Santo Estêvão,curadoria_dicom,correta
2026-03-12,Novos campi de institutos federais,Novidades MT,https://novidadesmt.com.br/educacao/novos-campi-de-institutos-federais-ofertam-ensino-medio-integrado/,Institucional,Imprensa Local,Santo Estêvão,curadoria_dicom,correta
2026-03-12,Novos campi de institutos federais,Plantão News,https://plantaonews.com.br/novos-campi-de-institutos-federais-ofertam-ensino-medio-integrado/,Institucional,Imprensa Local,Santo Estêvão,curadoria_dicom,correta
2026-03-12,Novos campi de institutos federais,Radar Digital Brasília,https://radardigitalbrasilia.com.br/educacao/novos-campi-de-institutos-federais-ofertam-ensino-medio-integrado/,Institucional,Imprensa Local,Santo Estêvão,curadoria_dicom,correta
2026-03-12,Pós Graduação,Cacau chocolate e turismo,https://www.cacauechocolate.com.br/v1/2026/03/12/if-baiano-abre-inscricoes-para-especializacao-em-ciencia-e-tecnologia-de-alimentos-com-enfase-em-cacau-e-chocolate/,Ensino,Imprensa Local,Uruçuca,curadoria_dicom,correta
2026-03-12,Novos campi de institutos federais,Pontapora Informa,https://www.pontaporainforma.com.br/novos-campi-de-institutos-federais-ofertam-ensino-medio-integrado/,Institucional,Imprensa Local,Santo Estêvão,curadoria_dicom,correta
2026-03-11,Pós Graduação,Diga aí Feira,https://digaifeira.com.br/especializacao-em-ciencia-e-tecnologia-de-alimentos-com-enfase-em-cacau-e-chocolate-recebe-inscricoes-de-11-a-25-de-marco/,Ensino,Imprensa Local,Uruçuca,curadoria_dicom,correta
2026-03-11,Partiu IF 2026,Portal Massapê,https://portalmassape.com.br/if-baiano-prorroga-inscricoes-para-cursinho-preparatorio-gratuito-e-abre-vagas-para-estudantes-em-serrinha/,Ensino,Imprensa Local,Reitoria (Salvador),curadoria_dicom,correta
2026-03-10,Partiu IF 2026,Catu Notícias,https://catunoticias.com.br/noticia/429/if-baiano-prorroga-inscricoes-do-programa-partiu-if-ate-13-de-marco.html,Ensino,Imprensa Local,Reitoria (Salvador),curadoria_dicom,correta
2026-03-10,Partiu IF 2026,Diga Bahia,https://digabahia.com.br/if-baiano-prorroga-inscricoes-do-programa-partiu-if-ate-13-de-marco/,Ensino,Imprensa Local,Reitoria (Salvador),curadoria_dicom,correta
2026-03-10,Partiu IF 2026,Itabuna Acontece,https://itabunaacontece.com.br/com-vagas-em-urucuca-if-baiano-prorroga-inscricoes-para-curso-preparatorio/,Ensino,Imprensa Local,Reitoria (Salvador),curadoria_dicom,correta
2026-03-10,Partiu IF 2026,O Sistema é bruto,https://osistemaebruto.com.br/if-baiano-prorroga-inscricoes-do-programa-partiu-if-ate-13-de-marco/,Ensino,Imprensa Local,Reitoria (Salvador),curadoria_dicom,correta
2026-03-10,V Festival de Teatro Albertina Rodrigues,TV Cacau,https://tvcacau.com.br/noticia/festival-de-teatro-do-if-baiano-celebra-arte-educacao-e-homenageia-atriz-de-alagoinhas,Institucional,Imprensa Local,Alagoinhas,curadoria_dicom,correta
2026-03-09,Partiu IF 2026,Agência Sertão,https://agenciasertao.com/2026/03/09/if-baiano-prorrogou-inscricoes-do-partiuif-ate-13-de-marco/,Ensino,Imprensa Local,Reitoria (Salvador),curadoria_dicom,correta
2026-03-09,Partiu IF 2026,Conexão de Notícias,https://conexaodenoticias.com.br/if-baiano-prorroga-inscricoes-do-programa-partiu-if-ate-13-de-marco/,Ensino,Imprensa Local,Reitoria (Salvador),curadoria_dicom,correta
2026-03-09,Partiu IF 2026,FM News,https://fmnews.com.br/2026/03/09/if-baiano-prorroga-inscricoes-do-programa-partiu-if-ate-13-de-marco/,Ensino,Imprensa Local,Reitoria (Salvador),curadoria_dicom,correta
2026-03-09,Partiu IF 2026,G1 Bahia,https://g1.globo.com/ba/bahia/noticia/2026/03/09/if-baiano-prorroga-inscricoes-para-curso-preparatorio-gratuito-para-institutos-federais.ghtml,Ensino,Imprensa (Nacional),Reitoria (Salvador),curadoria_dicom,correta
2026-03-09,Partiu IF 2026,Panorama da Bahia,https://panoramadabahia.com.br/if-baiano-prorroga-inscricoes-de-curso-preparatorio-gratuito-ate-sexta-13/,Ensino,Imprensa Local,Reitoria (Salvador),curadoria_dicom,correta
2026-03-09,Partiu IF 2026,Pimenta Blog,https://pimenta.blog.br/2026/03/09/com-vagas-em-urucuca-if-baiano-prorroga-inscricoes-para-curso-preparatorio/,Ensino,Imprensa Local,Reitoria (Salvador),curadoria_dicom,correta
2026-03-09,Partiu IF 2026,Se ligue Bahia,https://seliguebahia.com.br/bahia/if-baiano-prorroga-inscricoes-para-curso-preparatorio-gratuito/,Ensino,Imprensa Local,Reitoria (Salvador),curadoria_dicom,correta
2026-03-09,IF Baiano prorroga inscrições para curso preparatório gratuito aos IFs - iBahia,iBahia,https://www.ibahia.com/noticias/educacao/if-baiano-prorroga-inscricoes-para-curso-preparatorio-gratuito-aos-ifs-363107,Ensino,Imprensa Regional (Bahia),Geral / Não Especificado,busca_automatica,correta
2026-03-09,Partiu IF 2026,iBahia,https://www.ibahia.com/noticias/educacao/if-baiano-prorroga-inscricoes-para-curso-preparatorio-gratuito-aos-ifs-363107?_=amp,Ensino,Imprensa Regional (Bahia),Reitoria (Salvador),curadoria_dicom,correta
2026-03-09,Partiu IF 2026,Folha do Estado,https://www.jornalfolhadoestado.com/educacao/if-baiano-prorroga-inscricoes-do-programa-partiu-if-ate-13-de-marco,Ensino,Imprensa (Nacional),Reitoria (Salvador),curadoria_dicom,correta
2026-03-09,Partiu IF 2026,Política in rosa,https://www.politicainrosa.com.br/tag/programa-partiu-if/,Ensino,Imprensa Local,Reitoria (Salvador),curadoria_dicom,correta
2026-03-07,Partiu IF 2026,Sua Cidade em revista,https://suacidadeemrevista.com.br/noticia/47381/cursos-tecnicos-do-if-baiano-com-inscricoes-abertas-em-marco-em-5-unidades-itaberaba-catu-alagoinhas-teixeira-de-freitas-e-serrinha,Ensino,Imprensa Local,Reitoria (Salvador),curadoria_dicom,correta
2026-03-06,Prosel cursos EaD,Alerta Bahia,https://alertabahia.com.br/parceria-entre-prefeitura-de-iuiu-e-if-baiano-abre-vaga-para-cursos-de-formacao-tecnica-gratuita/,Ensino,Imprensa Local,Guanambi,curadoria_dicom,correta
2026-03-06,Sistema Integrado de Regulação e Urgência em Saúde - SIRUS,Sertão Hoje,https://www.sertaohoje.com.br/noticias/23188-2026/03/06/sistema-desenvolvido-pelo-if-baiano-moderniza-regulacao-medica-do-samu-em-guanambi,Institucional,Imprensa Local,Guanambi,curadoria_dicom,correta
2026-03-05,Sistema Integrado de Regulação e Urgência em Saúde - SIRUS,HR Bahia,https://hrba.com.br/samu-de-guanambi-comeca-a-utilizar-sistema-criado-pelo-if-baiano-para-tornar-o-atendimento-mais-rapido-e-digitalizado/,Institucional,Imprensa Local,Guanambi,curadoria_dicom,correta
2026-03-05,Apoio para Expedição científica,Luciano Reis Notícias,https://www.lucianoreisnoticias.com.br/2026/03/05/estudantes-do-if-baiano-buscam-apoio-para-expedicao-cientifica-na-argentina/,Pesquisa,Imprensa Local,Alagoinhas,curadoria_dicom,correta
2026-03-02,Partiu IF,Baixo Sul em pauta,https://baixosulempauta.com.br/if-baiano-abre-selecao-para-contratar-apoio-pedagogico-no-programa-partiu-if-2026/,Ensino,Imprensa Local,Reitoria (Salvador),curadoria_dicom,correta
2026-03-01,IF Baiano abre vagas para professores substitutos em Valença - iBahia,iBahia,https://www.ibahia.com/empregos-e-concursos/if-baiano-abre-vagas-para-professores-substitutos-em-valenca,Gestão e RH,Imprensa Regional (Bahia),Valença,busca_automatica,correta
2026-02-28,Partiu IF 2026,Bahia na Política,https://bahianapolitica.com.br/inscricoes-prorrogadas-ate-6-de-marco-para-o-programa-partiu-if/,Ensino,Imprensa Local,Reitoria (Salvador),curadoria_dicom,correta
2026-02-28,Partiu IF 2026,FM News,https://fmnews.com.br/2026/02/28/if-baiano-esta-com-inscricoes-abertas-para-cursinho-preparatorio-com-bolsa-auxilio-mensal/,Ensino,Imprensa Local,Reitoria (Salvador),curadoria_dicom,correta
2026-02-28,Partiu IF 2026,Acorda Cidade,https://www.acordacidade.com.br/educacao/inscricoes-prorrogadas-ate-6-de-marco-para-o-programa-partiu-if/,Ensino,Imprensa Regional (Bahia),Reitoria (Salvador),curadoria_dicom,correta
2026-02-28,Partiu IF 2026,TV ALBA,https://www.youtube.com/watch?v=94Yqj580D1E,Ensino,Imprensa Local,Reitoria (Salvador),curadoria_dicom,correta
2026-02-26,Partiu IF 2026,Agência DC,https://agenciadc.com/if-baiano-abre-560-vagas-para-o-partiu-if-2026-com-bolsa-auxilio-mensal-2/,Ensino,Imprensa Local,Reitoria (Salvador),curadoria_dicom,correta
2026-02-26,Partil IF 2026,Bahia Cotidiano,https://bahiacotidiano.com/1203/if-baiano-disponibiliza-560-vagas-e-bolsa-auxilio-para-o-programa-partiu-2026/49/,Institucional,Imprensa Local,Reitoria (Salvador),curadoria_dicom,correta
2026-02-26,Partil IF 2026,Cerrado em Foco,https://cerradoemfoco.com.br/2026/02/26/if-baiano-abre-inscricoes-para-560-vagas-em-curso-preparatorio-gratuito-para-institutos-federais/,Institucional,Imprensa Local,Reitoria (Salvador),curadoria_dicom,correta
2026-02-26,Partiu IF 2026,Ipirá City,https://ipiracity.com/if-baiano-oferta-560-vagas-distribuidas-em-14-campi-em-municipios-baianos/,Ensino,Imprensa Local,Reitoria (Salvador),curadoria_dicom,correta
2026-02-26,Partiu IF 2026,Fala Você Notícias,https://www.falavoce.com.br/noticias/4606-2026/02/26/instituto-federal-baiano-abre-560-vagas-em-cursinho-gratuito-para-institutos-federais,Ensino,Imprensa Local,Reitoria (Salvador),curadoria_dicom,correta
2026-02-25,Partiu IF 2026,Aratu On,https://aratuon.com.br/educacao/if-baiano-oferece-560-vagas-com-bolsa-de-r-1-600-para-alunos-confira/,Ensino,Imprensa Regional (Bahia),Reitoria (Salvador),curadoria_dicom,correta
2026-02-25,Partiu IF 2026,A Tarde,https://atarde.com.br/educacao/if-baiano-abre-vagas-para-curso-preparatorio-gratis-com-bolsa-auxilio-1380838,Ensino,Imprensa Regional (Bahia),Reitoria (Salvador),curadoria_dicom,correta
2026-02-25,Partiu IF 2026,Bahia Econômica,https://bahiaeconomica.com.br/wp/2026/02/25/if-baiano-abre-560-vagas-para-curso-preparatorio-gratuito-do-partiu-if-na-bahia/,Ensino,Imprensa Local,Reitoria (Salvador),curadoria_dicom,correta
2026-02-25,Partiu IF 2026,Bahia na Política,https://bahianapolitica.com.br/if-baiano-esta-com-inscricoes-abertas-para-cursinho-preparatorio-com-bolsa-auxilio-mensal/,Ensino,Imprensa Local,Reitoria (Salvador),curadoria_dicom,correta
2026-02-25,Partiu IF 2026,Campo Formoso Notícias,https://campoformosonoticias.com.br/2026/02/if-baiano-abre-560-vagas-para-curso-preparatorio-gratuito-com-bolsa-auxilio-de-r-16-mil/,Ensino,Imprensa Local,Reitoria (Salvador),curadoria_dicom,correta
2026-02-25,Partiu IF 2026,Cleriston Silva,https://cleristonsilva.com/index.php?id_navegue=2&id_blog=32033,Ensino,Imprensa Local,Reitoria (Salvador),curadoria_dicom,correta
2026-02-25,Partiu IF 2026,Conectado News,https://conectadonews.com.br/if-baiano-esta-com-inscricoes-abertas-para-cursinho-preparatorio-com-bolsa-auxilio-mensal/,Ensino,Imprensa Local,Reitoria (Salvador),curadoria_dicom,correta
2026-02-25,Partiu IF 2026,Diário do Estado,https://diariodoestadogo.com.br/inscricoes-abertas-if-baiano-oferece-560-vagas-em-curso-preparatorio-partiu-de-na-bahia-624962/,Ensino,Imprensa Local,Reitoria (Salvador),curadoria_dicom,correta
2026-02-25,IF Baiano abre inscrições para 560 vagas em curso preparatório gratuito para institutos federais,G1,https://g1.globo.com/ba/bahia/blogdoemprego/noticia/2026/02/25/if-baiano-abre-inscricoes-para-vagas-em-curso-preparatorio-gratuito-para-institutos-federais.ghtml,Gestão e RH,Imprensa (Nacional),Geral / Não Especificado,busca_automatica,correta
2026-02-25,Partiu IF 2026,G1,https://g1.globo.com/ba/bahia/videos-jornal-da-manha/video/if-baiano-abre-inscricoes-para-560-vagas-em-curso-preparatorio-gratuito-14377372.ghtml,Ensino,Imprensa (Nacional),Reitoria (Salvador),curadoria_dicom,correta
2026-02-25,Partiu IF 2026,Ipirá Notícias,https://ipiranoticias.com/bahia/118069/if-baiano-abre-560-vagas-para-o-partiu-if-2026-com-bolsa-auxilio-mensal/,Ensino,Imprensa Local,Reitoria (Salvador),curadoria_dicom,correta
2026-02-25,Partiu IF 2026,Jequié Repórter,https://jequiereporter.com/if-baiano-abre-40-vagas-em-curso-preparatoria-para-ensino-profissional/,Ensino,Imprensa Local,Reitoria (Salvador),curadoria_dicom,correta
2026-02-25,Partiu IF 2026,Notícias da Bahia,https://noticiasdabahia.com.br/curso-gratuito-if-baiano-abre-560-vagas-com-bolsa-auxilio/,Ensino,Imprensa Local,Reitoria (Salvador),curadoria_dicom,correta
2026-02-25,Partiu IF 2026,Panorama da Bahia,https://panoramadabahia.com.br/if-baiano-oferece-560-vagas-em-curso-gratuito-com-bolsa-de-r-16-mil/,Ensino,Imprensa Local,Reitoria (Salvador),curadoria_dicom,correta
2026-02-25,Partiu IF 2026,Pimenta Blog,https://pimenta.blog.br/2026/02/25/urucuca-if-baiano-abre-40-vagas-em-curso-preparatorio-para-ensino-profissional/,Ensino,Imprensa Local,Reitoria (Salvador),curadoria_dicom,correta
2026-02-25,Partiu IF 2026,Portal Aílton Pimentel,https://portalailtonpimentel.com/if-baiano-abre-560-vagas-para-curso-preparatorio-gratuito-do-partiu-if-na-bahia/,Ensino,Imprensa Local,Reitoria (Salvador),curadoria_dicom,correta
2026-02-25,Partiu IF 2026,Portal Espaço Aberto,https://portalespacoaberto.com.br/if-baiano-abre-560-vagas-para-o-partiu-if-2026-com-bolsa-auxilio-mensal/,Ensino,Imprensa Local,Reitoria (Salvador),curadoria_dicom,correta
2026-02-25,Partiu IF 2026,Portal Umbu,https://portalumbu.com.br/if-baiano-abre-inscricoes-para-cursinho-preparatorio-gratuito/,Ensino,Imprensa Local,Reitoria (Salvador),curadoria_dicom,correta
2026-02-25,Partiu IF 2026,Siga a Notícia,https://sigaanoticia.com.br/if-baiano-abre-vagas-em-teixeira-de-freitas-para-curso-preparatorio-gratuito-com-bolsa-auxilio/,Ensino,Imprensa Local,Reitoria (Salvador),curadoria_dicom,correta
2026-02-25,Partiu IF 2026,Taktá no ar,https://takta.com.br/municipios/if-baiano-abre-560-vagas-para-curso-preparatorio-gratuito-na-bahia/,Ensino,Imprensa Local,Reitoria (Salvador),curadoria_dicom,correta
2026-02-25,IF Baiano abre inscrições para o Partiu IF 2026 com 560 vagas além de bolsa-auxílio,Acorda Cidade,https://www.acordacidade.com.br/educacao/if-baiano-abre-inscricoes-para-o-partiu-if-2026-com-560-vagas-alem-de-bolsa-auxilio/,Gestão e RH,Imprensa Regional (Bahia),Geral / Não Especificado,busca_automatica,correta
2026-02-25,Partiu IF 2026,Bahia Notícias,https://www.bnews.com.br/noticias/economia-e-mercado/if-baiano-esta-com-vagas-abertas-para-curso-preparatorio-alunos-ganham-auxilio-para-custear-transporte-e-alimentacao.html,Ensino,Imprensa Regional (Bahia),Reitoria (Salvador),curadoria_dicom,correta
2026-02-25,Partiu IF 2026,Notícias da Lapa,https://www.bomjesusdalapanoticias.com.br/bom-jesus-da-lapa/if-baiano-abre-vagas-do-partiu-if-e-oferta-40-oportunidades-em-bom-jesus-da-lapa/,Ensino,Imprensa Local,Reitoria (Salvador),curadoria_dicom,correta
2026-02-25,Partiu IF 2026,Contas FM,https://www.contasfm.com.br/if-baiano-abre-560-vagas-gratuitas-em-curso-preparatoria-para-ensino-profissional/,Ensino,Imprensa Local,Reitoria (Salvador),curadoria_dicom,correta
2026-02-25,Partiu IF 2026,Correio,https://www.correio24horas.com.br/minha-bahia/if-baiano-abre-560-vagas-para-curso-preparatorio-gratuito-com-bolsa-auxilio-de-r-16-mil-0226,Ensino,Imprensa Regional (Bahia),Reitoria (Salvador),curadoria_dicom,correta
2026-02-25,Partiu IF 2026,Mídia Recôncavo,https://www.midiareconcavo.com.br/destaque/107687/if-baiano-abre-inscricoes-para-560-vagas-em-curso-preparatorio-gratuito-para-institutos-federais/,Ensino,Imprensa Local,Reitoria (Salvador),curadoria_dicom,correta
2026-02-24,SNCT,G1,https://g1.globo.com/ba/feira-de-santana-regiao/noticia/2026/02/24/semana-de-ciencia-e-tecnologia-em-alagoinhas.ghtml,Institucional,Imprensa (Nacional),Alagoinhas,curadoria_dicom,correta
2026-02-24,IF Baiano está com inscrições abertas para cursinho com bolsa-auxílio,Tribuna da Bahia,https://www.trbn.com.br/materia/I149430/if-baiano-esta-com-inscricoes-abertas-para-cursinho-com-bolsa-auxilio-,Ensino,Imprensa Regional (Bahia),Geral / Não Especificado,busca_automatica,correta
2026-02-23,IF Baiano Alagoinhas realiza Semana Nacional de Ciência e Tecnologia de 24 a 27 de fevereiro,ba.gov.br,http://www.ba.gov.br/secti/noticias/2026-02/2866/if-baiano-alagoinhas-realiza-semana-nacional-de-ciencia-e-tecnologia-de-24-27,Pesquisa,Governamental,Alagoinhas,curadoria_dicom,correta
2026-02-23,SNCT,Portal do Governo da Bahia,https://www.ba.gov.br/secti/noticias/2026-02/2866/if-baiano-alagoinhas-realiza-semana-nacional-de-ciencia-e-tecnologia-de-24-27,Institucional,Governamental,Alagoinhas,curadoria_dicom,correta
2026-02-23,Cursos subsequentes ead,Portal Alerta,https://www.portalalerta.com.br/index.php/2026/02/24/vagas-limitadas-if-baiano-abre-nova-turma-do-curso-tecnico-em-vendas-para-ribeira-do-pombal/,Ensino,Imprensa Local,Serrinha,curadoria_dicom,correta
2026-02-23,Partiu IF 2026,Sul Bahia News,https://www.sulbahianews.com.br/if-baiano-abre-selecao-do-programa-partiuif-com-bolsas-mensais/,Ensino,Imprensa Local,Reitoria (Salvador),curadoria_dicom,correta
2026-02-21,Prosel cursos Ead,Prefeitura de Ribeira do Pombal,https://ribeiradopombal.ba.gov.br/2026/02/21/vagas-limitadas-if-baiano-abre-nova-turma-do-curso-tecnico-em-vendas-para-ribeira-do-pombal/,Ensino,Governamental,Ribeira do Pombal,curadoria_dicom,correta
2026-02-20,Partiu IF,Agência Sertão,https://agenciasertao.com/2026/02/20/if-baiano-inscreve-ate-dia-28-para-560-vagas-no-partiuif-em-14-cidades/,Ensino,Imprensa Local,Reitoria (Salvador),curadoria_dicom,correta
2026-02-15,SNCT,TV Cacau,https://www.tvcacau.com.br/noticia/snct-alagoinhas-aposta-em-programacao-noturna-com-ciencia-inovacao-e-empreendedorismo,Institucional,Imprensa Local,Alagoinhas,curadoria_dicom,correta
2026-02-09,Concursos no nordeste,NE9,https://ne9.com.br/nordeste-tem-mais-de-9-300-vagas-em-concursos-publicos/,Gestão e RH,Imprensa Local,Reitoria (Salvador),curadoria_dicom,correta
2026-02-07,Visita do MEC,Blog do Eloilton Cajuhy,https://blogdoeloiltoncajuhy.com.br/site/mec-se-reune-com-estudantes-e-gestores-do-if-baiano/,Institucional,Imprensa Local,Reitoria (Salvador),curadoria_dicom,correta
2026-02-07,Projeto Manoel Quirino,Cacau e chocolate,https://www.cacauechocolate.com.br/v1/2026/02/07/almadina-recebe-autoridades-estaduais-e-federais-para-lancamento-do-projeto-manoel-quirino-e-anuncio-do-4o-encontro-nacional-do-projeto-cacau-500/,Extensão,Imprensa Local,Uruçuca,curadoria_dicom,correta
2026-02-06,Jornada Pedagógica,Atualiza Bahia,https://atualizabahia.com.br/pre-jornada-pedagogica-2026-prefeitura-de-valenca-inicia-com-foco-na-equidade-e-inclusao/,Extensão,Imprensa Local,Valença,curadoria_dicom,correta
2026-02-06,Jornada Pedagógica,Classe Política,https://classepolitica.com.br/noticia/prefeitura-de-valenca-inicia-pre-jornada-pedagogica-2026-com-foco-na-equidade-e-inclusao,Extensão,Imprensa Local,Valença,curadoria_dicom,correta
2026-02-06,Visita do MEC,Novidades MT,https://novidadesmt.com.br/educacao/mec-se-reune-com-estudantes-e-gestores-do-if-baiano/,Institucional,Imprensa Local,Reitoria (Salvador),curadoria_dicom,correta
2026-02-06,Visita do MEC,Radar Digital Brasília,https://radardigitalbrasilia.com.br/educacao/mec-se-reune-com-estudantes-e-gestores-do-if-baiano/,Institucional,Imprensa Local,Reitoria (Salvador),curadoria_dicom,correta
2026-02-06,Visita do MEC,Portal do Governo Federal,https://www.gov.br/mec/pt-br/assuntos/noticias/2026/fevereiro/mec-se-reune-com-estudantes-e-gestores-do-if-baiano,Institucional,Governamental,Reitoria (Salvador),curadoria_dicom,correta
2026-02-05,Visita do MEC,Bahia.ba,https://bahia.ba/politica/camilo-santana-cumpre-agenda-em-salvador-nesta-quinta-5-para-inaugurar-obras-e-novos-campi/,Institucional,Imprensa Regional (Bahia),Reitoria (Salvador),curadoria_dicom,correta
2026-01-29,Sisu 2026,Portal PNE,https://portalpne.com/sisu-enem/ifbaiano-sisu-2026-resultado-aprovados/,Ensino,Imprensa Local,Reitoria (Salvador),curadoria_dicom,correta
2026-01-27,Partiu IF 2026,Portal Brasil,https://portalbrasil.com.br/partiu-if-2026-lista-completa-de-instituicoes-vagas-e-bolsa-de-apoio-para-estudantes-da-rede-publica/,Ensino,Imprensa Local,Reitoria (Salvador),curadoria_dicom,correta
2026-01-23,Caminhos Abertos pela Igualdade Racial,Portal do Governo Federal,https://www.gov.br/igualdaderacial/pt-br/assuntos/copy2_of_noticias/caminhos-abertos-pela-igualdade-racial-promove-encontro-de-pesquisadores-em-camacari,Institucional,Governamental,Reitoria (Salvador),curadoria_dicom,correta
2026-01-21,Sisu 2026,Ilheus 24h,https://ilheus24h.com.br/if-baiano-campus-urucuca-abre-inscricoes-para-cursos-superiores-com-vagas-pelo-sisu-2026/,Ensino,Imprensa Local,Uruçuca,curadoria_dicom,correta
2026-01-21,Sisu 2026,Info Educação,https://infoeducacao.com.br/if-baiano-campus-urucuca-abre-inscricoes-para-cursos-superiores-com-vagas-pelo-sisu-2026/,Ensino,Especializados (Nichos),Uruçuca,curadoria_dicom,correta
2026-01-20,IF Baiano – Campus Uruçuca abre inscrições para cursos superiores com vagas pelo SISU 2026,blog do gusmão,https://blogdogusmao.com.br/2026/01/20/if-baiano-campus-urucuca-abre-inscricoes-para-cursos-superiores-com-vagas-pelo-sisu-2026/,Gestão e RH,Imprensa Local,Uruçuca,busca_automatica,correta
2026-01-20,Sisu 2026,Grupo Lomes de Comunicação,https://glomes.com.br/if-baiano-amplia-oferta-de-vagas-no-sisu-em-29-cursos-presenciais/,Ensino,Imprensa Local,Reitoria (Salvador),curadoria_dicom,correta
2026-01-20,Sisu 2026,Folha do Estado,https://www.jornalfolhadoestado.com/educacao/if-baiano-amplia-oferta-de-vagas-no-sisu-em-29-cursos-presenciais,Ensino,Imprensa (Nacional),Reitoria (Salvador),curadoria_dicom,correta
2026-01-19,Sisu 2026,Muita Informação,https://muitainformacao.com.br/cidades/sisu-2026-abre-inscricoes-nesta-segunda-feira-e-oferta-mais-de-24-mil-vagas-na-bahia/,Ensino,Imprensa Local,Reitoria (Salvador),curadoria_dicom,correta
2026-01-19,Sisu 2026,Se ligue Bahia,https://seliguebahia.com.br/brasil/sisu-2026-abre-inscricoes-na-segunda-com-2748-mil-vagas-em-universidades-publicas/,Ensino,Imprensa Local,Reitoria (Salvador),curadoria_dicom,correta
2026-01-19,Notas de corte IFBAIANO SISU 2025 – Escola pública – renda – PcD,Blog do Vestibular,https://www.blogdovestibular.com/sisu/notas-de-corte-ifbaiano-sisu-2025-escola-publica-renda-pcd.html,Ensino,Especializados (Nichos),Geral / Não Especificado,busca_automatica,correta
2026-01-19,Sisu 2026,Farol da Bahia,https://www.faroldabahia.com.br/noticia/inscricoes-para-o-sisu-2026-comecam-na-segunda-feira-19-e-ofertara-quase-25-mil-vagas-na-bahia,Ensino,Imprensa Regional (Bahia),Reitoria (Salvador),curadoria_dicom,correta
2026-01-19,Projeto Uruçu na Cabruca,Tabôa,https://www.taboa.org.br/a-taboa/noticias/496-meliponicultura-lancados-novos-videos-sobre-manejo-de-urucu-amarela,Extensão,Imprensa Local,Uruçuca,curadoria_dicom,correta
2026-01-19,Sisu 2026,Tribuna da Bahia,https://www.trbn.com.br/materia/I147008/sisu-2026-veja-cursos-e-vagas-do-if-baiano,Ensino,Imprensa Regional (Bahia),Reitoria (Salvador),curadoria_dicom,correta
2026-01-18,Guanambi tem 273 vagas em cursos superiores pelo Sisu no IF Baiano e na Uneb,Agência Sertão,https://agenciasertao.com/2026/01/18/guanambi-tem-273-vagas-em-cursos-superiores-pelo-sisu-no-if-baiano-e-na-uneb/,Gestão e RH,Imprensa Local,Guanambi,busca_automatica,correta
2026-01-18,Notas de corte – IFBAIANO/SISU 2025 – Ampla Concorrência,Blog do Vestibular,https://www.blogdovestibular.com/sisu/notas-de-corte-ifbaiano-sisu-2025-ampla-concorrencia.html,Ensino,Especializados (Nichos),Geral / Não Especificado,busca_automatica,correta
2026-01-16,Sisu 2026,CN1,"https://www.cn1.com.br/noticias/13/139051,quase-25-mil-vagas-do-sisu-2026-estao-disponiveis-nas-universidades-baianas",Ensino,Imprensa Local,Reitoria (Salvador),curadoria_dicom,correta
2026-01-15,IF Baiano oferta 190 vagas no SiSU 2026 para cursos de graduação no Campus Guanambi,Agência Sertão,https://agenciasertao.com/2026/01/15/if-baiano-oferta-190-vagas-no-sisu-2026-para-cursos-de-graduacao-no-campus-guanambi/,Gestão e RH,Imprensa Local,Guanambi,busca_automatica,correta
2026-01-15,Instituto Federal Baiano abre processo seletivo com 1 vaga em Serrinha BA,Folha Dirigida,https://folha.qconcursos.com/n/instituto-federal-baiano-abre-processo-seletivo-com-1-vaga-em-serrinha-ba,Gestão e RH,Imprensa (Nacional),Serrinha,busca_automatica,correta
2026-01-15,Campus do IF Baiano de Bom Jesus da Lapa abre 45 vagas para os cursos de Engenharia Agronômica e Gestão da Tecnologia da Informação,Notícias da Lapa,https://www.bomjesusdalapanoticias.com.br/bom-jesus-da-lapa/campus-do-if-baiano-de-bom-jesus-da-lapa-abre-45-vagas-para-os-cursos-de-engenharia-agronomica-e-gestao-da-tecnologia-da-informacao/,Gestão e RH,Imprensa Local,Bom Jesus da Lapa,busca_automatica,correta
2026-01-14,Prosel vagas remanescentes,Pimenta Blog,https://pimenta.blog.br/2026/01/14/if-baiano-abre-inscricoes-em-processo-seletivo-para-cursos-tecnicos-no-sul-da-bahia/,Gestão e RH,Imprensa Local,Uruçuca,curadoria_dicom,correta
2026-01-14,IF Baiano lança novo Processo Seletivo no Campus Serrinha,PCI Concursos,https://www.pciconcursos.com.br/noticias/if-baiano-lanca-novo-processo-seletivo-no-campus-serrinha,Gestão e RH,Especializados (Nichos),Serrinha,busca_automatica,correta
2026-01-13,Sisu 2026,CNN Brasil,https://www.cnnbrasil.com.br/educacao/sisu-2026-mec-divulga-numero-de-vagas-por-estado-confira-lista/,Ensino,Imprensa (Nacional),Reitoria (Salvador),curadoria_dicom,correta
2026-01-13,Seleção tradutor de libras,Librasol,https://www.librasol.com.br/if-baiano-abre-seletivo-para-tradutor-e-interprete-de-libras-com-salario-de-r-49-mil/,Gestão e RH,Imprensa Local,Valença,curadoria_dicom,correta
2026-01-12,Concurso professor substituto,Concursos no Brasil,https://concursosnobrasil.com/concursos/ba/2026/01/12/if-baiano-abre-seletivo-para-tradutor-e-interprete-de-libras-com-salario-de-r-49-mil/,Gestão e RH,Especializados (Nichos),Valença,curadoria_dicom,correta
2026-01-09,Visita técnica do MEC,Pombal Notícias,https://pombalnoticias.com.br/2026/01/09/visita-tecnica-do-mec-marca-avanco-para-implantacao-do-if-baiano-em-ribeira-do-pombal/,Institucional,Imprensa Local,Ribeira do Pombal,curadoria_dicom,correta
2026-01-08,Concurso IF Baiano Teixeira de Freitas BA: 1 vaga para professor substituto,Folha Dirigida,https://folha.qconcursos.com/n/if-baiano-lanca-edital-de-processo-seletivo-para-o-campus-de-teixeira-de-freitas,Gestão e RH,Imprensa (Nacional),Teixeira de Freitas,busca_automatica,correta
2026-01-08,Concurso IF Baiano Valença BA abre 1 vaga para tradutor de Libras,Folha Dirigida,https://folha.qconcursos.com/n/if-baiano-lanca-edital-de-processo-seletivo-para-o-campus-de-valenca,Gestão e RH,Imprensa (Nacional),Valença,busca_automatica,correta
2026-01-08,Visita técnica do MEC marca avanço para implantação do IF Baiano em Ribeira do Pombal,Prefeitura de Ribeira do Pombal,https://ribeiradopombal.ba.gov.br/2026/01/08/visita-tecnica-do-mec-marca-avanco-para-implantacao-do-if-baiano-em-ribeira-do-pombal/,Institucional,Governamental,Ribeira do Pombal,busca_automatica,correta
2026-01-08,IF Baiano lança edital de Processo Seletivo para o campus de Teixeira de Freitas,PCI Concursos,https://www.pciconcursos.com.br/noticias/if-baiano-lanca-edital-de-processo-seletivo-para-o-campus-de-teixeira-de-freitas,Gestão e RH,Especializados (Nichos),Teixeira de Freitas,busca_automatica,correta
2026-01-07,IF Baiano abriu processos seletivos para professores em três cidades,Agência Sertão,https://agenciasertao.com/2026/01/07/if-baiano-abriu-processos-seletivos-para-professores-em-tres-cidades/,Gestão e RH,Imprensa Local,Geral / Não Especificado,busca_automatica,correta
2026-01-07,IF Baiano abre vaga para Técnico em Libras em Valença,Ache Concursos,https://www.acheconcursos.com.br/concursos-bahia/processo-seletivo-if-baiano-abre-vaga-tecnico-libras-valenca-86842,Gestão e RH,Especializados (Nichos),Valença,busca_automatica,correta
2026-01-07,"IFBAIANO abre concurso com 1 vaga; salário chega a R$ 4.967,04",O TEMPO,https://www.otempo.com.br/emprego-e-concursos/2026/1/7/ifbaiano-abre-concurso-com-1-vaga-salario-chega-a-r-496704,Gestão e RH,Imprensa (Nacional),Geral / Não Especificado,busca_automatica,correta
2026-01-07,IF Baiano lança edital de Processo Seletivo para o campus de Valença,PCI Concursos,https://www.pciconcursos.com.br/noticias/if-baiano-lanca-edital-de-processo-seletivo-para-o-campus-de-valenca,Gestão e RH,Especializados (Nichos),Valença,busca_automatica,correta
2026-01-06,Seleção professor substituto,QConcursos,https://folha.qconcursos.com/n/if-baiano-abre-processo-seletivo-para-professor-substituto-de-sociologia-no-campus-catu,Gestão e RH,Especializados (Nichos),Catu,curadoria_dicom,correta
2026-01-06,Concurso IF Baiano Santa Inês BA: 1 vaga professor substituto Artes,Folha Dirigida,https://folha.qconcursos.com/n/if-baiano-publica-edital-de-processo-seletivo-para-o-campus-de-santa-ines,Gestão e RH,Imprensa (Nacional),Santa Inês,busca_automatica,correta
2026-01-06,IF Baiano abre vagas para Professor de Arte,Ache Concursos,https://www.acheconcursos.com.br/concursos-bahia/processo-seletivo-if-baiano-abre-vagas-professor-arte-86808,Gestão e RH,Especializados (Nichos),Geral / Não Especificado,busca_automatica,correta
2026-01-06,Concurso professor substituto,O Tempo,https://www.otempo.com.br/emprego-e-concursos/2026/1/6/ifbaiano-abre-concurso-para-professor-com-salarios-de-ate-r-805829-saiba-como-se-inscrever,Gestão e RH,Imprensa (Nacional),Santa Inês,curadoria_dicom,correta
2026-01-06,IF Baiano abre Processo Seletivo para Professor Substituto de Sociologia no Campus Catu,PCI Concursos,https://www.pciconcursos.com.br/noticias/if-baiano-abre-processo-seletivo-para-professor-substituto-de-sociologia-no-campus-catu,Gestão e RH,Especializados (Nichos),Catu,busca_automatica,correta
2026-01-06,IF Baiano publica edital de Processo Seletivo para o campus de Santa Inês,PCI Concursos,https://www.pciconcursos.com.br/noticias/if-baiano-publica-edital-de-processo-seletivo-para-o-campus-de-santa-ines,Gestão e RH,Especializados (Nichos),Santa Inês,busca_automatica,correta
2026-01-01,Apoio para Expedição científica,News Infoco,https://newsinfoco.com.br/inicio/estudantes-do-if-baiano-buscam-apoio-para-expedicao-cientifica-na-argentina/,Pesquisa,Imprensa Local,Alagoinhas,curadoria_dicom,correta
2026-01-01,IF Baiano inicia atividades acadêmicas em Santo Estêvão ...,https://www.threads.com/@jornalgrandebahia/post/Dd64DWNoK7-/if-baiano-inicia-atividades-academicas-em-santo-estevao-com-curso-de/,https://www.threads.com/@jornalgrandebahia/post/Dd64DWNoK7-/if-baiano-inicia-atividades-academicas-em-santo-estevao-com-curso-de/,Institucional,Especializados (Nichos),Santo Estêvão,busca_automatica,correta
2025-12-29,minidocumentário - Institutos Federais,Portal do IFTM,https://iftm.edu.br/noticias/2025/12/29/em-celebracao-a-data-de-instituicao-da-rede-federal-de-epct-conif-lanca-documentario,Institucional,Imprensa Local,Reitoria (Salvador),curadoria_dicom,correta
2025-12-26,ConcursoProfessor Substituto,Agência Sertão,https://agenciasertao.com/2025/12/26/processos-seletivos-do-if-baiano-ofertam-vagas-para-professores-em-duas-cidades/,Gestão e RH,Imprensa Local,Guanambi,curadoria_dicom,correta
2025-12-24,Concurso Professor Substituto,Qconcursos,https://folha.qconcursos.com/n/if-baiano-publica-edital-de-processo-seletivo-para-o-campus-de-itaberaba,Gestão e RH,Especializados (Nichos),Itaberaba,curadoria_dicom,correta
2025-12-24,ConcursoProfessorSubstituto,Itaberaba Notícias,https://www.itaberabanoticias.com.br/emprego/if-baiano-publica-edital-de-processo-seletivo-para-o-campus-de-itaberaba,Gestão e RH,Imprensa Local,Itaberaba,curadoria_dicom,correta
2025-12-24,Concurso Professor Substituto,O Tempo,https://www.otempo.com.br/emprego-e-concursos/2025/12/24/concurso-ifbaiano-inscricoes-para-professor-ate-no-proximo-domingo-28-salarios-ate-r-805829,Gestão e RH,Imprensa (Nacional),Itaberaba,curadoria_dicom,correta
2025-12-24,Concurso Professor Substituto,Pci Concursos,https://www.pciconcursos.com.br/noticias/if-baiano-publica-edital-de-processo-seletivo-para-o-campus-de-itaberaba,Gestão e RH,Especializados (Nichos),Itaberaba,curadoria_dicom,correta
2025-12-23,Sisu,Forte na Notícia,https://fortenanoticia.com.br/if-baiano-ira-ofertar-mais-de-mil-vagas-em-cursos-superiores-pelo-sisu/,Ensino,Imprensa Local,Reitoria (Salvador),curadoria_dicom,correta
2025-12-23,Sisu,Acorda Cidade,https://www.acordacidade.com.br/educacao/if-baiano-ira-ofertar-mais-de-mil-vagas-em-cursos-superiores-pelo-sisu/,Ensino,Imprensa Regional (Bahia),Reitoria (Salvador),curadoria_dicom,correta
2025-12-22,ConcursoProfessorSubstituto,Agência Sertão,https://agenciasertao.com/2025/12/22/if-baiano-abre-selecao-para-professor-substituto-em-guanambi-3/,Gestão e RH,Imprensa Local,Guanambi,curadoria_dicom,correta
2025-12-22,Concurso professor substituto,Portal NE9,https://ne9.com.br/nordeste-tem-quase-4-mil-vagas-em-concursos-com-inscricoes-abertas/,Gestão e RH,Imprensa Local,Reitoria (Salvador),curadoria_dicom,correta
2025-12-22,Evento da prefeitura de Valença,valencaagora.com,https://valencaagora.com/com-foco-no-fortalecimento-rural-secretaria-de-agricultura-de-valenca-apresenta-balanco-das-acoes/,Extensão,Imprensa Local,Valença,curadoria_dicom,correta
2025-12-18,Sisu 2026,Blog do Eloilton Cajuhy,https://blogdoeloiltoncajuhy.com.br/site/if-baiano-de-bonfim-vai-ofertar-vagas-pelo-sisu-em-2026/,Ensino,Imprensa Local,Reitoria (Salvador),curadoria_dicom,correta
2025-12-18,Sisu 2026,Blog do Banana,https://ricardobanana.com.br/if-baiano-vai-ofertar-mais-de-mil-vagas-no-sisu-2026/,Ensino,Imprensa Local,Reitoria (Salvador),curadoria_dicom,correta
2025-12-18,Sisu 2026,Taktá no ar,https://takta.com.br/ultimas-noticias/if-baiano-oferece-1-009-vagas-em-cursos-superiores-pelo-sisu-2026/,Ensino,Imprensa Local,Reitoria (Salvador),curadoria_dicom,correta
2025-12-18,Sisu 2026,Notícias da Lapa,https://www.bomjesusdalapanoticias.com.br/bom-jesus-da-lapa/if-baiano-vai-ofertar-mais-de-mil-vagas-pelo-sisu-2026-em-bom-jesus-da-lapa-e-outras-10-cidades-da-bahia/,Ensino,Imprensa Local,Reitoria (Salvador),curadoria_dicom,correta
2025-12-18,Sisu 2026,Correio,https://www.correio24horas.com.br/minha-bahia/if-baiano-abre-mais-de-mil-vagas-em-cursos-superiores-pelo-sisu-saiba-como-se-candidatar-1225,Ensino,Imprensa Regional (Bahia),Reitoria (Salvador),curadoria_dicom,correta
2025-12-18,Sisu 2026,Fala você,https://www.falavoce.com.br/noticias/3317-2025/12/18/if-baiano-oferece-mais-de-mil-vagas-pelo-sisu-2026-inclusive-em-guanambi,Ensino,Imprensa Local,Reitoria (Salvador),curadoria_dicom,correta
2025-12-17,Sisu 2026,A Noticia do Vale,https://anoticiadovale.com/2025/12/17/if-baiano-ira-ofertar-mais-de-mil-vagas-em-cursos-superiores-pelo-sisu/,Ensino,Imprensa Local,Reitoria (Salvador),curadoria_dicom,correta
2025-12-17,Sisu 2026,A tarde,https://atarde.com.br/concursos/if-baiano-abre-inscricoes-para-mais-de-mil-vagas-pelo-sisu-em-2026-1372745,Ensino,Imprensa Regional (Bahia),Reitoria (Salvador),curadoria_dicom,correta
2025-12-17,Sisu 2026,Blog do Valente,https://blogdovalente.com.br/destaque/2025/12/if-baiano-oferta-mais-de-mil-vagas-pelo-sisu-para-ingresso-em-2026/,Ensino,Imprensa Local,Reitoria (Salvador),curadoria_dicom,correta
2025-12-17,Sisu 2026,Daily Nerd,https://dailynerd.com.br/noticias/if-baiano-oferecera-mais-de-mil-vagas-pelo-sisu-em-2026-confira-a-cidade/338454/,Ensino,Imprensa Local,Reitoria (Salvador),curadoria_dicom,correta
2025-12-17,Sisu 2026,G1,https://g1.globo.com/ba/bahia/noticia/2025/12/17/vagas-if-baiano-sisu.ghtml,Ensino,Imprensa (Nacional),Reitoria (Salvador),curadoria_dicom,correta
2025-12-17,Sisu 2026,Grupo Lomes de Comunicação,https://glomes.com.br/if-baiano-vai-ofertar-mais-de-mil-vagas-pelo-sisu-em-2026-confira-cidades/,Ensino,Imprensa Local,Reitoria (Salvador),curadoria_dicom,correta
2025-12-17,Sisu 2026,T Notícias,https://glomes.com.br/if-baiano-vai-ofertar-mais-de-mil-vagas-pelo-sisu-em-2026-confira-cidades/?b=21,Ensino,Imprensa Local,Reitoria (Salvador),curadoria_dicom,correta
2025-12-17,Sisu 2026,InfoSaj,https://infosaj.com.br/if-baiano-vai-ofertar-mais-de-mil-vagas-pelo-sisu-em-2026-oportunidades-sao-para-cidades-do-interior-da-bahia/,Ensino,Imprensa Local,Reitoria (Salvador),curadoria_dicom,correta
2025-12-17,Sisu 2026,Itamaraju Notícias,https://itamarajunoticias.com.br/editorial/bahia/if-baiano-abre-inscricoes-para-mais-de-mil-vagas-pelo-sisu-em-2026/,Ensino,Imprensa Local,Reitoria (Salvador),curadoria_dicom,correta
2025-12-17,Sisu 2026,Pimenta Blog,https://pimenta.blog.br/2025/12/17/sisu-if-baiano-vai-ofertar-mil-vagas-em-cursos-de-graduacao-em-urucuca-e-outros-10-campi/,Ensino,Imprensa Local,Reitoria (Salvador),curadoria_dicom,correta
2025-12-17,Sisu 2026,Alta Pressão Online,https://www.apo.com.br/noticia/educacao/if-baiano-ira-ofertar-mais-de-mil-vagas-em-cursos-superiores-pelo-sisu/,Ensino,Imprensa Local,Reitoria (Salvador),curadoria_dicom,correta
2025-12-17,Sisu 2026,iBahia,https://www.ibahia.com/noticias/educacao/if-baiano-vai-ofertar-mais-de-mil-vagas-pelo-sisu-em-2026-confira-349484,Ensino,Imprensa Regional (Bahia),Reitoria (Salvador),curadoria_dicom,correta
2025-12-17,Sisu 2026,Tomba FM,https://www.radiotombafmparatinga.com.br/news-if-baiano-vai-ofertar-mais-de-mil-vagas-pelo-sisu-em-2026-confira-cidades,Ensino,Imprensa Local,Reitoria (Salvador),curadoria_dicom,correta
2025-12-16,IF Baiano vai ofertar mais de mil vagas pelo Sisu em 2026; confira cidades,Mídia Externa,http://www.bing.com/news/apiclick.aspx?ref=FexRss&aid=&tid=69fb4c49b4064377b6c35f27f864062d&url=https%3a%2f%2fg1.globo.com%2fba%2fbahia%2fnoticia%2f2025%2f12%2f17%2fvagas-if-baiano-sisu.ghtml&c=7800408758524813655&mkt=en-us,Gestão e RH,Imprensa Local,Geral / Não Especificado,busca_automatica,correta
2025-12-16,Sisu 2026,iPolítica,https://ipolitica.blog.br/if-baiano-vai-ofertar-mais-de-mil-vagas-em-cursos-superiores-pelo-sisu/,Ensino,Imprensa Local,Reitoria (Salvador),curadoria_dicom,correta
2025-12-16,Sisu 2026,Relata Bahia,https://relatabahia.com.br/noticia/591/if-baiano-oferece-1-009-vagas-em-cursos-superiores-pelo-sisu-2026-inscricoes-em-janeiro/amp,Ensino,Imprensa Local,Reitoria (Salvador),curadoria_dicom,correta
2025-12-16,15 anos do Campus Lapa,Notícias da Lapa,https://www.bomjesusdalapanoticias.com.br/bom-jesus-da-lapa/164657/,Institucional,Imprensa Local,Bom Jesus da Lapa,curadoria_dicom,correta
2025-12-15,Mestrado ProfEPT,Info Educação,https://infoeducacao.com.br/profept-2026-mestrado-profissional-gratuito-em-educacao-profissional-e-tecnologica-abre-769-vagas/,Institucional,Especializados (Nichos),Catu,curadoria_dicom,correta
2025-12-15,Mestrado ProfEPT,Hora Brasil,https://www.horabrasil.com.br/2025/12/15/profept-2026-mestrado-profissional-gratuito-em-educacao-profissional-e-tecnologica-abre-769-vagas/,Institucional,Imprensa Local,Catu,curadoria_dicom,correta
2025-12-12,Novo diretor geral,Sudoeste Acontece,https://sudoesteacontece.com.br/?p=3841,Institucional,Imprensa Local,Guanambi,curadoria_dicom,correta
2025-12-11,IF Baiano abre seleção para professor substituto de Informática em Guanambi,Folha Dirigida,https://folha.qconcursos.com/n/if-baiano-publica-edital-de-processo-seletivo-para-o-campus-de-guanambi,Gestão e RH,Imprensa (Nacional),Guanambi,busca_automatica,correta
2025-12-11,Novo diretor geral,Fala você,https://www.falavoce.com.br/noticias/3221-2025/12/10/if-baiano-de-guanambi-elege-novo-diretor-ariomar-rodrigues-comemora-vitoria-e-fala-sobre-planos-para-gestao,Institucional,Imprensa Local,Guanambi,curadoria_dicom,correta
2025-12-11,IF Baiano publica edital de Processo Seletivo para o campus de Guanambi,PCI Concursos,https://www.pciconcursos.com.br/noticias/if-baiano-publica-edital-de-processo-seletivo-para-o-campus-de-guanambi,Gestão e RH,Especializados (Nichos),Guanambi,busca_automatica,correta
2025-12-11,Mestrado em ciências ambientais,Tribuna da Bahia,https://www.trbn.com.br/materia/I144578/if-baiano-lanca-edital-para-mestrado-profissional-em-ciencias-ambientais,Pesquisa,Imprensa Regional (Bahia),Reitoria (Salvador),curadoria_dicom,correta
2025-12-10,Professor Ariomar Rodrigues foi eleito diretor-geral do IF Baiano Campus Guanambi,Agência Sertão,https://agenciasertao.com/2025/12/10/professor-ariomar-rodrigues-foi-eleito-diretor-geral-do-if-baiano-campus-guanambi/,Gestão e RH,Imprensa Local,Guanambi,busca_automatica,correta
2025-12-10,Professora Ozenice Silva foi eleita nova reitora do IF Baiano,Agência Sertão,https://agenciasertao.com/2025/12/10/professora-ozenice-silva-foi-eleita-nova-reitora-do-if-baiano/,Gestão e RH,Imprensa Local,Geral / Não Especificado,busca_automatica,correta
2025-12-10,Professor substituto – Informática,A Tarde,https://atarde.com.br/concursos/instituto-abre-para-vaga-de-professor-com-salario-de-mais-de-r-8-mil-1371842,Gestão e RH,Imprensa Regional (Bahia),Guanambi,curadoria_dicom,correta
2025-12-10,Professor substituto – Informática,Concursos no Brasil,https://concursosnobrasil.com/concursos/ba/2025/12/10/if-baiano-divulga-novo-edital-com-vaga-para-profissionais-docentes/,Gestão e RH,Especializados (Nichos),Guanambi,curadoria_dicom,correta
2025-12-10,Processo Seletivo IFBAIANO abre vaga de até R$ 8.058,Ache Concursos,https://www.acheconcursos.com.br/concursos-bahia/processo-seletivo-ifbaiano-abre-vagas-guanambi-86158,Gestão e RH,Especializados (Nichos),Geral / Não Especificado,busca_automatica,correta
2025-12-05,Novo curso superior em Engenharia Florestal,A Tarde,https://atarde.com.br/fenagro/bahia-ganha-novo-curso-superior-e-reforca-metas-de-sustentabilidade-ao-lado-da-abaf-1371317,Ensino,Imprensa Regional (Bahia),Teixeira de Freitas,curadoria_dicom,correta
2025-12-05,"Concurso IFBAIANO: inscrições para professor até na próxima terça-feira (9); salários até R$ 8.058,29",O TEMPO,https://www.otempo.com.br/emprego-e-concursos/2025/12/5/concurso-ifbaiano-inscricoes-para-professor-ate-na-proxima-terca-feira-9-salarios-ate-r-805829,Gestão e RH,Imprensa (Nacional),Geral / Não Especificado,busca_automatica,correta
2025-12-04,Bioluz: projeto de estudantes,Interior da Bahia,https://interiordabahia.com.br/2025/12/04/bioluz-estudantes-de-alagoinhas-criam-prototipo-que-gera-energia-atraves-do-solo/,Ensino,Imprensa Local,Alagoinhas,curadoria_dicom,correta
2025-12-03,Medalhistas nas Olimpíadas de Ciências,Agência Sertão,https://agenciasertao.com/2025/12/03/estudantes-do-if-baiano-em-guanambi-conquistaram-medalhas-na-olimpiada-nacional-de-ciencias/,Pesquisa,Imprensa Local,Guanambi,curadoria_dicom,correta
2025-12-03,Novo curso superior em Engenharia Florestal,A Tarde,https://atarde.com.br/fenagro/abaf-anuncia-convenio-plantio-de-200-arvores-e-novos-projetos-na-fenagro-2025-1370952,Ensino,Imprensa Regional (Bahia),Teixeira de Freitas,curadoria_dicom,correta
2025-12-03,Seleção de professor substituto,QConcursos,https://folha.qconcursos.com/n/if-baiano-publica-edital-de-processo-seletivo-para-o-campus-de-teixeira-de-freitas,Gestão e RH,Especializados (Nichos),Teixeira de Freitas,curadoria_dicom,correta
2025-12-03,Professor substituto,O Tempo Concursos,https://www.otempo.com.br/emprego-e-concursos/2025/12/3/concurso-ifbaiano-inscricoes-para-professor-ate-no-proximo-domingo-7-salarios-ate-r-805829,Gestão e RH,Imprensa (Nacional),Teixeira de Freitas,curadoria_dicom,correta
2025-12-03,Seleção de professor substituto,PCI Concursos,https://www.pciconcursos.com.br/noticias/if-baiano-publica-edital-de-processo-seletivo-para-o-campus-de-teixeira-de-freitas,Gestão e RH,Especializados (Nichos),Teixeira de Freitas,curadoria_dicom,correta
2025-12-02,IF Baiano divulga edital para Professor Substituto com graduação e licenciatura,Concursos no Brasil,https://concursosnobrasil.com/concursos/ba/2025/12/02/if-baiano-divulga-edital-para-professor-substituto-com-graduacao-e-licenciatura/,Gestão e RH,Especializados (Nichos),Geral / Não Especificado,busca_automatica,correta
2025-12-02,Seleção de professor substituto,Ache Concursos,https://www.acheconcursos.com.br/concursos-bahia/processo-seletivo-ifbaiano-abre-vagas-teixeira-freitas-85932,Gestão e RH,Especializados (Nichos),Teixeira de Freitas,curadoria_dicom,correta
2025-12-02,Bioluz: projeto de estudantes,Correio,https://www.correio24horas.com.br/bahia/bioluz-estudantes-de-alagoinhas-criam-protipo-que-gera-energia-atraves-do-solo-1225,Ensino,Imprensa Regional (Bahia),Alagoinhas,curadoria_dicom,correta
2025-12-01,Eleições IF Baiano,valencaagora.com,https://valencaagora.com/diretoria-geral-do-if-baiano-campus-valenca-tem-dois-candidatos-quatro-mulheres-concorrem-a-reitoria-do-instituto/,Institucional,Imprensa Local,Valença,curadoria_dicom,correta
2025-11-29,Dois candidatos disputam direção-geral do IF Baiano em Guanambi para o período 2026–2030,Agência Sertão,https://agenciasertao.com/2025/11/29/dois-candidatos-disputam-direcao-geral-do-if-baiano-em-guanambi-para-o-periodo-2026-2030/,Institucional,Imprensa Local,Guanambi,busca_automatica,correta
2025-11-27,IF Baiano abriu processos seletivos para professores em Guanambi e Bom Jesus da Lapa,Agência Sertão,https://agenciasertao.com/2025/11/27/if-baiano-abriu-processos-seletivos-para-professores-em-guanambi-e-bom-jesus-da-lapa/,Gestão e RH,Imprensa Local,Bom Jesus da Lapa,busca_automatica,correta
2025-11-27,IF Baiano abre seleção para professores substitutos em Bom Jesus da Lapa e Guanambi,Notícias da Lapa,https://www.bomjesusdalapanoticias.com.br/bom-jesus-da-lapa/if-baiano-abre-selecao-para-professores-substitutos-em-bom-jesus-da-lapa-e-guanambi/,Gestão e RH,Imprensa Local,Bom Jesus da Lapa,busca_automatica,correta
2025-11-26,Professor Substituto,QConcursos,https://folha.qconcursos.com/n/if-baiano-abre-dois-processos-seletivos-para-professor-substituto-no-campus-guanambi,Gestão e RH,Especializados (Nichos),Guanambi,curadoria_dicom,correta
2025-11-26,IF Baiano abre seleção para Professor Substituto em Letras no Campus Bom Jesus da Lapa,Folha Dirigida,https://folha.qconcursos.com/n/if-baiano-publica-edital-de-processo-seletivo-para-o-campus-de-bom-jesus-da-lapa,Gestão e RH,Imprensa (Nacional),Bom Jesus da Lapa,busca_automatica,correta
2025-11-26,IF Baiano abre dois Processos Seletivos para Professor Substituto no Campus Guanambi,PCI Concursos,https://www.pciconcursos.com.br/noticias/if-baiano-abre-dois-processos-seletivos-para-professor-substituto-no-campus-guanambi,Gestão e RH,Especializados (Nichos),Guanambi,busca_automatica,correta
2025-11-26,Professor Substituto,PCI Concursos,https://www.pciconcursos.com.br/noticias/if-baiano-publica-edital-de-processo-seletivo-para-o-campus-de-bom-jesus-da-lapa,Gestão e RH,Especializados (Nichos),Bom Jesus da Lapa,curadoria_dicom,correta
2025-11-25,Cursos fic,Info Educação,https://infoeducacao.com.br/if-baiano-abre-vagas-em-cursos-gratuitos-de-qualificacao-profissional/,Ensino,Especializados (Nichos),Governador Mangabeira,curadoria_dicom,correta
2025-11-25,Professor substituto,Ache concursos,https://www.acheconcursos.com.br/concursos-bahia/processo-seletivo-if-baiano-abre-vagas-professor-substituto-duas-areas-85738,Gestão e RH,Especializados (Nichos),Guanambi,curadoria_dicom,correta
2025-11-25,Professor substituto,O tempo,https://www.otempo.com.br/emprego-e-concursos/2025/11/12/concurso-ifbaiano-inscricoes-para-professor-ate-no-proximo-domingo-16-salarios-ate-r-805829,Gestão e RH,Imprensa (Nacional),Geral / Não Especificado,curadoria_dicom,correta
2025-11-24,Seleção Professor Substituto,A tarde,https://atarde.com.br/concursos/if-baiano-tem-oportunidade-de-emprego-com-salario-de-mais-de-r-8-mil-1369757,Gestão e RH,Imprensa Regional (Bahia),Bom Jesus da Lapa,curadoria_dicom,correta
2025-11-24,Seleção Professor Substituto,Ache concursos,https://www.acheconcursos.com.br/concursos-bahia/processo-seletivo-if-baiano-abre-vaga-professor-substituto-bom-jesus-da-lapa-85699,Gestão e RH,Especializados (Nichos),Bom Jesus da Lapa,curadoria_dicom,correta
2025-11-24,IF Baiano divulga processo seletivo com vaga para Bom Jesus da Lapa,Notícias da Lapa,https://www.bomjesusdalapanoticias.com.br/bom-jesus-da-lapa/if-baiano-divulga-processo-seletivo-com-vaga-para-bom-jesus-da-lapa/,Gestão e RH,Imprensa Local,Bom Jesus da Lapa,busca_automatica,correta
2025-11-23,"Quer fazer um curso 100% EAD e gratuito no Instituto Federal? Vagas em informática, vendas e secretaria escolar sem prova e com seleção por ordem de inscrição no IF Baiano",CPG Click Petróleo e Gás,https://clickpetroleoegas.com.br/quer-fazer-um-curso-100-ead-e-gratuito-no-instituto-federal-vagas-em-informatica-vendas-e-secretaria-escolar-sem-prova-e-com-selecao-por-ordem-de-inscricao-no-if-baiano-afch/,Gestão e RH,Imprensa Local,Geral / Não Especificado,busca_automatica,correta
2025-11-23,IF Baiano abre inscrições para cursos técnicos EAD gratuitos em três áreas,Hora Brasil,https://www.horabrasil.com.br/2025/11/23/if-baiano-cursos-tecnicos-ead/,Ensino,Imprensa Local,Geral / Não Especificado,busca_automatica,correta
2025-11-22,Cursos EAD,Pebsp,https://www.pebsp.com/instituto-federal-anuncia-inscricoes-para-3-cursos-tecnicos-ead-gratuitos/,Ensino,Imprensa Local,Geral / Não Especificado,curadoria_dicom,correta
2025-11-17,Cursos fic,Agência Sertão,https://agenciasertao.com/2025/11/17/if-baiano-oferta-135-vagas-em-seis-cursos-de-capacitacao-no-interior-do-estado/,Ensino,Imprensa Local,Governador Mangabeira,curadoria_dicom,correta
2025-11-17,Prosel 2026,Jornal Folha do Estado,https://www.jornalfolhadoestado.com/educacao/if-baiano-segue-com-inscricoes-abertas-para-cursos-tecnicos-com-ingresso-em-2026,Ensino,Imprensa (Nacional),Reitoria (Salvador),curadoria_dicom,correta
2025-11-17,IF Baiano anuncia novos cursos e reforça expansão da educação regional em Ribeira do Pombal,Portal Alerta,https://www.portalalerta.com.br/index.php/2025/11/17/if-baiano-anuncia-novos-cursos-e-reforca-expansao-da-educacao-regional-em-ribeira-do-pombal/,Ensino,Imprensa Local,Ribeira do Pombal,busca_automatica,correta
2025-11-16,Pesquisas desertificação,Agência Sertão,https://agenciasertao.com/2025/11/16/pesquisas-mostram-avanco-da-desertificacao-em-afluente-do-rio-sao-francisco-e-testam-caminhos-para-recuperacao-ambiental/,Pesquisa,Imprensa Local,Reitoria (Salvador),curadoria_dicom,correta
2025-11-14,IF Baiano oferta vagas para curso de pós-graduação em Ensino da Matemática,Agência Sertão,https://agenciasertao.com/2025/11/14/if-baiano-oferta-vagas-para-curso-de-pos-graduacao-em-ensino-da-matematica-2/,Gestão e RH,Imprensa Local,Geral / Não Especificado,busca_automatica,correta
2025-11-12,Evento da Marinha - ARAMUSS,Tribuna da Bahia,http://trbn.com.br/materia/I142565/marinha-do-brasil-realiza-cerimonia-de-abertura-da-1a-edicao-da-aramuss-2025,Extensão,Imprensa Regional (Bahia),Reitoria (Salvador),curadoria_dicom,correta
2025-11-12,Prosel 2026,Acorda Cidade,https://www.acordacidade.com.br/bahia/if-baiano-segue-com-inscricoes-abertas-para-cursos-tecnicos-com-ingresso-em-2026/,Ensino,Imprensa Regional (Bahia),Reitoria (Salvador),curadoria_dicom,correta
2025-11-12,Evento da Marinha - ARAMUSS,Secti Bahia,https://www.ba.gov.br/secti/noticias/2025-11/2821/secti-apoia-evento-aramuss-2025-que-apresenta-tecnologias-para-seguranca-e,Extensão,Imprensa Local,Reitoria (Salvador),curadoria_dicom,correta
2025-11-12,Alagoinhas - IF Baiano segue com inscrições abertas para cursos técnicos com ingresso em 2026,Se Liga Alagoinhas,https://www.seligaalagoinhas.com.br/noticia/64589/alagoinhas-if-baiano-segue-com-inscricoes-abertas-para-cursos-tecnicos-com-ingresso-em-2026,Ensino,Imprensa Local,Alagoinhas,busca_automatica,correta
2025-11-12,IF Baiano segue com inscrições abertas para cursos técnicos com ingresso em 2026,Tribuna da Bahia,https://www.trbn.com.br/materia/I142606/if-baiano-segue-com-inscricoes-abertas-para-cursos-tecnicos-com-ingresso-em-2026,Ensino,Imprensa Regional (Bahia),Geral / Não Especificado,busca_automatica,correta
2025-11-11,Simpósio de Informática,Agência Sertão,https://agenciasertao.com/2025/11/11/palestra-sobre-inteligencia-artificial-abrira-i-simposio-de-informatica-do-if-baiano-na-camara-de-vereadores-de-guanambi/,Institucional,Imprensa Local,Guanambi,curadoria_dicom,correta
2025-11-11,Prosel 2026,A Tarde,https://atarde.com.br/salvador/if-baiano-abre-inscricoes-para-cursos-tecnicos-presenciais-e-ead-1368108,Ensino,Imprensa Regional (Bahia),Reitoria (Salvador),curadoria_dicom,correta
2025-11-11,Evento da Marinha - ARAMUSS,Bahia Econômica,https://bahiaeconomica.com.br/wp/2025/11/11/evento-da-marinha-apresenta-inovacoes-tecnologicas-aplicadas-ao-ambiente-maritimo/,Extensão,Imprensa Local,Reitoria (Salvador),curadoria_dicom,correta
2025-11-11,Evento da Marinha - ARAMUSS,Bahia Já,"https://bahiaja.com.br/tecnologia/noticia/2025/11/11/salvador-sedia-a-aramuss-evento-de-inovacao-tecnologica-para-o-mar,158682,0.html",Extensão,Imprensa Regional (Bahia),Reitoria (Salvador),curadoria_dicom,correta
2025-11-11,Prosel 2026,Portal R1,https://portalr1.com.br/if-baiano-abre-inscricoes-para-cursos-tecnicos-presenciais-e-ead/,Ensino,Imprensa Local,Reitoria (Salvador),curadoria_dicom,correta
2025-11-11,Evento da Marinha - ARAMUSS,Agência Marinha de Notícias,https://www.agencia.marinha.mil.br/defesa-naval/aramuss-2025-salvador-recebe-evento-inedito-de-tecnologia-naval,Extensão,Imprensa Local,Reitoria (Salvador),curadoria_dicom,correta
2025-11-11,Concursos no Nordeste,BNews,https://www.bnews.com.br/noticias/economia-e-mercado/concursos-no-nordeste-oferecem-salarios-que-ultrapassam-r-10-mil-veja-vagas.html,Gestão e RH,Imprensa Regional (Bahia),Reitoria (Salvador),curadoria_dicom,correta
2025-11-11,Evento da Marinha - ARAMUSS,Defesa Aérea Naval,https://www.defesaaereanaval.com.br/naval/marinha-do-brasil-realiza-cerimonia-de-abertura-da-1a-edicao-da-aramuss-2025,Extensão,Especializados (Nichos),Reitoria (Salvador),curadoria_dicom,correta
2025-11-11,Evento da Marinha - ARAMUSS,Defesa Em Foco,https://www.defesaemfoco.com.br/marinha-do-brasil-lanca-a-aramuss-2025-e-inicia-nova-era-da-navegacao-autonoma-no-pais/,Extensão,Especializados (Nichos),Reitoria (Salvador),curadoria_dicom,correta
2025-11-10,Cursos do novo campus,Dia a dia Nordeste,https://diaadianordeste.com.br/if-baiano-abre-inscricoes-para-cursos-tecnicos-em-ribeira-do-pombal/,Ensino,Imprensa Local,Ribeira do Pombal,curadoria_dicom,correta
2025-11-10,Cursos do novo campus,Prefeitura de Ribeira do Pombal,https://ribeiradopombal.ba.gov.br/2025/11/10/if-baiano-anuncia-primeiros-cursos-em-ribeira-do-pombal-implantacao-e-considerada-o-maior-investimento-em-educacao-publica-da-regiao/,Ensino,Governamental,Ribeira do Pombal,curadoria_dicom,correta
2025-11-10,Evento da Marinha - ARAMUSS,Defesa net,https://www.defesanet.com.br/naval/marinha-do-brasil-realiza-lancamento-da-1a-edicao-da-aramuss-2025/,Extensão,Especializados (Nichos),Reitoria (Salvador),curadoria_dicom,correta
2025-11-08,Seminário de Tecnologia na Agrimensura,Cleber Vieira news,https://clebervieiranews.com.br/if-promove-iv-seminario-de-tecnologia-na-agrimensura/,Pesquisa,Imprensa Local,Senhor do Bonfim,curadoria_dicom,correta
2025-11-08,Seleção professor substituto,catuacontece.com.br,https://www.catuacontece.com.br/if-baiano-abre-vagas-para-professores-com-salarios-de-r-8-mil/,Gestão e RH,Imprensa Local,Valença,curadoria_dicom,correta
2025-11-06,Evento Territorial - Programas PAA e PNAE,Litoral Norte Agreste Baiano,https://litoralnorteagrestebaiano.com.br/noticia/45939/evento-sobre-acesso-ao-mercado-do-paa-e-pnae-no-litoral-norte-e-agreste-baiano-conta-com-a-participacao-da-coopera,Extensão,Imprensa Local,Alagoinhas,curadoria_dicom,correta
2025-11-06,Seleção professor substituto,PCI Concursos,https://www.pciconcursos.com.br/noticias/if-baiano-publica-edital-de-processo-seletivo-para-o-campus-de-valenca,Gestão e RH,Especializados (Nichos),Valença,curadoria_dicom,correta
2025-11-05,Seleção professor substituto,A tarde,https://atarde.com.br/concursos/if-baiano-abre-vagas-para-professores-com-salarios-de-r-8-mil-1367221,Gestão e RH,Imprensa Regional (Bahia),Valença,curadoria_dicom,correta
2025-11-05,Seleção professor substituto,Ache Concursos,https://www.acheconcursos.com.br/concursos-bahia/processo-seletivo-if-baiano-vagas-professor-musica-ingles-85218,Gestão e RH,Especializados (Nichos),Valença,curadoria_dicom,correta
2025-11-05,Seleção professor substituto,O Tempo,https://www.otempo.com.br/emprego-e-concursos/2025/11/5/ifbaiano-abre-concurso-para-professor-com-salarios-de-ate-r-805829-saiba-como-se-inscrever,Gestão e RH,Imprensa (Nacional),Valença,curadoria_dicom,correta
2025-11-04,IF Baiano abre inscrições para cursos técnicos gratuitos no Polo UAB de Piritiba,Prefeitura Municipal de Piritiba,https://piritiba.ba.gov.br/if-baiano-abre-inscricoes-para-cursos-tecnicos-gratuitos-no-polo-uab-de-piritiba/,Ensino,Governamental,Geral / Não Especificado,busca_automatica,correta
2025-10-30,Curso FIC,Agência Sertão,https://agenciasertao.com/2025/10/30/if-baiano-oferta-cursos-voltados-para-mulheres-com-bolsa-de-r-350-em-duas-cidades/,Ensino,Imprensa Local,Santa Inês,curadoria_dicom,correta
2025-10-29,Parceria,De Olho na Cidade,https://deolhonacidade.net/prefeito-de-santa-barbara-destaca-parceria-com-if-baiano-de-serrinha-para-oferta-de-cursos-tecnicos/,Institucional,Imprensa Local,Serrinha,curadoria_dicom,correta
2025-10-27,Plano Estratégico de Fomento à Cadeia Produtiva do Cravo no Baixo Sul,A tarde,https://atarde.com.br/agro/baixo-sul-baiano-mantem-protagonismo-nacional-na-producao-de-cravo-da-india-1365958,Institucional,Imprensa Regional (Bahia),Valença,curadoria_dicom,correta
2025-10-27,Encontro nacional de cacau,Diário Bahia,https://diariobahia.com.br/encontro-nacional-cacau-500-compartilha-conhecimentos-e-incentiva-aumento-da-produtividade/,Institucional,Imprensa Local,Uruçuca,curadoria_dicom,correta
2025-10-27,Semana do Fazendeiro,Pimenta Blog,https://pimenta.blog.br/2025/10/27/urucuca-promove-semana-do-fazendeiro-2025/,Institucional,Imprensa Local,Uruçuca,curadoria_dicom,correta
2025-10-25,Concurso professor substituto,Ivan Silva Notícia,https://ivansilvanoticia.com.br/if-baiano-abre-inscricoes-para-vagas-com-salario-de-mais-de-r-8-mil/,Gestão e RH,Imprensa Local,Itapetinga,curadoria_dicom,correta
2025-10-24,IF Baiano abriu seleção para 120 vagas em cursos técnicos subsequentes em Guanambi,Agência Sertão,https://agenciasertao.com/2025/10/23/if-baiano-abriu-selecao-para-120-vagas-em-cursos-tencicos-subsequentes-em-guanambi/,Gestão e RH,Imprensa Local,Guanambi,busca_automatica,correta
2025-10-24,Concurso professor substituto,Bahia Econômica,https://bahiaeconomica.com.br/wp/2025/10/24/if-baiano-esta-com-inscricoes-abertas-para-concurso-de-professor-com-salarios-de-ate-r-8-mil/,Gestão e RH,Imprensa Local,Itapetinga,curadoria_dicom,correta
2025-10-24,Eventos sobre solo,Site da Embrapa,https://www.embrapa.br/busca-de-noticias/-/noticia/104064110/especialistas-percorrem-mais-de-mil-quilometros-para-estudo-detalhado-dos-solos-da-bahia,Extensão,Governamental,Santa Inês,curadoria_dicom,correta
2025-10-24,Concurso professor substituto,PCI concursos,https://www.pciconcursos.com.br/noticias/if-baiano-publica-edital-de-processo-seletivo-para-o-campus-de-itapetinga,Gestão e RH,Especializados (Nichos),Itapetinga,curadoria_dicom,correta
2025-10-24,Concurso professor substituto,Portal Esfera,https://www.portalesfera.com.br/econosfera/concursos-e-servicos/if-baiano-anuncia-abertura-de-vagas-com-salarios-de-ate-r-8-mil,Gestão e RH,Imprensa Local,Itapetinga,curadoria_dicom,correta
2025-10-23,IF Baiano abre inscrições para vagas com salário de mais de R$ 8 mil,A TARDE,https://atarde.com.br/concursos/if-baiano-abre-inscricoes-para-vagas-com-salario-de-mais-de-r-8-mil-1365638,Gestão e RH,Imprensa Regional (Bahia),Geral / Não Especificado,busca_automatica,correta
2025-10-23,Processo Seletivo IFBAIANO abre duas vagas para Professores em Itapetinga,Ache Concursos,https://www.acheconcursos.com.br/concursos-bahia/processo-seletivo-ifbaiano-duas-vagas-professores-itapetinga-84853,Gestão e RH,Especializados (Nichos),Itapetinga,busca_automatica,correta
2025-10-23,Cursos do novo campus,Acorda Cidade,https://www.acordacidade.com.br/educacao/prefeitura-e-if-baiano-anunciam-cursos-do-novo-campus-de-santo-estevao/,Ensino,Imprensa Regional (Bahia),Santo Estêvão,curadoria_dicom,correta
2025-10-22,"Audiências públicas definem cursos como Direito, Enfermagem e Ciência da Computação em novos campi do IF Baiano",Agência Sertão,https://agenciasertao.com/2025/10/22/audiencias-publicas-definem-cursos-como-direito-enfermagem-e-ciencia-da-computacao-em-novos-campi-do-if-baiano/,Ensino,Imprensa Local,Geral / Não Especificado,busca_automatica,correta
2025-10-22,Cursos do novo campus,Jornal Grande Bahia,https://jornalgrandebahia.com.br/2025/10/prefeitura-e-if-baiano-anunciam-cursos-do-novo-campus-de-santo-estevao/,Ensino,Imprensa Regional (Bahia),Santo Estêvão,curadoria_dicom,correta
2025-10-22,Semana de Ciência e Tecnologia,Portal IFBA,https://portal.ifba.edu.br/irece/noticias-2/noticias/2025/camara-de-irece-realiza-sessao-durante-semana-de-ciencia-e-tecnologia-no-ifba,Pesquisa,Outras Instituições de Ensino,Reitoria (Salvador),curadoria_dicom,correta
2025-10-21,Palestra Deputado Radiovaldo,catuacontece.com.br,https://www.catuacontece.com.br/deputado-radiovaldo-costa-retorna-ao-if-baiano-campus-catu-e-ministra-palestra-sobre-o-futuro-do-setor-petrolifero/,Institucional,Imprensa Local,Catu,curadoria_dicom,correta
2025-10-21,Congresso Brasileiro de Agroecologia,Portal IFPI,https://www.ifpi.edu.br/campomaior/noticias/cvt-em-agroecologia-participa-de-congresso-brasileiro-de-agroecologia,Institucional,Outras Instituições de Ensino,Reitoria (Salvador),curadoria_dicom,correta
2025-10-21,Prefeitura e IF Baiano anunciam cursos do novo campus de Santo Estêvão,Prefeitura Municipal de Santo Estevão,https://www.santoestevao.ba.gov.br/noticia/107/prefeitura-e-if-baiano-anunciam-cursos-do-novo-campus-de-santo-estevao,Ensino,Governamental,Santo Estêvão,busca_automatica,correta
2025-10-21,Prosel 2026,Tribuna Popular,https://www.tribunapopulargbi.com.br/noticia/9522/if-baiano-oferta-560-vagas-em-cursos-tecnicos-ead-em-cacule-caetite-iuiu-e-guanambi,Ensino,Imprensa Local,Guanambi,curadoria_dicom,correta
2025-10-17,Prosel 2026 - Graduação,Blog do Eloilton,https://blogdoeloiltoncajuhy.com.br/site/if-baiano-abre-inscricoes-para-cursos-superiores-gratuitos-em-senhor-do-bonfim/,Ensino,Imprensa Local,Senhor do Bonfim,curadoria_dicom,correta
2025-10-16,Cursos mais concorridos no Sisu,A Tarde,https://atarde.com.br/bahia/sisu-na-bahia-saiba-as-notas-de-corte-e-os-cursos-mais-concorridos-1364364,Ensino,Imprensa Regional (Bahia),Alagoinhas,curadoria_dicom,correta
2025-10-16,Univerciência,Site da UESB,https://www.uesb.br/noticias/univerciencia-divulga-pesquisas-sobre-software-de-denuncia-castanha-de-caju-e-meio-ambiente/,Pesquisa,Outras Instituições de Ensino,Xique-Xique,curadoria_dicom,correta
2025-10-15,Teixeira: IF Baiano ganha estação meteorológica com tecnologia israelense,SulBahiaNews,https://www.sulbahianews.com.br/teixeira-if-baiano-ganha-estacao-meteorologica-com-tecnologia-israelense/,Pesquisa,Imprensa Local,Geral / Não Especificado,busca_automatica,correta
2025-10-14,"GESTÃO DA QUALIDADE DE VIDA NO TRABALHO: PRÁTICAS ATUAIS E PERSPECTIVAS FUTURAS DO IF BAIANO, NA ÓTICA DA LEI 14.681/2023 | Anais do Congresso Internacional de Educação e Geotecnologias - CINTERGEO",Portal de Periódicos da UNEB,https://news.google.com/rss/articles/CBMiY0FVX3lxTFBYUmtXemc0anBNZy1KMjA3QW5USGc1MTNnQzE3RVpBRFI0aGdnYnR3X1g1X0ZwM1MwbnZrNmFhTWR1TWI4Zi1qRHJld3NWcDVQNTY0OXJ1aXo0dHFwQTQ5Q0ptUQ?oc=5&hl=en-US&gl=US&ceid=US:en,Pesquisa,Imprensa Local,Geral / Não Especificado,busca_automatica,correta
2025-10-13,Concurso professor,O Tempo,https://www.otempo.com.br/emprego-e-concursos/2025/10/13/concurso-ifbaiano-inscricoes-para-professor-ate-na-proxima-sexta-feira-17-salarios-ate-r-805829,Gestão e RH,Imprensa (Nacional),Xique-Xique,curadoria_dicom,correta
2025-10-10,IF Baiano publica edital de Processo Seletivo para o campus de Xique-Xique,PCI Concursos,https://news.google.com/rss/articles/CBMitgFBVV95cUxObjQtN2RIeHR5amNWTWFacjNScnJLOHllQ05uRk81eHNEY1ZZRW5kT1VJSWVyUURDV1owQkMyblZpci13eE1Kb0xQeDJwYm1ybEF2RGl2Rmc0cVpodjJrS09pQVpZQXFxNmFMQ2VwdE5DQUdUbmNDTVVGU3Vob3Y5V3RKVWxWU2JuTHZFWm9RbVloVTJOS3ZfMXNyLUJ3ZXgtYmdCSW1iUllBODFNLUJmY1BNRHpkZw?oc=5&hl=en-US&gl=US&ceid=US:en,Gestão e RH,Especializados (Nichos),Xique-Xique,busca_automatica,correta
2025-10-10,Olimpíadas Colegiais de Alagoinhas,alagoinhas.ba.gov.br,https://www.alagoinhas.ba.gov.br/index.php/abertura-oficial-da-5a-edicao-das-olimpiadas-colegiais-de-alagoinhas-olical/,Extensão,Governamental,Alagoinhas,curadoria_dicom,correta
2025-10-10,Concurso professor,PCI Concursos,https://www.pciconcursos.com.br/noticias/if-baiano-publica-edital-de-processo-seletivo-para-o-campus-de-xique-xique,Gestão e RH,Especializados (Nichos),Xique-Xique,curadoria_dicom,correta
2025-10-09,Covid no Campus,Sudoeste notícias,https://www.sudoestebahia.com/noticias/43457-/campus-do-if-baiano-em-guanambi-registra-11-casos-de-covid,Institucional,Imprensa Local,Guanambi,curadoria_dicom,correta
2025-10-08,Covid no Campus,Blog do Valente,https://blogdovalente.com.br/cidades/2025/10/aulas-sao-suspensas-apos-registro-de-casos-de-covid-19-no-if-baiano-no-sudoeste-da-bahia/,Institucional,Imprensa Local,Guanambi,curadoria_dicom,correta
2025-10-08,Seleção Professor Substituto,Ache concursos,https://concursosnobrasil.com/concursos/ba/2025/10/08/if-baiano-anuncia-abertura-de-vaga-para-professor-em-processo-seletivo/,Gestão e RH,Especializados (Nichos),Xique-Xique,curadoria_dicom,correta
2025-10-08,Série Indicações Geográficas,Portal IF Goiano,https://ifgoiano.edu.br/home/index.php/component/content/article/57-destaque/28968-if-goiano-e-destaque-em-serie-audiovisual-sobre-indicacoes-geograficas.html?Itemid=101,Institucional,Imprensa Local,Reitoria (Salvador),curadoria_dicom,correta
2025-10-08,IF Baiano abre vagas para Professor Substituto em Xique-Xique,Ache Concursos,https://news.google.com/rss/articles/CBMivgFBVV95cUxOWnpUNl92VkN6d0N3YVlBRFdZT0tuWHVKS002a2xPRFJfMTVXZEdJd3ZYSGVyOXRRYzI1RGF3WklZOXhiTUt0N3BVM3AxUEdaVl9GdHl6VHlvNXNRNjItZ0JOTUdta0ZvcV9yLWNCV2JjWFJEbXdjTzFLOWIzRVF5RmRua29ZQTRHLWVoakYxMnNjUGlhMEZmVlVXRjhDaUN2SWhid1hyRW5POVJWSC1JRzNnemVWbjdkcFMydFpB0gHDAUFVX3lxTE5PU1JFNTQzTngzdzhEM0cydUxGSVMwWWQzZHotdFdURUNvenkxZGNndk5FcERvVTRDUDRyV0ZQOFNDdHRtb29zSjRON2RnRWtlQ0lVY2hDejBjMG9kRFpLMm9BZU1NcDhKbDd5Tmd6Rm9hd0RQdFNSRnBOM055aWExWmxMT0pncVF6YU8yckpuc2NQOXlWZlU0cUVUUUVSdDlNOUk3U0taWUdqMDhPOHBZdmlmT0JuYTU5aFc2Si1NeWRpVQ?oc=5&hl=en-US&gl=US&ceid=US:en,Gestão e RH,Especializados (Nichos),Xique-Xique,busca_automatica,correta
2025-10-08,Seleção Professor Substituto,Takta no ar,https://takta.com.br/municipios/if-baiano-abre-selecao-para-professor-substituto/,Gestão e RH,Imprensa Local,Guanambi,curadoria_dicom,correta
2025-10-08,Covid no Campus,Achei Sudoeste,https://www.acheisudoeste.com.br/noticias/77397-2025/10/08-guanambi-if-baiano-suspende-aulas-para-desinfeccao-apos-11-casos-de-covid-19,Institucional,Especializados (Nichos),Guanambi,curadoria_dicom,correta
2025-10-08,Covid no Campus,Bahia Notícias,https://www.bahianoticias.com.br/municipios/noticia/47523-if-baiano-suspende-aulas-em-guanambi-para-desinfeccao-apos-11-casos-de-covid-19,Institucional,Imprensa Regional (Bahia),Guanambi,curadoria_dicom,correta
2025-10-08,Série Indicações Geográficas,Portal do Governo Federal - MEC,https://www.gov.br/mec/pt-br/assuntos/noticias/2025/outubro/mec-apresenta-serie-audiovisual-sobre-indicacoes-geograficas,Institucional,Governamental,Reitoria (Salvador),curadoria_dicom,correta
2025-10-06,Produção do cravo,Jornal Grande Bahia,https://jornalgrandebahia.com.br/2025/10/bahia-tera-plano-estrategico-para-ampliar-producao-de-cravo-no-baixo-sul-e-conquistar-mercado-internacional/,Institucional,Imprensa Regional (Bahia),Valença,curadoria_dicom,correta
2025-10-06,Prosel 2026,Muita Informação,https://muitainformacao.com.br/cidades/if-baiano-anuncia-mais-1-405-vagas-para-cursos-tecnicos-subsequentes-em-cinco-unidades/,Ensino,Imprensa Local,Alagoinhas,curadoria_dicom,correta
2025-10-05,IF Baiano abre 160 novas vagas para cursos técnicos subsequentes em Bom Jesus da Lapa,Notícias de Bom Jesus da Lapa,https://news.google.com/rss/articles/CBMi3wFBVV95cUxOWmdUOHQ5SnhjcG1LNVNaTFE5MEE1NU1QemU4VEMxc2trenVMSV9WNjljbDRjM2dub1NlMThBM1NVWDAydWVGLUU5b2k3ZU1BcGxkRExkOG5xRFRoM0NYVHloZC0tWUJqemFaRC1OcFEtcHlWMWFQbDA1UjJ0cFFvNDFBalc5b2pPZElEWXh5N05VLTJTQUlqTFBTT2hna2tUR2Z0VjZfUjhsRDJuV0lsX3NsdTRKY2ZHYTQzX29GYXd4MVE3Z2drd3dyZFhOTEF6OGV0QldjUDBTTG95aVpZ?oc=5&hl=en-US&gl=US&ceid=US:en,Gestão e RH,Imprensa Local,Bom Jesus da Lapa,busca_automatica,correta
2025-10-05,Seleção professor,O Tempo,https://www.otempo.com.br/emprego-e-concursos/2025/10/5/concurso-ifbaiano-inscricoes-para-professor-ate-na-proxima-quinta-feira-9-salarios-ate-r-805829,Gestão e RH,Imprensa (Nacional),Reitoria (Salvador),curadoria_dicom,correta
2025-10-03,Prosel 2026,Aratu Online,https://aratuon.com.br/educacao/ifba-abre-quase-1500-vagas-para-cursos-tecnicos-gratuitos-na-bahia-,Ensino,Imprensa Regional (Bahia),Alagoinhas,curadoria_dicom,correta
2025-10-03,Estação Meteorológica,Cara da web,https://caradaweb.com/noticia/educacao/2025/10/03/if-baiano-inaugura-primeira-estao-meteorolgica-do-extremo-sul/4245.html,Institucional,Imprensa Local,Teixeira de Freitas,curadoria_dicom,correta
2025-10-03,IF Baiano lança processo seletivo 2026 com mais de 3.600 vagas em cursos técnicos gratuitos,SulBahiaNews,https://news.google.com/rss/articles/CBMiwgFBVV95cUxPUVlPREFmOWRPYzRMWmNMYld4emxTX0ZDUDJyZ0ZhQk5hREVBRV82VVZyMG14S2hrWkdVaGZodnVXV2JPcDQ0a1AyUkpSd040U1dVMjZyNm5lajFBejc4VXlHQWJTbHc2clNQSDMzUXYxZmNKTGVVR0MzbFlsSVFLYnA2OVVWSlVzbHpvQkRVcy1MbFdLVnZxdTd2cC1UX2NUeDgtNFBKLW5XVllCand6ZFgzaDFtbW9HTm1pRXRnc2lfQQ?oc=5&hl=en-US&gl=US&ceid=US:en,Gestão e RH,Imprensa Local,Geral / Não Especificado,busca_automatica,correta
2025-10-03,JIF Nordeste,Portal IFRN,https://portal.ifrn.edu.br/campus/reitoria/noticias/tensao-e-expectativa-ifrn-disputa-semifinais-e-finais-nos-jifs-nordeste/,Institucional,Outras Instituições de Ensino,Reitoria (Salvador),curadoria_dicom,correta
2025-10-03,Prosel 2026,Farol da Bahia,https://www.faroldabahia.com.br/noticia/if-baiano-abre-mais-de-1-4-mil-para-cursos-tecnicos-gratuitos-na-bahia,Ensino,Imprensa Regional (Bahia),Reitoria (Salvador),curadoria_dicom,correta
2025-10-03,Prosel 2026,Sul Bahia News,https://www.sulbahianews.com.br/if-baiano-lanca-processo-seletivo-2026-com-mais-de-3-600-vagas-em-cursos-tecnicos-gratuitos/,Ensino,Imprensa Local,Teixeira de Freitas,curadoria_dicom,correta
2025-10-02,Prosel 2026,Bahia Econômica,https://bahiaeconomica.com.br/wp/2025/10/02/if-baiano-divulga-mais-14-mil-vagas-para-cursos-tecnicos/,Ensino,Imprensa Local,Alagoinhas,curadoria_dicom,correta
2025-10-02,Prosel 2026,"Alagoinhas, Bom Jesus da Lapa, Teixeira de Freitas, Valença, Xique-Xique",https://g1.globo.com/ba/bahia/noticia/2025/10/02/vagas-disponiveis-na-bahia.ghtml,Ensino,Imprensa Local,Alagoinhas,curadoria_dicom,correta
2025-10-02,IF Baiano oferece 1.405 vagas para cursos técnicos gratuitos,G1,https://news.google.com/rss/articles/CBMiiAFBVV95cUxQc3U2MXVrNDQ3ZkpKc0x1bmlGOWRYSlM3YkpmcVlQc0FacXRsUkhLamJOdk5pbFdDVzBZTWQ2S2VOMW4teFRNaGVYMWJjVWg2S1ZfZThiRjlwQnJEZ0dPWWYwenA3UHkwWFBXZmlmclVCb2hkREJja18yUk5XdDExWG96YjhwSFZv0gGXAUFVX3lxTE95QTB5b3J1RXpGY1ExaVYwWWc2dUhkMEg5S25TWWJsNThZdzFEVzRjV1plSWtRYUE2ZHRCaGRKUWQzOWZmVlpfSlAtSHpCU2JPQzR6Z0I2RUljODJ4ckh6SW5CdGtVUG1VQWZUcEdvQVFfVmlkX2tBZ1YzOWd2QkRjZ0NxdlRka1NTZ1FZdkNSQTZsZnlxSzg?oc=5&hl=en-US&gl=US&ceid=US:en,Gestão e RH,Imprensa (Nacional),Geral / Não Especificado,busca_automatica,correta
2025-10-02,"IF BAIANO DIVULGA MAIS 1,4 MIL VAGAS PARA CURSOS TÉCNICOS -",- Bahia Economica,https://news.google.com/rss/articles/CBMiowFBVV95cUxQblhMZkhNYld6RUxZTkZJR2FvTllfM2QzT1Q2WVo1MUpETnMwRy1DZEJMalhtVENSelI2d2JQQzlFUTdPNWpWM29YcE9VNkN3dGNLeXFYRlBwRWx5MGZLNTVPd0NMUmlNWEVVSlluTnVuYWdGUjNacDN1TnVYd3czVGlBRlpEOEJZcWttQllNbXRYNjEySTRJQ3RUa2pUb3hKdkZF?oc=5&hl=en-US&gl=US&ceid=US:en,Gestão e RH,Imprensa Local,Geral / Não Especificado,busca_automatica,correta
2025-10-02,"IF Baiano anuncia 1,4 mil novas vagas para cursos técnicos; veja",Jornal Correio,https://news.google.com/rss/articles/CBMiqwFBVV95cUxNZEFmSkxZY1lzM3J2SWlZVlIwelEyY3hfX2RodVh0UGZrVkJrcmgzclhKWEptaGg1a0hCbTJBSi14REJIMktweDJpUlZKZTNDNXhScFNVUUQzM3ZNejAxT1RxUG9JRmVPR2FGZjJtRFBjeTJ6bkJOTG5VNGwzblpOS3czS2hpejdYWVUyUEVhc0U2eTVjMVFNSkNEU2NFSDBTb2ttOG9oWWFzTkE?oc=5&hl=en-US&gl=US&ceid=US:en,Gestão e RH,Imprensa Regional (Bahia),Geral / Não Especificado,busca_automatica,correta
2025-10-02,IF Baiano lança edital para curso gratuito de Assistente Pedagógico e 130 horas de carga horária,PEBSP,https://news.google.com/rss/articles/CBMiuwFBVV95cUxNT2thdmdsQzZDcEVoWi0tS2hJcHRSTGpXOGhMMVJVQVhiNkJQWkN3QWdfNkFuTHFrd25fM3hHdldFdDE1RFY3bF8yM0lEU0h1OUVMclp1U3VtQUJfWVBEb20tbWw0T1N1YjNpdU8yb2VvVXBjX2d5bUNXR1k4Y3ZiN0NJZGlzREcxc21wSlYwLVFBaWdHT1RDNl9XUVZKTTZ4ZVRhMkFmNFgzNlpoTE0tdF8xZTlTN19oR3M0?oc=5&hl=en-US&gl=US&ceid=US:en,Gestão e RH,Imprensa Local,Geral / Não Especificado,busca_automatica,correta
2025-10-02,Estação Meteorológica,O Observatório,https://oobservatorio.com.br/teixeira-de-freitas-ganha-estacao-meteorologica-no-if-baiano-com-tecnologia-israelense/,Institucional,Imprensa Local,Teixeira de Freitas,curadoria_dicom,correta
2025-10-02,Curso Assistente Pedagógico,Vagas Tutor,https://vagastutor.com.br/ifbaiano-curso-assistente-pedagogico-educacao-inclusiva/,Ensino,Imprensa Local,Governador Mangabeira,curadoria_dicom,correta
2025-10-02,Prosel 2026,Correio,https://www.correio24horas.com.br/bahia/if-baiano-anuncia-14-mil-novas-vagas-para-cursos-tecnicos-veja-1025,Ensino,Imprensa Regional (Bahia),Reitoria (Salvador),curadoria_dicom,correta
2025-10-02,Encontro das Unidades SIASS,Governo Federal - Portal do Servidor,https://www.gov.br/servidor/pt-br/siass/mgi-realiza-o-encontro-de-fortalecimento-das-unidades-siass-do-nordeste,Institucional,Governamental,Reitoria (Salvador),curadoria_dicom,correta
2025-10-02,Curso Assistente Pedagógico,PEBSP,https://www.pebsp.com/if-baiano-lanca-edital-para-curso-gratuito-de-assistente-pedagogico-e-130-horas-de-carga-horaria/,Ensino,Imprensa Local,Governador Mangabeira,curadoria_dicom,correta
2025-10-02,Prosel 2026,Portal Abrantes,https://www.portalabrantes.com.br/noticia/45644-if-baiano-amplia-oferta-e-abre-14-mil-vagas-para-cursos-tecnicos-em-2026,Ensino,Imprensa Local,Alagoinhas,curadoria_dicom,correta
2025-10-01,JIF Nordeste,Portal IFCE,https://portal.ifce.edu.br/noticias/ifce-ganha-duas-medalhas-no-primeiro-dia-do-jif-nordeste/,Institucional,Outras Instituições de Ensino,Reitoria (Salvador),curadoria_dicom,correta
2025-09-30,Casos de covid-19,Achei Sudoeste,https://www.acheisudoeste.com.br/noticias/77239-2025/09/30/guanambi-if-baiano-orienta-medidas-diante-do-aumento-de-casos-de-covid-19,Institucional,Especializados (Nichos),Guanambi,curadoria_dicom,correta
2025-09-29,Professor Substituto Agrimensura/Agronomia,Agrobase,https://www.agrobase.com.br/concursos/2025/if-baiano-ba-selecao-simplificada-202-2025/,Gestão e RH,Especializados (Nichos),Guanambi,curadoria_dicom,correta
2025-09-26,IF Baiano vai ofertar especialização em Agrofloresta,Agência Sertão,https://news.google.com/rss/articles/CBMilAFBVV95cUxQTTQ0RzFpc1lTTnZLTFF2WEk1S2RjOUx0cnVoR3psOEpnNEhpeTFaQkVnd1dSc2RLZFZZaUFyR2FCUEFVam15d0JsZXZ4YmpmQi1GUHVhZUVjNlhJQkQtemFJRFJROEE2ZWVrSi1KazU4UWlpTXp0LVBDdG14WE5zYm4wZkdBVjkyZkd0VGJmcmdZdDhM0gGUAUFVX3lxTFBNNDRHMWlzWVNOdktMUXZYSTVLZGM5THRydWhHemw4Smc0SGl5MVpCRWd3V1JzZEtkVllpQXJHYUJQQVVqbXl3QmxldnhiamZCLUZQdWFlRWM2WElCRC16YUlEUlE4QTZlZWtKLUprNThRaWlNenQtUEN0bXhYTnNibjBmR0FWOTJmR3RUYmZyZ1l0OEw?oc=5&hl=en-US&gl=US&ceid=US:en,Ensino,Imprensa Local,Geral / Não Especificado,busca_automatica,correta
2025-09-25,Seleção de professores,Agência Sertão,https://agenciasertao.com/2025/09/25/if-baiano-abriu-processos-seletivos-para-professores-em-duas-cidades-2/,Gestão e RH,Imprensa Local,Guanambi,curadoria_dicom,correta
2025-09-24,Avicultura no sudoeste,AVI Site,https://www.avisite.com.br/sdr-uesb-e-if-baiano-discutem-acoes-voltadas-ao-desenvolvimento-da-avicultura-no-medio-sudoeste-da-bahia/#gsc.tab=0,Institucional,Imprensa Local,Reitoria (Salvador),curadoria_dicom,correta
2025-09-24,Seleção professor,O Tempo,https://www.otempo.com.br/emprego-e-concursos/2025/9/24/ifbaiano-abre-concurso-para-professor-com-salarios-de-ate-r-805829-saiba-como-se-inscrever,Gestão e RH,Imprensa (Nacional),Reitoria (Salvador),curadoria_dicom,correta
2025-09-24,Seleção prof. Agrimensura,PCI Concursos,https://www.pciconcursos.com.br/noticias/if-baiano-abre-processo-seletivo-para-professor-substituto-em-agrimensura-agronomia,Gestão e RH,Especializados (Nichos),Guanambi,curadoria_dicom,correta
2025-09-23,Processo seletivo para docentes,Concursos no Brasil,https://concursosnobrasil.com/concursos/ba/2025/09/23/if-baiano-divulga-edital-de-processo-seletivo-para-docentes/,Gestão e RH,Especializados (Nichos),Reitoria (Salvador),curadoria_dicom,correta
2025-09-23,"SDR, Uesb e IF Baiano discutem ações voltadas ao desenvolvimento da avicultura no Médio Sudoeste da Bahia",ba.gov.br,https://news.google.com/rss/articles/CBMiwAFBVV95cUxObjlRNzBRN2RYZDBGSV93OHlWSTNVUDlWMWpSNjBFcEVyS1FBNENrNDAyVVkwQ2xCY2Q3SEJNdEFEZHptN1dMMlk0WXRTOEk1RndfS29OemVrU09YaVZwYW5GaGxWdEZ4Qk1jR2NEY25sZFk1bC15c2otOWVyNFY4RkhnQXZyb3JtSFBucWRjZFFiVVVrU19lYVJVZ011dW8xbldoMGtRV1JiU09fSlRJVm1QcGNMZXM1SFNMTTdZUGM?oc=5&hl=en-US&gl=US&ceid=US:en,Institucional,Governamental,Geral / Não Especificado,busca_automatica,correta
2025-09-23,Seleção prof. Guanambi,Ache Concursos,https://www.acheconcursos.com.br/concursos-bahia/processo-seletivo-if-baiano-abre-vaga-professor-substituto-guanambi-83967,Gestão e RH,Especializados (Nichos),Guanambi,curadoria_dicom,correta
2025-09-23,Ações de avicultura no médio sudoeste,ba.gov,https://www.ba.gov.br/comunicacao/noticias/2025-09/373731/sdr-uesb-e-if-baiano-discutem-acoes-voltadas-ao-desenvolvimento-da,Institucional,Imprensa Local,Reitoria (Salvador),curadoria_dicom,correta
2025-09-22,Seleção prof. substituto,PCI Concursos,https://www.pciconcursos.com.br/noticias/if-baiano-abre-edital-de-processo-seletivo-para-o-campus-de-xique-xique,Gestão e RH,Especializados (Nichos),Xique-Xique,curadoria_dicom,correta
2025-09-17,Campeonato de Foguetes,Agência Sertão,https://agenciasertao.com/2025/09/18/if-baiano-realiza-primeiro-campeonato-de-foguetes-na-bahia/,Institucional,Imprensa Local,Santo Estêvão,curadoria_dicom,correta
2025-09-17,Nota de repúdio congresso,Jornal Grande Bahia,https://jornalgrandebahia.com.br/2025/09/santo-estevao-colegio-estadual-emite-nota-de-repudio-por-exclusao-em-congresso-do-if-baiano/,Institucional,Imprensa Regional (Bahia),Santo Estêvão,curadoria_dicom,correta
2025-09-17,IF Baiano oferta 655 vagas para cursos técnicos no Campus Uruçuca,Blog Agravo,https://news.google.com/rss/articles/CBMipgFBVV95cUxPdXY5NDdIMFFoMzJVbUhWNURNSmtmTEN4Rk1xeWU2U2ZCQ3E4T0FzNEQ0ckl3LXVPZGo5b2JOZWNzN1kxdzhaV2VncUlfNlk1aXZndUtyS1JPMG4xdGhtaERrak96dlZoOTJQZmYyUHZlUHozQ0NaUml0WlRZa2RVaUJ5VXlITUd6alprV2RRTU15cFd1UmkyWFBNVDJTanZMeTlaa2VB?oc=5&hl=en-US&gl=US&ceid=US:en,Gestão e RH,Imprensa Local,Uruçuca,busca_automatica,correta
2025-09-17,Processo Seletivo IFBAIANO abre duas vagas para Professores,Ache Concursos,https://news.google.com/rss/articles/CBMirgFBVV95cUxPbXE4dnVBZ2NaZzdUTUNBYWJRckU2TjJpd2g5cXpPS0RmTHpUekRSaUl2ZXBhTjl6YVNya3VfY0ZZeS1LeUV6YWZpbkJmOEJKRnJValNlM2MwcUViSEllcFc0RTYyU295dTRBRVQxbGY3UTg2U3V0MWdjQ1JncXVYazhjS0hBaXVUajlTMFluODduZ2cxVzRZTk1jOFBOTDdTdXhPV2QyU2loeWZKakHSAbMBQVVfeXFMTkFrVGNRSmZEV0h3ejU5UnAydmVidEFPT2lyTnpQTzRmOEV1UW9GWE8tTDRJQnJUME1fZDRWaFNIT0NPdDZBZklRSU4yQVlQU2Z1ZDlYTGJpclhySmZwWTBhRm05LWpkLXRfdkN0N19WVU0tNWE1T1B6XzNvZUZXc3M3clFTNjBCck5RYXFVUDNVQWtXcHZOdU5ZOWZPYUtBMzdBWmtQUUIyY1ltbHFyNWhrNkU?oc=5&hl=en-US&gl=US&ceid=US:en,Gestão e RH,Especializados (Nichos),Geral / Não Especificado,busca_automatica,correta
2025-09-17,Santo Estêvão: Colégio Estadual emite nota de repúdio por exclusão em Congresso do IF Baiano,Jornal Grande Bahia,https://news.google.com/rss/articles/CBMizgFBVV95cUxORXdwSkFkV0JKQjdaNnRyaE1CS1RGeE9kR2t2bHQzTzF1TGZfNHhBS0VvVUFUMDZ1dmlGV0NpTTVXT0s2cmc1MG9ySW9SUWh2OFRBVnc0VnZJeV9MSVlON2VzRW1kSWpNZGZwQjVzcHFwdzFoTHBZM3dhREhzOEpkNGdWeVBvbEYwS3NXTmpwdTl2WElNR01KSGltaERkczV5RXBqWkdDUTBSMTJtbHJBUTYzOGc0dzhVenMyUHhGRVZENzlBSWNlSmVfWTdtQQ?oc=5&hl=en-US&gl=US&ceid=US:en,Institucional,Imprensa Regional (Bahia),Santo Estêvão,busca_automatica,correta
2025-09-16,IV CEPEX,Revista Metropolitana,https://revistametropolitana.com.br/noticia/55635/iv-congresso-do-if-baiano-comeca-nesta-terca-16-em-santo-estevao,Institucional,Imprensa Local,Santo Estêvão,curadoria_dicom,correta
2025-09-16,Prosel 2026,Sua Cidade em Revista,https://suacidadeemrevista.com.br/noticia/46958/if-baiano-abre-inscricoes-com-395-vagas-para-cursos-tecnicos-integrados-em-alagoinhas-e-catu,Ensino,Imprensa Local,Alagoinhas,curadoria_dicom,correta
2025-09-15,IV Congresso do IF Baiano começa nesta terça (16) em Santo Estêvão,Bahia Na Política,https://news.google.com/rss/articles/CBMinAFBVV95cUxNNDFwTzdlRUtIblkzb1FmU0RiQjAyNnNob3J2dHFpOFhseW1RLXVRaFptS3JFZW5JU3lQdUo2XzYzSklubGZnNzdIWG12djF5TmdXdmZHODZSOTYxbjhFSmpJV3VMMWEzQTNkSS1IODVUSkNNZzd5WF9UclFQOHVwUHNYdzZ5dTZJckNHbF9PZG1sMDQ0bGswWFN1Vjc?oc=5,Institucional,Imprensa Local,Santo Estêvão,busca_automatica,correta
2025-09-13,IF Baiano abre seleção para professor nos campi Guanambi e Uruçuca,Info net,https://infonet.com.br/noticias/educacao/if-baiano-abre-selecao-para-professor-nos-campi-guanambi-e-urucuca/,Gestão e RH,Imprensa Local,Guanambi,curadoria_dicom,correta
2025-09-12,IF Baiano de Guanambi abre vagas em processo seletivo; remunerações mensais podem passar de R$ 8 mil,Bnews,https://news.google.com/rss/articles/CBMi6AFBVV95cUxOdGZQOEJMdmtYUFJZTW1lcmZ6RzU3Y3pWXzBLOEx1LWM2c1V0TElMWWhfSkNJYlNiOU1TRml6eGs1VlBBeURQS1V3OXZPWGptZE9TVDFDRDVVa0NMUG96cXpTXzJtYmh4N1dheElYZW16MC1ETEo3M1JDdU1BRlZQLXZUMHBpT1o3VnZvN291SWhxWXg4ZVNDV2t3N2VneDJfV2xmbjR1b3p1NVdqN25XVmh4ZURmVVliTXBJdFRkeHZrY2pxMGItNE5wdU5JMDRLVmxRUVg1dVFzd21sajh6bk5tOEc2YzJw0gHuAUFVX3lxTE9MUk1hRkxwU3hjMGtJQUw1ckozZG5aNnFVMW1YU2tWREFMUVJrMnlSdGxESTJUSFhsQkhfZXlCdElZQ0gtVWJaUmpIZ2FtOHFEOUdXU2xCbDRGRGlsUHFtR3gxSm5IbHNNX1VtQk5sOFpLMWNzVUpZaWlqM1ZITkZJUk5uS2gxbFZrTzk5OWlkMEtqYUlMOTM3aTlMUHp6Z2hPNkZXRTJXUDh6WFlHZ3lzekRMcVNmVVlMOXlId1hmWmExSV9zdDRJUHdPN3RNaERFSDNYcl90VE40M21fZ3ZLQ21CdXljTkxVNm4yMWc?oc=5&hl=en-US&gl=US&ceid=US:en,Gestão e RH,Imprensa Regional (Bahia),Guanambi,busca_automatica,correta
2025-09-12,Vagas prof. Guanambi,BNews,https://www.bnews.com.br/noticias/economia-e-mercado/if-baiano-de-guanambi-abre-vagas-em-processo-seletivo-remuneracao-mensal-pode-passar-de-r-8-mil.html,Gestão e RH,Imprensa Regional (Bahia),Guanambi,curadoria_dicom,correta
2025-09-11,Alunos da Escola Promove visitam IF Baiano em Bom Jesus da Lapa como parte de projeto de orientação profissional,Notícias de Bom Jesus da Lapa,https://news.google.com/rss/articles/CBMigwJBVV95cUxNeWVKWlJkdmFvUVhLd1BSTGpJX3JqdUJCOGpfQ21ZYU94WlQzUlVNTGRhdVpmVzUydzN3Yk5xLWQzOFVrWlpvZHdkRG9ZWkNJV1BqUVF5QWQ4LWJfU2EtU01faEJGZ3hfN2ZhUXlNUUtBZlFVU3VHeGpNdHdMMW4zb1dfaWhRQU5rSTBQUXdJNS1zN2VSQ2xNSlNaeXJaLUx5anNab3R3b3JYQmQ1Nmd3Sy1JSm5DS0N2cVpZTjFBT09nblIxVEl2VVlVVy1UM2JyQkFwS2dvSjhRZEVEQ1ZGdF8yVGYzdTNQeU1Hdk9COXg2X2phelBoS19NaE1fR3FJQnlJ?oc=5&hl=en-US&gl=US&ceid=US:en,Ensino,Imprensa Local,Bom Jesus da Lapa,busca_automatica,correta
2025-09-11,Visita ao IF Baiano,Notícias da Lapa,https://www.bomjesusdalapanoticias.com.br/bom-jesus-da-lapa/alunos-da-escola-promove-visitam-if-baiano-em-bom-jesus-da-lapa-como-parte-de-projeto-de-orientacao-profissional/,Institucional,Imprensa Local,Bom Jesus da Lapa,curadoria_dicom,correta
2025-09-04,Ifba e IF Baiano ofertam mais de 9 mil vagas para cursos técnicos em 36 cidades,Agência Sertão,https://news.google.com/rss/articles/CBMiuAFBVV95cUxOb2RFV0dHZS16N2NnNkxrcVY0dUdxeF9UdEU0aXB1WUdhRHdHSWZiOXNjbFEtMkVsUFV0ZVItX1lDVWtEaEZTYWJaZEE5NlV4aXltWmR0cjhReEFRRlc1b2pJWXhKSjR6bThobzlocUxUOGxuU3FwTG1vM3JEa0gzQ3FoenpCMUVYTXQ4RmdoaWdYRFVvNHZjNzkwaDJXOV9wci01NUJ5VWU4eVdhTjJMMEZXSFUyWFFJ0gG4AUFVX3lxTE5vZEVXR0dlLXo3Y2c2TGtxVjR1R3F4X1R0RTRpcHVZR2FEd0dJZmI5c2NsUS0yRWxQVXRlUi1fWUNVa0RoRlNhYlpkQTk2VXhpeW1aZHRyOFF4QVFGVzVvaklZeEpKNHptOGhvOWhxTFQ4bG5TcXBMbW8zckRrSDNDcWh6ekIxRVhNdDhGZ2hpZ1hEVW80dmM3OTBoMlc5X3ByLTU1QnlVZTh5V2FOMkwwRldIVTJYUUk?oc=5&hl=en-US&gl=US&ceid=US:en,Gestão e RH,Imprensa Local,Geral / Não Especificado,busca_automatica,ambos_citados
2025-09-03,IF Baiano abre vagas para professor substituto em Informática,Folha Dirigida,https://news.google.com/rss/articles/CBMilwFBVV95cUxQZ3JGSXdqMnJhYU5ReTB3aHRDa0RRVGpaWmx5NHRVRnJtRU5oS1c3cHZ3TmFNWGNlRmJucEVwOTYzWTZ5aHZJRmd3NnBDTTdWVXdLcWc5Q1hwcVBPMHktUlNPN0hZZVU4VWVxRHAxOW5wUHZZRjdqN094Q21QbFQwSENtcWFYdkdSZnlYYVZnVklmMWRJWDBN?oc=5,Gestão e RH,Imprensa (Nacional),Geral / Não Especificado,busca_automatica,correta
2025-09-02,Prosel 2026,Bahia na política,https://bahianapolitica.com.br/if-baiano-abre-processo-seletivo-2026-com-mais-de-3-600-vagas-gratuitas/#google_vignette,Ensino,Imprensa Local,Reitoria (Salvador),curadoria_dicom,correta
2025-09-02,Professor substituto,Concursos no Brasil,https://concursosnobrasil.com/concursos/ba/2025/09/02/if-baiano-campus-urucuca-abre-selecao-para-professor-substituto/,Gestão e RH,Especializados (Nichos),Uruçuca,curadoria_dicom,correta
2025-09-02,Estudantes no Bioma Mata Atlantica,Criativa,https://criativaonline.com.br/geografia-em-movimento-campo-que-conecta-teoria-territorio-e-comunidade-na-mata-atlantica/,Ensino,Imprensa Local,Santa Inês,curadoria_dicom,correta
2025-09-02,IF Baiano Campus Uruçuca abre seleção para Professor Substituto,Concursos no Brasil,https://news.google.com/rss/articles/CBMiugFBVV95cUxPcHJqc0x1SDJXalVHNVZzSVJ2TFJyYjAxc19BWThpSHk4UVAtZEdMR1E3c3lvR0l5RGp4djBwckFQOUJ5UGJ4SlRUeWs0Y215bnJGXy1JSC1ZRHBzNjNnN2lfcHZ6T1pWVmpaWXNDbl9ra2RyV29ieVVKeUtwVThKb0lJakpYUWVRZ2Vrem1JdWdBMnZBUFQtZXcwYnJ1RF9qODU3OWd4a3VwQWp1MmhGUzJuUnlXd0FWQkE?oc=5&hl=en-US&gl=US&ceid=US:en,Gestão e RH,Especializados (Nichos),Uruçuca,busca_automatica,correta
2025-09-02,"Instituto Federal abre vaga de emprego com salário de R$ 8 mil + R$ 1.000 de VA + benefícios para trabalhar como Professor no campus de Serrinha, no IF Baiano; necessário possuir superior completo",CPG Click Petróleo e Gás,https://news.google.com/rss/articles/CBMixgFBVV95cUxOM0dHbDdxMHRLUzBlVVRiQUFQQUZnVFVjRGc5SGdNVkNYRUVhbDNmVWVWTXZFUktyMG0yY2w2SEg3R0lXdm5SN3FhQ1VyVGltczRTaUJueTVhM0xlcmN1d1B3YXRFM2VZR0VNcS05NnZBQnRsN2RObGtncnFkVGM4VkVtZEFkVWNuUTlQTFA0OVdOWWsyaWVpRmNNcFJOVlRkZlAwWkhRNUdZQXBzWnU0aWlMRHpjQnBzdmlkcVJLX2JXSnh5MWc?oc=5&hl=en-US&gl=US&ceid=US:en,Gestão e RH,Imprensa Local,Serrinha,busca_automatica,correta
2025-09-02,Prosel 2026,Notícias da Lapa,https://www.bomjesusdalapanoticias.com.br/bom-jesus-da-lapa/campus-do-if-baiano-de-bom-jesus-da-lapa-abre-120-vagas-para-cursos-tecnicos-integrados-ao-ensino-medio/,Ensino,Imprensa Local,Bom Jesus da Lapa,curadoria_dicom,correta
2025-09-02,Prosel 2026,Se Liga Alagoinahs,https://www.seligaalagoinhas.com.br/noticia/62352/if-baiano-oferta-180-vagas-para-cursos-tecnicos-integrados-no-campus-alagoinhas,Ensino,Imprensa Local,Alagoinhas,curadoria_dicom,correta
2025-09-01,Professor Substituto,Agência Sertão,https://agenciasertao.com/2025/09/01/if-baiano-abriu-processos-seletivos-para-professores-em-guanambi-e-serrinha/,Gestão e RH,Imprensa Local,Guanambi,curadoria_dicom,correta
2025-09-01,Professor Substituto,QConcursos,https://folha.qconcursos.com/n/ifbaiano-processo-seletivo-campus-guanambi-2025,Gestão e RH,Especializados (Nichos),Guanambi,curadoria_dicom,correta
2025-09-01,IF Baiano abre edital de Processo Seletivo para o campus de Guanambi,PCI Concursos,https://news.google.com/rss/articles/CBMirgFBVV95cUxOQW1ZZ3NqWklSc2xzY0J2UERjUzM3VjY1OEJ0elZkWC1la2ZvQ2J3RDVuWE1Ja3NfelIxSi0yekdSYTYtWkt6cVJQNXZuc0JCZ3JmQ3FHRFVMWDlqUEpEbmJHbWJ1OHhaemtiRDFJNFVwOGduV0ZPOHBHRjc5SjRybURjYUdKX1NNcnlrckxkU0ZsdFdSejdsUmdDODA1dktONGUxUjlKUnAwYTFYNFE?oc=5&hl=en-US&gl=US&ceid=US:en,Gestão e RH,Especializados (Nichos),Guanambi,busca_automatica,correta
2025-09-01,Professor substituto,O Tempo,https://www.otempo.com.br/emprego-e-concursos/2025/8/30/if-baiano-abre-concurso-para-professor-com-salarios-de-ate-r-805829-saiba-como-se-inscrever,Gestão e RH,Imprensa (Nacional),Reitoria (Salvador),curadoria_dicom,correta
2025-09-01,Professor substituto,PCI Concursos,https://www.pciconcursos.com.br/noticias/if-baiano-abre-edital-de-processo-seletivo-para-o-campus-de-guanambi,Gestão e RH,Especializados (Nichos),Guanambi,curadoria_dicom,correta
2025-08-31,Prosel 2026,Agência Sertão,https://agenciasertao.com/2025/08/31/if-baiano-abre-inscricoes-para-cursos-tecnicos-em-guanambi/,Ensino,Imprensa Local,Guanambi,curadoria_dicom,correta
2025-08-31,IF Baiano abre processo seletivo para quase 4 mil vagas em 14 unidades do interior; saiba como se inscrever,Bnews,https://news.google.com/rss/articles/CBMi9wFBVV95cUxNNlFJVld6Zl9Pbmw2NW50MnVfY19hbjRicEhlbGhaN0pzYUJhcUxCTFozMmo4emgyLXBuTDlqYU90M1UxZ2ZNSm02QkxyYXZoN25GUGVTTWZMTVNXN2h1bUNQZHJqQjFGRjBWVUVoN01LcWJmbHJ6dWxTVEluWlg5dDVaWDBJVXBlbkV4dXdBa3pyckIxaE1WYlAybGxlMDNaa29iR1dVM2xlOTR5ZG1ZRVc2S0R2UFV2aDVOdS0zeUJ5aWd1SThoTmM0dUgwcG9pS0hZaUZRYzhXNW03bDFYRkJwU0RSZ3B0eXd1ZzZJRjJjdnB3N19v0gH8AUFVX3lxTFBtelVGeDdFTy1Sd2oxcHRxRjFSZFVYQ3VPM0Fpa2hhMlJsMEkwR0JOSnc0aDNDSXMwZ3IxaUpURWNsY21UUzEtemRtWDRiTUFsU0xUZUdSTXlBNTJrLW5RX1llV1VGNW51Rnc0U3c1dmFSczNtelpZd2Y1U29Qd2ctX2NFRkhBaXlXYzlGUkZUUTZ6Wnp3YzZwME01WXBuSlZRUlNWNkNNMEI1RWNGbzJ3R1BGeUV0ank5VWFmcWpnWGkwYUVxbk1xV0daVWxGVUNmYmV3MHozSU5DSEV4dWpkRHI0RDJrZnl6VnFrNGVyek1xTDRXVEdBVUtTZw?oc=5&hl=en-US&gl=US&ceid=US:en,Gestão e RH,Imprensa Regional (Bahia),Geral / Não Especificado,busca_automatica,correta
2025-08-31,Instituto Federal Baiano abre processo seletivo para 2026 em Teixeira de Freitas,SulBahiaNews,https://news.google.com/rss/articles/CBMiswFBVV95cUxOTnVpa19OUDVhcW1kVHZNUWtCRHdRcDV4NjVjb1NQa0tWMWFsc1NOMlR4eDI0UnhwaVU5UVVuZW5zekVGNWRmc3U2N3phRHB2d0plVjZkSFdNRzdQeDVPd0MwV21CcDJFSnVOZmdXYUpoRHFxUWxCSUp4R1BTMHA2cGZLTGZnejV3Z0laMWlFa2RuWUd0UTh3VjhhSFYwZ3gzXzRRMl9IMmo5Ykd6TWR4ZWdJdw?oc=5&hl=en-US&gl=US&ceid=US:en,Gestão e RH,Imprensa Local,Teixeira de Freitas,busca_automatica,correta
2025-08-31,Prosel 2026,Siga a Notícia,https://sigaanoticia.com.br/if-baiano-abre-36-mil-vagas-em-14-campi-incluindo-o-de-teixeira-de-freitas/,Ensino,Imprensa Local,Teixeira de Freitas,curadoria_dicom,correta
2025-08-31,Prosel 2026,Bnews,https://www.bnews.com.br/noticias/economia-e-mercado/if-baiano-abre-processo-seletivo-para-quase-4-mil-vagas-em-14-unidades-do-interior-saiba-como-se-inscrever.html,Ensino,Imprensa Regional (Bahia),Reitoria (Salvador),curadoria_dicom,correta
2025-08-31,Prosel 2026,Farol da Bahia,https://www.faroldabahia.com.br/noticia/if-baiano-abre-selecao-com-3-6-mil-vagas-para-cursos-tecnicos-gratuitos-em-14-cidades-da-bahia,Ensino,Imprensa Regional (Bahia),Reitoria (Salvador),curadoria_dicom,correta
2025-08-31,Prosel 2026,SuldaBahiaNews,https://www.sulbahianews.com.br/instituto-federal-baiano-abre-processo-seletivo-para-2026-em-teixeira-de-freitas/,Ensino,Imprensa Local,Teixeira de Freitas,curadoria_dicom,correta
2025-08-30,Prosel 2026,Diário do Povo,https://diario.dopovo.com.br/2025/08/30/if-baiano-abre-36-mil-vagas-para-cursos-tecnicos-gratuitos/,Ensino,Imprensa Local,Reitoria (Salvador),curadoria_dicom,correta
2025-08-30,Prosel 2026,G1,https://g1.globo.com/ba/bahia/blogdoemprego/noticia/2025/08/30/if-baiano-anuncia-processo-seletivo-para-cursos-tecnicos-na-bahia.ghtml,Ensino,Imprensa (Nacional),Reitoria (Salvador),curadoria_dicom,correta
2025-08-30,Prosel 2026,Galego Notícias,https://galegonoticias.com.br/noticia/13472/processo-seletivo-2026-do-if-baiano-oferece-3-600-vagas-em-cursos-tecnicos-gratuitos,Ensino,Imprensa Local,Reitoria (Salvador),curadoria_dicom,correta
2025-08-30,"Sua chance de estudar sem gastar 1 real no Instituto Federal! Mais de 3 mil vagas gratuitas abertas em cursos técnicos de Administração, Informática, Agroindústria e mais no IF Baiano",CPG Click Petróleo e Gás,https://news.google.com/rss/articles/CBMi4gFBVV95cUxNbXpvNVBWb0lRYUdZQ1hwMmNidi0tak91RjBjUVNsSy1WT0RYTlZ3SC1BeC1BaWJPS3ZleDdPbTJ1X0FhajNoRThHQWZCMnVvYWZmQ1dKYURadXkwREhTOHByUW5JcktLenVrLW9vaW91NGdOanA4WDR2ODFXeGdkVDRiQnRyeEpVeE9SR244R2o5eHNrSFhKWkl2cjlEX21TdWFSQmRmNFlTdUxOSnU2V2F1VDNmNUM5TWpmSFVlQ3lkWmRFWFc2d0R3QWhPc0VlT18zYjY2aFQzUGE0R29yZkh3?oc=5&hl=en-US&gl=US&ceid=US:en,Gestão e RH,Imprensa Local,Geral / Não Especificado,busca_automatica,correta
2025-08-30,IF Baiano lança processo seletivo 2026 com mais de 3.600 vagas em cursos técnicos gratuitos,aGazeta Bahia,https://news.google.com/rss/articles/CBMi4wFBVV95cUxQY1NFU2ZZcDZtMFdTaV9iZEdYQVpuaVp2SUtQNW9XZjhUZW5jT3hqNXk1SkxSbE5GRUp3WGVPaEdZRXVFdlhqWlJTLXVJY05ON0dreEcxYVRaOTlNd3FIcDEyTC16VmRHRXJBQXFMUml4TGZQelBpb29tZDdBYUpOcDFySXhLNkJQdmNVcEVDRFNlM0NDV0ZYOWJHcjVidU96ajlybTR2MFdCTVpBeEcwUFUxRVdLUzUtYkdwSWFUV0w1eThuWldWNU1ickJSUjFLbTVseTBKWDlrR3RzXzUxNDdSQQ?oc=5&hl=en-US&gl=US&ceid=US:en,Gestão e RH,Imprensa Local,Geral / Não Especificado,busca_automatica,correta
2025-08-30,IF Baiano anuncia processo seletivo com mais de 3 mil vagas para cursos técnicos na Bahia,G1,https://news.google.com/rss/articles/CBMizwFBVV95cUxOMlhwQkZKMnlyb0JnRWpubzYwNDNIMjdnWFlUbVFXM25uaHEzbmJmaXozQ3NhRTBmbjVyYzA5X1c5VzRieUQzaG9kYzIxN3FSWkFhYnN3Q1ZuZGRGbFE2OFpSMFltQnBzNEVJM0hGVnRJT29iUlF1VWpXMjNJazJBa3pYZEJ3NEdMV3UyN0JfbGNaWW9QanhCWHFmRDlJTEFHS2E0TWFsdEpiOUZlT19KLTRIWW1HWG1yYnJEeWR1VFR0UUVOUXUwWVNZcGhmczQ?oc=5&hl=en-US&gl=US&ceid=US:en,Gestão e RH,Imprensa (Nacional),Geral / Não Especificado,busca_automatica,correta
2025-08-30,IF Baiano anuncia processo seletivo com mais de 3 mil vagas para cursos técnicos na Bahia,g1.globo.com,https://news.google.com/rss/articles/CBMizwFBVV95cUxOMlhwQkZKMnlyb0JnRWpubzYwNDNIMjdnWFlUbVFXM25uaHEzbmJmaXozQ3NhRTBmbjVyYzA5X1c5VzRieUQzaG9kYzIxN3FSWkFhYnN3Q1ZuZGRGbFE2OFpSMFltQnBzNEVJM0hGVnRJT29iUlF1VWpXMjNJazJBa3pYZEJ3NEdMV3UyN0JfbGNaWW9QanhCWHFmRDlJTEFHS2E0TWFsdEpiOUZlT19KLTRIWW1HWG1yYnJEeWR1VFR0UUVOUXUwWVNZcGhmczTSAd4BQVVfeXFMTjVERXBOeTNhVVpGX3NUU1Y5Mm5Gekhyemt3Q29aQTFiYUlYcFlvSWRaYV9tcnA1bjlNWnZwVlNpY1JSNU5OQTg1eWEyX2Q4QjZvMGtPWDAyaTZ4Ym9abDMwOURvZ2dkNUhIYWdTdVlIS0o4c0Y5MG9kLWRIb0RObW5LcENtMmd1anp4b2RwV2ZZVUd3MzZoMklRUmhraHpOZkRiSTBzQ2czczhTaDFhdmUyTnNrQ3lMRkR6bkhzQ3J3eklvSjMyLUFDNXhtOWVwN0JPd2hZZzcwTGFZU3FB?oc=5&hl=en-US&gl=US&ceid=US:en,Gestão e RH,Imprensa (Nacional),Geral / Não Especificado,busca_automatica,correta
2025-08-30,Prosel 2026,Tribuna da Bahia,https://www.trbn.com.br/materia/I137471/if-baiano-anuncia-processo-seletivo-com-mais-de-3-mil-vagas-para-cursos-tecnicos,Ensino,Imprensa Regional (Bahia),Reitoria (Salvador),curadoria_dicom,correta
2025-08-29,Professor substituto,Concursos no Brasil,https://concursosnobrasil.com/concursos/ba/2025/08/28/if-baiano-anuncia-edital-de-processo-seletivo-para-o-campus-de-serrinha/,Gestão e RH,Especializados (Nichos),Serrinha,curadoria_dicom,correta
2025-08-29,Prosel 2026,Diário do Povo,https://diario.dopovo.com.br/2025/08/29/if-baiano-abre-inscricoes-para-cursos-tecnicos-em-serrinha-2/,Ensino,Imprensa Local,Serrinha,curadoria_dicom,correta
2025-08-29,"IF Baiano anuncia 3,6 mil vagas em cursos técnicos gratuitos",Jornal Correio,https://news.google.com/rss/articles/CBMipwFBVV95cUxQZk84NFVPNlM3OWVkT1BRaGxwNjVLd3lDZUJPNUEtbjBaR0xjdzlXR1JIOHA1TDZKTlBPaE5BdWZBOUhsTllLN0EtSXllQXN2UGY3YV9KX214VWtpTkZMT2dRTUNZeWFVZV9aejJDVF9NUGI3V01XdVRfTEdUampzYlBHaUJULUFZZ0MzdElqeDg4T2dTNDhXTl9XU0hJQ1dSY0NUU0l1NA?oc=5&hl=en-US&gl=US&ceid=US:en,Gestão e RH,Imprensa Regional (Bahia),Geral / Não Especificado,busca_automatica,correta
2025-08-29,IF Baiano abre vagas para Professor de Biologia,Ache Concursos,https://news.google.com/rss/articles/CBMisgFBVV95cUxNRjZDTzZxMzB0MGRqOVBDLVI3dFUyRHFXVkJTdUwxc1NzNHIwNGpMQjVrNW5iamFGR0RETkVJNTd5QnVsd2h0T3EwMXdpSHFFLTBZZmFaUVhVYlVHQUZEb0hSUFNPZndzN0NIY0FKcUg4Nm1Jc192Nk54ZlpRd0xkRXZIYjVKbnk5VHljdlhpSTI5amJfNXRiWUhxcFN2RG9OdFJDTVpNQmVSMTg0b2QwUFZR0gG3AUFVX3lxTE1HY192b1hqQkdZNkgySnhIM0MtRzFWa0V6dTdFVUNFcktBbVZvZl8yYXFFQl96UnNjcFJtRDA4Z3ZPM2YtUFBEdmJTN3dkeTllNEVTR3VXRkl1OHBHdkVnZ0tuZUlVMnZPY1Z6RFJXYTBzd1dfQy1mVWZwbWloTjJfRjA0MUMtQmhxeG91ZU9scXgxdTUtNHduYVNOYjZlUmlOYlpfbHhtR25VN1VpTU1SejV0Z3IwZw?oc=5&hl=en-US&gl=US&ceid=US:en,Gestão e RH,Especializados (Nichos),Geral / Não Especificado,busca_automatica,correta
2025-08-29,IF Baiano abre 160 vagas para cursos técnicos integrados ao ensino médio gratuitos em Serrinha,G1,https://news.google.com/rss/articles/CBMitAFBVV95cUxPeGE0Und6d3lqM1F5bTBQcGliNE0yZnZYUXZKQnJrZGRhN3RFTXVpYXNGcWFWbm41TUtTd2JfdGl5RTlHSTNuU0Q5TUNJU05QVWdid25xdGR0d2hFLUtVZ0JPa0NwNU5mc003c3dyV2wxNUQ4ZnN1ZzZ6MGc4ek90bm9jX1B4M1JPV0c1Sy1uM2VKSUlIZG8tSGktQzdxcUQ3TGtERXBYeVRZT3daR0NHcm11OWrSAcMBQVVfeXFMUElINkdQUk4zTlFBNzk2QXdURTNxUEdCdHRWNkNwVzhmZ3g5N1U2bU8zWWRIbENISF9WbnpPYUI3cmx4MWdWczcwOFMtZV9SdDEwYzZRRHprQi1FOFI1anQ5emFQZHBYV08wVGdnTml2dHJ4elA5MHd5Z01yMWRnR184VG5rWC1KcndQczBRNXUxbVRFLThWMkZqVXN0QlU2ZkREa3ZXM21WQ1N1Vk1RQjQxWjE0ekNndFNrWUNhalVpZ2xz?oc=5&hl=en-US&gl=US&ceid=US:en,Gestão e RH,Imprensa (Nacional),Serrinha,busca_automatica,correta
2025-08-29,Prosel 2026,Pimenta Blog,https://pimenta.blog.br/2025/08/29/if-baiano-abre-655-vagas-em-cursos-gratuitos-no-campus-de-urucuca-no-estado-sao-36-mil/,Ensino,Imprensa Local,Uruçuca,curadoria_dicom,correta
2025-08-29,Prosel 2026,Taktá no ar,https://takta.com.br/ultimas-noticias/if-baiano-abre-inscricoes-e-oferece-180-vagas-gratuitas-para-cursos-tecnicos-em-serrinha/,Ensino,Imprensa Local,Serrinha,curadoria_dicom,correta
2025-08-29,Professor Biologia,Ache Concursos,https://www.acheconcursos.com.br/concursos-bahia/processo-seletivo-if-baiano-abre-vagas-professor-biologia-83261,Gestão e RH,Especializados (Nichos),Guanambi,curadoria_dicom,correta
2025-08-29,Prosel 2026,Correio,https://www.correio24horas.com.br/bahia/if-baiano-anuncia-36-mil-vagas-em-cursos-tecnicos-gratuitos-0825,Ensino,Imprensa Regional (Bahia),Reitoria (Salvador),curadoria_dicom,correta
2025-08-28,Matrículas abertas no IFBaiano,Prefeitura Municipal de Santo Estevão,https://news.google.com/rss/articles/CBMigAFBVV95cUxQT1FPZlJnYWl2WGJrZGpIN1RNZThTdC1hSnZrbThDZFo2T0tLYXlNblQyVUpJZGppeUluLUswNEJUOEVXbTRsenB6TEZ3emlSRHFHRUZfZVZTaTNOam00RnRJdWtfSGhpUmE5U0hmMllocms0SFBlNFdkc0RSemhaNQ?oc=5&hl=en-US&gl=US&ceid=US:en,Ensino,Governamental,Santo Estêvão,busca_automatica,correta
2025-08-28,IF Baiano abre novo Processo Seletivo no Campus Serrinha,PCI Concursos,https://news.google.com/rss/articles/CBMingFBVV95cUxQbVZYN2M2bkktNVRncjZlbTZaWm1POGNOVnE0ZUE1akgzREU4RDFVNUJpMDhJekVYM0ZLNk1ZNzI2b1A4aEZrZU5sbmtvUXoyOFBIUmxlTWJFbFRMQUNvTkxFMTFXdjQ2eFhGSHNUR3d4R21mdHR2ZUY3dUhoVDJfVU02ZHY0VC1fbFIzZF9YbGJoY0FyQTI5N2diX3I0UQ?oc=5&hl=en-US&gl=US&ceid=US:en,Gestão e RH,Especializados (Nichos),Serrinha,busca_automatica,correta
2025-08-28,IF Baiano abre vaga para Professor Substituto em Serrinha,Ache Concursos,https://news.google.com/rss/articles/CBMipwFBVV95cUxQc3l6YUNoaGNjVkkzUnFYQWxqNURoRHFwWGc2akd0XzBFWGNfZE1YeUc2S2RKWDE4YW8tWEM3aXR5RFhBazlkOE9uazMyU2tHMXFqNXFRcEs1ZjBiZ3gxbmFabmotRGw3NW11NHFNcXpERWQ5clk0UmdCamlmQjBfUmswbTdaWWx5Rlh3YlZfYllJaTRQWjQ5QjE3Qmlkb1lOY0JCbl8yQdIBrAFBVV95cUxQeklWTjktT3oyLXUzbjkxbEdZX1A3Sl82Wi1JQ2VFWmlIa1o5RWJDZ3BmUXpndWJ2N1U4VFctbUxJYjBYLU9pall6OW5hS01Na245QmV1cVpjNTBNYVFqcjRUMUt2VkFoSlhDNEN1Q0V4V3czS09BTjFTTHl0amJuMS1qVFlFREZtaWw2NUdtdUw0d3p5ejFKQmFXRENiVjBKVDRxV1AzX1RiNkZu?oc=5&hl=en-US&gl=US&ceid=US:en,Gestão e RH,Especializados (Nichos),Serrinha,busca_automatica,correta
2025-08-28,IF Baiano Campus Catu abre inscrições para novos estudantes em 2026,Mais Região,https://news.google.com/rss/articles/CBMisAFBVV95cUxQVWRPM28zUHFNb0pwRXBzdFlGSThrWEw2NXJ2d2JJeFcxSklyVUZJXzgtYk1GU2dsY1FQcDNuemVibFR6R0x0TktUSDNGcnRjZHN3alZ6SGt2b3ZXMmRhYnFyU3JtcW80bS0yell6NmZmV1MtbUhJLUtlUnFwR3JVaFdyOFo5MXRqOHpmZzYzSmt6NmtGWDZWSzhFQWR6dzhMNHNSTDJSRkpXa3N4Y2R4dg?oc=5&hl=en-US&gl=US&ceid=US:en,Ensino,Imprensa Local,Catu,busca_automatica,correta
2025-08-28,IF Baiano abre inscrições e oferece 180 vagas gratuitas para cursos técnicos em Serrinha,R7,https://noticias.r7.com/bahia/takta/if-baiano-abre-inscricoes-e-oferece-180-vagas-gratuitas-para-cursos-tecnicos-em-serrinha-29082025/,Gestão e RH,Imprensa (Nacional),Serrinha,curadoria_dicom,correta
2025-08-28,Prosel 2026,Mais Região,https://www.maisregiao.com.br/noticia/84158/if-baiano-campus-catu-abre-inscricoes-para-novos-estudantes-em-2026,Ensino,Imprensa Local,Catu,curadoria_dicom,correta
2025-08-28,Professor Substituto,PCI Concursos,https://www.pciconcursos.com.br/noticias/if-baiano-abre-novo-processo-seletivo-no-campus-serrinha,Gestão e RH,Especializados (Nichos),Serrinha,curadoria_dicom,correta
2025-08-27,Prosel 2026,Agência Sertão,https://agenciasertao.com/2025/08/27/if-baiano-abriu-mais-de-35-mil-vagas-para-cursos-tecnicos-e-de-graduacao-em-14-cidades-da-bahia/,Ensino,Imprensa Local,Reitoria (Salvador),curadoria_dicom,correta
2025-08-13,Olimpiada de Drones,Agência Sertão,https://agenciasertao.com/2025/08/13/if-baiano-sediara-a-1a-olimpiada-baiana-de-drones-entre-21-e-23-de-agosto-em-guanambi/,Extensão,Imprensa Local,Geral / Não Especificado,curadoria_dicom,correta
2025-08-13,Obras Santo Estevão,A Tarde,https://atarde.com.br/bahia/obras-do-if-baiano-avancam-e-prometem-revolucionar-a-educacao-1347144,Institucional,Imprensa Regional (Bahia),Santo Estêvão,curadoria_dicom,correta
2025-08-13,Obras Santo Estevão,IN 24H,https://itamarajunoticias.com.br/editorial/obras-do-if-baiano-avancam-e-prometem-revolucionar-a-educacao/,Institucional,Imprensa Local,Santo Estêvão,curadoria_dicom,correta
2025-08-13,Obras do IF Baiano avançam e prometem revolucionar a educação,A TARDE,https://news.google.com/rss/articles/CBMingFBVV95cUxQcDFKbkFXcG8wTlRZa3dPcHJOenlwZU1YS1lobHhGNVhSbEFpUV9tS1c3d2dwU0swVGEyeG5QZzY4cXBLQ2pCck1oYVdqbGRKWFpKWHhMbFpnNExBMXprRzNJMWdVVlp2Y20xYUFwdF9ybkxCVlZ5eFNYdnptUVNQWENRelllZFgybVZ3YVcwdHNJN1JFZjNiWTEzWFlLQdIBpgFBVV95cUxOYVhxT0VtVF9OZnZSb2U2VHRkUjRmZV9ra0M3MHg5S2lYSGVrbHVUZ3Q0TWZYWEluZlMxekgtN1RiaUdUMmFUR29fYy02cW1BR1VQaV84VVFraVZuNUl0VjRlN0g4cWVXTGVPMW9Fbk1fS3VrMEE0Q29QVk5JRngzSEhTckR3Y2V2Yl9pRzE0Nlg0MkVvNFpWc0tvQjJIVmFTN1YwU1pB?oc=5&hl=en-US&gl=US&ceid=US:en,Institucional,Imprensa Regional (Bahia),Geral / Não Especificado,busca_automatica,correta
2025-08-12,Obras Santo Estevão,De Olho na Cidade,https://deolhonacidade.net/comitiva-do-mec-visita-obras-do-if-baiano-em-santo-estevao-e-preve-entrega-para-2026/,Institucional,Imprensa Local,Santo Estêvão,curadoria_dicom,correta
2025-08-12,Santo Estêvão celebra implantação do campus do IF Baiano e marca novo capítulo para a educação no município,Prefeitura Municipal de Santo Estevão,https://news.google.com/rss/articles/CBMi6AFBVV95cUxOaHBHbndlRmxFRHVROGFmWXJDdDZTUEkxN1owOHAybmxxT2tWTFNSa2JPZ25CNGZFQVcyNXQxOGFESUlaNFNiUGRpUzRyb3FReDB0YTN6dFZ1bFAzTFNJMDI1dUlNYTBHZndlNFJuOTJFc0R1ZlRfMDNYeUoxR2c5ZUJyM2RQdHBCRkdvVFpjRF9QZDNUX25fejE2MkFpS3pHWHdCNklROEpSbWhmNU1CTGRfSWxnbEJRU2ZscUh5ZmplSk9MTU5fTXNXQkg3WVBoUFhzNlJjNG9UdHA0U2JXcTFMblpJc1N1?oc=5&hl=en-US&gl=US&ceid=US:en,Institucional,Governamental,Santo Estêvão,busca_automatica,correta
2025-08-09,Secretário do MEC visita obras do IF Baiano em Ribeira do Pombal,Prefeitura de Ribeira do Pombal,https://news.google.com/rss/articles/CBMi9AFBVV95cUxQbS1XQ0h3Qzl1NlFtcmc1RHNLdEtfV2RyaG9HWjhGUWJrZ2FIX08xUWJaa2RRTzIyTXBWSHhnQ2Myd1p3ck5xSngtN0FsSTB3TllIMFlMNi1vYVhBNzRTYkRFV1N5MkJIQ2FzVDFEQnVwcXBuMW9MRHowQ3RBUVo2b0drY0N1UzdpZlBoUGtDYktrNHRGaFZwRkZ3M1E0RlBlVTR5eHhMeElWbU1GMVNpcEVJY0E3bUI3R2FpcVVucFZKa1ZRT01vTzEyM2tnV3V6T1hKdGRXaC02TjNyV2Z4NkNVVF9pLTBGOWtGckZEV0ZtZ2pH?oc=5&hl=en-US&gl=US&ceid=US:en,Institucional,Governamental,Ribeira do Pombal,busca_automatica,correta
2025-08-07,IF Baiano sediará Olimpíada Brasileira de Agropecuária,Revista Metropolitana,https://news.google.com/rss/articles/CBMipwFBVV95cUxOMEhqNjFldHEtZ2Jaal9uX0pNZTU1MDloR0l0NlBIX3p0bXZlLUNmdXAycGowSUFUWnRjQUNiMW9rVVVCVFU3b2hFUk1PeUN4cEdXTUU1cHVDZk1TelVTQTRjdlFnMkZZT05RMVNFREVYb2twREpjYmtFcjFVVVpYckVodVFRLWlHZVd3QzM2OU1XSmFiOWlYWWZpdDBlUk5XRmRFSVp0Zw?oc=5&hl=en-US&gl=US&ceid=US:en,Extensão,Imprensa Local,Geral / Não Especificado,busca_automatica,correta
2025-08-07,IF Baiano sediará Olimpíada Brasileira de Agropecuária em Senhor do Bonfim,Tribuna da Bahia,https://news.google.com/rss/articles/CBMitAFBVV95cUxQUGtIVjZHM1JCYWF1TEpjLS1hRHZlZFdhMTJVeVpJZkhwajdxZGgzZFdScERwRTVQRlI0S3huenBtcTZfNFBVWmE2RFFkTU9haWI3bTJEaE9IaDVlRnpwc3kzMncteHJ5S3BqaDRaQVFRWEhKMWRKbV9nX1VMVk82Q3pUTVNfMV93R3VhLUxGbHplakVmeXgtUVRWb0NCbUFOenBIYWl1TmxmYTAzZGN2NTVqT1A?oc=5&hl=en-US&gl=US&ceid=US:en,Extensão,Imprensa Regional (Bahia),Senhor do Bonfim,busca_automatica,correta
2025-08-06,IF Baiano promove IX Seminário de Agroecologia e Produção Orgânica nesta sexta e sábado em Guanambi,Agência Sertão,https://news.google.com/rss/articles/CBMi0wFBVV95cUxQa1dPc296UTdzbmZXRFpjQnJhQkhTaV9GcEJtY3YzZFVaa1BHM1JxUXZMeUJQYjhJOGFkTGU5ajBrdWZuWDhta1pPTWktZThLclhWUHhuYWMwSEM5OWwyYk9pX3RQYVpLaHIxQ2dPUDFGb3JzangxZG1BalRZc2FNaHp3bVJkWmptQ3pQNEltVGhUU293ZnpjMGdZR2djUVJTcDdNWTRLejZPZ1kzMkFlYW40UDdPanRYVVZCUElPdGNSREpnb25lOFREREdfTkctOTVZ0gHTAUFVX3lxTFBrV09zb3pRN3NuZldEWmNCcmFCSFNpX0ZwQm1jdjNkVVprUEczUnFRdkx5QlBiOEk4YWRMZTlqMGt1Zm5YOG1rWk9NaS1lOEtyWFZQeG5hYzBIQzk5bDJiT2lfdFBhWktocjFDZ09QMUZvcnNqeDFkbUFqVFlzYU1oendtUmRaam1DelA0SW1UaFRTb3dmemMwZ1lHZ2NRUlNwN01ZNEt6Nk9nWTMyQWVhbjRQN09qdFhVVkJQSU90Y1JESmdvbmU4VERER19ORy05NVk?oc=5&hl=en-US&gl=US&ceid=US:en,Extensão,Imprensa Local,Guanambi,busca_automatica,correta
2025-08-05,Prosel subsequente,G1,https://g1.globo.com/ba/feira-de-santana-regiao/noticia/2025/08/05/if-baiano-abre-vagas-para-curso-tecnico-em-agropecuaria-em-serrinha-saiba-como-se-inscrever.ghtml,Ensino,Imprensa (Nacional),Serrinha,curadoria_dicom,correta
2025-08-05,IF Baiano abre vagas para curso técnico em agropecuária em Serrinha; saiba como se inscrever,G1,https://news.google.com/rss/articles/CBMi9wFBVV95cUxOdjhWS2x6SUtoZlBQbXdWb1hUUWRNc05IX2VUNzUxNmdvVXA1YjJwMFFLb0ViR0gxVTQ4REJBVDhTYjlRd3Fhd0NjdWpNbWhHc25aMHZ2SFl6UWRnaThRNTIyYXFaQjA2cE11ejhiSGpfUzZqZmlsZlRnSDM1TnJCdmtUd3prbjZnOUNadzBFYUdhNW5Fc3YzZ1RrYUxSUi1URDB2VUw5MlloVF9OTlBWQmdaUjUwb2VXcm9uV2V5NkhGVlZFNmRDQ2g0UHdtRXZqQ2tiaGtlTVZ1R25tM0puNFptQnNmaXVhYUg4N3BUZXVyeDFIbXhF0gGGAkFVX3lxTFBhWjZMS0FzOW5kbDFpWHhBQ3QzUFM4X2dDX2pfSnF4X3VrU0NjZnNrZkpET0w4OWNOTW8yR2tNM0lMVXMtQ2RuZnRqR0J0S3N0ejI0d3k3NnlweTJnV2pLQjVYV1d0ME15SXhnMnNYLTdNVElRQk5ObVJYVzk4UHF6WE80Y1VXWWpQbWZrNGVmaFRHa0E3OFJXbmJLaW5lMWs2YmZfYkJMbE9TdU9EalAycUNoTjdDWGZYN1hTSHpFaElvSFlKU0pwbVRjZVFWWXhydEZlUThLQ3MxS0s3Mjl1QTIzRno5bXRLeTJ4MVlOaXdldllRT1lHQ1E4V2NNdDJhSF9ENFE?oc=5&hl=en-US&gl=US&ceid=US:en,Gestão e RH,Imprensa (Nacional),Serrinha,busca_automatica,correta
2025-07-29,Prédios históricos de Serrinha,Correio,https://www.correio24horas.com.br/minha-bahia/justica-suspende-leilao-de-predios-historicos-em-serrinha-apos-denuncia-0725,Institucional,Imprensa Regional (Bahia),Serrinha,curadoria_dicom,correta
2025-07-28,Pós-graduação Ensino de Matemática,Agência Sertão,https://agenciasertao.com/2025/07/28/if-baiano-oferta-vagas-para-curso-de-pos-graduacao-em-ensino-da-matematica/,Ensino,Imprensa Local,Valença,curadoria_dicom,correta
2025-07-26,Furto em obra do IF Baiano,Ipec Agora,https://www.ipecagora.com.br/bahia/funcionarios-sao-flagrados-furtando-cimento-de-obra-do-if-baiano-em-santo-estevao-prejuizo-foi-estimado-em-r-27-mil/,Institucional,Imprensa Local,Santo Estêvão,curadoria_dicom,correta
2025-07-25,Furto em obra do IF Baiano,Página da Notícia,https://paginadanoticia.com.br/noticia/35120/funcionarios-sao-flagrados-furtando-cimento-de-obra-do-if-baiano-em-santo-estevao-prejuizo-foi-estim.html,Institucional,Imprensa Local,Santo Estêvão,curadoria_dicom,correta
2025-07-21,Chocolat Festival,Portal SBN,https://portalsbn.com.br/chocolat-festival-bahia-se-firma-como-o-maior-da-america-latina,Institucional,Imprensa Local,Uruçuca,curadoria_dicom,correta
2025-07-20,Seleção de estágio para fazenda,Agência Sertão,https://agenciasertao.com/2025/07/20/empresa-fara-selecao-de-tecnicos-e-agronomos-em-guanambi-para-vagas-de-emprego-e-estagio-em-fazendas-da-bahia-maranhao-e-piaui/,Gestão e RH,Imprensa Local,Guanambi,curadoria_dicom,correta
2025-07-20,IF Baiano reabriu inscrições para cursos técnicos em Guanambi,Agência Sertão,https://news.google.com/rss/articles/CBMioAFBVV95cUxNcGl4Y2RabVlVS1lOaUdLSGZHWGhMTGsxY01XZXBSVm5qYzBjV3ZVN1AzZWd3NVNlM084dmZNcmd6TkZ5RlNRM2tNNmxfMUxJS01OaU9MMVBnSzF5TzgxakRSSmNuRTY1M0diN2w5eWN4ZFBtVG84bFV6a1VjaklJUWNvZUFzdEhxUzNfOUVXRmJFRmxTVTVLT2JnX1JlTVJv0gGgAUFVX3lxTE1waXhjZFptWVVLWU5pR0tIZkdYaExMazFjTVdlcFJWbmpjMGNXdlU3UDNlZ3c1U2UzTzh2Zk1yZ3pORnlGU1Eza002bF8xTElLTU5pT0wxUGdLMXlPODFqRFJKY25FNjUzR2I3bDl5Y3hkUG1UbzhsVXprVWNqSUlRY29lQXN0SHFTM185RVdGYkVGbFNVNUtPYmdfUmVNUm8?oc=5&hl=en-US&gl=US&ceid=US:en,Ensino,Imprensa Local,Guanambi,busca_automatica,correta
2025-07-18,Palestra com Rita von Hunty,Bahia na Política,https://bahianapolitica.com.br/if-baiano-promove-palestra-com-rita-von-hunty-sobre-poder-subalternizacao-e-producao-do-conhecimento/,Institucional,Imprensa Local,Valença,curadoria_dicom,correta
2025-07-17,"Santo Estêvão sediará a 4ª edição do Congresso de Ensino, Pesquisa e Extensão do IF Baiano",página da notícia,https://news.google.com/rss/articles/CBMi1AFBVV95cUxPZEJGRlc0ME5jbUtvUGljeGJZQTZTeVRNODZmSjhvOVFLbGRNYk9iby16Nm9NbFJjSllwUU1KdWVzcXRTR3dUckhZRktwYUdjenN2Y3Y2WGgtZF9fUGlfUDZEVVdQd0NZZHpxYkx3RG1HdlM4THVxWHhpQkVoU25EcjVHVGU0bGJiVG9QYWZNV2pudllxempWS1pha1VLdjdzaFZ0ZUZYeklObmZIMWpZeURXOHYyYktmTW42M1B2LWFodXFDR2U3eVFUSG0zUDRyeC1XatIB0wFBVV95cUxOck9Gb2VZZ2ZuZHpMLWR2cXp3WjdTd2pxb0ZEMmR6V2RUVGFkakJZUDZXTVZiM2htLV90T241cFBiaEJyY1hMNXNYV3J3cWlyVWtJMW0zdFJMUEdvdFR3NDhQR2NVTmJOY19Ma0ZIa3VFTGRZbmxMZ3NWTE1ic3BRVlRMdGNKTkZ4c1lXb1RmZXFuNjJfdTJCWE8zc0Jqd1NPNmRCZXVKTm5weDVZSGFjZTk5RlRBZy1xU1pPYXFUMkxIOUhNMDd6TDAzYlFtcWwzaHZZ?oc=5&hl=en-US&gl=US&ceid=US:en,Ensino,Imprensa Local,Santo Estêvão,busca_automatica,correta
2025-07-17,Congresso do IF Baiano,Página da Notícia,https://paginadanoticia.com.br/noticia/35112/santo-estevao-sediara-a-4-edicao-do-congresso-de-ensino-pesquisa-e-extensao-do-if-baiano.html,Institucional,Imprensa Local,Santo Estêvão,curadoria_dicom,correta
2025-07-17,Palestra com Rita von Hunty,Bahia Já,"https://www.bahiaja.com.br/politica/noticia/2025/07/17/moradora-salvador-ganha-r1-milhao-em-sorteio-da-nota-premiada-bahia,157192,0.html",Institucional,Imprensa Regional (Bahia),Valença,curadoria_dicom,correta
2025-07-17,Palestra com Rita von Hunty,Licia Fabio,https://www.liciafabio.com.br/rita-von-hunty-palestra-no-if-baiano-sobre-poder-e-conhecimento/,Institucional,Imprensa Local,Valença,curadoria_dicom,correta
2025-07-15,Pós-graduação Inovação Social,Agência Sertão,https://agenciasertao.com/2025/07/15/pos-graduacao-inovacao-social-if-baiano-2/,Ensino,Imprensa Local,Bom Jesus da Lapa,curadoria_dicom,correta
2025-07-13,IF Baiano abre seleção com 2 vagas para professor substituto,Mídia Externa,https://infonet.com.br/noticias/educacao/if-baiano-abre-selecao-com-2-vagas-para-professor-substituto/,Gestão e RH,Imprensa Local,Geral / Não Especificado,busca_automatica,correta
2025-07-09,Prosel professor substituto,Qconcursos,https://folha.qconcursos.com/n/if-baiano-processo-seletivo-linguagens-2025,Gestão e RH,Especializados (Nichos),Senhor do Bonfim,curadoria_dicom,correta
2025-07-09,IF Baiano abre vagas para Professor Substituto em duas cidades,Ache Concursos,https://news.google.com/rss/articles/CBMixgFBVV95cUxPR1FmSGFUSEhYbk9TRUJFZ1N4eGZ5Rm5MRDJNQ0V4TUwwWHpVaDVyRXkxWXVOand6UWU0Q3pMVi1jcFA0aEFwaHhldkZFcW9zN1lQeGVQMlI4VmtVZmZET1BkWHR3WXZiYkRBc3JxWThQZ2Z6OHBtQUZ2OFlZX1NVaDlCSm9RRy1hcUJxbVpFWmVjWmpPV1Uyc1ZvWkJOWjhLa1pTbkplWHU3Y1dLUl9IMXR5NVpsb2N0Ymk4MzNKa3BZMmFtQ2fSAcsBQVVfeXFMT1RZNWtacXFydHBDTjJ3OGFrb2p6UlpNQjVYMk9wclJhdjNoMWcyZXhKbWo5SVQ4cFZuXzZWR1o0Ml9QNkwyNzFRTDM4dGxHbVdtQWJMU3V3cDUybGI0SVd6MXBnU2Nqdzl1eUhPYmhxLXViVklIemVCYkF0MGZRYlZRR1RsWDJsc0hzTEhCMVZycFFQcER4Q2lXdDQ4aHFKUGZyekc5eFQtdmI0M0s4d3ZCNXBuV1VKeDh2YnJGS0g3Y0tHbFFPT1pTNzg?oc=5&hl=en-US&gl=US&ceid=US:en,Gestão e RH,Especializados (Nichos),Geral / Não Especificado,busca_automatica,correta
2025-07-09,Prosel professor substituto,Ache Concursos,https://www.acheconcursos.com.br/concursos-bahia/processo-seletivo-if-baiano-abre-vagas-professor-substituto-duas-cidades-81983,Gestão e RH,Especializados (Nichos),Senhor do Bonfim,curadoria_dicom,correta
2025-07-09,Prosel professor substituto,PCI Concursos,https://www.pciconcursos.com.br/noticias/if-baiano-abre-duas-vagas-para-professor-substituto-em-processo-seletivo,Gestão e RH,Especializados (Nichos),Senhor do Bonfim,curadoria_dicom,correta
2025-07-07,Vagas para cursos superiores,Agência Sertão,https://agenciasertao.com/2025/07/07/if-baiano-oferta-54-vagas-para-cursos-superiores-em-serrinha/,Gestão e RH,Imprensa Local,Serrinha,curadoria_dicom,correta
2025-07-07,Chamada para obra coletiva da Rede Federal,Portal IFRN,https://portal.ifrn.edu.br/campus/reitoria/noticias/rede-federal-abertas-inscricoes-para-obra-coletiva-sobre-iniciacao-cientifica/,Institucional,Outras Instituições de Ensino,Reitoria (Salvador),curadoria_dicom,correta
2025-07-04,"documento EDITAL 08 2025 COEDIÇÃO ANEXOS EDITÁVEIS IFPA, IFBaiano IFAP IFRN IFCE",IFPA,https://news.google.com/rss/articles/CBMijwJBVV95cUxNOG5VRllSaHU4ellva0UyMjcxS1dVNTJ3SU5VRmtmdk5yeUxYcGxsY0JGSmhKN0xKMjRMYmg3QmJ5X2lueEJuajBHZHYwRVVWdVEwNXJFN1pMakl4WnhSUnF2NjNQWkZ4NjNocnhlSjRaeTIwdWVJMFBwMkJiWWYyVUZjUGFGaDYyaFNJQkphUlNQcjRFSVpod0Z3c3U2MUlBRWpsYlJTSGVnQW0wcktOcmFxQkJLV0pnMVg2SzdGTU5uNHFjaWhyTnFKaU43dHdhc2kwX2FBOVlvUzNfc285VXg5d3NIckY2V2xJa0ZzbUY5MWRjZEpZZEVrc1hJUkYwYlA4U3RJOXQ2dGhRblNj?oc=5&hl=en-US&gl=US&ceid=US:en,Gestão e RH,Imprensa Local,Geral / Não Especificado,busca_automatica,correta
2025-07-03,Simpósio Sigatoka Negra,Agência Sertão,https://agenciasertao.com/2025/07/03/simposio-tecnico-no-if-baiano-em-guanambi-vai-debater-desafios-e-solucoes-para-a-sigatoka-negra/,Institucional,Imprensa Local,Guanambi,curadoria_dicom,correta
2025-07-03,PTT IFBaiano Alencastre ProfEPT,EduCAPES,https://news.google.com/rss/articles/CBMi1wFBVV95cUxOOXFvWnJibXlfVVk2ZjA0azN0LTMtcktyUC1jRnNXMnZhd3BwaFZ0V0JWOWtqTG9zbXpYTXpEeGREZXNSdTF6NURVNDEzV0NWc1BVQ29pcEtsd016dVM0OVdURHM5clVTTF9tV3BsbmUwd3p5Tjc3Nmg4TDZLazhjMGdSb1JZNFpTN2tpOHNKSlNTWGJObnRLU2lfZnphOEZNQ2J3cTk0dlFKeEF3cklQeEM1OXlSVTBZU0FEckdqdjZsNC1NOXFQMjBwMWlXcGFfS2pvTGE4dw?oc=5&hl=en-US&gl=US&ceid=US:en,Institucional,Imprensa Local,Geral / Não Especificado,busca_automatica,correta
2025-06-27,Capital nacional do cravo,Podemos,https://www.podemos.org.br/valenca-pode-se-tornar-a-capital-nacional-do-cravo/,Institucional,Imprensa Local,Valença,curadoria_dicom,correta
2025-06-21,IF Baiano abre inscrições para pós-graduação gratuita em Educação do Campo em Bom Jesus da Lapa,Notícias de Bom Jesus da Lapa,https://news.google.com/rss/articles/CBMi7AFBVV95cUxObkQ0QkdNd0phbjhaNldIX0RYZlNMblVGR1p2TXU0R3g4U0dGc1MxZUUwcHpkSE1hTE4zLW9UdzlBbDkxa2pySjNPN1kxZ2QxbjlpMll1Mm9fMEN5WDMzZGxBcXpuanFZZ2oxZE9rZ2w3R2tnVWpTOGsteHJWN19paklKdkNXQUcyRlR0MlJyUmszRDhwNGhHYkJtNzh6T2g5RERGWEN6RGdnbmFBRlE3dzNhdmE0bVJxSnl1VE1Fa3dUZXBvZnpHWTRISHpTckVEMFR4SDcyWnJ0Rk9PSE5CRDRKWFVObVY4TWQ5ZA?oc=5&hl=en-US&gl=US&ceid=US:en,Ensino,Imprensa Local,Bom Jesus da Lapa,busca_automatica,correta
2025-06-21,Pós-graduação Educação no Campo,Notícias da Lapa,https://www.bomjesusdalapanoticias.com.br/bom-jesus-da-lapa/if-baiano-abre-inscricoes-para-pos-graduacao-gratuita-em-educacao-do-campo-em-bom-jesus-da-lapa/,Ensino,Imprensa Local,Bom Jesus da Lapa,curadoria_dicom,correta
2025-06-19,Pós-graduação Educação no Campo,Agência Sertão,https://agenciasertao.com/2025/06/19/pos-graduacao-educacao-do-campo/,Ensino,Imprensa Local,Bom Jesus da Lapa,curadoria_dicom,correta
2025-06-17,"Gestão da qualidade de vida no trabalho: práticas atuais e perspectivas futuras do Instituto Federal Baiano (IF Baiano), sob a ótica da Lei Federal nº 14.681/2023.",saberaberto.uneb.br,https://news.google.com/rss/articles/CBMiekFVX3lxTE1SZ1hJX3VuWDNWM0ZNOWxEV2E5anhRMzlHeWZfSEE1NmV1U3lxLU9jZENVRzYyMjdmRklDbFNqa09tdGRldmYwQVpSR21DZ3hlMXpLOG90STQ0YXRsdWtTdTNnMUc1SXdfaUdyTHJhU1JBRXZyWEFFN2Z3?oc=5&hl=en-US&gl=US&ceid=US:en,Institucional,Imprensa Local,Geral / Não Especificado,busca_automatica,correta
2025-06-15,INSTITUTO FEDERAL BAIANO CAMPUS CATU PROGRAMA DE PÓS-GRADUAÇÃO EM EDUCAÇÃO PROFISSIONAL E TECNOLÓGICA GABRIELLI ORNELLAS S,EduCAPES,https://news.google.com/rss/articles/CBMirAFBVV95cUxOLWVSd0xFQTNNWjdIREcxbUx3ZWRSVFR0ci15YmJMUEJrZXFPY2IzakJGNl84LU1tRFRFVVhJbjFUWlV3X2dEUkczYWVVUUQ1cEVjOGY3OG5PMlR4Wkp2MHdnTmQzQUJTN2VxbUVGUHlOOU5MZkF6eURvb243QzE1MkItS3FkQmpLc2VScHU4R0RQSFpGWDdQd2RzZTdJeUUzSzBleV9CTVdJV1do?oc=5&hl=en-US&gl=US&ceid=US:en,Ensino,Imprensa Local,Catu,busca_automatica,correta
2025-06-13,Seleção de professores para cursos ead,Acorda Cidade,https://www.acordacidade.com.br/empregos/concursos/if-baiano-seleciona-professores-para-atuar-em-cursos-a-distancia/,Gestão e RH,Imprensa Regional (Bahia),Reitoria (Salvador),curadoria_dicom,correta
2025-06-12,Seleção de professores para cursos ead,Agência Sertão,https://agenciasertao.com/2025/06/12/selecao-professores-if-baiano/,Gestão e RH,Imprensa Local,Reitoria (Salvador),curadoria_dicom,correta
2025-06-12,Seleção de professores para cursos ead,Blog do Gusmão,https://blogdogusmao.com.br/2025/06/12/if-baiano-seleciona-professores-para-atuar-em-cursos-a-distancia-das-areas-de-educacao-inclusiva-e-geoprocessamento/,Gestão e RH,Imprensa Local,Reitoria (Salvador),curadoria_dicom,correta
2025-06-12,IF Baiano seleciona professores para cursos a distância,Agência Sertão,https://news.google.com/rss/articles/CBMidkFVX3lxTE1CWHNDQTBHOV8yQ0JnamtIdGhCYUtOQW5WU1RkVkNIUWpTUHJ1NE5ycklZZkVQZ1pTWFFLWlZXSVdfcF9GZzNnRkVGNFRBUmtGRVpGWHVWTVFlTVFTR3RBSFROc2h6bFVDZEVwcjZnbGxhUHNxdnfSAXZBVV95cUxNQlhzQ0EwRzlfMkNCZ2prSHRoQmFLTkFuVlNUZFZDSFFqU1BydTROcnJJWWZFUGdaU1hRS1pWV0lXX3BfRmczZ0ZFRjRUQVJrRkVaRlh1Vk1RZU1RU0d0QUhUTnNoemxVQ2RFcHI2Z2xsYVBzcXZ3?oc=5&hl=en-US&gl=US&ceid=US:en,Gestão e RH,Imprensa Local,Geral / Não Especificado,busca_automatica,correta
2025-06-12,IF Baiano abriu seleção para 120 vagas em cursos técnicos no Campus Guanambi,Agência Sertão,https://news.google.com/rss/articles/CBMitAFBVV95cUxOQUpYU0RLVV81S05yUjJlNzhxSTBqeGRwaHBreXM5Wm9SSk1BSHRTTVVDV0JrYmVWeVAzaUIwWUVUbm0wRi1SZmUybUd4ZTNxVGlJZm9UVlRxRlRnRjhjTHAzSkpOeW1obm9kMjl5ZHVnS0Z6cGVpa2pNTVNtWjF4MW1vbGo3ZU5EdmtaSUhWb3BKTVYwM3NjMzJNU2JnRGwybGNQbGkwWHhSN2tyc2ZkR0pIRHHSAbQBQVVfeXFMTkFKWFNES1VfNUtOclIyZTc4cUkwanhkcGhwa3lzOVpvUkpNQUh0U01VQ1dCa2JlVnlQM2lCMFlFVG5tMEYtUmZlMm1HeGUzcVRpSWZvVFZUcUZUZ0Y4Y0xwM0pKTnltaG5vZDI5eWR1Z0tGenBlaWtqTU1TbVoxeDFtb2xqN2VORHZrWklIVm9wSk1WMDNzYzMyTVNiZ0RsMmxjUGxpMFh4UjdrcnNmZEdKSERx?oc=5&hl=en-US&gl=US&ceid=US:en,Gestão e RH,Imprensa Local,Guanambi,busca_automatica,correta
2025-06-12,Teixeira: IF Baiano realiza audiência pública e discute demanda do curso técnico em Hospedagem,SulBahiaNews,https://news.google.com/rss/articles/CBMixAFBVV95cUxOX3FXT1JBX21GTUpIYW1wdG5SQi1LSU90OHFmbVlPdWozMFBUd0hHMmNNOGRhaVFvdDZMajBBSWJlNjUxMU5sTHA3SGI1cXBZMDVYZk12cVlISWFMemZuSXNZVE8wRC0wUHMzUGRmNTgtYTRDNTdsWTVxYWdoanYzX3FhY0tMRkdOZE9Rdy1EeVhoQVJJWkdBZDRZdGhCZGlWVnRURFBfT0JDcmVuVmZSNVFyX3BIYk84T1VkWDloOE0tcURz?oc=5&hl=en-US&gl=US&ceid=US:en,Ensino,Imprensa Local,Geral / Não Especificado,busca_automatica,correta
2025-06-10,IF Baiano Uruçuca abre inscrições para curso técnico em Agropecuária com 40 vagas para o segundo semestre de 2025,Ilhéus Net,https://news.google.com/rss/articles/CBMi4wFBVV95cUxOaEZ5M29oSlFpcGVSZnFiRDl2aWxEdEhCbVNjQmNaQ0FubGl4SEZ6ei1ZVUdwcWdvanBlVHVNLWtrQnppT2dqMXhzVVNYNGVwckhIWmUxT0hsTzdYNWVyY3ZyM2poQ1ZHaGRZTlhzVWl0MTNYSUFZcndpcVpCYy1Yd2tjR096ZnVWeWY1NVlFazBidXNvNWFaWU9ZQVdzMVlfZGI1THZwRVdFNEI3aHN1UDRaXzRMTnFGTHBjcHJpQXlvWjQ4T2hqRUxnbmFqRjA1ZUNMV0VONTcxcTBpZ3FqWlhBUQ?oc=5&hl=en-US&gl=US&ceid=US:en,Gestão e RH,Imprensa Local,Uruçuca,busca_automatica,correta
2025-06-10,Prosel cursos subsequentes,IlhéusNet,https://www.ilheus.net/2025/06/if-baiano-urucuca-abre-inscricoes-para-curso-tecnico-em-agropecuaria-com-40-vagas-para-o-segundo-semestre-de-2025.html,Ensino,Imprensa Local,Uruçuca,curadoria_dicom,correta
2025-06-09,Seminário,Preto no Branco,https://pretonobranco.org/2025/06/09/univasf-e-if-baiano-promovem-o-seminario-orgulho-em-movimento-vivencias-lgbtqia-no-mundo-do-trabalho/,Extensão,Imprensa Local,Senhor do Bonfim,curadoria_dicom,correta
2025-06-09,Obap,MEC,https://www.gov.br/mec/pt-br/assuntos/noticias/2025/junho/mec-integra-comissao-na-area-tecnologica-do-mercosul,Institucional,Governamental,Reitoria (Salvador),curadoria_dicom,correta
2025-06-07,Prosel cursos subsequentes,Interior da Bahia,https://interiordabahia.com.br/2025/06/07/if-baiano-abre-172-vagas-para-cursos-tecnicos-subsequentes-em-serrinha-e-senhor-do-bonfim/,Ensino,Imprensa Local,Senhor do Bonfim,curadoria_dicom,correta
2025-06-05,Prosel cursos subsequentes,Aratu ON,https://aratuon.com.br/educacao/if-baiano-abre-vagas-para-cursos-tecnicos-em-serrinha-e-senhor-do-bonfim,Ensino,Imprensa Regional (Bahia),Senhor do Bonfim,curadoria_dicom,correta
2025-06-05,Equipes da Secretaria de Educação participam de formação no campus Senhor do Bonfim,Classe Política,https://classepolitica.com.br/noticia/equipes-da-secretaria-de-educacao-participam-de-formacao-no-if-baiano-de-senhor-do-bonfim,Institucional,Imprensa Local,Senhor do Bonfim,curadoria_dicom,correta
2025-06-05,Prosel cursos subsequentes,Jornal Correio,https://www.correio24horas.com.br/minha-bahia/if-baiano-abre-inscricoes-para-cursos-tecnicos-gratuitos-em-cidades-baianas-0625,Ensino,Imprensa Regional (Bahia),Senhor do Bonfim,curadoria_dicom,correta
2025-06-02,Estudos de demanda dos novos campi,Bahia Econômica,https://bahiaeconomica.com.br/wp/2025/06/02/if-baiano-consulta-comunidades-para-definir-cursos-em-novos-campi-veja-como-participar/,Institucional,Imprensa Local,Reitoria (Salvador),curadoria_dicom,correta
2025-06-02,Estudos de demanda dos novos campi,Bahia na Política,https://bahianapolitica.com.br/if-baiano-ouve-a-comunidade-para-definir-cursos-dos-novos-campi/,Institucional,Imprensa Local,Reitoria (Salvador),curadoria_dicom,correta
2025-06-02,Prosel cursos subsequentes,Diário do Povo,https://diario.dopovo.com.br/2025/06/02/if-baiano-oferece-cursos-tecnicos-em-serrinha-com-60-vagas/,Ensino,Imprensa Local,Serrinha,curadoria_dicom,correta
2025-06-02,Prosel cursos subsequentes,G1,https://g1.globo.com/ba/feira-de-santana-regiao/noticia/2025/06/02/if-baiano-cursos-tecnicos-em-serrinha.ghtml,Ensino,Imprensa (Nacional),Serrinha,curadoria_dicom,correta
2025-06-02,Estudos de demanda dos novos campi,Grupo Lomes de Comunicação,https://glomes.com.br/if-baiano-ouve-a-comunidade-para-definir-cursos-dos-novos-campi-saiba-como-contribuir/?b=21,Institucional,Imprensa Local,Reitoria (Salvador),curadoria_dicom,correta
2025-06-02,IF Baiano ouve a comunidade de Santo Estêvão e de outros municípios para definir cursos dos novos campi; saiba como contribuir,página da notícia,https://news.google.com/rss/articles/CBMi5AFBVV95cUxNblR0R3JrY05xZlN5RThfX2E3SW1XUG9IdWZqbkpsUU4wcHFPQ0pheDQ4dldrbVJneG00M1BLWnhQandtcHYyLVNKbFJmWENaUnBSLXBOeGp6dzhEdTZMRVZUVTQtUjRueldHbFBKY20tVlV0eU5CN0xpNVVUUklJUnlHaXhuZkg1M1k1NlF5RXdlb3FlX0Z2WkpEYllwcVFyZnFOampFUjFTblo3d3JaZll2TC1RMVppZXhvVnBrQ3REbFJPc1RHaDlTWlByTkhVXzYydzlWYXE1WldTMHZuY1dDX2fSAeMBQVVfeXFMT3dGa0MtUDAyQm5mdVhWcktjNTBRZUppVmo3cGtWcXBNYjZ0OUxBMEd2MmltaHVXajRfUHdJbDJuZ0YybnNKb2cyR29mR1k5cnZTU0N6NUo3MVgyejZPRGN4OU5RQkEzakVVZjFjd1dVWU9fU3drenM4Z1Rkd2FoYWlzRHZZVHVmdjROYWk1emo3RzVzb25OeHpHT3pzLWVfeER5T3dnSWx1Q1NPRHZXbUlKNUxaMVBNSmZ5REtCNmhqdXBoRVF1QnBTZkFXUkNpSlFBblU3UU8zSWV5RGF1d3ZwSFE?oc=5&hl=en-US&gl=US&ceid=US:en,Ensino,Imprensa Local,Santo Estêvão,busca_automatica,correta
2025-06-02,IF Baiano abre 172 vagas para cursos técnicos em Serrinha e Senhor do Bonfim; veja como se inscrever,G1,https://news.google.com/rss/articles/CBMirwFBVV95cUxOSDF4NVc1MlBQd1pmTG1TcDlRWUVZVWtSYXRFa1gzblBSc0h0R092cE5oWDcyRTNfSWFSNm4xTm90OGlKN3ZSNEsxd1VDVEZCeDhIb2FWQy0yeHQ4UUduWHRhT1hRQ0hQNHU1RXZoajFURFBKNTJCU0hRWkxxWWt4eUZHZGZHODdsZWNCeVR6VmNXS2E3aXp1OW50UnZEVUZrUEtCbE5KcmpXcWtMLXdr0gG-AUFVX3lxTE1wQlRoVkQ4U0QzQjcxZHpUaVJVaXhrYjlOR3U0RmJlckloN0ZLVk85VExWT0xtdm9qWTgyTXJIS3F6SjVMdkRBd3ZfcTNjVFlsd1AwMm80d0g0T3c5d1Fta0k5WkF6NzNlOFFabGVfZnBlRFhwOUJfclBGamVFY1FhdkN0elRnQXdZck00Z2ctd2RuZ2hXWGJsbDNVcWVUOXlnOTdvemg5WGw5VklnQU1HemJZQjNpQzhPd0pPc3c?oc=5&hl=en-US&gl=US&ceid=US:en,Gestão e RH,Imprensa (Nacional),Senhor do Bonfim,busca_automatica,correta
2025-06-02,IF BAIANO CONSULTA COMUNIDADES PARA DEFINIR CURSOS EM NOVOS CAMPI; VEJA COMO PARTICIPAR -,- Bahia Economica,https://news.google.com/rss/articles/CBMiywFBVV95cUxQcU5qUkJfdkFfaU5EblctejlSSk1KbmVQNXpYYUR5MW1PR1EtMVJ2RVZzMDNfUzVUcEZxZ0VWbDdrOU12N1UzNjV2SGVWTl84TVhCZ2tCV2kxMkNVWHVBY3Z2eEdhSlBHaFNjOGlKWlI1RE1nLTdfcTByRXgwaGZOaTV0b3pWdm1hbVdubzlhaTBmQUZvb1ZyTlNFVmZtZEV5LXR5RXhGWTBUNFpKUlF5NTBlV1pCMHJPTUloemx3VURwX3FoTF9aSnFaNA?oc=5&hl=en-US&gl=US&ceid=US:en,Ensino,Imprensa Local,Geral / Não Especificado,busca_automatica,correta
2025-06-02,IF Baiano ouve comunidade para definir cursos dos novos campi; saiba como contribuir,Jornal Correio,https://news.google.com/rss/articles/CBMizwFBVV95cUxNSVFaSUJrbHJ1OEVhS0Y1OVNtR29sMEs0Sk1PdUlkZE14Um9EMDFVVGkxMTI1am1wUDNZOUJsZjdkd1dfaDJFRXFWazJ4RF8tWkk0SEEtTUlPRkloUkpDbHphTEVFWjl4WEVFU29xZkk0Z0tXR3FVQzRaYjcxTEZIazdhTm5YeFZFU1JoWnFOWlN0U0RfNWhVb08yaV8zYzZLNmo5ZFhEckVBTUtyS0RiYlpIYlctM0x5dU40YVJ3TkNUT3BFRUpPWWw5YlcwUTA?oc=5&hl=en-US&gl=US&ceid=US:en,Ensino,Imprensa Regional (Bahia),Geral / Não Especificado,busca_automatica,correta
2025-06-02,Estudos de demanda dos novos campi,Página da Notícia,https://paginadanoticia.com.br/noticia/35048/if-baiano-ouve-a-comunidade-de-santo-estevao-e-de-outros-municipios-para-definir-cursos-dos-novos-ca.html,Institucional,Imprensa Local,Reitoria (Salvador),curadoria_dicom,correta
2025-06-02,Prosel cursos subsequentes,Portal Ailton Pimentel,https://portalailtonpimentel.com/if-baiano-abre-60-vagas-para-cursos-tecnicos-em-serrinha-veja-como-se-inscrever/,Ensino,Imprensa Local,Serrinha,curadoria_dicom,correta
2025-06-02,Prosel cursos subsequentes,Calila Notícias,https://www.calilanoticias.com/2025/06/if-baiano-abre-60-vagas-para-cursos-tecnicos-em-serrinha,Ensino,Imprensa Local,Serrinha,curadoria_dicom,correta
2025-06-02,Estudos de demanda dos novos campi,Correio,https://www.correio24horas.com.br/minha-bahia/if-baiano-ouve-comunidade-para-definir-cursos-dos-novos-campi-saiba-como-contribuir-0625,Institucional,Imprensa Regional (Bahia),Reitoria (Salvador),curadoria_dicom,correta
2025-06-02,V Reneabi,Portal do IFPI,https://www.ifpi.edu.br/noticias/coordenador-geral-do-neabi-ifpi-participa-de-encontro-dos-neabis-dos-institutos-federais-do-nordeste,Institucional,Outras Instituições de Ensino,Reitoria (Salvador),curadoria_dicom,correta
2025-06-02,Estudos de demanda dos novos campi,Jornal da Mídia,https://www.jornaldamidia.com.br/2025/06/02/if-baiano-ouve-a-comunidade-para-definir-cursos-dos-novos-campi/,Institucional,Imprensa Local,Reitoria (Salvador),curadoria_dicom,correta
2025-06-02,Prosel cursos subsequentes,Jornal Foco,https://www.jornalfoco.com/index.php?id_navegue=2&id_blog=12048,Ensino,Imprensa Local,Serrinha,curadoria_dicom,correta
2025-06-02,Prosel cursos subsequentes,Viramar FM,https://www.viramarfm.com.br/noticiaatual/ba_if-baiano-abre-60-vagas-para-cursos-tecnicos-em-serrinha-veja-como-se-inscrever-,Ensino,Imprensa Local,Serrinha,curadoria_dicom,correta
2025-05-30,Seleção de professores substitutos,Agência Sertão,https://agenciasertao.com/2025/05/30/if-baiano-e-ifba-abriam-novos-processos-seletivos-para-professores-em-quatro-cidades/,Gestão e RH,Imprensa Local,Catu,curadoria_dicom,correta
2025-05-30,IF Baiano e Ifba abriam novos processos seletivos para professores em quatro cidades,Agência Sertão,https://news.google.com/rss/articles/CBMivwFBVV95cUxPWkx5NktkM2RUMzR3UzNsSHJBcnZ1MEJQbVR5RlFKRm95R0VNeHU1UDhtWmdiR1I3NE9kVUwxcTRXSmtBQkRJUjdiZkJvbjBKOXRValdDOFJ6UEVhZElTejJFbFprbnUyV1NzSE9URE04MlpmS0J1NFBZRWlwYlN3U2RGUXdYcXRfVy1raGVDTnpCSmtTMHFWaVdnVGlIbzFTOERfb1J3bGF3dVpia1A1d2NVaVhhS2tMUnprcVpZZ9IBvwFBVV95cUxPWkx5NktkM2RUMzR3UzNsSHJBcnZ1MEJQbVR5RlFKRm95R0VNeHU1UDhtWmdiR1I3NE9kVUwxcTRXSmtBQkRJUjdiZkJvbjBKOXRValdDOFJ6UEVhZElTejJFbFprbnUyV1NzSE9URE04MlpmS0J1NFBZRWlwYlN3U2RGUXdYcXRfVy1raGVDTnpCSmtTMHFWaVdnVGlIbzFTOERfb1J3bGF3dVpia1A1d2NVaVhhS2tMUnprcVpZZw?oc=5&hl=en-US&gl=US&ceid=US:en,Gestão e RH,Imprensa Local,Geral / Não Especificado,busca_automatica,ambos_citados
2025-05-30,Bolsa Futuro Digital,valencaagora.com,https://valencaagora.com/programa-bolsa-futuro-digital-oferece-formacao-gratuita-em-tecnologia-com-bolsa-de-estudos-em-valenca/,Ensino,Imprensa Local,Valença,curadoria_dicom,correta
2025-05-30,Caso de racismo em Guanambi,Achei Sudoeste,https://www.acheisudoeste.com.br/noticias/74733-2025/05/30/if-baiano-esclarece-episodio-de-racismo-ocorrido-dentro-do-campus-em-guanambi,Institucional,Especializados (Nichos),Guanambi,curadoria_dicom,correta
2025-05-30,Bolsa Futuro Digital,Atualiza Bahia,https://www.atualizabahia.com.br/127143-2/,Ensino,Imprensa Local,Valença,curadoria_dicom,correta
2025-05-30,Simpósio de Produção Animal,Bom Jesus da Lapa Notícias,https://www.bomjesusdalapanoticias.com.br/bom-jesus-da-lapa/if-baiano-realiza-i-simposio-de-producao-animal-em-bom-jesus-da-lapa-nos-dias-3-e-4-de-junho/,Institucional,Imprensa Local,Bom Jesus da Lapa,curadoria_dicom,correta
2025-05-30,Caso de racismo em Guanambi,Sudoeste Bahia,https://www.sudoestebahia.com/noticias/42470-/if-baiano-apura-caso-de-racismo-em-campus-de-guanambi,Institucional,Imprensa Local,Guanambi,curadoria_dicom,correta
2025-05-29,Estudos de demanda dos novos campi,Agência Sertão,https://agenciasertao.com/2025/05/29/expansao-if-baiano-2/,Institucional,Imprensa Local,Reitoria (Salvador),curadoria_dicom,correta
2025-05-29,Caso de racismo em Guanambi,Folha do Vale,https://folhadovale.net/if-baiano-se-pronuncia-apos-caso-de-racismo-dentro-do-campus.html,Institucional,Imprensa (Nacional),Guanambi,curadoria_dicom,correta
2025-05-28,IF Baiano oferta 40 vagas em curso de pós-graduação no Campus Bom Jesus da Lapa,Agência Sertão,https://news.google.com/rss/articles/CBMigwFBVV95cUxNNzk3OEFUNS02SFV5TXdGeWhMckIyTlowM3BWTnBRc05MTVU4dlZhQ1cyUVlZZ3dUWlhLUlBhMmVOblY0bGJmb1hfeHVyYWR4MWJiOU5wdVF6VXViWE03WVhybWdJTG9tX2V3dGUwdEpfOGdCYnk0emFrc1paYmJTNUpia9IBgwFBVV95cUxNNzk3OEFUNS02SFV5TXdGeWhMckIyTlowM3BWTnBRc05MTVU4dlZhQ1cyUVlZZ3dUWlhLUlBhMmVOblY0bGJmb1hfeHVyYWR4MWJiOU5wdVF6VXViWE03WVhybWdJTG9tX2V3dGUwdEpfOGdCYnk0emFrc1paYmJTNUpiaw?oc=5&hl=en-US&gl=US&ceid=US:en,Gestão e RH,Imprensa Local,Bom Jesus da Lapa,busca_automatica,correta
2025-05-28,Prosel cursos subsequentes,Portal Massapê,https://portalmassape.com.br/oportunidade-if-baiano-abre-inscricoes-para-cursos-tecnicos-em-serrinha/,Ensino,Imprensa Local,Serrinha,curadoria_dicom,correta
2025-05-28,Caso de racismo em Guanambi,Portal Vilson Nunes,https://vilsonnunes.com.br/estudante-denuncia-racismo-em-campus-do-if-baiano-em-guanambi/,Institucional,Imprensa Local,Guanambi,curadoria_dicom,correta
2025-05-28,Especialização em Inovação Social,Bom Jesus da Lapa Notícias,https://www.bomjesusdalapanoticias.com.br/bom-jesus-da-lapa/if-baiano-de-bom-jesus-da-lapa-abre-inscricoes-para-pos-graduacao-em-inovacao-social-com-foco-em-economia-solidaria-e-agroecologia/,Ensino,Imprensa Local,Bom Jesus da Lapa,curadoria_dicom,correta
2025-05-28,Especialização em Inovação Social,PEB SP,https://www.pebsp.com/ifbaiano-abre-inscricoes-para-especializacao-gratuita-em-inovacao-social-vagas-limitadas/,Ensino,Imprensa Local,Bom Jesus da Lapa,curadoria_dicom,correta
2025-05-27,IF Baiano realiza V ENCONTEC promovendo integração do setor agropecuário no Extremo Sul da Bahia,SulBahiaNews,https://news.google.com/rss/articles/CBMiyAFBVV95cUxOUThRUHdwQmd5VFBCbmh5NmhDaGY1NkRDeVJIdkxBQVZDeUlUbWF1cmEtVlVraHR4YUFMNDNUN0lxVk1oWmY3VEZ0cHBZdHNON2xNemNyMDJrc2RXSE94VjZKcE9idlFkQ1N4YS1fdkJJMWdPUENDeGp3NGpjVXlSUmJBcmhsOC1fNTRZdUZuV1k5cDFhcEN3d19sX2Z0VnFER1c0c2lnWXhneG9zcFJmZUNmcFFMaGJlU00zVjhiTFBTOFhjRWdaNQ?oc=5&hl=en-US&gl=US&ceid=US:en,Institucional,Imprensa Local,Geral / Não Especificado,busca_automatica,correta
2025-05-26,Seleção de professores substitutos,Agência Sertão,https://agenciasertao.com/2025/05/26/if-baiano-abriu-processos-seletivos-para-professores-em-duas-cidades/,Gestão e RH,Imprensa Local,Catu,curadoria_dicom,correta
2025-05-26,Parceria para o desenvolver sistema para o Samu,Agência Sertão,https://agenciasertao.com/2025/05/26/if-baiano-celebra-parceria-para-desenvolvimento-de-sistema-de-gerenciamento-para-o-samu-em-guanambi/,Pesquisa,Imprensa Local,Guanambi,curadoria_dicom,correta
2025-05-26,Seleção professor História,QConcursos,https://folha.qconcursos.com/n/if-baiano-professor-historia-catu-2025,Gestão e RH,Especializados (Nichos),Catu,curadoria_dicom,correta
2025-05-26,IF Baiano abriu processos seletivos para professores em duas cidades,Agência Sertão,https://news.google.com/rss/articles/CBMiqgFBVV95cUxNZFpXeWNSRHZLY2w2QWowVGExRFltY04zODA0c2tmdE81N0FKRVR4RHFIWVBFclhvWXBKQ1J6S2ItR1R6dG5IcW9JQ09nUC1zenpZMnBqcmVKclJ0aTE0bkg0ZXNMejJoRmVFdi02anV4Rk1ER2tmMEs5Y3hCUDd1ank3eldHSk9lLTVoWl9FdngwY2p5MWk3eVFHV3Z3V1ZrdVJJb0ZrLU82Z9IBqgFBVV95cUxNZFpXeWNSRHZLY2w2QWowVGExRFltY04zODA0c2tmdE81N0FKRVR4RHFIWVBFclhvWXBKQ1J6S2ItR1R6dG5IcW9JQ09nUC1zenpZMnBqcmVKclJ0aTE0bkg0ZXNMejJoRmVFdi02anV4Rk1ER2tmMEs5Y3hCUDd1ank3eldHSk9lLTVoWl9FdngwY2p5MWk3eVFHV3Z3V1ZrdVJJb0ZrLU82Zw?oc=5&hl=en-US&gl=US&ceid=US:en,Gestão e RH,Imprensa Local,Geral / Não Especificado,busca_automatica,correta
2025-05-26,IF Baiano abre seleção para Professor Substituto de História no Campus Catu - BA,PCI Concursos,https://news.google.com/rss/articles/CBMiuwFBVV95cUxPRmhiNlJpclpKY3d5YmtxR3dZTXE0a0k1SW1uYVIyTmR4Uk1NUWY1VXhNYzlLc01VdXVMOS10bmRyRncxOXNaTjdLeEZYMDlqRmZUSm5pRGt3RElPVFVSMW9UaTBVWDlqNWduZkJUeGh2XzJpc0ZHbnNpU1ZUUEpGSHFMM2w4Nmw2U25ZWVd2YkVzZ0pmY2pMRm5EUTRyY1Q1NE9PQlpjbDZORlRZaV9oSWlkY2djWE9VNGI0?oc=5&hl=en-US&gl=US&ceid=US:en,Gestão e RH,Especializados (Nichos),Catu,busca_automatica,correta
2025-05-26,Parceria com Secretaria de Saúde,guanambi.ba.gov.br,https://www.guanambi.ba.gov.br/noticias/if_baiano_%E2%80%93_campus_guanambi_firma_parceria_com_a_secretaria_de_saude_de_guanambi-25369,Institucional,Governamental,Guanambi,curadoria_dicom,correta
2025-05-26,Seleção professor História,PCI Concursos,https://www.pciconcursos.com.br/noticias/if-baiano-abre-selecao-para-professor-substituto-de-historia-no-campus-catu-ba,Gestão e RH,Especializados (Nichos),Catu,curadoria_dicom,correta
2025-05-25,Parceria com diocese de Bonfim,diocesedebonfim.org,https://diocesedebonfim.org/possivel-parceria-entre-a-diocese-de-bonfim-e-o-if-baiano-abre-caminho-para-novas-oportunidades-de-formacao-na-regiao/,Institucional,Imprensa Local,Senhor do Bonfim,curadoria_dicom,correta
2025-05-22,Seleção professor Turismo,QConcursos,https://folha.qconcursos.com/n/if-baiano-processo-seletivo-turismo-2025,Gestão e RH,Especializados (Nichos),Uruçuca,curadoria_dicom,correta
2025-05-21,Estágio Direito,Click Petróleo e Gás,https://clickpetroleoegas.com.br/if-baiano-estagio-direito-bolsa-1665-provas-salvador/,Institucional,Imprensa Local,Reitoria (Salvador),curadoria_dicom,correta
2025-05-21,IF Baiano abre vaga para Professor Substituto em Uruçuca,Ache Concursos,https://news.google.com/rss/articles/CBMivgFBVV95cUxQZkdaOVRaYmIzaGxoU2tScTRmQ1VEcEV5MXBKUWF6X3paelFTMW5uTTlpcVhUeVZDQXQ2N19WOGRhQ2pIOXZQLXppcHd5dkZhdU9wYlFSM0FXaDBVMTZiaUY2VzBha2ZqN3RuX0ppTzVzZm9ZS3VYVGFYcmlFN1BuTXc4S09CTGhkb2NEb0pzRklxdDhlS0Vqa216eHNPWTVoSzBRalR5QTZEdlFWbmY1RGJaSHhyOWE3c0ctYWVB0gHDAUFVX3lxTE1val8tMURzOGhWSEdhSmlUS2lXcXVVMi1PR1JMZ0htTFlEZTJRTXNsMll1VHE5S2lEaTE3VjFnMzhSSFBrXzNLQzJIWFJoWVRQTWQ3OXdYTU54bTlCMWdaZEtvY215NTBTaWdRQ3ZEaVNlYXpyMUNZb0s0MWlmOVlKcjRPVHowUEVPcFRuYXkyTm8tTk02TTBXY0hJazFpMWtnaDI5NzBZaG8xTzU5V09RNDNJSUh0V0xidjJRQ2dMbkVLcw?oc=5&hl=en-US&gl=US&ceid=US:en,Gestão e RH,Especializados (Nichos),Uruçuca,busca_automatica,correta
2025-05-21,Seleção professor Turismo,Ache Concursos,https://www.acheconcursos.com.br/concursos-bahia/processo-seletivo-if-baiano-abre-vaga-professor-substituto-urucuca-80828,Gestão e RH,Especializados (Nichos),Uruçuca,curadoria_dicom,correta
2025-05-21,Estágio Direito,B News,https://www.bnews.com.br/noticias/economia-e-mercado/if-baiano-abre-vagas-de-estagios-com-bolsas-que-superam-r-16-mil-saiba-como-concorrer.html,Institucional,Imprensa Local,Reitoria (Salvador),curadoria_dicom,correta
2025-05-19,Estágio Direito,G1,https://g1.globo.com/ba/bahia/blogdoemprego/noticia/2025/05/19/if-baiano-abre-inscricoes-para-selecao-de-estagio-na-area-de-direito.ghtml,Institucional,Imprensa (Nacional),Reitoria (Salvador),curadoria_dicom,correta
2025-05-19,Estágio Direito,Correio,https://www.correio24horas.com.br/emprego/if-baiano-abre-vagas-de-estagio-para-estudantes-de-direito-com-bolsa-de-ate-r-16-mil-0525,Institucional,Imprensa Regional (Bahia),Reitoria (Salvador),curadoria_dicom,correta
2025-05-18,Concurso Professor,O Tempo,https://www.otempo.com.br/emprego-e-concursos/2025/5/18/ifbaiano-abre-concurso-para-professor-com-salarios-de-ate-r-805829-saiba-como-se-inscrever,Gestão e RH,Imprensa (Nacional),Reitoria (Salvador),curadoria_dicom,correta
2025-05-16,Estágio Direito,Agência Serão,https://agenciasertao.com/2025/05/16/estagio-direito-if-baiano/,Institucional,Imprensa Local,Reitoria (Salvador),curadoria_dicom,correta
2025-05-14,Cursos FIC,Ilhéus 24h,https://ilheus24h.com.br/if-baiano-campus-urucuca-abre-inscricoes-para-cursos-gratuitos-de-qualificacao-profissional/,Ensino,Imprensa Local,Uruçuca,curadoria_dicom,correta
2025-05-14,Seleção professor Direito,Ache Concursos,https://www.acheconcursos.com.br/concursos-bahia/processo-seletivo-ifbaiano-duas-vagas-professor-senhor-bonfim-80647,Gestão e RH,Especializados (Nichos),Senhor do Bonfim,curadoria_dicom,correta
2025-05-13,Cursos FIC,Agência Sertão,https://agenciasertao.com/2025/05/13/cursos-gratuitos-if-baiano/,Ensino,Imprensa Local,Uruçuca,curadoria_dicom,correta
2025-05-13,Partiu IF,Blog do Gusmão,https://blogdogusmao.com.br/2025/05/13/if-baiano-abre-editais-com-vagas-no-programa-partiu-if-ha-22-vagas-para-urucuca/,Ensino,Imprensa Local,Uruçuca,curadoria_dicom,correta
2025-05-13,Seleção professor educação física,QConcursos,https://folha.qconcursos.com/n/if-baiano-selecao-professor-substituto-educacao-fisica-2025,Gestão e RH,Especializados (Nichos),Santa Inês,curadoria_dicom,correta
2025-05-13,Perspective of visually impaired students on the mediation of information within the libraries of IF Baiano||Perspectiva de estudiantes con discapacidad visual sobre la mediación de información dentro de las bibliotecas de IF Baiano||Perspectiva dos estudante,FUNARTE Digital,https://news.google.com/rss/articles/CBMi7AJBVV95cUxQRUNibzhJNmczWkxkYUIwZmg4UExXU1NKb2Z4ME5FVlJWWUp3M05URWpjZTM5S0IyZnlaTXB0TWt6VFE1Q0ZqQ3lOU1gzVlVmcGFwWU9tRUdWbFkxSHFTV3l3Y1lXaGo1elZyX3U3S1l6dDBaTFhUR3BWWjFjQnhRX0hrbU1MZURfUGswc2xIXzk5V2FvVE1LcFM0ZF9MZ3JzLWUtQWQ5RzFCbEttbE1hcUI1R3pKU2lZMEVwVnJwNTFRNUV2SjZKVVY2aWxGZHZMX0hOX2pJeDdReVM3SkNmS0Z3bEhBeUlvOF9SZ1RwSWlwYVgxSlVXLUlfY2MyeXQ0c0dKaGJtWXdhd3VVTGRhRVo0Q0lJcDlmVmlXZHJ3Qy10U3puRTJacWluQjhaVS1nVVk3OWY1dzBpYjRiV2I2bDJ5ZG5tLUdqcDlhbmF4bHdmN190SUxPaEdfNlpuTWJqeHJQOXZpQU83MDlC?oc=5&hl=en-US&gl=US&ceid=US:en,Ensino,Imprensa Local,Geral / Não Especificado,busca_automatica,correta
2025-05-13,IF Baiano abre editais com vagas no Programa Partiu IF; há 22 vagas para Uruçuca,blog do gusmão,https://news.google.com/rss/articles/CBMiuwFBVV95cUxQeks5MWZlYUFxcVRQUnFMQlJibmNPcDlTSGhwYWM2bVpTUHMtZS1GWmlUQlRZV21CXy10QXotUHBTUGZvMlM5VWlvQWQ3Y0FrcnR3THlJOTFsNHllQXFUWEsteVo1T2xiWDRqXzFjanAxaXoxSHl5YjR6R2xRZ3NNaW1Qd2VyNUVoVElPa2hXSU5iVGdjV0FJbldoSU5mbHhsRHFhWDFmdjRiZzVsaWJoRG1nNkRJZXphUjdj?oc=5&hl=en-US&gl=US&ceid=US:en,Gestão e RH,Imprensa Local,Uruçuca,busca_automatica,correta
2025-05-13,Seleção professor educação física,PCI Concursos,https://www.pciconcursos.com.br/noticias/if-baiano-processo-seletivo-para-professor-substituto-de-educacao-fisica-e-divulgado-em-santa-ines,Gestão e RH,Especializados (Nichos),Santa Inês,curadoria_dicom,correta
2025-05-06,3° edição da Tenda da Ciência,Agência Sertão,https://agenciasertao.com/2025/05/06/tenda-da-ciencia/,Pesquisa,Imprensa Local,Guanambi,curadoria_dicom,correta
2025-05-06,Prosel cursos técnicos subsequentes,Forte Notícia,https://fortenanoticia.com.br/if-baiano-campus-governador-mangabeira-segue-com-matriculas-abertas-para-cursos-tecnicos-subsequentes/,Ensino,Imprensa Local,Governador Mangabeira,curadoria_dicom,correta
2025-05-06,Ifbaiano em Ruy Barbosa deve ser construído em dois anos,Ruy Barbosa Notícias,https://news.google.com/rss/articles/CBMiiwFBVV95cUxOTXlvaDNNV3dITTdCRmxhQmxscXZGVElCSXowQmF2cDhpTUMxbk1EM0NFYndCSm5kNHJ0QjJkcEVNOXBLZl9uQ0M5NlpvV1F0SkNQQWc4X1NlTGl6Z0RHZHd4WDQ5bGdNMmlEclJLbVlnOExxU1FZNFhvSVJVXzlYTTJJeURKYlNyT1Fz?oc=5&hl=en-US&gl=US&ceid=US:en,Institucional,Imprensa Local,Ruy Barbosa,busca_automatica,correta
2025-05-06,Prosel cursos técnicos subsequentes,Voz da Bahia,https://vozdabahia.com.br/if-baiano-de-governador-mangabeira-abre-matriculas-para-cursos-tecnicos-gratuitos/,Ensino,Imprensa Local,Guanambi,curadoria_dicom,correta
2025-05-05,Prosel Concursos Públicos,"Senhor do Bonfim,BomJesus da Lapa",https://atarde.com.br/concursos/confira-a-lista-de-concursos-publicos-abertos-na-bahia-em-maio-1316606,Gestão e RH,Imprensa Local,Bom Jesus da Lapa,curadoria_dicom,correta
2025-04-30,Reunião sobre a chegada do IF Baiano,Prefeitura de Ribeira do Pombal,https://ribeiradopombal.ba.gov.br/2025/04/30/educacao-que-transforma-14-municipios-participam-de-reuniao-sobre-a-chegada-do-if-baiano-a-regiao/,Institucional,Governamental,Ribeira do Pombal,curadoria_dicom,correta
2025-04-28,Oficinas e Palestras promovidas em Ubaíra,Criativa Online,https://criativaonline.com.br/oficinas-e-palestras-promovidas-pelo-if-baiano-colegio-aurino-fausto-dos-santos-e-colegio-natur-cpm-em-ubaira/,Extensão,Imprensa Local,Santa Inês,curadoria_dicom,correta
2025-04-24,Obras do IF Baiano em Ruy Barbosa já foram autorizadas; unidade deve impulsionar educação e desenvolvimento territorial,Catureba,https://news.google.com/rss/articles/CBMi7wFBVV95cUxQLTU1UFJRTGxvbUxROUU2Z3ROekpjeGI3Z3lFOE1JTnhpc0pSX3FCZC1LZHNiZHNWNWZtYU05dWxUVnI1dWFHb0RvZlNia3hmSG5HS2FSeFVabHk0cnpnZk5PWGlhdXlqTnB2eC1GcnVJQjhaRmE0V3VoWFRvZC15Q3g0cUVzSGl2cG9jQ0ExbWNRNjRrd2xyUHZVaTB3YUk1V0FLUmtqSHJ4QzNvTnVjOW0wMGdPTUt0c1JHMTFLN2d2ZEVwUzdNMVgtb1B0OXYwVkRtQjMwY2hOeDBmVEl5OTd0TFl2bzFwRUZDUEtvQQ?oc=5&hl=en-US&gl=US&ceid=US:en,Institucional,Imprensa Local,Ruy Barbosa,busca_automatica,correta
2025-04-23,IF Baiano Campus Guanambi realizou abertura do Programa PartiuIF com presença de estudantes e familiares -,iGuanambi,https://news.google.com/rss/articles/CBMi9gFBVV95cUxOREtfQUk1eHBPdFRxZ1dXUlNsZkJRVkM1aFgtc1QyLXhVVlVxaHFJM2lidlE3b200SzJNYkluRl9keWJ3UmVXM242WnFVM0VQZl9IOHpUUEJFVVZnVktKOFotTVpIdlZ0d1g0bVR2Qm84ZTFfc3FZT1dnNGx0a0pSdi1HeEF5MG9LcF9wVU4zaEZGd1B1d1c3QTRjQ01VeEdfb0pCZ3FjSVpUUW1mdjlvdkszc0xHWk1GZmRFY1ZyUHM1WXprSUhZUDZzSlRCNDlteW1tTnFYbFNKRzhDb0FtbFZuSUpac0ZmQ013UjZHck00bTZLNVHSAe8BQVVfeXFMUFZzbW5tTGVqVHRvTThDMjhrMnhST2VIcldlelktcXcxaVZMOWM2MUZFVW43ZDkxbkxFa3ZqZlAySWk0aGk3aElRMW4yWndZNlJ5ZWFRamZyQ0xTV3V2TFJ0emF2UlFSTmVueDgyclRxS2pvNm5RckVqSGRfcHVNMjgxVW9UdVE0NmxtNXR1TmhuemRiM05oRTJBdTZiZENrVFVTa09oSHp2SFJ5SFZxNjBUS0E4S0pKZUxMV21kSmdhc3ctODJnWF9oTDY5Q0tFOUF4YnktaE5RVGNsclRJeXd2YlFRRWRaaGRSQVhXZmM?oc=5&hl=en-US&gl=US&ceid=US:en,Ensino,Imprensa Local,Guanambi,busca_automatica,correta
2025-04-23,IF Baiano de Teixeira de Freitas abre seis vagas remanescentes pelo programa Partiu IF,SulBahiaNews,https://news.google.com/rss/articles/CBMiuwFBVV95cUxNazZsMFIwSGt6NDVvcXRoVDl0cTg2RGlzeW5FQlo3NU1SbjVJdTBfX0JwQkFha0hlRV9ZQlkyMnlLLWVyUkxlc2k2VGJTMllnYnpLRVJrQXJsZXlGQ1dnV09BajBXRTZDTlRoWHQ5LWNpWHZocV9Obl83bElCb2N1aklUVDg2ejA5YldvSFNiaHFNV3VTOXNKYkRPUkpNRzB6dTFpRmJ1Zi03Y0tTaktmQ2lhT0JaNDlZdktn?oc=5&hl=en-US&gl=US&ceid=US:en,Gestão e RH,Imprensa Local,Teixeira de Freitas,busca_automatica,correta
2025-04-23,Partiu IF,iGuanambi,https://www.iguanambi.com.br/noticias/2025/04/23/if-baiano-campus-guanambi-realizou-abertura-do-programa-partiuif-com-presenca-de-estudantes-e-familiares/,Ensino,Imprensa Local,Guanambi,curadoria_dicom,correta
2025-04-23,Partiu IF,Sul Bahia News,https://www.sulbahianews.com.br/if-baiano-de-teixeira-de-freitas-abre-seis-vagas-remanescentes-pelo-programa-partiu-if/,Ensino,Imprensa Local,Teixeira de Freitas,curadoria_dicom,correta
2025-04-18,"Evento Identidade: ser, pertencer, fazer",Portal do Piemonte,https://portaldopiemonte.com.br/ser-pertencer-e-fazer-if-baiano-prepara-reflexao-sobre-identidade-em-tempos-digitais/,Extensão,Imprensa Local,Senhor do Bonfim,curadoria_dicom,correta
2025-04-16,Prosel professor substituto,QConcursos,https://folha.qconcursos.com/n/if-baiano-processo-seletivo-professor-musica-2025,Gestão e RH,Especializados (Nichos),Senhor do Bonfim,curadoria_dicom,correta
2025-04-16,Prosel professor substituto,Soma Concursos,https://somaconcursos.com.br/instituto-federal-do-baiano-abre-selecao-para-musica/,Gestão e RH,Especializados (Nichos),Senhor do Bonfim,curadoria_dicom,correta
2025-04-16,Prosel professor substituto,Ruy Barbosa Notícias,https://www.ruybarbosanoticias.com.br/2025/04/if-baiano-abre-processo-seletivo-para.html,Gestão e RH,Imprensa Local,Itaberaba,curadoria_dicom,correta
2025-04-15,IF Baiano em Pombal: Primeira Reunião Discute Propostas de Cursos com Participação Popular,Prefeitura de Ribeira do Pombal,https://news.google.com/rss/articles/CBMi0AFBVV95cUxPRW9CdkRjcDVnNXJiY2xIUklNbXVNQk1JbFo0Q244RHg5eWNSUU0wbC1hUEFRMy1UZndiV1ZXbEpNSGw1MjV2eTdMQTJxcEg2SUluMzNPay1FX0ExLVFGYTIxTHNWdlh3YzhGUlp5VmFRMXZTZ19fOHgwc1ZvNXU0U01PSm0yNl81WmpCU0oyckNxbDZ3aFRsY2ctTV9ud011Z1ZtYktMZmp5dWZvZFVyVlJleEFQa2lYZy1IMFFuNFFoT3h2bl81aFpsam9rX3Jo?oc=5&hl=en-US&gl=US&ceid=US:en,Ensino,Governamental,Ribeira do Pombal,busca_automatica,correta
2025-04-12,Prosel professor substituto,Agência Sertão,https://agenciasertao.com/2025/04/12/if-baiano-e-ifba-abriram-processos-seletivos-para-professores-em-quatro-cidades/,Gestão e RH,Imprensa Local,Catu,curadoria_dicom,correta
2025-04-12,Assinatura da ordem de serviço campus Ribeira do Pombal,Bahia Econômica,https://bahiaeconomica.com.br/wp/2025/04/12/assinatura-da-ordem-de-servico-marca-inicio-das-obras-do-if-baiano-em-ribeira-do-pombal/,Institucional,Imprensa Local,Ribeira do Pombal,curadoria_dicom,correta
2025-04-10,IF Baiano disponibiliza vagas para cursos de graduação em Bom Jesus da Lapa,Notícias de Bom Jesus da Lapa,https://news.google.com/rss/articles/CBMidkFVX3lxTE54Mm9pcmJiQ181dEI5emhpN2Jyd29Zd2c5c0VtVVVhMFcwY21HQUVqbENucHA2WUk2cWxGR3hrcTVzaDBlSHNZeGtRNVk2X1hNRGVLRi1MU0VWVFFQVzRzcU5qVGZtNWpSZnhWbnVKcXRVSXZrMEE?oc=5&hl=en-US&gl=US&ceid=US:en,Gestão e RH,Imprensa Local,Bom Jesus da Lapa,busca_automatica,correta
2025-04-08,Prosel professor substituto,QConcursos,https://folha.qconcursos.com/n/if-baiano-processo-seletivo-professor-substituto-2025,Gestão e RH,Especializados (Nichos),Catu,curadoria_dicom,correta
2025-04-08,Seminário sobre cultivo e mercado de especiarias,valencaagora.com,https://valencaagora.com/adiado-seminario-sobre-cultivo-e-mercado-de-especiarias-e-guarana-no-if-baiano-valenca/,Extensão,Imprensa Local,Valença,curadoria_dicom,correta
2025-04-08,Prosel professor substituto,PCI Concursos,https://www.pciconcursos.com.br/noticias/ifbaiano-abre-novo-processo-seletivo-para-professor-no-campus-catu,Gestão e RH,Especializados (Nichos),Catu,curadoria_dicom,correta
2025-04-07,Especialização gratuita do IF Baiano abre 30 vagas para o segundo semestre de 2025,InfoEducação,https://news.google.com/rss/articles/CBMisAFBVV95cUxQdzZ0bk5yZjZJb1Yxc1BGaTRxRjFLNXhLSElaN2F5OWFzUkdWNnI3LVM5dkFRMUM1QzZidXNleHM1dFc3cWhwLUI2Q0h3WTlFbTdFWnF5eXNfcFVJcXRLWXc4NkUyYmR6bk9yejctMmVuME55SmNlMFVmY0dOdTJRc1Foel81aEFCbmFvLWNwbFJoTXhlNTZVQzkzVl80WnVPRXZwT2pIT0tnZDJKUmFlRA?oc=5&hl=en-US&gl=US&ceid=US:en,Gestão e RH,Especializados (Nichos),Geral / Não Especificado,busca_automatica,correta
2025-04-07,Seminário sobre cultivo e mercado de especiarias,valencaagora.com,https://valencaagora.com/seminario-discute-cultivo-e-mercado-de-especiarias-e-guarana-no-if-baiano-valenca/,Extensão,Imprensa Local,Valença,curadoria_dicom,correta
2025-04-03,Vagas especialização,Agência Sertão,https://agenciasertao.com/2025/04/03/pos-graduacao-matematica-valenca/,Gestão e RH,Imprensa Local,Valença,curadoria_dicom,correta
2025-04-03,Construção de novo campus,Bahia Notícias,https://www.bahianoticias.com.br/municipios/noticia/44610-do-time-de-otto-candidato-pretende-reverter-jogo-em-eleicao-suplementar-de-ruy-barbosa,Institucional,Imprensa Regional (Bahia),Ruy Barbosa,curadoria_dicom,correta
2025-03-28,Seleção professor de Filosofia,Agência Sertão,https://agenciasertao.com/2025/03/28/if-baiano-abriu-processo-seletivo-para-professor-substituto/,Gestão e RH,Imprensa Local,Santa Inês,curadoria_dicom,correta
2025-03-28,Seleção professor de Filosofia,QConcursos,https://folha.qconcursos.com/n/if-baiano-processo-seletivo-filosofia-2025,Gestão e RH,Especializados (Nichos),Santa Inês,curadoria_dicom,correta
2025-03-28,IF Baiano abriu processo seletivo para professor substituto,Agência Sertão,https://news.google.com/rss/articles/CBMingFBVV95cUxOcWZxZFdtUUlsdkZVWDgyV2N3ZnByTmZMUVoxUVRrS19lUl9PeUxXQTdhR0tGckFjVzdqbVp1M2E4bUNaQXN0enJvOTFtSFB5Mk5iMHJfQ3hMZmVTM0p4NU5kRW5LNUh2czRwaU11NjdIM2pxY2pMZng2QUNObXVLQTBxNG5KM2piN1gzNlVYNFk4dnk2Ym9tMGJjX3pWQdIBngFBVV95cUxOcWZxZFdtUUlsdkZVWDgyV2N3ZnByTmZMUVoxUVRrS19lUl9PeUxXQTdhR0tGckFjVzdqbVp1M2E4bUNaQXN0enJvOTFtSFB5Mk5iMHJfQ3hMZmVTM0p4NU5kRW5LNUh2czRwaU11NjdIM2pxY2pMZng2QUNObXVLQTBxNG5KM2piN1gzNlVYNFk4dnk2Ym9tMGJjX3pWQQ?oc=5&hl=en-US&gl=US&ceid=US:en,Gestão e RH,Imprensa Local,Geral / Não Especificado,busca_automatica,correta
2025-03-28,Prefeita Magnólia Barreto participa do dia do Cacau no IF Baiano,Pimenta Blog,https://pimenta.blog.br/2025/03/28/urucuca-magnolia-barreto-prestigia-o-dia-do-cacau-no-if-baiano/,Institucional,Imprensa Local,Uruçuca,curadoria_dicom,correta
2025-03-28,Seleção professor de Filosofia,PCI Concursos,https://www.pciconcursos.com.br/noticias/if-baiano-promove-inscricoes-para-processo-seletivo-no-campus-santa-ines,Gestão e RH,Especializados (Nichos),Santa Inês,curadoria_dicom,correta
2025-03-27,"DIA DO CACAU❗ Evento promovido pelo IF Baiano de Uruçuca reúne prefeita Magnólia Barreto e diretor da Biofábrica, Valdemir dos Santos",Na Pauta Blog,https://news.google.com/rss/articles/CBMijgJBVV95cUxQdEZJM3NFRk93UDlCMExxUkVza0t3SUdtMmt6STUtX2hYQ3c0ZlJ1WTI3NXdSY0x1Y0E4WThQWWI2MTNXVlR1VFhZVm4tOFZEanRZTFJfV3ZPMFFHNTRkWWJSeDBjSWYyTWdWY3N5ZHdxVGRiOVloZWVOV3E4eUlGQzBYODhWRDVTLWZmbVNSVzNYTy1va3gwdFY1UTVBdVV5S2ZmanFxWHVMZHhtZUpsTFVvSmtQeUFtOUJOV2oxN0pNOE9LcEx3Nnh0dV83MjA4dWdOUE1VZXluVktZSkRTR2cwMjdSeFRfZXkxdkdOYmJOX0xjaGtEM3V1OW8yYVp1c01ud1lDVFRYbFI4NHc?oc=5&hl=en-US&gl=US&ceid=US:en,Extensão,Imprensa Local,Uruçuca,busca_automatica,correta
2025-03-27,Biofábrica da Bahia celebra o dia do cacau junto ao IF Baiano,O Trombone,https://www.otrombone.com.br/biofabrica-da-bahia-celebra-o-dia-do-cacau-junto-ao-if-baiano-campus-urucuca/,Institucional,Imprensa Local,Uruçuca,curadoria_dicom,correta
2025-03-26,Prefeita Magnólia Barreto participa do dia do Cacau no IF Baiano,Blog do Gusmão,https://blogdogusmao.com.br/2025/03/26/urucuca-prefeita-magnolia-barreto-participa-do-dia-do-cacau-no-if-baiano/,Institucional,Imprensa Local,Uruçuca,curadoria_dicom,correta
2025-03-26,Partiu IF Estudantes,Revista Metropolitana,https://revistametropolitana.com.br/noticia/53923/if-baiano-abre-inscricoes-para-curso-preparatorio-para-os-institutos-federais,Ensino,Imprensa Local,Reitoria (Salvador),curadoria_dicom,correta
2025-03-25,Partiu IF Estudantes,A Tarde,https://atarde.com.br/educacao/if-baiano-abre-mais-de-500-inscricoes-para-curso-preparatorio-gratuito-1311950,Ensino,Imprensa Regional (Bahia),Reitoria (Salvador),curadoria_dicom,correta
2025-03-25,Partiu IF Estudantes,Bahia Econômica,https://bahiaeconomica.com.br/wp/2025/03/25/if-baiano-oferece-560-vagas-para-curso-preparatorio-gratuito-em-institutos-federais/,Ensino,Imprensa Local,Reitoria (Salvador),curadoria_dicom,correta
2025-03-25,Partiu IF Estudantes,Fala Cajazeiras,https://falacajazeiras.com.br/if-baiano-abre-inscricoes-para-560-vagas-em-curso-preparatorio-gratuito/,Ensino,Imprensa Local,Reitoria (Salvador),curadoria_dicom,correta
2025-03-25,Partiu IF Estudantes,G1,https://g1.globo.com/ba/bahia/blogdoemprego/noticia/2025/03/25/if-baiano-abre-inscricoes-para-curso-preparatorio-gratuito.ghtml,Ensino,Imprensa (Nacional),Reitoria (Salvador),curadoria_dicom,correta
2025-03-25,IF Baiano abre inscrições para curso preparatório de institutos federais,SulBahiaNews,https://news.google.com/rss/articles/CBMiqAFBVV95cUxOZnpyWWlqZ29ZcFp0RFZpQWkzbm91X2EzbTNocG1tck5qczROZkxweUZueHQ3YTdxTVlBSFBtTDdoMmFWcHJSYTUxVWp5ZzJSa0h4YjlvNjF4Nk92aUs0THBET0VfOFNzT0h2dHZLZmJISmJfTjJnRm1TNXdlTXBMWTBGTG1QM1U5VFJlWVpMSlBNUXZUOFZzcXR4UFlVSDJOeDY1c1NVRmk?oc=5&hl=en-US&gl=US&ceid=US:en,Ensino,Imprensa Local,Geral / Não Especificado,busca_automatica,correta
2025-03-25,Alagoinhas: IF Baiano oferece 80 vagas gratuitas para curso técnico em Agroindústria,Alta Pressão Online,https://news.google.com/rss/articles/CBMixAFBVV95cUxNSFVONHJhNkp0c1JZYWg0eDFOR1pFZ0NPSTN6NVQ0SHpiaUY4SUg2a0xFVWR2ZElrSmxFQkJabmVNNnFlckU1TzJMY1JDa0x4LWpBT2tqNHJlYUlyWTdQeS1kZUo4elhnaHlkb2RmMEo2WGg2OWVfMUFpUUF4SmxQVnBrcmZidGhnTFlXOEZWeHZMRXBmUHBQSlF5ZVFsOFNoejJ4ZE9BdEFIUk9HRW5XNC1RREdVTFhBYzAxTUkwTHctOXdM?oc=5&hl=en-US&gl=US&ceid=US:en,Gestão e RH,Imprensa Local,Alagoinhas,busca_automatica,correta
2025-03-25,IF BAIANO OFERECE 560 VAGAS PARA CURSO PREPARATÓRIO GRATUITO EM INSTITUTOS FEDERAIS -,- Bahia Economica,https://news.google.com/rss/articles/CBMixwFBVV95cUxNM0pEUURPTU5KLVpMMkRjSklraS1KRjB5V0J0THo5RWd1dmxfdnZOT1dKdGJDMkhxWVppN2d6Nl9QV3FzT0o3M1Z5ekQ3clAwajJRSzl3c0xnRFRsR21xWEotb0xDdlJKekdzUmdqMzdJNVFXTlYwZ1dSd3MzUG5CbUpmNlplQW5wTzVhbFc3RHNvYUdlaDVPM2dMcVJuUmFUZkVVQ3BQcFJSZEs4OUxUcExtWHJoTVNYQ2RGUkYzb2J1bFNGYzEw?oc=5&hl=en-US&gl=US&ceid=US:en,Gestão e RH,Imprensa Local,Geral / Não Especificado,busca_automatica,correta
2025-03-25,Partiu IF Estudantes,Rede Globo Bahia,https://redeglobo.globo.com/redebahia/noticia/if-baiano-oferta-vagas-560-para-curso-preparatorio-gratuito.ghtml,Ensino,Imprensa (Nacional),Reitoria (Salvador),curadoria_dicom,correta
2025-03-25,Partiu IF Estudantes,Bahia Notícias,https://www.bahianoticias.com.br/municipios/noticia/44474-if-baiano-abre-560-vagas-para-curso-preparatorio-gratuito-com-bolsa-de-rdollar-200-para-estudantes,Ensino,Imprensa Regional (Bahia),Reitoria (Salvador),curadoria_dicom,correta
2025-03-25,Partiu IF Estudantes,CN1,"https://www.cn1.com.br/noticias/13/129166,if-baiano-abre-inscricoes-para-curso-preparatorio-do-programa-partiu-if",Ensino,Imprensa Local,Reitoria (Salvador),curadoria_dicom,correta
2025-03-24,IF Baiano abre 80 vagas para curso técnico em Alagoinhas; saiba como se inscrever,G1,https://news.google.com/rss/articles/CBMirwFBVV95cUxQbld3TVFNeGFYdUxrTlRwN0dXVEZXbndad01DU2J2Uy05TmlaM1ZqcWZwZnB0N1BWa3hnandubFVhVGpGTVhRYlhBVDYzV2RYV0dKQlh3Wk15dHpENGRDbXJHdjlJQ2hGZDNJdl9Qa2tTSUpaeUFQU3lLZzZKSzEzNFEtaXhoXzZlRmxDYmgxNTFBaG9XYjVNTnMwM2Z4dXROQTRycXZfRTFwWTJ6eDhZ0gG-AUFVX3lxTE03S1JpX1VYWUxlSVprNFlKY0ZHcXZKZEdRVzNpeXo2M1JRVDBYdG1zOFJ5VzIzdXZ6bm9VWlRaNFN5TXdUZjZSZ0RkT1lIWFZYNEZVazlLajY1N2tjR190V19DZnl3SDNmcFNEbC0xaGRfcVUtMWxuMVJwZ0pfTFRwX1l4VVYwdXl1aExRdVFQM2gzOTh3bWR2U05qamxxWDZTT3dSY2ZseURRMWxHWnNyVHQ0Z0xJRHZuY2R5Qmc?oc=5&hl=en-US&gl=US&ceid=US:en,Gestão e RH,Imprensa (Nacional),Alagoinhas,busca_automatica,correta
2025-03-24,IF Baiano abre inscrições para curso gratuito com bolsa mensal de R$ 200,Jornal da Record,https://noticias.r7.com/takta/if-baiano-abre-inscricoes-para-curso-gratuito-com-bolsa-mensal-de-r-200-25032025/,Ensino,Imprensa (Nacional),Reitoria (Salvador),curadoria_dicom,correta
2025-03-19,Novo Polo de Itacaré,Itacaré.Gov,https://itacare.ba.gov.br/itacare-inaugurara-polo-do-if-baiano/,Institucional,Imprensa Local,Uruçuca,curadoria_dicom,correta
2025-03-19,ITACARÉ INAUGURARÁ POLO DO IF BAIANO!,Prefeitura Municipal de Itacaré,https://news.google.com/rss/articles/CBMicEFVX3lxTE44MHVfWHZoUXB6UHRYTm9pQThUSmxmemd4ZVAyUy1CYjJkcUZ3YTFFTDFnMllPVUl1eHM3ZjZrU3JydWwxd2NFSEVMR3hSc2hVbUw4VXg4RFlfR0ZDeFgyUU1rcW4zSmtIUnYwaVk4R0g?oc=5&hl=en-US&gl=US&ceid=US:en,Institucional,Governamental,Geral / Não Especificado,busca_automatica,correta
2025-03-18,IF Baiano oferta vagas em cursos superiores em dois campi,Agência Sertão,https://news.google.com/rss/articles/CBMiY0FVX3lxTE9abE1pcXp1MW9qVnhVVkJQR0VodFVLWGd0RTBZem4xNUxqR1NqNlUyT1hpMVAxNEQzcnRKN1IzSVFzaDVFME9NZFdTaDM2OU83UUQxekc5QWthNkZfSUlVWHgwNNIBY0FVX3lxTE9abE1pcXp1MW9qVnhVVkJQR0VodFVLWGd0RTBZem4xNUxqR1NqNlUyT1hpMVAxNEQzcnRKN1IzSVFzaDVFME9NZFdTaDM2OU83UUQxekc5QWthNkZfSUlVWHgwNA?oc=5&hl=en-US&gl=US&ceid=US:en,Gestão e RH,Imprensa Local,Geral / Não Especificado,busca_automatica,correta
2025-03-15,Partiu IF Professores,Bahia Recôncavo,https://bahiareconcavo.com.br/2025/03/15/if-baiano-divulga-edital-de-contratacao-de-professores-temporarios-para-atuar-no-programa-partiu-if/,Gestão e RH,Imprensa Local,Reitoria (Salvador),curadoria_dicom,correta
2025-03-15,Partiu IF Professores,Band Conquista,https://bandconquista.com.br/ifba-esta-com-42-vagas-disponiveis-para-selecao-de-professores-temporarios/,Gestão e RH,Imprensa (Nacional),Reitoria (Salvador),curadoria_dicom,correta
2025-03-15,Partiu IF Professores,Siga a Notícia,https://sigaanoticia.com.br/if-baiano-abre-edital-com-42-vagas-para-professores-temporarios-em-teixeira-de-freitas-e-13-cidades/,Gestão e RH,Imprensa Local,Reitoria (Salvador),curadoria_dicom,correta
2025-03-14,Prosel cursos superiores,Agência Sertão,https://agenciasertao.com/2025/03/14/if-baiano-oferta-53-vagas-para-tres-cursos-superiores-em-guanambi/,Ensino,Imprensa Local,Guanambi,curadoria_dicom,correta
2025-03-14,Partiu IF Professores,Bahia Econômica,https://bahiaeconomica.com.br/wp/2025/03/14/instituto-federal-divulga-editais-para-contratacao-de-professores-e-apoio-pedagogico/,Gestão e RH,Imprensa Local,Reitoria (Salvador),curadoria_dicom,correta
2025-03-14,IF Baiano divulgou edital com 42 vagas para atuar no programa Partiu IF em 14 cidades,Agência Sertão,https://news.google.com/rss/articles/CBMiwAFBVV95cUxQOXItZUtBa2lEQThCQWk0VnVydTZqdU81NmN6WFFIUXd2X0ZSTXRrMEdQazB4QmtSa3M1bVZyWm9ZVEFHMnNUdXNLTEJvNHlQQUx3Yko1V1RySmg4YzhfbV9YV2VraUlEWjlCWXozVG04YXEtd0hPMU5ZMExBdTY4Rks4STljQkl0YUY2c0JfbVFxekpGckJHVnlqNHhKcmpQVlZyeVNrd0Noa053VzN0X3lZNC1NRjNWelhjUXN2RknSAcABQVVfeXFMUDlyLWVLQWtpREE4QkFpNFZ1cnU2anVPNTZjelhRSFF3dl9GUk10azBHUGsweEJrUmtzNW1WclpvWVRBRzJzVHVzS0xCbzR5UEFMd2JKNVdUckpoOGM4X21fWFdla2lJRFo5Qll6M1RtOGFxLXdITzFOWTBMQXU2OEZLOEk5Y0JJdGFGNnNCX21RcXpKRnJCR1Z5ajR4SnJqUFZWcnlTa3dDaGtOd1czdF95WTQtTUYzVnpYY1FzdkZJ?oc=5&hl=en-US&gl=US&ceid=US:en,Gestão e RH,Imprensa Local,Geral / Não Especificado,busca_automatica,correta
2025-03-14,Palestra sobre dendê e educação,Jornal Valença Agora,https://valencaagora.com/palestra-vai-debater-a-relacao-entre-dende-e-educacao-no-if-baiano/,Institucional,Imprensa Local,Valença,curadoria_dicom,correta
2025-03-14,Partiu IF Professores,Acorda Cidade,https://www.acordacidade.com.br/empregos/concursos/if-baiano-abre-vagas-temporarias-de-professores-para-o-programa-partiu-if/,Gestão e RH,Imprensa Regional (Bahia),Reitoria (Salvador),curadoria_dicom,correta
2025-03-13,Construção de novos campi,"Remanso, Rui Barbosa, Ribeira do Pombal, Santo Estêvão",https://agenciasertao.com/2025/03/13/expansao-if-baiano/,Institucional,Imprensa Local,Santo Estêvão,curadoria_dicom,correta
2025-03-13,IF Baiano avança na construção de quatro novos campi,Agência Sertão,https://news.google.com/rss/articles/CBMiZ0FVX3lxTE80bFY3QWJBRmFQalBTWjVlVk02VlI5bHpUV1FCN1QyeFFGUEk5TndNaVVBck1FMld1UXVxcURSYkpYRWFHS0VKaWlaV3ZxTVNWbHpQN3o1TF96N2ZGTlJ4dnNsbl9wbXfSAWdBVV95cUxPNGxWN0FiQUZhUGpQU1o1ZVZNNlZSOWx6VFdRQjdUMnhRRlBJOU53TWlVQXJNRTJXdVF1cXFEUmJKWEVhR0tFSmlpWld2cU1TVmx6UDd6NUxfejdmRk5SeHZzbG5fcG13?oc=5&hl=en-US&gl=US&ceid=US:en,Institucional,Imprensa Local,Geral / Não Especificado,busca_automatica,correta
2025-03-13,Prosel cursos Ead,Prefeitura Municipal de Caculé,https://www.governodecacule.ba.gov.br/noticias/if_baiano_abre_inscricoes_para_cursos_tecnicos_ead_em_cacule-2702,Ensino,Governamental,Guanambi,curadoria_dicom,correta
2025-03-07,Tenda da Ciência,Agência Sertão,https://agenciasertao.com/2025/03/07/3a-tenda-da-ciencia-do-if-baiano-sera-realizada-em-guanambi-no-mes-de-maio-inscricoes-ja-estao-abertas/,Pesquisa,Imprensa Local,Guanambi,curadoria_dicom,correta
2025-02-28,Audiência sobre novo curso superior em Valença,Jornal Valença Agora,http://valencaagora.com/if-baiano-valenca-promove-audiencia-publica-para-debater-a-criacao-de-novo-curso-superior/,Ensino,Imprensa Local,Valença,curadoria_dicom,correta
2025-02-26,Pesquisa protetor solar para plantas,Eae Máquinas,https://eaemaq.com.br/noticias-do-mercado/protetor-solar-reduz-a-queima-de-frutos-e-aumenta-adaptacao-das-plantas-as-mudancas-climaticas/,Pesquisa,Imprensa Local,Bom Jesus da Lapa,curadoria_dicom,correta
2025-02-26,Pesquisa protetor solar para plantas,Movimento Econômico,https://movimentoeconomico.com.br/agronegocio/2025/02/26/embrapa-no-nordeste-cria-protetor-solar-que-protege-frutas-do-calor/,Pesquisa,Imprensa Local,Bom Jesus da Lapa,curadoria_dicom,correta
2025-02-26,Prosel cursos ead,Revista Metropolitana,https://revistametropolitana.com.br/noticia/53662/if-baiano-convoca-candidatos-aprovados-em-cursos-subsequentes-na-modalidade-ead,Ensino,Imprensa Local,Catu,curadoria_dicom,correta
2025-02-26,Prosel vagas remanescentes,Bahia Notícias,https://www.bahianoticias.com.br/municipios/noticia/44103-if-baiano-na-regiao-sisaleira-abre-inscricoes-para-72-vagas-em-cursos-tecnicos,Gestão e RH,Imprensa Regional (Bahia),Serrinha,curadoria_dicom,correta
2025-02-25,Inscrições Cursos FIC,Agência Sertão,https://agenciasertao.com/2025/02/25/if-baiano-abre-inscricoes-para-cursos-gratuitos-de-violao-libras-ingles-e-informatica/,Ensino,Imprensa Local,Xique-Xique,curadoria_dicom,correta
2025-02-25,Prosel vagas remanescentes,"Serrinha, Itaberaba, Xique-Xique, Uruçuca, Governador Mangabeira, Santa Inês",https://agenciasertao.com/2025/02/25/if-baiano-tem-inscricoes-abertas-para-cursos-tecnicos-presenciais-em-seis-campi/,Gestão e RH,Imprensa Local,Governador Mangabeira,curadoria_dicom,correta
2025-02-25,Prosel vagas remanescentes,G1,https://g1.globo.com/ba/feira-de-santana-regiao/noticia/2025/02/25/if-baiano-oferece-cursos.ghtml,Gestão e RH,Imprensa (Nacional),Serrinha,curadoria_dicom,correta
2025-02-25,IF Baiano abre inscrições para cursos técnicos em Serrinha; veja como se inscrever,G1,https://news.google.com/rss/articles/CBMingFBVV95cUxNbFYxQzJ1N0JQWlNjek1QQUZlZ1NsWVptVGdBZXV1NVFTdGp3S3lObW1ISHF1UzY3c1hQVVFRWThXWHZNdnk1SDJCLUdXN2Z4elFBTmlLTGdqYVVvTmRUbFlVMWlOLXJQSk93ZDV3N3NHRkhiMl9lOThqTjlObXFUb3JnX09HMWI4eWlhYlItcTVKYjJRRm9KSGhsdXM1Z9IBrAFBVV95cUxQOGVTNE52ZkNFTDZZaklHR1FJZkk4T0x6d0piQzluVGF0Yjc1YkF2MXBIMlphMEtWemFsa2h5VVJuc3dmV0Q5ZDdxSGJ2QmtFU21OblZzam1NOUJvbXlpNnhlYXg0eUhVTzdMZWlaa2VrOTA1d3cybUg3Rk5DNl9xcjNreWtCM3pOZ29iY0hDUlgySFpvek1pSE0zVGZzZDN0b2lHUnVZZGNRX2xZ?oc=5&hl=en-US&gl=US&ceid=US:en,Ensino,Imprensa (Nacional),Serrinha,busca_automatica,correta
2025-02-25,Prosel vagas remanescentes,Portal Aílton Pimentel,https://portalailtonpimentel.com/if-baiano-abre-inscricoes-para-cursos-tecnicos-em-serrinha-veja-como-se-inscrever/,Gestão e RH,Imprensa Local,Serrinha,curadoria_dicom,correta
2025-02-25,Prosel vagas remanescentes,Portal do Piemonte,https://portaldopiemonte.com.br/if-baiano-abre-vagas-tecnicas-remanescentes/,Gestão e RH,Imprensa Local,Senhor do Bonfim,curadoria_dicom,correta
2025-02-25,Prosel vagas remanescentes,Voz da Bahia,https://vozdabahia.com.br/if-baiano-abre-72-vagas-para-cursos-tecnicos-gratuitos-em-serrinha/,Gestão e RH,Imprensa Local,Serrinha,curadoria_dicom,correta
2025-02-25,Prosel vagas remanescentes,Calila Notícias,https://www.calilanoticias.com/2025/02/if-baiano-abre-inscricoes-para-cursos-tecnicos-em-serrinha,Gestão e RH,Imprensa Local,Serrinha,curadoria_dicom,correta
2025-02-25,Prosel vagas remanescentes,Cleriston Silva,https://www.cleristonsilva.com/index.php?id_navegue=2&id_blog=30171,Gestão e RH,Imprensa Local,Serrinha,curadoria_dicom,correta
2025-02-25,Prosel vagas remanescentes,Irecê Notícias,https://www.irecenoticias.com.br/noticia/if-baiano-tem-inscricoes-abertas-para-cursos-tecnicos-em-xique-xique-e-mais/,Gestão e RH,Imprensa Local,Governador Mangabeira,curadoria_dicom,correta
2025-02-25,Prosel vagas remanescentes,Líder FM,https://www.liderfm965.com.br/noticiaatual/ba_if-baiano-abre-inscricoes-para-cursos-tecnicos-em-serrinha-veja-como-se-inscrever,Gestão e RH,Imprensa Local,Serrinha,curadoria_dicom,correta
2025-02-25,Prosel vagas remanescentes,Viramar FM,https://www.viramarfm.com.br/noticiaatual/ba_if-baiano-abre-inscricoes-para-cursos-tecnicos-em-serrinha-veja-como-se-inscrever,Gestão e RH,Imprensa Local,Serrinha,curadoria_dicom,correta
2025-02-24,Prosel curso de graduação,Agência Sertão,https://agenciasertao.com/2025/02/24/if-baiano-abriu-selecao-para-tres-cursos-superiores/,Ensino,Imprensa Local,Uruçuca,curadoria_dicom,correta
2025-02-24,Partiu IF Estudantes,Agência Sertão,https://agenciasertao.com/2025/03/24/curso-preparatorio-if-baiano/,Ensino,Imprensa Local,Reitoria (Salvador),curadoria_dicom,correta
2025-02-24,Partiu IF Estudantes,Aratu On,https://aratuon.com.br/educacao/if-baiano-abre-inscricoes-para-curso-preparatorio-saiba-mais,Ensino,Imprensa Regional (Bahia),Reitoria (Salvador),curadoria_dicom,correta
2025-02-24,Partiu IF Estudantes,Blog do Valente,https://blogdovalente.com.br/noticias/2025/03/if-baiano-abre-inscricoes-para-curso-preparatorio-com-bolsa-de-r-200/,Ensino,Imprensa Local,Reitoria (Salvador),curadoria_dicom,correta
2025-02-24,Oferta de cursos no campus Alagoinhas,G1,https://g1.globo.com/ba/feira-de-santana-regiao/noticia/2025/03/24/vagas-para-cursos-tecnicos-alagoinhas.ghtml,Ensino,Imprensa (Nacional),Alagoinhas,curadoria_dicom,correta
2025-02-24,IF Baiano abriu seleção para três cursos superiores,Agência Sertão,https://news.google.com/rss/articles/CBMikwFBVV95cUxNSmtmZUQ1bnBubElQTWZ6Y1ZNbXRJRFdjdzJnV1M5ZmNKZzU0QWJrWThsM1JvSG5DWVhEUldtbnY1NWtPT2d4blB6bUgzY0MzajdUTzhWUS1DLTVSV1ZmclZsNTgtNFB5MzhIdkIyZEZBUGNGWXJJUHJFV3g5SGo1UmtrUkFIcllLdDBVN1Y0b0pYSTjSAZMBQVVfeXFMTUprZmVENW5wbmxJUE1memNWTW10SURXY3cyZ1dTOWZjSmc1NEFia1k4bDNSb0huQ1lYRFJXbW52NTVrT09neG5Qem1IM2NDM2o3VE84VlEtQy01UldWZnJWbDU4LTRQeTM4SHZCMmRGQVBjRllySVByRVd4OUhqNVJra1JBSHJZS3QwVTdWNG9KWEk4?oc=5&hl=en-US&gl=US&ceid=US:en,Gestão e RH,Imprensa Local,Geral / Não Especificado,busca_automatica,correta
2025-02-24,Partiu IF Estudantes,Pimenta Blog,https://pimenta.blog.br/2025/03/24/if-baiano-abre-inscricoes-para-560-vagas-em-cursinho-preparatorio/#google_vignette,Ensino,Imprensa Local,Reitoria (Salvador),curadoria_dicom,correta
2025-02-24,Partiu IF Estudantes,Acorda Cidade,https://www.acordacidade.com.br/educacao/if-baiano-abre-inscricoes-para-curso-preparatorio-para-os-institutos-federais/,Ensino,Imprensa Regional (Bahia),Reitoria (Salvador),curadoria_dicom,correta
2025-02-24,Partiu IF Estudantes,Correio,https://www.correio24horas.com.br/minha-bahia/quer-estudar-no-if-baiano-instituto-abre-560-vagas-para-curso-preparatorio-0325,Ensino,Imprensa Regional (Bahia),Reitoria (Salvador),curadoria_dicom,correta
2025-02-24,Oferta de cursos no campus Alagoinhas,seligaalagoinhas.com.br,https://www.seligaalagoinhas.com.br/noticia/57135/a-subutilizacao-do-campus-do-if-baiano-em-alagoinhas-e-a-desconexao-com-a-realidade-local,Ensino,Imprensa Local,Alagoinhas,curadoria_dicom,correta
2025-02-23,Prosel vagas remanescentes,TV BAND,https://drive.google.com/file/d/13pjz6biC4uVqFSNFs0gguPJOowoWCke_/view?usp=drive_link,Gestão e RH,Imprensa (Nacional),Reitoria (Salvador),curadoria_dicom,correta
2025-02-22,Prosel em curso técnico integrado em Gastronomia,Agência Sertão,https://agenciasertao.com/2025/02/22/if-baiano-abriu-selecao-para-curso-tecnico-em-gastronomia/,Ensino,Imprensa Local,Catu,curadoria_dicom,correta
2025-02-22,Prosel cursos de graduação,Ubaitaba Urgente,https://ubaitabaurgente.com.br/municipios/urucuca/urucuca-campus-do-if-baiano-abre-vagas-para-cursos-de-graduacao/,Ensino,Imprensa Local,Uruçuca,curadoria_dicom,correta
2025-02-21,Prosel cursos de graduação,Blog do Zé Drone,https://blogdozedrone.com.br/campus-do-if-baiano-de-urucuca-abre-vagas-para-cursos-de-graduacao/,Ensino,Imprensa Local,Uruçuca,curadoria_dicom,correta
2025-02-21,Prosel cursos de graduação,Ilhéus 24h,https://ilheus24h.com.br/if-baiano-campus-urucuca-abre-selecao-para-cursos-de-graduacao/,Ensino,Imprensa Local,Uruçuca,curadoria_dicom,correta
2025-02-20,Prosel vagas remanescentes,Central Notícia,https://centralnoticia.com.br/noticia/if-baiano-r-campus-xique-xique-abre-inscricoes-para-cursos-tecnicos-presenciais/19012,Gestão e RH,Imprensa Local,Xique-Xique,curadoria_dicom,correta
2025-02-19,Reitor visita obras em Remanso,Remanso Notícias,https://remanso-noticias.com/2025/remanso-recebe-visita-do-reitor-do-if-baiano-para-acompanhar-os-avancos-das-obras-do-instituto-federal/,Institucional,Imprensa Local,Remanso,curadoria_dicom,correta
2025-02-18,Alunas do Mulheres Mil recebem Certificação,Blog do Gusmão,https://blogdogusmao.com.br/2025/02/18/alunas-do-programa-mulheres-mil-recebem-certificacao-durante-cerimonia-nesta-sexta-feira/,Extensão,Imprensa Local,Reitoria (Salvador),curadoria_dicom,correta
2025-02-12,Prosel vagas remanescentes,Agência Sertão,https://agenciasertao.com/2025/02/12/if-baiano-oferta-290-vagas-para-cursos-tecnicos-em-quatro-cidades/,Gestão e RH,Imprensa Local,Governador Mangabeira,curadoria_dicom,correta
2025-02-12,IF Baiano oferta 290 vagas para cursos técnicos em quatro cidades,Agência Sertão,https://news.google.com/rss/articles/CBMipgFBVV95cUxQZkFsRHM1dTdmWjlyVzN2dHNGVTF2WUhqSHZKUHF0eUg3c3pDS2o1d0VBSmFHUHprYmJKVXpDN0drbFFoLWtEMmhFT2N1cHNlR0pUNXNjSG56SXJVdEp4d0ZMQnNNMEh6QXZMM1ZRR3pkTmpqM2pCSWJ3NzQycGF0b0hJSFVfZWllbXdnOWl6cEJrdEJkeWMxYW1UYjdfOG1sdDRaSDdB0gGmAUFVX3lxTFBmQWxEczV1N2ZaOXJXM3Z0c0ZVMXZZSGpIdkpQcXR5SDdzekNLajV3RUFKYUdQemtiYkpVekM3R2tsUWgta0QyaEVPY3Vwc2VHSlQ1c2NIbnpJclV0Snh3RkxCc00wSHpBdkwzVlFHemROamozakJJYnc3NDJwYXRvSElIVV9laWVtd2c5aXpwQmt0QmR5YzFhbVRiN184bWx0NFpIN0E?oc=5&hl=en-US&gl=US&ceid=US:en,Gestão e RH,Imprensa Local,Geral / Não Especificado,busca_automatica,correta
2025-02-12,Lista de espera para o IF Baiano no sisu,Portal Nacional da Educação,https://portalpne.com/noticia/ifbaiano-publica-lista-de-espera-sisu-2025/,Ensino,Especializados (Nichos),Reitoria (Salvador),curadoria_dicom,correta
2025-02-11,Prosel vagas remanescentes,"Senhor do Bonfim, Uruçuca, Governador Mangabeira, Santa Inês",https://atarde.com.br/educacao/if-baiano-abre-inscricoes-para-291-vagas-em-cursos-tecnicos-1306805,Gestão e RH,Imprensa Local,Governador Mangabeira,curadoria_dicom,correta
2025-02-11,Prosel cursos técnicos integrados e subsequentes,"Senhor do Bonfim, Uruçuca, Governador Mangabeira, Santa Inês",https://bahiaeconomica.com.br/wp/2025/02/11/instituto-federal-baiano-abre-inscricoes-para-diversos-cursos-tecnicos-saiba-mais/,Ensino,Imprensa Local,Governador Mangabeira,curadoria_dicom,correta
2025-02-11,IF Baiano abre inscrições para vagas remanescentes em cursos técnicos presenciais,blog do gusmão,https://news.google.com/rss/articles/CBMivgFBVV95cUxNbFBid1l5QnRmUXIxdTRNbnQ3aTNFWTE3S3N1c25GT25rX3FlZmlLZlVvT3JYbnpzY2xoTXpGQ0VaSEctTEhtZklwMzJ0Z0o0SGNFQ2pJQy1iWkUyRXJNTVBsNTdMZkk1aEtfX3ItQ05FNGdXc0hqRzNMWXpmc3VkcmVKZkJ2b3F5RHNERmlZdm1NVWNJS014RlpkV29GZ21fa2gzemFBWEc3elF6WF9NVkttY3BCZGxzNWt4cWhn?oc=5&hl=en-US&gl=US&ceid=US:en,Gestão e RH,Imprensa Local,Geral / Não Especificado,busca_automatica,correta
2025-02-11,INSTITUTO FEDERAL BAIANO ABRE INSCRIÇÕES PARA DIVERSOS CURSOS TÉCNICOS; SAIBA MAIS -,- Bahia Economica,https://news.google.com/rss/articles/CBMixAFBVV95cUxNbUtJam9LQ2Q2RUtTZjFBTUlUamRyTE44b0ZxSW5XR1hQeHJsTkJMT0J3SG84LTZlWTY2WTBIV0MtNHl5RG5jU3Q5MzMwY18ydDZSOG01VnZoZXFlTGJIVm9vdG9WUzRNQUFKUmxHeEhHZmJ3TnozOTQ4MlVNV3ZjNlI5eEI4UWxXbWI2cmNON3FBTVM1X2lkVUpsOHJsLWdfcU5jT1lrQjhpQUl4M0xQTWlwUXFpZzJ1UnU0NkRfd3NQNW9T?oc=5&hl=en-US&gl=US&ceid=US:en,Ensino,Imprensa Local,Geral / Não Especificado,busca_automatica,correta
2025-02-11,Prosel vagas remanescentes,Sua cidade em revista,https://scr-reconcavo.com.br/noticia/9978/if-baiano-abre-inscricoes-para-vagas-remanescentes-em-cursos-tecnicos-presenciais,Gestão e RH,Imprensa Local,Governador Mangabeira,curadoria_dicom,correta
2025-02-11,Pós-graduação em Práticas Educativas,PEBSP,https://www.pebsp.com/ifbaiano-esta-com-inscricoes-abertas-para-pos-graduacao-em-praticas-educativas/#google_vignette,Ensino,Imprensa Local,Catu,curadoria_dicom,correta
2025-02-11,Prosel cursos técnicos subsequentes,seligaalagoinhas.com.br,https://www.seligaalagoinhas.com.br/noticia/56040/campus-alagoinhas-lanca-edital-com-240-vagas-em-cursos-tecnicos-subsequentes-ead,Ensino,Imprensa Local,Alagoinhas,curadoria_dicom,correta
2025-02-11,Pós-graduação em Práticas Educativas,Valter Vieira,https://www.valtervieira.com.br/noticia/bahia/98452/if-baiano-abre-selecao-para-curso-de-pos-graduacao-em-praticas-educativas-no-campus-catu,Ensino,Imprensa Local,Catu,curadoria_dicom,correta
2025-02-10,Pós-graduação em Práticas Educativas,Blog do Gusmão,https://blogdogusmao.com.br/2025/02/10/if-baiano-abre-inscricoes-para-curso-de-pos-graduacao-em-praticas-educativas-no-campus-catu/,Ensino,Imprensa Local,Catu,curadoria_dicom,correta
2025-02-10,Especialização Educação Inclusiva,Conecta Professores,https://conectaprofessores.com/2025/02/10/curso-gratuito-e-online-no-instituto-federal-inscreva-se-na-especializacao-em-inovacao-em-educacao-ead/,Ensino,Imprensa Local,Reitoria (Salvador),curadoria_dicom,correta
2025-02-10,IF Baiano abre seleção para curso de pós-graduação em Práticas Educativas no Campus Catu,Acorda Cidade,https://news.google.com/rss/articles/CBMiygFBVV95cUxQR21OeG5INHA2dHcyWG1YYUlLMTh2WDRYaXR1bzYyOFRZMkZXSlU5dXJOMDJMR1FDVnJFNFI3ampJWWJ4RTBiT1hfX1dZaVV3NXk3S01sWi1OY2ZQMFBDSkNvQS1MLWRTZGYwQjBBX2dVWm5pRzZNTnhheWRRejA5czFlYzNiMGdnZkF3S3JXOG5sMnZCSEh5dVhEWHptTC02UHFuZXdZMmYtOHdfcmVFUHhsaUUwUEt3eERwV1pIY1YzLWRTWnRaUWJB?oc=5&hl=en-US&gl=US&ceid=US:en,Gestão e RH,Imprensa Regional (Bahia),Catu,busca_automatica,correta
2025-02-10,Pós-graduação em Práticas Educativas,Oficina de Notícias,https://oficinadenoticias.com.br/noticia/965/esta-aberta-a-selecao-para-curso-de-pos-graduacao-em-praticas-educativas-no-if-baiano-no-campus-catu,Ensino,Imprensa Local,Catu,curadoria_dicom,correta
2025-02-10,Pós-graduação em Práticas Educativas,Acorda Cidade,https://www.acordacidade.com.br/educacao/if-baiano-abre-selecao-para-curso-de-pos-graduacao-em-praticas-educativas-no-campus-catu/,Ensino,Imprensa Regional (Bahia),Catu,curadoria_dicom,correta
2025-02-06,Prosel vagas remanescentes,Agência Sertão,https://agenciasertao.com/2025/02/06/if-baiano-seleciona-para-vagas-remanescentes-em-cursos-tecnicos-integrados/,Gestão e RH,Imprensa Local,Santa Inês,curadoria_dicom,correta
2025-02-04,IF Baiano oferta mais 240 vagas para cursos técnicos EaD em duas cidades,Agência Sertão,https://news.google.com/rss/articles/CBMirwFBVV95cUxNdTJna25CbFRVMzNWMElJMTRackFBZkVWSEM0bHdUdDRsWHBfM3BnTi13MW5EeWoxODJaSVZPQzlOWUJWblFLNEtJQzFNQ3hoalpXc3Z6TUl0OGNoOUFDcGxBYnkxeTAtY3I3OWpZQW5JSElhT25PbUt5YjlzazBPalBVTjRuVlZWLTJBRTA0UThuVDdyZFF1c1MxdXRQaDMzLTVMb3NtZjRqNUVUa3kw0gGvAUFVX3lxTE11MmdrbkJsVFUzM1YwSUkxNFpyQUFmRVZIQzRsd1R0NGxYcF8zcGdOLXcxbkR5ajE4MlpJVk9DOU5ZQlZuUUs0S0lDMU1DeGhqWldzdnpNSXQ4Y2g5QUNwbEFieTF5MC1jcjc5allBbklISWFPbk9tS3liOXNrME9qUFVONG5WVlYtMkFFMDRROG5UN3JkUXVzUzF1dFBoMzMtNUxvc21mNGo1RVRreTA?oc=5&hl=en-US&gl=US&ceid=US:en,Gestão e RH,Imprensa Local,Geral / Não Especificado,busca_automatica,correta
2025-02-02,Especialização Educação Inclusiva,Hora Brasil,https://www.horabrasil.com.br/2025/02/02/especializacao-gratuita-a-distancia-em-educacao-inclusiva-recebe-inscricoes-ate-07-02/,Ensino,Imprensa Local,Reitoria (Salvador),curadoria_dicom,correta
2025-02-01,Especialize-se em Educação Inclusiva com a Pós-Graduação EAD do IFBAIANO,PEBSP,https://news.google.com/rss/articles/CBMimwFBVV95cUxQV1hiTUVVcHRMX0JEZGRmUHQ4a2tzZUlEWGxSdnFGbjhRcEpSQU5ZX1luWTBoa0NHWE9Qc0NqdEt6aExneDdVQ2pGUm1aZm5IeTdMYk85UGljWHFwY0ZHQ3hTSDlHV2xTZzVha29jWXVHcmtJSV9ZRUw4V0VldzluekEtOERuaXFfT25OTVRVUTlUdjB2dEpaZU00VQ?oc=5&hl=en-US&gl=US&ceid=US:en,Ensino,Imprensa Local,Geral / Não Especificado,busca_automatica,correta
2025-01-29,Nova unidade em Salvador,Agência Sertão,https://agenciasertao.com/2025/01/29/marinha-doou-area-ao-if-baiano-para-implantacao-de-unidade-em-salvador/,Institucional,Imprensa Local,Reitoria (Salvador),curadoria_dicom,correta
2025-01-29,Pessoas Trans na Rede Federal,Conif,https://portal.conif.org.br/comunicacao/gerais/educacao-e-visibilidade-o-papel-da-rede-federal-na-inclusao-de-pessoas-trans,Institucional,Governamental,Reitoria (Salvador),curadoria_dicom,correta
2025-01-29,Lista suja,Farol da Bahia,https://www.faroldabahia.com.br/noticia/empresarios-com-nome-na-lista-suja-do-trabalho-escravo-receberam-rusd-1-6-milhao-do-governo-federal,Institucional,Imprensa Regional (Bahia),Reitoria (Salvador),curadoria_dicom,correta
2025-01-28,Nova unidade em Salvador,Bahia Econômica,https://bahiaeconomica.com.br/wp/2025/01/28/if-baiano-tera-unidade-fixa-no-suburbio-ferroviario-de-salvador/,Institucional,Imprensa Local,Reitoria (Salvador),curadoria_dicom,correta
2025-01-28,Lista suja,G1,https://g1.globo.com/politica/noticia/2025/01/28/empresas-com-donos-na-lista-suja-do-trabalho-escravo-receberam-r-16-milhao-do-governo-federal.ghtml,Institucional,Imprensa (Nacional),Reitoria (Salvador),curadoria_dicom,correta
2025-01-28,Nova unidade em Salvador,Jornal Grande Bahia,https://jornalgrandebahia.com.br/2025/01/if-baiano-recebe-terreno-da-marinha-para-implantacao-de-unidade-educacional-em-salvador/,Institucional,Imprensa Regional (Bahia),Reitoria (Salvador),curadoria_dicom,correta
2025-01-28,IF Baiano ganha unidade fixa no Subúrbio de Salvador,Jornal Correio,https://news.google.com/rss/articles/CBMipgFBVV95cUxNZHJoUEluN2VKRlNWU0JkWHYtWl93YnFvMDdKVmpkNWhyZmtyVDctcWVaQ2ppVWZnSzh5eXYzMlVMVnJ3S1dqTDhfQ0tCUGtkT293ZmNuc2R4cjRuVUVXbS1pRmZrUkh3ekIzb291OWlIT2Nua0xvOHkwM1Q4OHJrZnNQOG1kamlfUDRxd1FFUzdDUEk0aWdiWXZaeEJTLTdjN3hEdVJn?oc=5&hl=en-US&gl=US&ceid=US:en,Institucional,Imprensa Regional (Bahia),Reitoria (Salvador),busca_automatica,correta
2025-01-28,IF Baiano recebe terreno da Marinha para implantação de Unidade Educacional em Salvador,Jornal Grande Bahia,https://news.google.com/rss/articles/CBMiyAFBVV95cUxQaGRNNW9FY2JYY1MzbHYxVExNeDdNVThnX0kyd28zTGNUYWUtTEJOTXdHNTF4OW9Ga0kyLTkzSklNLWtTQUdVOVdHd2N2Nl8xbTRqUVg3QWZmQ2oyNWh4dlNnZFJHWUk1amUtS1M3MFZTaURNVFFydklYQkZDajZCeElDY2M0dnprMmM5ZWMtQ0Y3Nk1OZkZLc3paX1l0TFdnTnFRcENzMEdjZWZFRzE5aXJEXzJaQ1A5d3RkNVBPcmVDNHR1aWxsMQ?oc=5&hl=en-US&gl=US&ceid=US:en,Institucional,Imprensa Regional (Bahia),Reitoria (Salvador),busca_automatica,correta
2025-01-28,Cursos subsequentes ead,catuacontece.com.br,https://www.catuacontece.com.br/ultimo-dia-para-as-inscricoes-nos-cursos-ead-do-if-baiano-campus-catu/,Ensino,Imprensa Local,Catu,curadoria_dicom,correta
2025-01-28,IF Baiano ganha unidade fixa no Subúrbio de Salvador,Correio,https://www.correio24horas.com.br/minha-bahia/if-baiano-ganha-unidade-fixa-no-suburbio-de-salvador-0125,Institucional,Imprensa Regional (Bahia),Reitoria (Salvador),curadoria_dicom,correta
2025-01-28,Nova unidade em Salvador,Farol da Bahia,https://www.faroldabahia.com.br/noticia/marinha-cede-terreno-para-construcao-de-unidade-do-if-baiano-no-suburbio-de-salvador,Institucional,Imprensa Regional (Bahia),Reitoria (Salvador),curadoria_dicom,correta
2025-01-28,Prosel Pós-Graduação,Mais Região,https://www.maisregiao.com.br/noticia/78520/if-baiano-abre-inscricoes-para-pos-graduacao-polo-de-mata-de-sao-joao-oferta-25-vagas,Ensino,Imprensa Local,Geral / Não Especificado,curadoria_dicom,correta
2025-01-27,Mestrado em Produção Vegetal no Semiárido,Agência Sertão,https://agenciasertao.com/2025/01/27/if-baiano-inscreve-ate-31-de-janeiro-para-mestrado-profissional-em-guanambi/,Institucional,Imprensa Local,Guanambi,curadoria_dicom,correta
2025-01-27,Nova unidade em Salvador,Blog do Gusmão,https://blogdogusmao.com.br/2025/01/27/if-baiano-recebe-area-da-marinha-para-implantacao-de-unidade-em-salvador/,Institucional,Imprensa Local,Reitoria (Salvador),curadoria_dicom,correta
2025-01-27,Sisu 2025,G1,https://g1.globo.com/ba/bahia/noticia/2025/01/27/lista-aprovadossisu-no-if-baiano.ghtml,Ensino,Imprensa (Nacional),Reitoria (Salvador),curadoria_dicom,correta
2025-01-27,Especialização Geoprocessamento,Info Educação,https://infoeducacao.com.br/if-baiano-abre-150-vagas-na-especializacao-gratuita-a-distancia-em-geoprocessamento/,Ensino,Especializados (Nichos),Senhor do Bonfim,curadoria_dicom,correta
2025-01-27,Veja a lista de aprovados no IF Baiano pelo Sisu,G1,https://news.google.com/rss/articles/CBMikAFBVV95cUxNVlFJSUFJeXNJeWQ1QjlIcEZYXzdtX1U2eXJMZTg0R1ZPeFpNN1EyMFRzLUMxemlta3FNRnFkZXV0WmZqVE5GejFMVjB2STl0Z0Z1c2lWOEFLd2tzeVZKZlFicmthcmRvWHhVU2JOdFVDTERhSnpERFJEcmJnbTZMdkVTMG80Sk9icjJSU01GUFPSAZ8BQVVfeXFMUG9hWk5JOGhFNVBUelFCcjRvc0locW03VTlfWVFPNmxTTzd2WmVHQVdYMmNybjhhTnZLZ0l3TDRkX3hYUHlmRURfSlZGc2FWdGRNWF92aFR5cWdKWlFsaUpod0d1VTBfWlZlWERpYUpkUkJWUDNja1JtMDllNmxpTmVGOGFiUDAxTzNxbUxrdVRrcmt1V1VyVW9yaGZISXh3?oc=5&hl=en-US&gl=US&ceid=US:en,Ensino,Imprensa (Nacional),Geral / Não Especificado,busca_automatica,correta
2025-01-27,IF Baiano abre 150 vagas na especialização gratuita a distância em Geoprocessamento,InfoEducação,https://news.google.com/rss/articles/CBMisgFBVV95cUxQMGhEbW5TSXY2R3M1bHFFN2tEVGJORWppVXI5YzNQVmZGLXd3cGZ5R2VBanViUUhZSjhtaFlFLWprd0E1QkxiWmNld1pKTVZZLW5NUm0xQ2dPR211dXhhU1FoN2YxRG83TGlWOTVxQTgzWXhDc0JjNU5adlJ3VzRZYlRuVDQ2WFVGb1BsRXpFRmExdGpmcVFYVWl6d2wzVndKaTdoaVhscG1LS19MdXdkUkF3?oc=5&hl=en-US&gl=US&ceid=US:en,Gestão e RH,Especializados (Nichos),Geral / Não Especificado,busca_automatica,correta
2025-01-27,Santo Estêvão Avança na Educação com a Implantação do Campus do IF Baiano,Prefeitura Municipal de Santo Estevão,https://news.google.com/rss/articles/CBMiuwFBVV95cUxNcDdjTzdNS2dKR2NTRHNoTEh5Si10eDdTVkZ4amNjZnBsd1FPZ0R5OXE5R0RxZVp3YWxwbFQzTENWd3NhLTNja1RiM1lLb0txeTIxelQxVDJEaVRrcHdhWFB2TUNYRHRDcjUwdHlLemN3T3RGVUpScDQyVmQ2UVBjZC0yUlhUTGtrTFhUNW9YVngyRFhESFl0MURkbm9qZXJHUVVJZUpqSXgyQ1d1YXV0dHdZNmhGdVdsMjVV?oc=5&hl=en-US&gl=US&ceid=US:en,Institucional,Governamental,Santo Estêvão,busca_automatica,correta
2025-01-27,Sisu 2025,Blog do Jader Santos,https://www.blogdojadersantos.com.br/nb2/ba/bahia/noticia/2025/01/27/lista-aprovadossisu-no-if-baiano.ghtml,Ensino,Imprensa Local,Reitoria (Salvador),curadoria_dicom,correta
2025-01-27,Implantação do Campus Santo Estêvão,santoestevao.ba.gov.br,https://www.santoestevao.ba.gov.br/noticia/17/santo-est-v-o-avan-a-na-educa-o-com-a-implanta-o-do-campus-do-if-baiano,Institucional,Governamental,Reitoria (Salvador),curadoria_dicom,correta
2025-01-23,Estudantes do Instituto Federal Baiano conquistam excelentes resultados na Redação do Enem 2024,SulBahiaNews,https://news.google.com/rss/articles/CBMi6wFBVV95cUxNalhzY1ozaHV3VjV1SHlyemt5aUxwV29aRWtUUTA0V003NDZvWHRxVXMxTTVRYU05QmNVMl9Wb1VjZGlyYS1oVkN6blJTMFdQcEYxa2dqUVpVZVJmenEwSWlBaUhTMEFmMGxmU3ZmdE14RXQzVkJQeEg0Rzh5OFN2M0NvTmowRC1GS2cxSEdFQlNFS0F2V2VaNjRMMkJxRFJlT25jSWRTd3BoTU9pUEZ2ZXlOWDF3bnVlakNib1ZrMkFDcF9oVzdNdXFQbXFKY3NkWUIzdFJnLTc1Zm9kSmJ4UTA0Q0VucTJSOUZZ?oc=5&hl=en-US&gl=US&ceid=US:en,Ensino,Imprensa Local,Geral / Não Especificado,busca_automatica,correta
2025-01-23,IF Baiano dá primeiro passo para construção de unidade em Salvador,A TARDE,https://news.google.com/rss/articles/CBMipAFBVV95cUxNQnJMdVNDNy1ZNk9ZNHQ4d1NGOV9oVFdrX0I2b0dXSTdHcG9iem9rR0xTTmJ4NFh4M0V0LVJ6ams0UmFxenhRS2M2eUs5V09kckpsbnpkWXpQQWxod0tLWkZBVnBwUkFxVXZYMWRqYjVtQXR3UVhsZ2J5OXVpNlBmckdpV0xmeG1KLUVpOGtCMnR4Nl9iVnNJaUZLRm9kVE9WNkdIctIBrAFBVV95cUxNQjYxbllRM003SEpXX05SYXZrNUs2WndZZmZsa2dZNWVYMUpTWDlhYk5WdnJPVnhxODY0MWVmeUlOSmRJMlEyelpSLW5mbnhuRm5BQjF4aGhPSkd2X2FjSnI0LTZmbjJPNnFYZl9ueVBiU0FWYXNXdzY2WC1vS3hMVHo1YzBPV0k0Wm1qRThmSmg5Tm5LNUJvdXFNNUNSZmYzLXZ0NVd1VGxCRFcz?oc=5&hl=en-US&gl=US&ceid=US:en,Institucional,Imprensa Regional (Bahia),Reitoria (Salvador),busca_automatica,correta
2025-01-23,Estudantes Enem 2024,Sul Bahia News,https://www.sulbahianews.com.br/estudantes-do-instituto-federal-baiano-campus-teixeira-de-freitas-conquistam-excelentes-resultados-na-redacao-do-enem-2024/,Ensino,Imprensa Local,Teixeira de Freitas,curadoria_dicom,correta
2025-01-23,Nova unidade em Salvador,Tribuna da Bahia,https://www.trbn.com.br/materia/I122930/marinha-do-brasil-transfere-area-em-paripe-para-implantacao-do-instituto-federal,Institucional,Imprensa Regional (Bahia),Reitoria (Salvador),curadoria_dicom,correta
2025-01-22,Nova unidade em Salvador,A Tarde,https://atarde.com.br/bahia/if-baiano-da-primeiro-passo-para-construcao-de-unidade-em-salvador-1304274,Institucional,Imprensa Regional (Bahia),Reitoria (Salvador),curadoria_dicom,correta
2025-01-22,Especialização Geoprocessamento,Remanso Notícias,https://remanso-noticias.com/2025/if-baiano-oferece-30-vagas-para-pos-graduacao-em-geoprocessamento-no-polo-uab-remanso/,Ensino,Imprensa Local,Senhor do Bonfim,curadoria_dicom,correta
2025-01-22,Nova unidade em Salvador,BNews,https://www.bnews.com.br/noticias/salvador/marinha-cede-area-para-construcao-de-unidade-da-ifba-no-suburbio-de-salvador.html,Institucional,Imprensa Regional (Bahia),Reitoria (Salvador),curadoria_dicom,correta
2025-01-20,Pós-graduação docente EPT,Diga Bahia,https://www.digabahia.com.br/inscricoes-abertas-para-pos-graduacao-em-docencia-para-educacao-profissional-e-tecnologica/,Gestão e RH,Imprensa Local,Reitoria (Salvador),curadoria_dicom,correta
2025-01-17,Sisu 2025,Bahia na Política,https://bahianapolitica.com.br/inscricoes-para-graduacao-no-if-baiano-via-sisu-iniciam-nesta-sexta-feira-17/,Ensino,Imprensa Local,Reitoria (Salvador),curadoria_dicom,correta
2025-01-13,Campus do IF Baiano de Bom Jesus da Lapa abre 28 vagas para o curso de Engenharia Agronômica,Notícias de Bom Jesus da Lapa,https://news.google.com/rss/articles/CBMi1wFBVV95cUxObk10VVltNHpHejFseGFTVmxyWktOdmhjMjAyWjhYV0ZiVUx4ODB3TDFMdlZZX0xkQ3dYYmlyeFlwN0czYWM0T2tCeTlnWHNwaGljZWh6R29CVjlmQjA0U0YyaXVuQnFJRm4xOThCeHd0Z29CeUZsQlpfa1FhWnExeGpGMGFQRXp5RmtFN2FYMTdXZGFnWkNQeXJ4NWFFcWdYUG1JZUNYM1FIeXFrMi03TFluWTV0b1E1bHdITmpZUzVsQXBMQVl6b1hpdGtuYW1wNWhXd1J6RQ?oc=5&hl=en-US&gl=US&ceid=US:en,Gestão e RH,Imprensa Local,Bom Jesus da Lapa,busca_automatica,correta
2025-01-13,"Sem provas, IFBAIANO libera 260 vagas para 3 opções de Cursos Técnicos EAD",PEBSP,https://news.google.com/rss/articles/CBMinAFBVV95cUxNV2tBOWUyWDg3NExieFZhSG9ZT2ZrQUNkdFk1TTFGaEVlb1ZrVEoxZlQweEJqdER3aFZaVjhuOGxnNU4xYnR1YVBvVW93RmllT3JfaV80SDJUTjFwNV8yaUhLVExlNnhYTFd1VnY4eVN1LUpFWEVDS2w1c2k0ZXRleWVhNjdMNUJpMjZLQ2pVRjJwanVVTDNfV0JVNk0?oc=5&hl=en-US&gl=US&ceid=US:en,Gestão e RH,Imprensa Local,Geral / Não Especificado,busca_automatica,correta
2025-01-13,IF Baiano Campus Catu oferece vagas para cursos técnicos em Mata de São João,Mais Região,https://news.google.com/rss/articles/CBMirgFBVV95cUxNTGw0QjFjajJwMjkyTVhPN3NOcUZpRlVsMWZiV1gzNi1VdUJnNFo0Wnk0SDVxTTE2S2pyNUhleE5GaEtwem1nbmtSa1ZhOXZ5RWRpdnJUS0Yya05JcVJiaVljQXVHYmJvbWZxRElKQWRvN0dseV9Lc053M1doeVRCWFlBZExZeHh3RGp5QUJ2VFFiMXFzbm4wN0IyV0RGYVdUMWtkSkpkSmtfcVc1Q2c?oc=5&hl=en-US&gl=US&ceid=US:en,Gestão e RH,Imprensa Local,Catu,busca_automatica,correta
2025-01-13,Pós-graduação docente EPT,Acorda Cidade,https://www.acordacidade.com.br/educacao/inscricoes-abertas-para-pos-graduacao-em-docencia-para-educacao-profissional-e-tecnologica/,Gestão e RH,Imprensa Regional (Bahia),Reitoria (Salvador),curadoria_dicom,correta
2025-01-12,Especialização gratuita a distância do IF Baiano sobre Docência abre 300 vagas,InfoEducação,https://news.google.com/rss/articles/CBMiqwFBVV95cUxNQVNmM2FMUVdqaVZqY19Ia3hEOWUxaFQ4b3hyeUhTSG8tWThOX2c4Z1FnbnVMb1MtODZkcWZkS0VMQXczZS1RdVM1aGJ6MUdnS1pzMVdyZUdlclhuOEFNaC12OHFweEQ1RThMek05WTZhLWFBQktQUmVncllseThhV3M5S2tsQmxUT0F0aGhiMVMyazBFR0h2OWFCTjFHOG83Q3g0UUhPQmtaUXc?oc=5&hl=en-US&gl=US&ceid=US:en,Gestão e RH,Especializados (Nichos),Geral / Não Especificado,busca_automatica,correta
2025-01-08,Lista de Espera IFBAIANO no Sisu! Confira as notas de corte,Portal FiiBrasil,https://news.google.com/rss/articles/CBMiakFVX3lxTE1wYWZ2eHptUzBzREhMVGNQVHJfb2ZMdWpPV0w4TVdOMmh0OFZNTG9ZUlcwRmFBV0oxZFhZbXJncG05RlBEY1BhWmdiNHNnWVhMZ2VKSDhKSWhmRWJsTzZVQ2diZmFFZmpBSkE?oc=5&hl=en-US&gl=US&ceid=US:en,Ensino,Imprensa Local,Geral / Não Especificado,busca_automatica,correta
2025-01-06,Prosel EaD,Agência Sertão,https://agenciasertao.com/2025/01/06/if-baiano-abriu-mais-260-vagas-para-cursos-tecnicos-ead/,Ensino,Imprensa Local,Uruçuca,curadoria_dicom,correta
2025-01-05,Contratação de professores,Agência Sertão,https://agenciasertao.com/2025/01/05/ifba-e-if-baiano-estao-com-processos-seletivos-abertos-para-professores-em-tres-cidades/amp/,Gestão e RH,Imprensa Local,Itapetinga,curadoria_dicom,correta
2025-01-04,VOCÊ ESTÁ AQUI: Início IFBaiano,Prefeitura Municipal de Caetité,https://news.google.com/rss/articles/CBMiS0FVX3lxTFA4S0NMdWExZHNNNXJndWh2Y2ppT2lleU81dWxYUGxQREFIakpmQlF4RTRuVXgwSGE3Q1czdXExYkJoUVFNYXQ4aEtlQQ?oc=5&hl=en-US&gl=US&ceid=US:en,Institucional,Governamental,Geral / Não Especificado,busca_automatica,correta
2025-01-02,Vagas Especialização,Hora Brasil,https://www.horabrasil.com.br/2025/01/02/inscricoes-abertas-para-especializacao-gratuita-internacional-em-conservacao-de-recursos-geneticos-animais-aulas-online/,Gestão e RH,Imprensa Local,Valença,curadoria_dicom,correta
2025-01-01,Simbazoo e Semana de Zootecnia,Agro Agenda,https://agroagenda.agr.br/event/x-simbazoo-xi-semana-de-zootecnia-do-if-baiano/,Institucional,Especializados (Nichos),Santa Inês,curadoria_dicom,correta
2025-01-01,800 vagas cursos técnicos,Forte na Notícia,https://fortenanoticia.com.br/if-baiano-oferta-800-vagas-em-cursos-tecnicos-e-graduacao-tecnologica-no-campus-governador-mangabeira/,Gestão e RH,Imprensa Local,Governador Mangabeira,curadoria_dicom,correta
2025-01-01,Lista de Espera SiSU IFBAIANO – Instituto Federal de Educação Baiano,Portal FiiBrasil,https://news.google.com/rss/articles/CBMikgFBVV95cUxNczBEMjRsZmRZUjNBWWlqX0x6N054ZnNkS1dCZTR4VzR3LUhpdXN6b3AwVUY0QWgwVWJ0ekNsNjBMMWVOckZTWkZCeWdMYW1DSmxVaUJha1lfTzlzODBxSjBsQndOWlJoeHlRS2xaU2dtU18wNHhIUXJzNWlERnN2SDNXWDY0QmhsLW1sMTRld2RtUQ?oc=5&hl=en-US&gl=US&ceid=US:en,Ensino,Imprensa Local,Geral / Não Especificado,busca_automatica,correta
2024-12-31,Cicatribio,Agência Tribuna de Notícias,https://www.tribunauniao.com.br/noticias/116854/ifs_impulsionam_ciencia_tecnologia_e_inovacao_no_brasil,Institucional,Imprensa Local,Geral / Não Especificado,curadoria_dicom,correta
2024-12-30,Cicatribio,Progresso,https://www.progresso.com.br/sociedade/educacao/ifs-promovem-ciencia-tecnologia-e-inovacao-aplicadas/434325/,Institucional,Imprensa Local,Geral / Não Especificado,curadoria_dicom,correta
2024-12-29,Especialização - vagas,De olho na cidade,https://deolhonacidade.net/if-baiano-oferta-especializacao-bilingue-na-area-de-conservacao-de-recursos-geneticos-animais/,Gestão e RH,Imprensa Local,Geral / Não Especificado,curadoria_dicom,correta
2024-12-29,IFBAIANO abre as portas e oferece vagas para Tutores de Cursos de Especialização,PEBSP,https://news.google.com/rss/articles/CBMipgFBVV95cUxOcFpjNzVnYVN6eTkxSkxRc2oyajRLSVZJRlZRbW0zUzRRc184azFlbzlTVUdGeEZGcE9BWnNENkFDNG94bXZsbEhYWmdSWFFiTGdVOV83Zjl1NFNvdzlicG1FOGI5d0ZQUnNEWE1ZVGtfeEF1cDV4Y1RUcE1oTWhHU01JUFVMNWg5RkN1QXdpQ0F5bDE3elg1QnBXUEVDRm9aYjg0UXNB?oc=5&hl=en-US&gl=US&ceid=US:en,Gestão e RH,Imprensa Local,Geral / Não Especificado,busca_automatica,correta
2024-12-28,Cicatribio,Correio,https://www.correio24horas.com.br/asteriscao/pesquisadores-baianos-desenvolvem-gel-regenerador-de-pele-para-o-tratamento-de-feridas-em-animais-1224,Institucional,Imprensa Regional (Bahia),Geral / Não Especificado,curadoria_dicom,correta
2024-12-27,IF Baiano abriu seleção para funções de apoio e professor formador do programa Mulheres Mil,Agência Sertão,https://news.google.com/rss/articles/CBMiyAFBVV95cUxNQ2llcDZsS2lsMDBvQ3kzSkpQbTdHMDI5MXVHWmk5SGoxMXBUOW1LRTlhd1pnT3V2anM1dEIwZGxtam5QLXFFTXBpYzJadlg0dlBfeWNZeWFqVTVCaE9sckJveVh1WF90Yy1pQlpkaWVMWkdjeTFmemRfYkU3UktqbnNac3JUUjFYai1tQTBULVJhOG1PdmdUNVFJT1FXYTRKWUNNbWpuTUxkazNLaGMzWm5mRFN0WUtjQllMSnhPbDMxOEhldk1TY9IByAFBVV95cUxNQ2llcDZsS2lsMDBvQ3kzSkpQbTdHMDI5MXVHWmk5SGoxMXBUOW1LRTlhd1pnT3V2anM1dEIwZGxtam5QLXFFTXBpYzJadlg0dlBfeWNZeWFqVTVCaE9sckJveVh1WF90Yy1pQlpkaWVMWkdjeTFmemRfYkU3UktqbnNac3JUUjFYai1tQTBULVJhOG1PdmdUNVFJT1FXYTRKWUNNbWpuTUxkazNLaGMzWm5mRFN0WUtjQllMSnhPbDMxOEhldk1TYw?oc=5&hl=en-US&gl=US&ceid=US:en,Gestão e RH,Imprensa Local,Geral / Não Especificado,busca_automatica,correta
2024-12-27,Cicatribio,Bahia Notícias,https://www.bahianoticias.com.br/municipios/noticia/43192-if-baiano-desenvolve-gel-cicatrizante-a-base-de-mangaba-e-inova-na-saude-animal,Institucional,Imprensa Regional (Bahia),Catu,curadoria_dicom,correta
2024-12-27,Cicatribio,MEC,https://www.gov.br/mec/pt-br/assuntos/noticias/2024/dezembro/ifs-promovem-ciencia-tecnologia-e-inovacao-aplicadas,Institucional,Governamental,Geral / Não Especificado,curadoria_dicom,correta
2024-12-26,IF Baiano oferta 170 vagas para cursos técnicos presenciais e EaD em Itaberaba,Agência Sertão,https://news.google.com/rss/articles/CBMitwFBVV95cUxNcGYyMjNpemZCYUhURDBwY2w0YktBTVV2NlFiU0RZWmpUQTF0VmxmNGRLNDV0anE2WnNCRWtHaUlzc1Q2MFYwTi0zUDJzRFVsS1ZGS3RBcTNlRWNvM05aSVVLMThuVFRDN2M1Zy1DellrWW90bkF6NjVGZFZ6aF90Z1R2b0R4MGlwWnFWaFdfLWlzV3F2SkVYSEM0SkZxYnhLYzhXbEg5WmdPank3M0gxNk1DdzRaWTjSAbcBQVVfeXFMTXBmMjIzaXpmQmFIVEQwcGNsNGJLQU1VdjZRYlNEWVpqVEExdFZsZjRkSzQ1dGpxNlpzQkVrR2lJc3NUNjBWME4tM1Ayc0RVbEtWRkt0QXEzZUVjbzNOWklVSzE4blRUQzdjNWctQ3pZa1lvdG5BejY1RmRWemhfdGdUdm9EeDBpcFpxVmhXXy1pc1dxdkpFWEhDNEpGcWJ4S2M4V2xIOVpnT2p5NzNIMTZNQ3c0Wlk4?oc=5&hl=en-US&gl=US&ceid=US:en,Gestão e RH,Imprensa Local,Itaberaba,busca_automatica,correta
2024-12-24,Supera São Francisco,Site do IF Sertão Pernambucano,https://ifsertaope.edu.br/supera-sao-francisco-bahia-e-lancado-oficialmente-e-vai-atender-quase-7-mil-familias-criadoras-de-caprinos-e-ovinos/,Institucional,Imprensa Local,Geral / Não Especificado,curadoria_dicom,correta
2024-12-23,S isu,Aratu on,https://aratuon.com.br/educacao/if-baiano-vai-oferecer-940-vagas-em-cursos-de-graduacao-pelo-sisu-em-2025,Institucional,Imprensa Regional (Bahia),Geral / Não Especificado,curadoria_dicom,correta
2024-12-23,Sisu,Acorda Cidade,https://www.acordacidade.com.br/educacao/if-baiano-oferecera-940-vagas-em-cursos-de-graduacao-via-sisu-em-2025-veja-as-cidades/,Ensino,Imprensa Regional (Bahia),Geral / Não Especificado,curadoria_dicom,correta
2024-12-23,Sisu,Tribuna online da bahia,https://www.trbn.com.br/materia/I121085/if-baiano-oferecera-940-vagas-em-cursos-de-graduacao-via-sisu-em-2025#google_vignette,Ensino,Imprensa Local,Geral / Não Especificado,curadoria_dicom,correta
2024-12-20,IFBAIANO acaba de lançar Edital para 3 Cursos Técnicos EAD GRATUITOS e RECONHECIDOS!,PEBSP,https://news.google.com/rss/articles/CBMiqgFBVV95cUxNLU9GdzhJRDhJaXRwbXZnalVhNmx5YXkwQmhEalNLQWFyRDRVV1puUjZoaEd3d3BJMk9remxSTkVwY1NaZHRWUGZBQnBXeF85RlVacjgwS0Zqc283QzFyWnIzWVdsYWdDS05HemhLbFdLNkg2U0REaGJaQ3NfOXlyX21VSGJyZjk3NzN6V29fY2xTdnBLWkdEd1Zkd2trMTdwaGV4VTMwZ1owdw?oc=5&hl=en-US&gl=US&ceid=US:en,Gestão e RH,Imprensa Local,Geral / Não Especificado,busca_automatica,correta
2024-12-20,Campus Valença avalia implantação de curso superior,Jornal Valença,https://valencaagora.com/curso-superior-de-tecnologia-em-gestao-ambiental/,Ensino,Imprensa Local,Valença,curadoria_dicom,correta
2024-12-20,IF Baiano oferta \- Campus Lapa 60 vagas no sisu,Notícias da Lapa,https://www.bomjesusdalapanoticias.com.br/bom-jesus-da-lapa/if-baiano-oferece-60-vagas-em-bom-jesus-da-lapa-para-2025-via-sisu/,Gestão e RH,Imprensa Local,Bom Jesus da Lapa,curadoria_dicom,correta
2024-12-20,Prosel cursos técnicos subsequentes EAD,PEBSP,https://www.pebsp.com/ifbaiano-acaba-de-lancar-edital-para-3-cursos-tecnicos-ead-gratuitos-e-reconhecidos/,Ensino,Imprensa Local,Itaberaba,curadoria_dicom,correta
2024-12-19,IF Baiano oferta 940 vagas em 20 cursos no sisu,Agência Sertão,https://agenciasertao.com/2024/12/19/if-baiano-ofertara-940-vagas-em-20-cursos-via-sisu/,Gestão e RH,Imprensa Local,Geral / Não Especificado,curadoria_dicom,correta
2024-12-19,Prosel de cursos superiores,Eloilton Cajuhy,https://blogdoeloiltoncajuhy.com.br/site/if-baiano-senhor-do-bonfim-lanca-edital-de-ingresso-para-cursos-superiores-de-administracao-e-licenciatura-em-quimica/,Ensino,Imprensa Local,Senhor do Bonfim,curadoria_dicom,correta
2024-12-17,Seleção professor,Qconcursos,https://folha.qconcursos.com/n/if-baiano-ba-selecao-professor-geografia-2024,Gestão e RH,Especializados (Nichos),Itapetinga,curadoria_dicom,correta
2024-12-17,IF Baiano abriu inscrições para cursos técnicos EaD em Bom Jesus da Lapa e Santa Maria da Vitória,Agência Sertão,https://news.google.com/rss/articles/CBMi0AFBVV95cUxQRU1vdkxKU3FKRHJscTVKbktxZjZlVDVHXy15UEdtbTJ6SFR0S0dtRTYxbWZXX0k2cUJ6X2Q0TnRPalo0dktXbkFqMUpwOTZVWG1Eby1OXzVSdEZ1SUVvUUgtX2kyaXdmVDRtZFJER2VuNG9NTUdhaDM5eFNZNWQ1Q2tTZ2JyN0NPcm9pYkxJMTdLS3otaHB5OE50QW1hWHVpNnlKVkdPSktwczZHM1hLS0dlTzQxT3p3Wm56d1c2aEZTaEFRWXRVdXNtLXJkTlVv0gHQAUFVX3lxTFBFTW92TEpTcUpEcmxxNUpuS3FmNmVUNUdfLXlQR21tMnpIVHRLR21FNjFtZldfSTZxQnpfZDROdE9qWjR2S1duQWoxSnA5NlVYbURvLU5fNVJ0RnVJRW9RSC1faTJpd2ZUNG1kUkRHZW40b01NR2FoMzl4U1k1ZDVDa1NnYnI3Q09yb2liTEkxN0tLei1ocHk4TnRBbWFYdWk2eUpWR09KS3BzNkczWEtLR2VPNDFPendabnp3VzZoRlNoQVFZdFV1c20tcmROVW8?oc=5&hl=en-US&gl=US&ceid=US:en,Ensino,Imprensa Local,Bom Jesus da Lapa,busca_automatica,correta
2024-12-17,IF Baiano inicia inscrições para cursos técnicos EaD em Bom Jesus da Lapa e Santa Maria da Vitória,Notícias de Bom Jesus da Lapa,https://news.google.com/rss/articles/CBMi8gFBVV95cUxNQXNZTDNZR09uXy1ncmd6c2pWUjFvam1oTV9iZ01LTWZuV0NwdlBsc21WS1ZXLTl1M2pjcjNvdzQyVUxJWHo0NDA4UEJPcUJrLXhiUFlsUG51bjBWWVBIMk95OGlFLWRpNU9Md0YwTWhHZDkzcmdtRXJTeC1MQW5LWGk2MlZxZ3E5WExtZ0dOOURYZmdESHgzSE14d2RMUXYzb1pxOXpiX1RzSlNpSTlWMUhsM3cwTDNSd1diZUt3TmhuVkRsdUUxakJCREdYNGhKT3p0eWlVcUNxOXJfVlJRMkJaaHBYNGQwSFVSRFZPZlFxUQ?oc=5&hl=en-US&gl=US&ceid=US:en,Ensino,Imprensa Local,Bom Jesus da Lapa,busca_automatica,correta
2024-12-17,IF Baiano divulga seleção para professor de Geografia,Folha Dirigida,https://news.google.com/rss/articles/CBMiggFBVV95cUxPYnhLRmF6Yzc0VzBRZTlqNWZBRDVuUnUwMmN6YlVpanFrdkN0SmdWWE1OaDM1MDNRSEtadXhOVTg0NUFWekxkNWRSZkJkNzN2dDAyNFI5WnBnUlA4Q3dXT1poSlVreGV5ZTlQTEVRMDhubVB4eXF6UWFJM2Y3WDlMN1FR?oc=5&hl=en-US&gl=US&ceid=US:en,Gestão e RH,Imprensa (Nacional),Geral / Não Especificado,busca_automatica,correta
2024-12-14,VOCÊ ESTÁ AQUI: Início IFBaiano – Cursos,Prefeitura Municipal de Caetité,https://news.google.com/rss/articles/CBMiVEFVX3lxTE50MlFRTDNkck9LNkJobk56bXFzTXdzdktsY1NQRnBMNlZUV1gyd3RubGg3VVhBWlMtcFBxalRPS0tuRWNRRnVFS1lZNy14ZlFaZHFkSw?oc=5&hl=en-US&gl=US&ceid=US:en,Ensino,Governamental,Geral / Não Especificado,busca_automatica,correta
2024-12-14,IF Baiano de Teixeira de Freitas é destaque entre as melhores escolas públicas da Bahia no ENEM 2023,SulBahiaNews,https://news.google.com/rss/articles/CBMizgFBVV95cUxQQzczelpOTFFWMW83N205TExaaGF2X3VFWkpqeDlFcUN4OU1ENG9BMm1HQXlTTWVMN1hqcEFiNEdWM0dlUkhNR3VoWUp2U0pNckNJNWppYVl2ZWtCU2pjbW5FSVMxOTZ3VWdHOWFHRGRkc01aUjAzcVAyQmxJZXhjWlRZZGFPNXo0Q05Neks3NVVEb21adGcwc3JZWEVISGVVRlhEUFk1ZGcxNXRMT1ZtSE5rdjVveXhsbzB4R3ZiTWc2cHNiMTU2c1p4NVQ0Zw?oc=5&hl=en-US&gl=US&ceid=US:en,Ensino,Imprensa Local,Teixeira de Freitas,busca_automatica,correta
2024-12-14,Morre Professor Elton Magalhães,Correio,https://www.correio24horas.com.br/asteriscao/a-maior-obra-de-elton-magalhaes-uma-homenagem-ao-poeta-cordelista-morto-aos-39-anos-1224,Gestão e RH,Imprensa Regional (Bahia),Geral / Não Especificado,curadoria_dicom,correta
2024-12-14,Intercâmbio ambiental com estudantes de moçambique,O Candeeiro,https://www.jornalocandeeiro.com.br/noticia-41192-bamineifbaianopromovemintercambioambientalcomestudantesdemocambique,Ensino,Imprensa Local,Geral / Não Especificado,curadoria_dicom,correta
2024-12-14,IF Baiano de Teixeira de Freitas é destaque entre as melhores escolas públicas da Bahia no ENEM 2023,SulBahia News,https://www.sulbahianews.com.br/if-baiano-de-teixeira-de-freitas-e-destaque-entre-as-melhores-escolas-publicas-da-bahia-no-enem-2023/,Ensino,Imprensa Local,Teixeira de Freitas,curadoria_dicom,correta
2024-12-13,Intercâmbio ambiental com estudantes de moçambique,Atualiza Bahia,http://www.atualizabahia.com.br/bamin-e-ifbaiano-promovem-intercambio-ambiental-com-estudantes-de-mocambique/,Ensino,Imprensa Local,Geral / Não Especificado,curadoria_dicom,correta
2024-12-13,Intercâmbio ambiental com estudantes de moçambique,Boca News,https://bocanews.com.br/internacional/bamin-e-ifbaiano-promovem-intercambio-ambiental-com-estudantes-de-mocambique/,Ensino,Imprensa Local,Geral / Não Especificado,curadoria_dicom,correta
2024-12-12,Prosel mestrado profissional,Agência Sertão,https://agenciasertao.com/2024/12/12/if-baiano-abre-selecao-para-dez-vagas-em-curso-de-mestrado-profissional-no-campus-guanambi/,Ensino,Imprensa Local,Guanambi,curadoria_dicom,correta
2024-12-12,Prosel cursos subsequentes,Blog do Gusmão,https://blogdogusmao.com.br/2024/12/12/if-baiano-oferta-320-vagas-em-cursos-tecnicos-subsequentes-ead-no-campus-guanambi-6/,Ensino,Imprensa Local,Guanambi,curadoria_dicom,correta
2024-12-12,IF Baiano abre seleção para dez vagas em curso de mestrado profissional no Campus Guanambi,Agência Sertão,https://news.google.com/rss/articles/CBMixwFBVV95cUxQaVRDenV2NUVBXzNQanBGZ016VmtoMWw3SHlhZEVxa1ZWc1FGSGFBemU2dFlEUFM4OU16M2tScUd3eTFnR0taLWtock5rUGZCczdMZmx2eUJyOGMyTVFlMUNpNUxPMndsVU0yYkotSlBFcDJBQ1JOZmxQVWduQU13bzVCcDV6dGRKZTRrZGFScFdGelY5R29RZWRxNEtnZ2VfX2pQZjd4NFJONVZpVUM4S2NNbzM4eU56MDhBOXlnWElDYnloZzE00gHHAUFVX3lxTFBpVEN6dXY1RUFfM1BqcEZnTXpWa2gxbDdIeWFkRXFrVlZzUUZIYUF6ZTZ0WURQUzg5TXoza1JxR3d5MWdHS1ota2hyTmtQZkJzN0xmbHZ5QnI4YzJNUWUxQ2k1TE8yd2xVTTJiSi1KUEVwMkFDUk5mbFBVZ25BTXdvNUJwNXp0ZEplNGtkYVJwV0Z6VjlHb1FlZHE0S2dnZV9falBmN3g0Uk41VmlVQzhLY01vMzh5TnowOEE5eWdYSUNieWhnMTQ?oc=5&hl=en-US&gl=US&ceid=US:en,Gestão e RH,Imprensa Local,Guanambi,busca_automatica,correta
2024-12-11,Prosel professor substituto,QConcursos,https://folha.qconcursos.com/n/if-baiano-abre-selecao-para-professor-de-biologia-em-catu-2024,Gestão e RH,Especializados (Nichos),Geral / Não Especificado,curadoria_dicom,correta
2024-12-10,Prosel para mestrado profissional,Agência Sertão,https://agenciasertao.com/2024/12/10/if-baiano-abriu-selecao-para-curso-de-mestrado-profissional,Ensino,Imprensa Local,Serrinha,curadoria_dicom,correta
2024-12-10,Morre Professor Elton Magalhães,G1,https://g1.globo.com/ba/bahia/noticia/2024/12/10/cordelista-e-professor-elton-magalhaes-morre-aos-39-anos-apos-acidente-de-moto-na-bahia.ghtml,Gestão e RH,Imprensa (Nacional),Geral / Não Especificado,curadoria_dicom,correta
2024-12-10,Morre Professor Elton Magalhães,Se Ligue Bahia,https://seliguebahia.com.br/bahia/professor-do-if-baiano-morre-aos-39-anos-apos-acidente-de-moto-na-bahia/,Gestão e RH,Imprensa Local,Itaberaba,curadoria_dicom,correta
2024-12-10,Morre Professor Elton Magalhães,Governo da Bahia,https://www.ba.gov.br/fundacaocultural/noticia/2024-12/39352/funceb-lamenta-falecimento-do-cordelista-poeta-e-professor-elton-magalhaes,Gestão e RH,Governamental,Geral / Não Especificado,curadoria_dicom,correta
2024-12-10,Morre Professor Elton Magalhães,Bahia Notícias,https://www.bahianoticias.com.br/municipios/noticia/42879-professor-do-if-baiano-morre-apos-acidente-com-motocicleta-vitima-tambem-era-cordelista,Gestão e RH,Imprensa Regional (Bahia),Geral / Não Especificado,curadoria_dicom,correta
2024-12-10,Morre Professor Elton Magalhães,Blog do Anderson,https://www.blogdoanderson.com/2024/12/10/linton/,Gestão e RH,Imprensa Local,Geral / Não Especificado,curadoria_dicom,correta
2024-12-10,Morre Professor Elton Magalhães,CNN Brasil,https://www.cnnbrasil.com.br/nacional/poeta-e-professor-elton-magalhaes-morre-em-acidente-na-chapada-diamantina-ba/?hidemenu=true,Gestão e RH,Imprensa (Nacional),Geral / Não Especificado,curadoria_dicom,correta
2024-12-10,Morre Professor Elton Magalhães,Correio,https://www.correio24horas.com.br/minha-bahia/professor-do-if-baiano-morre-em-acidente-de-moto-em-itaberaba-1224,Gestão e RH,Imprensa Regional (Bahia),Geral / Não Especificado,curadoria_dicom,correta
2024-12-10,Morre Professor Elton Magalhães,Metro 1,"https://www.metro1.com.br/noticias/cultura/158784,morre-o-cordelista-e-professor-elton-magalhaes-aos-39-anos",Gestão e RH,Imprensa Local,Geral / Não Especificado,curadoria_dicom,correta
2024-12-09,IF Baiano recebe moçambicanos para curso de qualificação,Agência Sertão,https://agenciasertao.com/2024/12/09/if-baiano-recebeu-professores-de-mocambique-para-curso-de-qualificacao-no-campus-guanambi/,Ensino,Imprensa Local,Geral / Não Especificado,curadoria_dicom,correta
2024-12-06,Prosel Cursos Integrados,G1,https://g1.globo.com/ba/bahia/noticia/2024/12/06/if-baiano-abre-vagas-em-cursos-tecnicos-gratuitos.ghtml,Ensino,Imprensa (Nacional),Serrinha,curadoria_dicom,correta
2024-12-06,IF Baiano abre 120 vagas em cursos técnicos gratuitos integrados ao Ensino Médio,G1,https://news.google.com/rss/articles/CBMipwFBVV95cUxOMjA1a0VteFltWmJRY0tDMEtGclFHRnpHZnd6YV9OX2FvQmJpeHhJUFBYOXVwYl9ob0FOMGZfaXIxcWFJTDhlYXFxaUtmdDJwRGNpTUNuY0FhSUpvazViZHVSLWlBTm5OZnMyRTR6aVJCNDZQZnFmb1Z6ZWVBLVpvUUx4cDZrYTU1anFGXzluNkVYNXJsRVRLTFFySVg2ZFUycEFUM3FDUdIBtgFBVV95cUxPNlFFY2xlTHZkai1jRlpYMmF1VjhLeC0zMWM4YlZYaXFDVDVEeWhIbVZpZGk5MzhobTY5LUJFc2JfSFVRYWtiRndRNnNBbG5hcFdvMTRqWXMycld5Y05ZaHktQVZSNnRQY0g3WTg5ODh6VWZUSnhheThEanRFQlZvMkU0ZVJGaF91UjlzM244OUczZ1ZOMWpxY1U0WDdVZVVwRk11aXA1cG1NX0JpWVN5VDJBN0RRdw?oc=5&hl=en-US&gl=US&ceid=US:en,Gestão e RH,Imprensa (Nacional),Geral / Não Especificado,busca_automatica,correta
2024-12-05,Alagoinhas: IF Baiano inaugura oferta de graduação em Administração com 40 vagas,Se Liga Alagoinhas,https://news.google.com/rss/articles/CBMiyAFBVV95cUxNV1Jyc2JsNHhOTnE1MXdOZ085by1aYWdtYXRuakY0RFptc29pZzVKVDVjSGk3YkJfaWQwc2xOQ2ZqZkY2cnZXSnRFQjdQRlNiZUNEa2NrbUZ6MkhtbWs2Tm5va2ZEa3FXd05OOXhPLVZORWpNSHFyUmN6Zko0VWViVUpxYVd0OGplQVVFMVFlbWxNVjhiczgzWjBZeUxURmVmYU9WVDZkc0d2THBZZkkxTURnSFNZTFVuUENfVEgtdWtUSjgxN1dpZw?oc=5&hl=en-US&gl=US&ceid=US:en,Gestão e RH,Imprensa Local,Alagoinhas,busca_automatica,correta
2024-12-01,Fenagro,A Tarde,https://atarde.com.br/fenagro/made-in-bahia-1-startup-do-if-baiano-expoe-gel-cicatrizante-na-fenagro-1297776,Institucional,Imprensa Regional (Bahia),Geral / Não Especificado,curadoria_dicom,correta
2024-11-30,Curso gratuito em administração 2025,Agência Sertão,https://agenciasertao.com/2024/11/30/if-baiano-abrira-inscricoes-para-novo-curso-superior-em-2025/,Ensino,Imprensa Local,Geral / Não Especificado,curadoria_dicom,correta
2024-11-29,Estudantes tem até hoje (29) para realizar as inscrições para o IF Baiano campus Catu,Mais Região,https://news.google.com/rss/articles/CBMi3AFBVV95cUxQUUQ0eTRCRFNqeElnQUZjSXM3NnlsMkt0S2xaR1NXaHdFMU9EajFaMzU3RTJmVWZ2c3FrNWlIT1ROUkhMQi04OVBRdmRXWmQ5TzNoZDkyanROTHdGR1cwUGVZc0RNRWd3YTFnazByMDRDZy1wV1VLR1k3QmM5ZE1qcFhUU3N4b0ZkZUJ0OTVUQzFTMnh4ODJQN0ZJU1MzUTJJZkZrV2ZLa3M4V1hrTU4xMEVXb1o3Wm52LW0tTEQyLWJsQ2drZkZjZmdXY0pBUm9uM3c3dTh5STNUWS1P?oc=5&hl=en-US&gl=US&ceid=US:en,Ensino,Imprensa Local,Catu,busca_automatica,correta
2024-11-29,Curso gratuito em administração 2025,Carlos Britto,https://www.carlosbritto.com/if-baiano-de-senhor-do-bonfim-abrira-curso-de-administracao-gratuito-em-2025/,Ensino,Imprensa Local,Senhor do Bonfim,curadoria_dicom,correta
2024-11-28,Curso superior,Mais Região,https://www.maisregiao.com.br/noticia/77031/ufba-e-if-baiano-vao-ofertar-cursos-tecnicos-e-de-nivel-superior-em-mata-de-sao-joao,Ensino,Imprensa Local,Geral / Não Especificado,curadoria_dicom,correta
2024-11-26,Novos campi do IF Baiano devem ser concluídos até 2026,Agência Sertão,https://news.google.com/rss/articles/CBMilwFBVV95cUxQWnJDVHdHTVYzSGFndGg0a0F1RGlZN1ZvcHhHZHZsZ3hNNHFFT1hMY0tLVWZhME40X0pRZW5uTktRZEhGZjJFUjN5OHdUZEJuczRaWTJlZGsydV9aRlRUT1NWOVJJWHBvX0ZjUTJIY3FVSjIxWVNqN2hHWDhQV3BYWmlfVG8zRFNmcHlWWWNTMHluWGZya0d30gGXAUFVX3lxTFBackNUd0dNVjNIYWd0aDRrQXVEaVk3Vm9weEdkdmxneE00cUVPWExjS0tVZmEwTjRfSlFlbm5OS1FkSEZmMkVSM3k4d1RkQm5zNFpZMmVkazJ1X1pGVFRPU1Y5UklYcG9fRmNRMkhjcVVKMjFZU2o3aEdYOFBXcFhaaV9UbzNEU2ZweVZZY1MweW5YZnJrR3c?oc=5&hl=en-US&gl=US&ceid=US:en,Institucional,Imprensa Local,Geral / Não Especificado,busca_automatica,correta
2024-11-26,Processos seletivos do IF Baiano e do Ifba ofertam vagas para professores em duas cidades,Agência Sertão,https://news.google.com/rss/articles/CBMixgFBVV95cUxOR3dTN25jdlNXYU1mVmd1ZlNSZzBvbkNGdVJCdzNZYVhIUGdCdl80WEFvWU5LS3QydkJWY1hFenlmRkRCYlRYcGNENHplSENpNjNIR1VMbF9QZlplclkxRnJUcU93ODJ4YkFhWXh6WFBVWkNXXzQ2UjVCd1lBQkN4Ym9QU2UxZXJMYTdpYTNYX3lyc1lhRzYzZ0xpSFVMaVFLSEZxRlA4RUx3ejdULU81Mk5PMGJaUFFhakY0RHllV3pwNm9jQ2fSAcYBQVVfeXFMTkd3UzduY3ZTV2FNZlZndWZTUmcwb25DRnVSQnczWWFYSFBnQnZfNFhBb1lOS0t0MnZCVmNYRXp5ZkZEQmJUWHBjRDR6ZUhDaTYzSEdVTGxfUGZaZXJZMUZyVHFPdzgyeGJBYVl4elhQVVpDV180NlI1QndZQUJDeGJvUFNlMWVyTGE3aWEzWF95cnNZYUc2M2dMaUhVTGlRS0hGcUZQOEVMd3o3VC1PNTJOTzBiWlBRYWpGNER5ZVd6cDZvY0Nn?oc=5&hl=en-US&gl=US&ceid=US:en,Gestão e RH,Imprensa Local,Geral / Não Especificado,busca_automatica,ambos_citados
2024-11-21,Mobilização Estudantil,Avoador,https://avoador.com.br/pagina-central/mobilizacao-estudantil-faz-transporte-gratuito-ser-retomado-em-bom-jesus-da-lapa/,Institucional,Imprensa Local,Bom Jesus da Lapa,curadoria_dicom,correta
2024-11-18,Chamada Pública (Aquisição de Gênero),Agência Sertão,https://agenciasertao.com/2024/11/18/if-baiano-abriu-chamada-publica-para-aquisicao-de-generos-da-agricultura-familiar-em-guanambi/,Institucional,Imprensa Local,Guanambi,curadoria_dicom,correta
2024-11-18,Prosel EAD,Agência Sertão,https://agenciasertao.com/2024/11/18/if-baiano-oferta-90-vagas-em-cursos-tecnicos-ead/,Ensino,Imprensa Local,Geral / Não Especificado,curadoria_dicom,correta
2024-11-08,Teixeira: IF Baiano abre processo seletivo para 40 vagas em Engenharia Agronômica,SulBahiaNews,https://news.google.com/rss/articles/CBMiswFBVV95cUxNMDlJaEhnVFBnblpTY3ZDQnFBcTUwOVpvaTRaTkQzYjBkZ3RwUzRkbGhlS3puT0VJLW5OQnpHakVSVzBSQTRUTFJ1d0pIS1JFMktxUXpFRjNjQmZaYjFQYXZSUmg5SXZGR2RleUpTcjhCTVozdlJkdndBeC1hMGwxeU54Zml2NVpVLXhOQmc0TUFrZFVBam4zSzFyeXZkZVpMb21VZlhfN2g1V0I1dU9fVVdFWQ?oc=5&hl=en-US&gl=US&ceid=US:en,Gestão e RH,Imprensa Local,Geral / Não Especificado,busca_automatica,correta
2024-11-07,Prosel pós graduação,Blog do Gusmão,https://blogdogusmao.com.br/2024/11/07/if-baiano-campus-urucuca-lanca-edital-com-70-vagas-de-graduacao/,Ensino,Imprensa Local,Uruçuca,curadoria_dicom,correta
2024-11-07,IF Baiano – campus Uruçuca lança edital com 70 vagas de graduação,blog do gusmão,https://news.google.com/rss/articles/CBMipgFBVV95cUxQdFB2MTAzb0RaVGlRelJkdkI5cE1FS1RxSXdMY0F1RFNoaXNrRHBqaTRTSGhOaHUtckVpT2ViV3ZocTRKRVZnTEU5UUphQUJCYzdVbUR1ZUFQQ2VyczRabDU4VGgxZVdlS1c0NTVscllrYzVwZmc3cUtYRFRxRC1NRHBKbmt5bTFrU1MwR3FSZ0dkMGhSb09KSEVaXzRxSFpYRDVTbEd3?oc=5&hl=en-US&gl=US&ceid=US:en,Gestão e RH,Imprensa Local,Uruçuca,busca_automatica,correta
2024-11-06,IF Baiano realiza Workshop sobre Inseminação Artificial e Transferência de Embriões,Agência Sertão,https://agenciasertao.com/2024/11/06/if-baiano-realizara-iii-workshop-sobre-inseminacao-artificial-e-transferencia-de-embrioes-neste-sabado-em-guanambi/,Institucional,Imprensa Local,Geral / Não Especificado,curadoria_dicom,correta
2024-11-06,Prosel Professor Substituto,QConcursos,https://folha.qconcursos.com/n/i-baiano-selecao-professor-substituto-geografia-2024,Gestão e RH,Especializados (Nichos),Geral / Não Especificado,curadoria_dicom,correta
2024-11-02,Prosel de cursos técnicos gerais 2025,Click Petróleo e Gás,https://clickpetroleoegas.com.br/instituto-federal-convoca-interessados-em-fazer-curso-100-gratuito-ead-e-presencial-sao-mais-de-2-mil-vagas-em-cursos-em-diversas-areas-como-agropecuaria-informatica-vendas-turismo-e-outros/,Ensino,Imprensa Local,Geral / Não Especificado,curadoria_dicom,correta
2024-11-02,IF Baiano abre vagas para Professor de Geografia,Ache Concursos,https://news.google.com/rss/articles/CBMipgFBVV95cUxPMU1ONUM3YkpSeDN1MGV2U1NYeXNOcE50cjhROV9vRWI3enNUdUZOa19kYy1mcXZuMWMta3VEY3Q3QzZkMmt2WlgzQXpDTU9aRUV3V1J5YktJUnptM2NHeUhhQ2htRkM2d3BYUERHUnNaNnJuOUtGOVNBYlJONkJkdEw5ME16b2RmMEtYcVVTMlFPQXNJTDJSOWQyQUljMGRXb0taNHd30gGrAUFVX3lxTE5ybF9UQ0dyUXBHQTdjWE5aXzluazlnbVVSVUJzeWd6cG9LZXUzeEFCUElRQ19MZ19oSi1TUnFtdlFUSVlNVFZqU1ZNVWxDYXIzTVJTX2xrb1Z6YlY1dTl3X2pvRW5Ed0lXR2dXMjFnNVhiTUc5eHItVXdlNFhqUnl4ZVlHczBvaE9DenJZd0REUTZ0ZUJKdEpQZUczUVpZbDBSZ1RITzJYcVZldw?oc=5&hl=en-US&gl=US&ceid=US:en,Gestão e RH,Especializados (Nichos),Geral / Não Especificado,busca_automatica,correta
2024-11-02,Prosel Professor Substituto,Ache Concursos,https://www.acheconcursos.com.br/concursos-bahia/if-baiano-abre-vagas-para-professor-de-geografia-76085,Gestão e RH,Especializados (Nichos),Santa Inês,curadoria_dicom,correta
2024-10-29,Estudantes do IF Baiano conquistam medalhas em Olimpíadas de Foguetes,Agência Sertão,https://agenciasertao.com/2024/10/29/estudantes-do-if-baiano-conquistam-medalhas-em-competicao-nacional-de-lancamento-de-foguetes/,Ensino,Imprensa Local,Geral / Não Especificado,curadoria_dicom,correta
2024-10-29,Prosel professor substituto,Concursos no Brasil,https://concursosnobrasil.com/concursos/ba/2024/10/29/if-baiano-abre-vagas-em-selecao-ate-r-63-mil-mensais-2/,Gestão e RH,Especializados (Nichos),Itaberaba,curadoria_dicom,correta
2024-10-29,Prosel professor substituto,Pimenta Blog,https://pimenta.blog.br/2024/10/29/if-baiano-abre-processos-seletivos-com-salarios-que-chegam-a-r-63-mil/#google_vignette,Gestão e RH,Imprensa Local,Geral / Não Especificado,curadoria_dicom,correta
2024-10-27,Prosel geral 2025,Agência Sertão,https://agenciasertao.com/2024/10/27/if-baiano-esta-com-mais-de-duas-mil-vagas-abertas-em-dez-cidades-para-cursos-tecnicos-presenciais-e-ead/,Ensino,Imprensa Local,Geral / Não Especificado,curadoria_dicom,correta
2024-10-24,Ifba e IF Baiano abriram novos processos seletivos com quase de 50 vagas para professor em oito cidades,Agência Sertão,https://news.google.com/rss/articles/CBMi2AFBVV95cUxPbWVtUFlmUzBndW02LXd6VkQ1NTE5UXV0WC1RVjRIdk9WbDR6UHlVTDBPTnRVZkJhaXNpUnc2QkpncjFDa2lSdXRSa0JROEFPME1mcENZM1laNkRiLV9uWUMxcGFJeUdzYmR2MzNnSHZfaEtWRWVET1J1amsxYmNjLW5tU05OLWgyUGR0MVVGQnduRXV4QUJnSVk0UW1EQ3FCeGd4U0tUcU1HRTU2dTBpNzhOTmprUVJiVjFST21RVkxzMlJ4dU1pRmdGWVFING1QajZ2aEUybEjSAdgBQVVfeXFMT21lbVBZZlMwZ3VtNi13elZENTUxOVF1dFgtUVY0SHZPVmw0elB5VUwwT050VWZCYWlzaVJ3NkJKZ3IxQ2tpUnV0UmtCUThBTzBNZnBDWTNZWjZEYi1fbllDMXBhSXlHc2JkdjMzZ0h2X2hLVkVlRE9SdWprMWJjYy1ubVNOTi1oMlBkdDFVRkJ3bkV1eEFCZ0lZNFFtRENxQnhneFNLVHFNR0U1NnUwaTc4Tk5qa1FSYlYxUk9tUVZMczJSeHVNaUZnRllRSDRtUGo2dmhFMmxI?oc=5&hl=en-US&gl=US&ceid=US:en,Gestão e RH,Imprensa Local,Geral / Não Especificado,busca_automatica,ambos_citados
2024-10-24,ANA PAULA MARQUES DE FIGUEREDO O PROGRAMA INSTITUCIONAL DE BOLSAS DE INICIAÇÃO EM EXTENSÃO DO IF BAIANO: RESULTADOS NO PROCES,Portal eduCapes,https://news.google.com/rss/articles/CBMi5gFBVV95cUxQRGJFeWZ5WkwzcXczRnNnR2xwZ0xDSnhQM3hSRE1XdWNYc0FuTER4ZkFkN1k0NTl6SlBMb1B6cWlsV3NjVGpwcmtxSlhnMC1iODR1aFd0YlQ0WndpaVVFSEo5UEVrSG0zeWFHaHhFRlFLN0hNZXpNdnlZV3N5ZlBxTjlIMG5QQWhzNVplX2VaazJEZDlKWDRXZWdnUTBCUDItclpwalh6dGJfSDh5dU9henpQaURmb0labzlfN3NGZ21DXy1KMllOTUlBRHUtSzlrVUdkV0oyVVdTeUtnQ1ZucFZMNEI3dw?oc=5&hl=en-US&gl=US&ceid=US:en,Ensino,Imprensa Local,Geral / Não Especificado,busca_automatica,correta
2024-10-17,IF Baiano e Ifba ofertam 20 vagas para professor em três cidades,Agência Sertão,https://news.google.com/rss/articles/CBMipAFBVV95cUxNcHhUQTJnOEE1dTdZM0o5SmVWbk9oV3VDbjJ0WXdKVzJXZ3djUkFvMVVpQTNTQkxna2lTM0psSzBlcFhKWFg0eFNlTWFrREltb3lTTHktNTNaeVNrRjhXSkRzQkRkenlxU3RqYi0xV2Nrd0VBUmtxbGJ3YXFuckcxSmgzLU5vMlZwQ3NkQV93YVNKRXF5dWxVeHloQVJ4NkdxSmZBR9IBpAFBVV95cUxNcHhUQTJnOEE1dTdZM0o5SmVWbk9oV3VDbjJ0WXdKVzJXZ3djUkFvMVVpQTNTQkxna2lTM0psSzBlcFhKWFg0eFNlTWFrREltb3lTTHktNTNaeVNrRjhXSkRzQkRkenlxU3RqYi0xV2Nrd0VBUmtxbGJ3YXFuckcxSmgzLU5vMlZwQ3NkQV93YVNKRXF5dWxVeHloQVJ4NkdxSmZBRw?oc=5&hl=en-US&gl=US&ceid=US:en,Gestão e RH,Imprensa Local,Geral / Não Especificado,busca_automatica,ambos_citados
2024-10-10,Estão abertas as inscrições para o processo seletivo do @ifbaiano.govmangabeira !,Prefeitura de Cabaceiras do Paraguaçu,https://news.google.com/rss/articles/CBMizgFBVV95cUxQU2I1YkhxcHdyRmtGYnF3eUJtQ093MnlsSzlXeE1LMlhweUZtX2lwLW11cFZ0SEZic3B2QTR0Q0FpdUdxbVg3WUE1RWYyaEplY2pVcW1jRUFiN1M5dkhhN1BzVXk0ckR0NlZDNHRtNVBKaTQ2QTBZNjdJZFRsTEVkQkh1dkk1aE5kZ2Q4WUFGa3RGeUhBN2k5RExmVHBpTkxLdE13TENtNHBfZHVWNU9tS19NMFk2UmY3V0l3ZUVkX2VsMmZLc0p5MlNRSlk0QQ?oc=5&hl=en-US&gl=US&ceid=US:en,Gestão e RH,Governamental,Geral / Não Especificado,busca_automatica,correta
2024-10-09,Remanso: homologada Licitação para construção do Campus IF Baiano,Preto no Branco | Com Sibelle Fonseca,https://news.google.com/rss/articles/CBMiqAFBVV95cUxQbFFxdjRvVkNVWk1EQmlBOE9PaEJGTkR6WWg3QUk4UnFGVEtKUXpIQXBZMXMxSU1TQ3pGVDRFYndoWlNrU0s2b29hRk5VN21RTEotakFyb1RrNGZ4Z3liRGotTTVsQkdmY1VRMXBFUzJVdk4ybTVtQ2l6SEVzMmljZlNPMkM5dDVvMVJiTVJMVDYwdzMwdmllQXNqaVNJZUlUWjBEbXNBdG8?oc=5&hl=en-US&gl=US&ceid=US:en,Institucional,Imprensa Local,Remanso,busca_automatica,correta
2024-10-08,Prosel professor substituto,Ache Concursos,https://www.acheconcursos.com.br/concursos-bahia/if-baiano-vagas-professor-sociologia-matematica-75372,Gestão e RH,Especializados (Nichos),Geral / Não Especificado,curadoria_dicom,correta
2024-10-03,Estágio Remunerado,Agência Sertão,https://agenciasertao.com/2024/10/03/if-baiano-abre-selecao-para-vagas-de-estagio/,Institucional,Imprensa Local,Geral / Não Especificado,curadoria_dicom,correta
2024-10-03,Prosel Estágio Remunerado,Portal Baixo Sul,https://portalbaixosul.com.br/noticia/740/if-baiano-n-campus-valenca-abre-inscricoes-para-processo-seletivo-de-estagiarios,Ensino,Imprensa Local,Geral / Não Especificado,curadoria_dicom,correta
2024-10-03,Prosel Estágio remunerado,Tribuna do Reconcavo,https://tribunadoreconcavo.com/if-baiano-valenca-oferta-vagas-de-estagio-remunerado-para-graduandos-em-pedagogia-biologia-e-administracao/,Ensino,Imprensa Local,Geral / Não Especificado,curadoria_dicom,correta
2024-10-03,"IFBaiano visita CRV Costa do Cacau, Ilhéus",O trombone,https://www.otrombone.com.br/estudantes-do-ifbaiano-ilheus-visitam-a-cvr-costa-do-cacau/,Institucional,Imprensa Local,Geral / Não Especificado,curadoria_dicom,correta
2024-10-03,Prosel Geral,Rastro 101,https://www.rastro101.com.br/noticia/38979/if-baiano-abre-mais-de-2-400-vagas-de-nivel-medio-integrado-a-educacao-profissional#google_vignette,Ensino,Imprensa Local,Geral / Não Especificado,curadoria_dicom,correta
2024-10-03,Prosel nivel médio,seligaalagoinhas.com.br,https://www.seligaalagoinhas.com.br/noticia/52957/if-baiano-campus-alagoinhas-oferta-180-vagas-em-tres-cursos-de-nivel-medio-integrados-ao-tecnico,Ensino,Imprensa Local,Alagoinhas,curadoria_dicom,correta
2024-10-02,Prosel cursos técnicos subsequentes,Noticias da Lapa,https://www.bomjesusdalapanoticias.com.br/bom-jesus-da-lapa/if-baiano-disponibiliza-vagas-para-cursos-tecnicos-em-bom-jesus-da-lapa/,Ensino,Imprensa Local,Geral / Não Especificado,curadoria_dicom,correta
2024-10-01,Prosel cursos técnicos subsequentes,Agência Sertão,https://agenciasertao.com/2024/10/01/if-baiano-abre-vagas-para-cursos-tecnicos-em-bom-jesus-da-lapa/,Ensino,Imprensa Local,Geral / Não Especificado,curadoria_dicom,correta
2024-10-01,IF Baiano abre vagas para cursos técnicos em Bom Jesus da Lapa,Agência Sertão,https://news.google.com/rss/articles/CBMiogFBVV95cUxPSWdaaFI1aWlnZ2dWbV9oSDBBWkNuWGxJMjQ3OUZnbm80U3V5d0hwangtOUFReWxfWFplSktZUi0zekpUb3MwQ1U4cU5lUmcySWJxVXNURm1SX3gtQVNTR0xwdG5iVmVqWTJPLS1oRmlDb1lNMjRUVG41S1BNcDdBVU5NaVFrZkNySE5IbEI0dGQyai1Ua2VWWGQ4bkRjMEowRFHSAaIBQVVfeXFMT0lnWmhSNWlpZ2dnVm1faEgwQVpDblhsSTI0NzlGZ25vNFN1eXdIcGp4LTlBUXlsX1haZUpLWVItM3pKVG9zMENVOHFOZVJnMklicVVzVEZtUl94LUFTU0dMcHRuYlZlalkyTy0taEZpQ29ZTTI0VFRuNUtQTXA3QVVOTWlRa2ZDckhOSGxCNHRkMmotVGtlVlhkOG5EYzBKMERR?oc=5&hl=en-US&gl=US&ceid=US:en,Gestão e RH,Imprensa Local,Bom Jesus da Lapa,busca_automatica,correta
2024-10-01,IF Baiano abre inscrições para 76 vagas remanescentes em Catu,Mais Região,https://news.google.com/rss/articles/CBMiqAFBVV95cUxQY1JySlFJTHBLdWx3YVF4V2VkU2VIdUJVQXNyNXo3ZkxmbXhxS19Gd3BGZUZkenROZU8ybWF1QW9BaVg1NndFaWtmbEl3YW0zbmo3clpVRzlQUTROQ0NRRFpDZnhPUUwtOVdPeFJodjZsdE1Weld3R0VGNGhEdGhxaXBMOGlCb1RKM0VNRG05dlY5cGY5QkdEdTFxWGVvMzVzSXgzX1p3bGI?oc=5&hl=en-US&gl=US&ceid=US:en,Gestão e RH,Imprensa Local,Catu,busca_automatica,correta
2024-10-01,IF Baiano abre 64 vagas para cursos técnicos em Bom Jesus da Lapa - iBahia,iBahia,https://news.google.com/rss/articles/CBMiswFBVV95cUxNS0JEVWVGTVhyRFZHb09McE9qdmdwZmZuQ3hYVWx0VzEwbURjVmwtbFpTV08zbnFSZWRlNWFETEpZbFYyZTlackZvTzd4Q21VME1sNi01a0RLbHRQWnFGcFF0amxsRzNjc1dKaUg0YlVITWtBeFEzNVJHeWJYY29hX0otN1hXS25BM0lyZkdUNW1xM05BNFRjbWY3Yk9hM2VWRFFyT0YwNUlQQ0wtdGdOWnIwSdIBuwFBVV95cUxPZXNQSkdhOUhmbUY0WkJleVhjckN2eDl3bW1obHJwWUFha0dfZmdkV3JpTUZHRjJ0V0ZnZjdOSFNsVEw5M0Z5b0dqZ0NqZm9ybHhwVnpIRll0bHZra2F3ZTh0VDRWQnl2YU51clpaOGl5eHFLVEI3Nms3RXhnTjM5WEtnaDB6X2VwRHJxMklnWFZhY1pwRGxEVVd0QmZzT3dHclo0akp0eFJ5R2pjUlVjVFhCNlhMMk5vbmpJ?oc=5&hl=en-US&gl=US&ceid=US:en,Gestão e RH,Imprensa Regional (Bahia),Bom Jesus da Lapa,busca_automatica,correta
2024-10-01,Prosel cursos técnicos subsequentes,iBahia,https://www.ibahia.com/interior-da-bahia/if-baiano-abre-64-vagas-para-cursos-tecnicos-em-bom-jesus-da-lapa-327894,Ensino,Imprensa Regional (Bahia),Bom Jesus da Lapa,curadoria_dicom,correta
2024-09-30,Prosel Uruçuca,Pauta Blog Br,https://pauta.blog.br/na-bahia/educacao/oportunidade%E2%9D%97-if-baiano-abre-inscricoes-para-cursos-tecnicos-no-campus-de-urucuca/,Ensino,Imprensa Local,Uruçuca,curadoria_dicom,correta
2024-09-30,Prosel Uruçuca,Ilheus Net,https://www.ilheus.net/2024/09/if-baiano-campus-urucuca-oferta-395-vagas-em-cursos-tecnicos-integrados-e-subsequentes-ao-tecnico-presenciais-e-ead.html,Ensino,Imprensa Local,Uruçuca,curadoria_dicom,correta
2024-09-27,Prosel Geral,Bahia Reconcavo,https://bahiareconcavo.com.br/2024/09/27/if-baiano-campus-governador-mangabeira-oferta-780-vagas-em-cursos-tecnicos-e-integrados-e-subsequentes-presenciais-e-ead/,Ensino,Imprensa Local,Geral / Não Especificado,curadoria_dicom,correta
2024-09-27,Prosel Geral,Integração PE,https://integracaope.com.br/if-baiano-inscreve-para-processo-de-ingresso-2025-1-para-cursos-tecnicos-presenciais-e-ead/,Ensino,Imprensa Local,Geral / Não Especificado,curadoria_dicom,correta
2024-09-26,Prosel Geral,Agência Sertão,https://agenciasertao.com/2024/09/26/if-baiano-abriu-vagas-para-cursos-tecnicos-integrados-subsequentes-e-ead/,Ensino,Imprensa Local,Geral / Não Especificado,curadoria_dicom,correta
2024-09-26,Prosel Geral,Bahia.ba,https://bahia.ba/bahia/instituto-federal-baiano-abre-mais-de-2-mil-vagas-para-cursos-tecnicos/,Ensino,Imprensa Regional (Bahia),Geral / Não Especificado,curadoria_dicom,correta
2024-09-26,"O IF Baiano está com 440 vagas abertas em cursos técnicos integrados, subsequentes e EAD em Guanambi e Xique-Xique",Notícias da Lapa,https://news.google.com/rss/articles/CBMi9gFBVV95cUxPSV9YSWVWa0JpVjN1eTEzRmNkdEs2Y0R0cHE1b3pEeTRNTks0R2w4a3dJcTBBQ1gzUF8yQ3BDdjFycWRrU2RXSEtpMC1Rbmg4NnVyYmxoNUdIR1U0WkpjT1dHMDJwOE5oVmlHa3pjZ0tKRDJ5bTBPYWJ2MHM5U0trc3BrUGtCNE9rTmgyZVJlZzIxX2RNOWVFLUNhZjhqYno0NFJIeFh6N3haOHZvRUJpZ2dPdWZDd0M3RGt0R3B5WExHVGJFeGxtR0xZTlJid0RCQVdlczZOYlZpVV9Od1NHMFBWZGgyZGpXdHBaczByek54bUNCd3c?oc=5&hl=en-US&gl=US&ceid=US:en,Gestão e RH,Imprensa Local,Guanambi,busca_automatica,correta
2024-09-26,IF Baiano abre mais de 2 mil vagas para cursos técnicos; veja lista - iBahia,iBahia,https://news.google.com/rss/articles/CBMitAFBVV95cUxNMWQ3R1hkYzQxeEp6Y2wySC1HenQ2eVJHNl9taERwNEM4X1JKSEo5bWs3RFA1bW85LTRCZHQ4Qy1uNHItZDZydXBiejRZUGM4cHQyLU9leWdCM1BnbGZscktGWXBfNTEtM2RZcTN5NlhmM1hiRG1TWm05c3dKVmdfeHV1bWlWSElBN3dpWFEyQUMyTGpxaTFGQm55US13cmx2ZDlfQm1hc2J3UVhXZjdvcUhkdnrSAbwBQVVfeXFMTmJVMjQxMkpqa3Y4dW1oUjJQME1EQk5lM0JmUi02ZjVWWUJRcDJ4c2d5UFU3TjNJRzhaQlRoNl9zMFkwdFRmb3JUeWZnak43cnBMVkxtaGV4a3lwQXd3ZXFtcnNmVEZaemliNDBBTUVMSXNjWnI5WmdqTkZPbTBpU0ZVYlg0VWZfUlZ3NVd1d2MyQTFRd3B3aFJQVDhpQkVZdjhEUWxhWHR3ZmRscWhLWGRjOEYwMm9HUDYtOUE?oc=5&hl=en-US&gl=US&ceid=US:en,Gestão e RH,Imprensa Regional (Bahia),Geral / Não Especificado,busca_automatica,correta
2024-09-26,Prosel Valença,Sul Bahia1,https://sulbahia1.com.br/noticia/2532/oportunidade-if-baiano-abre-180-vagas-para-cursos-tecnicos-gratuitos-em-valenca,Ensino,Imprensa Local,Valença,curadoria_dicom,correta
2024-09-26,Prosel Guanambi e Xique Xique,Noticias da Lapa,https://www.bomjesusdalapanoticias.com.br/regiao/o-if-baiano-esta-com-440-vagas-abertas-em-cursos-tecnicos-integrados-subsequentes-e-ead-em-guanambi-e-xique-xique/,Ensino,Imprensa Local,Guanambi,curadoria_dicom,correta
2024-09-26,Prosel Valença,Farol da Bahia,https://www.faroldabahia.com.br/noticia/ifbaiano-oferece-180-vagas-para-cursos-tecnicos-em-agropecuaria-e-agroecologia-integrados-ao-ensino-medio,Ensino,Imprensa Regional (Bahia),Valença,curadoria_dicom,correta
2024-09-26,Prosel Geral,iBahia,https://www.ibahia.com/interior-da-bahia/if-baiano-abre-mais-de-2-mil-vagas-para-cursos-tecnicos-veja-lista-327525,Ensino,Imprensa Regional (Bahia),Geral / Não Especificado,curadoria_dicom,correta
2024-09-25,Prosel Guanambi,Agência Sertão,https://agenciasertao.com/2024/09/25/if-baiano-oferta-200-vagas-para-cursos-tecnicos-integrados-ao-ensino-medio-em-guanambi-2/,Ensino,Imprensa Local,Guanambi,curadoria_dicom,correta
2024-09-25,Prosel Valença,Aratu ON,https://aratuon.com.br/educacao/2024-09-25/if-baiano-abre-180-vagas-para-cursos-tecnicos-gratuitos-em-valenca/,Ensino,Imprensa Regional (Bahia),Valença,curadoria_dicom,correta
2024-09-25,Prosel Itaberaba,Chapada Noticias,https://chapadanoticias.com.br/cidades/if-baiano-campus-itaberaba-oferta-120-vagas-em-cursos-de-nivel-medio/,Ensino,Imprensa Local,Itaberaba,curadoria_dicom,correta
2024-09-25,Prosel Valença,G1 Bahia,https://g1.globo.com/ba/bahia/blogdoemprego/noticia/2024/09/25/if-baiano-anuncia-180-vagas-para-cursos-tecnicos-integrados-ao-ensino-medio-gratuitos-em-agropecuaria-e-agroecologia.ghtml,Ensino,Imprensa (Nacional),Valença,curadoria_dicom,correta
2024-09-25,Prosel Valença,Midia Bahia,https://midiabahia.com.br/if-baiano-campus-valenca-oferta-180-vagas-em-cursos-de-nivel-medio-integrados-ao-tecnico/,Ensino,Imprensa Local,Valença,curadoria_dicom,correta
2024-09-25,IF Baiano - Campus Valença oferta 180 vagas em cursos de nível médio integrados ao técnico,Mídia Bahia,https://news.google.com/rss/articles/CBMitgFBVV95cUxQeGdTMHNHVlhtRkZ5Z0gzeW1EQ1FaN0YweUZHYXpGV3V0WGUtODN0R0w2UHNaMzdoWTFIQ2tlUXc2bGpQeEpuUm83eG5kb2JUWUdwQzR5RF9qamtaVTU4ZnlsRnUwT1Q2dmYtQVZaRkdoVlNYZVoweTZZcVhRVE9YLWhZWlY0eDZYVE5tREpLUTNLNWlmWmwwQXMwREJ2YmxDVlhCd1Y2dkY0Zmcwdi1aNzVSTzlQdw?oc=5&hl=en-US&gl=US&ceid=US:en,Gestão e RH,Imprensa Local,Valença,busca_automatica,correta
2024-09-25,IF Baiano oferta 200 vagas para cursos técnicos integrados ao ensino médio em Guanambi,Agência Sertão,https://news.google.com/rss/articles/CBMixAFBVV95cUxOVVVyekVFNk1IbV9aTTBzZjJwS1RHc3ZWOEN5bGtyUms3UEJRT2daLXRFb1JsRVlfbUZ6SVJqS1dvOC04QWczTHM5b0pLQ1UzSFBhOFNXYXNWU2Rxb19CT0hYMGZsYmFYN09TRy1vSC1wZDNzUFFoV2RKRzJKQXNzV2dGSW5EZmJYbUlLUV81SlpnMF95dEx6bnpOaGtfYWlyZ3M3Q0xsd2x3Q25Lb3VKcWZFMGlwVUk5Vnh4M1U5WU9hR1JN0gHEAUFVX3lxTE5VVXJ6RUU2TUhtX1pNMHNmMnBLVEdzdlY4Q3lsa3JSazdQQlFPZ1otdEVvUmxFWV9tRnpJUmpLV284LThBZzNMczlvSktDVTNIUGE4U1dhc1ZTZHFvX0JPSFgwZmxiYVg3T1NHLW9ILXBkM3NQUWhXZEpHMkpBc3NXZ0ZJbkRmYlhtSUtRXzVKWmcwX3l0THpuek5oa19haXJnczdDTGx3bHdDbktvdUpxZkUwaXBVSTlWeHgzVTlZT2FHUk0?oc=5&hl=en-US&gl=US&ceid=US:en,Gestão e RH,Imprensa Local,Guanambi,busca_automatica,correta
2024-09-25,Prosel Valença,Voz da Bahia,https://vozdabahia.com.br/if-baiano-abre-180-vagas-para-cursos-tecnicos-gratuitos-no-campus-valenca/,Ensino,Imprensa Local,Valença,curadoria_dicom,correta
2024-09-25,Prosel Valença e Guanambi,iBahia,https://www.ibahia.com/bahia/if-baiano-anuncia-380-vagas-para-cursos-tecnicos-em-campus-da-ba-327463,Ensino,Imprensa Regional (Bahia),Guanambi,curadoria_dicom,correta
2024-09-25,Prosel Valença,Portal Salvador FM,"https://www.portalsalvadorfm.com.br/noticias/136978,if-baiano-anuncia-180-vagas-para-cursos-tecnicos-gratuitos-em-agropecuaria-e-agroecologia",Ensino,Imprensa Local,Valença,curadoria_dicom,correta
2024-09-24,Prosel Uruçuca,Ilheus 24h,https://ilheus24h.com.br/if-baiano-campus-urucuca-oferta-395-vagas-em-cursos-tecnicos/,Ensino,Imprensa Local,Uruçuca,curadoria_dicom,correta
2024-09-24,IF BAIANO – CAMPUS URUÇUCA OFERTA 395 VAGAS EM CURSOS TÉCNICOS,ILHÉUS 24H,https://news.google.com/rss/articles/CBMijwFBVV95cUxPYXFrUVU2QTdwLTJJZmYxU0xHZnhGTXhreEU4ZXVYQWdST19vUlJENHYxLS0zVm12dWlBRTZMYlNsUTUxS1lmU1JDclNvWG40bzhZZ25BU2FKWGdVOE5JM0w5al95a3dqVVp1eTdiNmxQZ2RVdmVuRXZFQXZORlpQUS1sQXRCa0hRNkRqUXMxVQ?oc=5&hl=en-US&gl=US&ceid=US:en,Gestão e RH,Imprensa Local,Uruçuca,busca_automatica,correta
2024-09-24,Curso Redação Enem,valencaagora.com,https://valencaagora.com/curso-redacao-para-o-enem/,Ensino,Imprensa Local,Valença,curadoria_dicom,correta
2024-09-23,Prosel pós graduação,iBahia,https://www.ibahia.com/interior-da-bahia/if-baiano-abre-60-vagas-para-cursos-de-pos-graduacao-em-itapetinga-327243,Ensino,Imprensa Regional (Bahia),Geral / Não Especificado,curadoria_dicom,correta
2024-09-21,Licitação novos campi,Preto no Branco,https://pretonobranco.org/2024/09/21/if-baiano-abriu-licitacoes-para-construcao-de-quatro-novos-campi-com-investimento-de-r-100-milhoes/,Institucional,Imprensa Local,Geral / Não Especificado,curadoria_dicom,correta
2024-09-21,Prosel pós-graduação Lato Sensu em Meio Ambiente e Agroecologia,Portal Universidade,https://www.portaluniversidade.com.br/especializacao/pos-graduacao-em-meio-ambiente-e-agroecologia-no-if-baiano/,Ensino,Outras Instituições de Ensino,Valença,curadoria_dicom,correta
2024-09-20,Prosel pós graduação,Agência Sertão,https://agenciasertao.com/2024/09/20/if-baiano-abriu-60-vagas-em-dois-cursos-de-pos-graduacao/,Ensino,Imprensa Local,Itapetinga,curadoria_dicom,correta
2024-09-20,IF Baiano abriu 60 vagas em dois cursos de pós-graduação,Agência Sertão,https://news.google.com/rss/articles/CBMimgFBVV95cUxQQXREazd0T2VjdzRGQ05mMzZpQkJib1ZvY2dvM29SUkRfOGt2ZDBOekl1VXFPcDAzQUZ2Qk9ISnlMWDlXbG1CY1hWdWR3bEpFc05pRm1BR3laS0FNOWtqeTIwRHlPQTVfdmZsU0sxTlJDSFdMVllMVElzRWpuMVo4T1czSFlnVjFnbWIyQ1VqVzR6eUdTTWVrZXZ30gGaAUFVX3lxTFBBdERrN3RPZWN3NEZDTmYzNmlCQmJvVm9jZ28zb1JSRF84a3ZkME56SXVVcU9wMDNBRnZCT0hKeUxYOVdsbUJjWFZ1ZHdsSkVzTmlGbUFHeVpLQU05a2p5MjBEeU9BNV92ZmxTSzFOUkNIV0xWWUxUSXNFam4xWjhPVzNIWWdWMWdtYjJDVWpXNHp5R1NNZWtldnc?oc=5&hl=en-US&gl=US&ceid=US:en,Gestão e RH,Imprensa Local,Geral / Não Especificado,busca_automatica,correta
2024-09-19,Cursos FIC,Click Petróleo e Gás,https://clickpetroleoegas.com.br/cursos-online-totalmente-gratuitos-em-fotografia-digital-libras-operador-de-drones-e-muito-mais-inscreva-se-no-instituto-federal-e-desenvolva-suas-habilidades-no-conforto-de-casa/,Ensino,Imprensa Local,Geral / Não Especificado,curadoria_dicom,correta
2024-09-19,Prosel cursos superiores,Portal Vilson Nunes,https://vilsonnunes.com.br/if-baiano-oferta-mais-de-150-vagas-para-cursos-superiores-em-guanambi/,Ensino,Imprensa Local,Geral / Não Especificado,curadoria_dicom,correta
2024-09-19,Prosel cursos superiores,iBahia,https://www.ibahia.com/interior-da-bahia/if-baiano-oferta-154-vagas-ociosas-para-cursos-superiores-em-guanambi-326976,Ensino,Imprensa Regional (Bahia),Geral / Não Especificado,curadoria_dicom,correta
2024-09-18,Prosel cursos superiores,Agência Sertão,https://agenciasertao.com/2024/09/18/if-baiano-oferta-mais-de-150-vagas-para-cursos-superiores-em-guanambi/,Ensino,Imprensa Local,Guanambi,curadoria_dicom,correta
2024-09-18,IF Baiano oferta mais de 150 vagas para cursos superiores em Guanambi,Agência Sertão,https://news.google.com/rss/articles/CBMiqwFBVV95cUxQVXE4YmJKSUs5LTFwQ054dnZDMzhyQlctczktQy1yNV8wcVZYdm5MZ1NQcmlDODdVdVVvWFRScnJfcWFVX2FUUURvamRLdmRpWjBXOVZ4SUxGZU5waV9yQ0kwQjJVUGlyZGxNN2tCZ0l5SkNVSV9RZXVoa1ZObkVaTExMaWotZklMZ2VqVzh4dExXejN0Zy1XOW54UU03MVdFZUN0VXg3V2lqT2_SAasBQVVfeXFMUFVxOGJiSklLOS0xcENOeHZ2QzM4ckJXLXM5LUMtcjVfMHFWWHZuTGdTUHJpQzg3VXVVb1hUUnJyX3FhVV9hVFFEb2pkS3ZkaVowVzlWeElMRmVOcGlfckNJMEIyVVBpcmRsTTdrQmdJeUpDVUlfUWV1aGtWTm5FWkxMTGlqLWZJTGdlalc4eHRMV3ozdGctVzlueFFNNzFXRWVDdFV4N1dpak9v?oc=5&hl=en-US&gl=US&ceid=US:en,Gestão e RH,Imprensa Local,Guanambi,busca_automatica,correta
2024-09-16,IF Baiano oferta 230 vagas para cursos de qualificação gratuitos em Uruçuca,Agência Sertão,https://news.google.com/rss/articles/CBMiswFBVV95cUxNM2hRZmY3M0lYRTBWd21OZU51ZmtPaHVfNm1paExSYTJCZDNjNG5yTlNmWmduajBpSlRKRGhDRUdzOTFPVDBxbEo0R0VaMDRYbVJnRVNMMnBMWEluazNVQlJLSEZoUlF0c25Bc0RLakoxak4zYjZRMEpBRjhydEJ4WWVSZjlnWmstM3VOQnB1cXdiSW0za05haUh5TDVFOS1QX3U3MTZ3ODd1ZzVHUkp0LXlLUdIBswFBVV95cUxNM2hRZmY3M0lYRTBWd21OZU51ZmtPaHVfNm1paExSYTJCZDNjNG5yTlNmWmduajBpSlRKRGhDRUdzOTFPVDBxbEo0R0VaMDRYbVJnRVNMMnBMWEluazNVQlJLSEZoUlF0c25Bc0RLakoxak4zYjZRMEpBRjhydEJ4WWVSZjlnWmstM3VOQnB1cXdiSW0za05haUh5TDVFOS1QX3U3MTZ3ODd1ZzVHUkp0LXlLUQ?oc=5&hl=en-US&gl=US&ceid=US:en,Gestão e RH,Imprensa Local,Uruçuca,busca_automatica,correta
2024-09-16,Prosel cursos superiores,seligaalagoinhas.com.br,https://www.seligaalagoinhas.com.br/noticia/52579/if-baiano-oferta-76-vagas-para-cursos-superiores-em-catu,Ensino,Imprensa Local,Alagoinhas,curadoria_dicom,correta
2024-09-15,Prosel Geral,Click Petróleo e Gás,https://clickpetroleoegas.com.br/conclua-o-ensino-medio-e-ainda-saia-com-um-diploma-de-curso-tecnico-instituto-federal-abre-mais-de-2-400-vagas-de-nivel-medio-integrado-a-educacao-profissional/,Ensino,Imprensa Local,Geral / Não Especificado,curadoria_dicom,correta
2024-09-14,Prosel cursos superiores,Agência Sertão,https://agenciasertao.com/2024/09/14/if-baiano-oferta-76-vagas-para-cursos-superiores-em-catu/,Ensino,Imprensa Local,Catu,curadoria_dicom,correta
2024-09-14,Criação de novos campi,Tribuna net,https://tribunanet.com.br/?gs=3&id=23474,Institucional,Imprensa Local,Geral / Não Especificado,curadoria_dicom,correta
2024-09-14,Prosel Geral,SulBahia News,https://www.sulbahianews.com.br/if-baiano-abre-mais-de-2-400-vagas-de-nivel-medio-integrado-a-educacao-profissional/,Ensino,Imprensa Local,Geral / Não Especificado,curadoria_dicom,correta
2024-09-13,Licitação novos campi,"Remanso, Ribeira do Pombal, Ruy Barbosa e Santo Estêvão",https://agenciasertao.com/2024/09/13/if-baiano-abriu-licitacoes-para-construcao-de-quatro-novos-campi-com-investimento-de-r-100-milhoes/,Institucional,Imprensa Local,Santo Estêvão,curadoria_dicom,correta
2024-09-13,Prosel especialização meio ambiente e agroecologia,Click Petróleo e Gás,https://clickpetroleoegas.com.br/instituto-federal-abre-vagas-para-especializacao-inscricoes-gratuitas-comecam-no-dia-16-de-setembro/,Ensino,Imprensa Local,Valença,curadoria_dicom,correta
2024-09-13,IF Baiano abriu licitações para construção de quatro novos campi com investimento de R$ 100 milhões,Agência Sertão,https://news.google.com/rss/articles/CBMi0gFBVV95cUxPdzJBQTE0cUZXd1BFc1ZPSHdyektpYVVNNTg4Y1BvSm5pUTdhSC1kS1RSLV9Ic1BYVG1DU2hEZmVHWGEybFB5ZTF5VU0yQ3JzRmZtX2pVRHRvYTVEQnc2Tms3TTlKNHR4RGt4WGQ4MTFnSGVkWGxJQjNZdUhsMmhERjFZMWdEZzVLMWx2TlhabFV4NzVFaTJ4NWRORmNYWGJ6MGhwUVUzLWNlWlpkVmlfNU9pT2F3Q1RmS0VNSWpIclp0X0Z2Q2RaVFRlV2RKWFZjZWfSAdIBQVVfeXFMT3cyQUExNHFGV3dQRXNWT0h3cnpLaWFVTTU4OGNQb0puaVE3YUgtZEtUUi1fSHNQWFRtQ1NoRGZlR1hhMmxQeWUxeVVNMkNyc0ZmbV9qVUR0b2E1REJ3Nk5rN005SjR0eERreFhkODExZ0hlZFhsSUIzWXVIbDJoREYxWTFnRGc1SzFsdk5YWmxVeDc1RWkyeDVkTkZjWFhiejBocFFVMy1jZVpaZFZpXzVPaU9hd0NUZktFTUlqSHJadF9GdkNkWlRUZVdkSlhWY2Vn?oc=5&hl=en-US&gl=US&ceid=US:en,Institucional,Imprensa Local,Geral / Não Especificado,busca_automatica,correta
2024-09-13,IF Baiano anuncia novos campi em Remanso e outras 3 cidades; confira - iBahia,iBahia,https://news.google.com/rss/articles/CBMirgFBVV95cUxOV0xDR1ZFVXd4Wk5fZkxZSWN5blctVExpVVlXWUtxTUtCdkNxTjl0cnV5LVhyUGJMTEdfV2hUME5SYXJXMWNxb3AzRF8tbzM4bTVVNXNIMGFZN191RURHTWIxcVRlTnpUb1hEN0ZsUThaRDhNU3dNNXNQZWNMaF9EU0xkZHdjQUtwYzVmZWV3Mmx0YnZkN05wZ1pXczZHREsydC1WY01PMHgyQnJ5QVHSAbYBQVVfeXFMT2NYQWNYUy1ZcEJVQnNqWDZyamJHbnFBRlk4Yk84RnJKQjJyN3F6akdKOGVqZ05hTm1HazdFaXRZd1NROWRBaWV1ODVORjZPd0NzZlBjQ3FCV0VjMDkxb1RFSF9tWkdLdEhFSGVwd0pSUDZmMGJrQ0hyU3RYaVkxa29BN2pUWm1uRGtraVBzQUVlVmthc19jbU1ISzVqc1ZzdF95cHNTMlBnRzBWM2hZemZneUdGcnc?oc=5&hl=en-US&gl=US&ceid=US:en,Institucional,Imprensa Regional (Bahia),Remanso,busca_automatica,correta
2024-09-13,Licitação novos campi,iBahia,https://www.ibahia.com/noticias/educacao/if-baiano-deve-investir-r-100-mi-em-construcao-de-novos-campi-326503,Institucional,Imprensa Regional (Bahia),Geral / Não Especificado,curadoria_dicom,correta
2024-09-12,Criação de novos campi,Agência Sertão,https://agenciasertao.com/2024/03/12/oito-cidades-da-bahia-receberao-novos-campi-de-institutos-federais/,Institucional,Imprensa Local,Geral / Não Especificado,curadoria_dicom,correta
2024-09-12,Prosel Geral,Agência Sertão,https://agenciasertao.com/2024/09/12/if-baiano-oferta-24-mil-vagas-para-cursos-tecnicos-em-14-cidades/,Ensino,Imprensa Local,Geral / Não Especificado,curadoria_dicom,correta
2024-09-12,Prosel Geral,Panorama da Bahia,https://panoramadabahia.com.br/if-baiano-oferece-mais-de-2-400-vagas-em-cursos-tecnicos-integrados-no-interior-do-estado/,Ensino,Imprensa Local,Geral / Não Especificado,curadoria_dicom,correta
2024-09-12,Prosel Geral,Pimenta Blog,https://pimenta.blog.br/2024/09/12/if-baiano-ofertara-2-400-vagas-em-cursos-tecnicos-em-14-campi-no-interior-da-bahia/,Ensino,Imprensa Local,Geral / Não Especificado,curadoria_dicom,correta
2024-09-12,Prosel Geral,Farol da Bahia,https://www.faroldabahia.com.br/noticia/if-baiano-abre-processo-seletivo-com-mais-de-2-400-vagas-de-nivel-medio-integrado-ao-tecnico,Ensino,Imprensa Regional (Bahia),Geral / Não Especificado,curadoria_dicom,correta
2024-09-12,Prosel Geral,iBahia,https://www.ibahia.com/interior-da-bahia/if-baiano-abre-mais-de-2400-vagas-para-cursos-tecnicos-326383,Ensino,Imprensa Regional (Bahia),Geral / Não Especificado,curadoria_dicom,correta
2024-09-11,Prosel geral,G1 Bahia,https://g1.globo.com/ba/bahia/blogdoemprego/noticia/2024/09/11/if-baiano-vagas-de-nivel-medio-integrado-a-educacao-profissional.ghtml,Ensino,Imprensa (Nacional),Geral / Não Especificado,curadoria_dicom,correta
2024-09-11,Prosel geral,Jornal Floripa,https://jornalfloripa.com.br/geral/noticia/702113,Ensino,Imprensa Local,Geral / Não Especificado,curadoria_dicom,correta
2024-09-11,IF Baiano abre mais de 2.400 vagas de nível médio integrado à educação profissional,Notícias de Bom Jesus da Lapa,https://news.google.com/rss/articles/CBMizAFBVV95cUxNb3p6aTdRMHNIVUViRFREUzlwS0ZCMEhJNnpidVZmWFRqZjlsTWdxUzhyenVqUjlZbzdjOWhKVVc0UHVHSTlqWm9mS1JWXzhVSndBWXVlZnc2Ml8wS1VxZi1hT2VoeTVudS1iSHJ5dHY1WlJhc2otX0s4OGJUbC1sWGE0a3haLUM1YW54d3ljd0xINjhQQ0JBa05TQ2dDWms2YmRhNF9ycE5XWHlQbDBGNjJyNXNzMGV1QTd5SU1WTnJteGZCOExsclJxUDA?oc=5&hl=en-US&gl=US&ceid=US:en,Gestão e RH,Imprensa Local,Bom Jesus da Lapa,busca_automatica,correta
2024-09-11,Prosel Meio Ambiente e Agroecologia,SulBahia1,https://sulbahia1.com.br/2024/09/campus-valenca-oferta-30-vagas-na-especializacao-em-meio-ambiente-e-agroecologia/,Ensino,Imprensa Local,Valença,curadoria_dicom,correta
2024-09-11,Prosel geral,Portal Abrantes,https://www.portalabrantes.com.br/noticia/40596-if-baiano-vai-lancar-edital-para-mais-2.400-vagas-de-nivel-medio-integrado-a-educacao-profissional,Ensino,Imprensa Local,Geral / Não Especificado,curadoria_dicom,correta
2024-09-11,Prosel geral,seligaalagoinhas.com.br,https://www.seligaalagoinhas.com.br/noticia/52477/if-baiano-abre-mais-de-2-mil-vagas-de-nivel-medio-a-educacao-profissional,Ensino,Imprensa Local,Alagoinhas,curadoria_dicom,correta
2024-09-11,Prosel geral,Tribuna da Bahia,https://www.trbn.com.br/materia/I114322/if-baiano-abre-mais-de-2-mil-vagas-de-nivel-medio-a-educacao-profissional#google_vignette,Ensino,Imprensa Regional (Bahia),Geral / Não Especificado,curadoria_dicom,correta
2024-09-11,Cursos FIC,Tribuna da Bahia,https://www.trbn.com.br/materia/I114346/inscricoes-para-vagas-em-cursos-do-pronatec-tem-inicio-nesta-quinta-feira-12,Ensino,Imprensa Regional (Bahia),Geral / Não Especificado,curadoria_dicom,correta
2024-09-09,Prosel Meio Ambiente,valencaagora.com,https://valencaagora.com/inscricoes-para-curso-tecnico-subsequente/,Ensino,Imprensa Local,Valença,curadoria_dicom,correta
2024-09-09,Prosel especialização agroecológica,iBahia,https://www.ibahia.com/interior-da-bahia/if-baiano-oferta-vagas-para-curso-de-especializacao-em-valenca-326133,Ensino,Imprensa Regional (Bahia),Geral / Não Especificado,curadoria_dicom,correta
2024-09-06,Valença sedia eventos de Conservação de Recursos Genéticos Animais,Jornal Valença Agora,https://valencaagora.com/if-baiano-valenca-sediara-o-iii-seminario-da-rede-de-recursos-geneticos-animais/,Ensino,Imprensa Local,Valença,curadoria_dicom,correta
2024-09-05,Cursos FIC,iBahia,https://www.ibahia.com/interior-da-bahia/if-baiano-oferta-vagas-para-cursos-de-qualificacao-em-guanambi-325866,Ensino,Imprensa Regional (Bahia),Guanambi,curadoria_dicom,correta
2024-09-03,"Simpósio de ensino, pesquisa e extensão",Noticias da Lapa,https://www.bomjesusdalapanoticias.com.br/bom-jesus-da-lapa/inscricoes-abertas-para-o-v-simposio-de-ensino-pesquisa-e-extensao-do-do-if-baiano-de-bom-jesus-da-lapa/,Ensino,Imprensa Local,Bom Jesus da Lapa,curadoria_dicom,correta
2024-08-29,Seminário e feira agroecológica,Agência Sertão,https://agenciasertao.com/2024/08/29/if-baiano-promove-seminario-no-campus-e-feira-agroecologica-no-centro-de-guanambi/,Extensão,Imprensa Local,Guanambi,curadoria_dicom,correta
2024-08-29,IF Baiano anuncia seleção de estagiários em Teixeira de Freitas,SulBahiaNews,https://news.google.com/rss/articles/CBMinAFBVV95cUxNc1pkdldmcWljUnpSUnBGWEplUFk5TlpqejVNNmVxbTVXcmRoZ1MwTUJVSF8zMklZdXFTbHhMdDI1bkZjZWY1S3FmZnFsNHVsRmZmNERTbGZWa0t6bXhsTm9BUGpBRnFlN0dmNk1lT0g1NUtNeEwtd0ZycjVMWlp6Q2J6Mm9BdFo3cF9KTEFPTWRfWGdjdHg1d3drclI?oc=5&hl=en-US&gl=US&ceid=US:en,Gestão e RH,Imprensa Local,Teixeira de Freitas,busca_automatica,correta
2024-08-29,IF Baiano promove Seminário no campus e Feira Agroecológica no Centro de Guanambi,Agência Sertão,https://news.google.com/rss/articles/CBMiuwFBVV95cUxNZDhkWlRQX2NITWhlamVuc0hYYmdpbzlRVnBxancybE04SEE1Mzlob2RLZDB1RzAwb05uTVRRMERJVWo5VjlIV0p2dDctUEg0ckI2c1lQbG9rSXd5bWYzNkQ5TzVSMnNYc2tQRnZQRU9BeGxzSUZTUEYtUElVWEZucXd3ME9aMzRSamh5NU9OSmR2ZFRqU3NiN1c0VG9wTTZ2WDVsb0x5azltTXJzM1dXN3FxZlZlZnB3UUpR0gG7AUFVX3lxTE1kOGRaVFBfY0hNaGVqZW5zSFhiZ2lvOVFWcHFqdzJsTThIQTUzOWhvZEtkMHVHMDBvTm5NVFEwRElVajlWOUhXSnZ0Ny1QSDRyQjZzWVBsb2tJd3ltZjM2RDlPNVIyc1hza1BGdlBFT0F4bHNJRlNQRi1QSVVYRm5xd3cwT1ozNFJqaHk1T05KZHZkVGpTc2I3VzRUb3BNNnZYNWxvTHlrOW1NcnMzV1c3cXFmVmVmcHdRSlE?oc=5&hl=en-US&gl=US&ceid=US:en,Extensão,Imprensa Local,Guanambi,busca_automatica,correta
2024-08-29,Prosel estagiários,SulBahia News,https://www.sulbahianews.com.br/if-baiano-anuncia-selecao-de-estagiarios-em-teixeira-de-freitas/,Ensino,Imprensa Local,Teixeira de Freitas,curadoria_dicom,correta
2024-08-25,IF Baiano abre inscrições para cursos técnicos em Teixeira de Freitas - iBahia,iBahia,https://news.google.com/rss/articles/CBMi0wFBVV95cUxQN3pCTDRsRm5WQTc5R0lKMjEwOTdVOXB3Q1ZacmkwTXQxTEpzVndtVGFDdDNDeWhZS1pjU0hodUFDQWZIb0J0X2FYTjVxb3piQzZyMmd1dDhDall2cjQ3U0R1azdEWXJUX0ZVVEhBVERWZ29mTnBVOXdrTDA1NE13c1hORzVoMm1sbU9TUXF3ajJrRzBBdjdnVFNpOS0wRzZEeHpTQ1FSSktUcGNUZ3Q0N05IRUFDX29KY19Qend0NDZVa1M3cXJnbFhnd1FUbUNDdi1z0gHbAUFVX3lxTE5LdXZCNHpwN3l1QTdqWVg3NE5WVG51RXFST2d2SXA5ZUd3eUxFWUtuNTBVQmFNSjB0N2lXQld5T0ltQm9JWWpQZHZrWWxaMllqY1c1ZjhYR2Y4cktSdk1Dd1ZjZVRNdi1qYzB5RFV4U3RuMnQxQlY1OC1qbVRfU1dGV3NTbmhaSzBxNGJwUEdwSGpEbVNZaEhvYnFwV0JUT1NmWUo2dkdZS1ByQzZCNFQ3LTQ4Nl9vOWJuQkVLV2pYX2tCLXN3M09vcGlWSjlKQmMxa3FXVXVfMHN4cw?oc=5&hl=en-US&gl=US&ceid=US:en,Ensino,Imprensa Regional (Bahia),Teixeira de Freitas,busca_automatica,correta
2024-08-25,Escolas públicas se aproximam de particulares na redação,Correios,https://www.correio24horas.com.br/educacao/escolas-publicas-se-aproximam-das-particulares-na-redacao-mas-distancia-aumenta-em-matematica-0824,Extensão,Imprensa Regional (Bahia),Guanambi,curadoria_dicom,correta
2024-08-25,Qualificação de professores classifica desempenho no enem,Correio,https://www.correio24horas.com.br/educacao/qualificacao-dos-professores-influencia-desempenho-no-enem-0824,Gestão e RH,Imprensa Regional (Bahia),Guanambi,curadoria_dicom,correta
2024-08-25,Prosel cursos técnicos,IBahia,https://www.ibahia.com/interior-da-bahia/teixeira-de-freitas/if-baiano-abre-inscricoes-para-cursos-tecnicos-em-teixeira-de-freitas-325040,Ensino,Imprensa Regional (Bahia),Geral / Não Especificado,curadoria_dicom,correta
2024-08-23,Prosel professores substitutos filosofia e quimica,Perfil,https://brasil.perfil.com/economia/processo-seletivo-if-baiano-2024-vagas-com-salarios-de-ate-r-6-35602.phtml,Gestão e RH,Imprensa Local,Geral / Não Especificado,curadoria_dicom,correta
2024-08-23,IF Baiano oferta cursos do Programa Mulheres Mil em Bom Jesus da Lapa e Santa Inês,Agência Sertão,https://news.google.com/rss/articles/CBMivAFBVV95cUxPdUVEeFJ0TDdiZHlyUEs1elYtUFhpd1F6Yk9xdFIwOTlnU0FVbXAxRmlKSHZTMDF3bUtqX3dGZExkbFpMUm1qQTRoVDF0dXJHdW1QbXFpS0NwMGotcmVDa2owYk5DZWNZc3FoNE5hWHh5MEpJUzFfVV9QQXNUU1kxOEtrR2hOeXBDSmNVa2NqcFR6dVp2UWFlUkJaTDUxTlJwMXZoQzlCdHUxT3pFMDMxTlZEdGQ4UkNBdmREbtIBvAFBVV95cUxPdUVEeFJ0TDdiZHlyUEs1elYtUFhpd1F6Yk9xdFIwOTlnU0FVbXAxRmlKSHZTMDF3bUtqX3dGZExkbFpMUm1qQTRoVDF0dXJHdW1QbXFpS0NwMGotcmVDa2owYk5DZWNZc3FoNE5hWHh5MEpJUzFfVV9QQXNUU1kxOEtrR2hOeXBDSmNVa2NqcFR6dVp2UWFlUkJaTDUxTlJwMXZoQzlCdHUxT3pFMDMxTlZEdGQ4UkNBdmREbg?oc=5&hl=en-US&gl=US&ceid=US:en,Ensino,Imprensa Local,Bom Jesus da Lapa,busca_automatica,correta
2024-08-22,Prosel professor substituto,Click Petroléo e Gás,https://clickpetroleoegas.com.br/trabalhe-no-instituto-federal-e-ganhe-ate-r-6-35602-r-1-500-de-vale-transporte-e-alimentacao-if-abre-novo-processo-seletivo-com-vagas-de-emprego-para-professores/#google_vignette,Gestão e RH,Imprensa Local,Geral / Não Especificado,curadoria_dicom,correta
2024-08-22,IF Baiano abre inscrições para cursos técnicos em Teixeira de Freitas,SulBahiaNews,https://news.google.com/rss/articles/CBMipAFBVV95cUxOU1ZzWGo4NlVhUExkZVJPbzdycEl6RVhxR3dkNldvX1ZONDdDVl9IVndsNTluX3FEd3hDdDhRSzdwajNLRkhENjZYcnFlZjQtcFdDcWkzeVRxM0p1OG1kWEVuM1R5b2stWlpQOFBVV0N1S1lVYnplRFZaZTNfR3g2cGQza2hib1pSckJobGdNZXA3MjdBZ3ZaXzBoLWNMSHBOVTR6Yw?oc=5&hl=en-US&gl=US&ceid=US:en,Ensino,Imprensa Local,Teixeira de Freitas,busca_automatica,correta
2024-08-22,Coordenadora do IF Baiano destaca importância do semiárido de agroecologia e produção orgânica,Fala você notícias,https://www.falavoce.com.br/bate-papo/288-2024/08/22/coordenadora-do-if-baiano-destaca-importancia-do-semiarido-de-agroecologia-e-producao-organica,Institucional,Imprensa Local,Geral / Não Especificado,curadoria_dicom,correta
2024-08-22,Prosel cursos técnicos,Sul Bahia News,https://www.sulbahianews.com.br/if-baiano-abre-inscricoes-para-cursos-tecnicos-em-teixeira-de-freitas/,Ensino,Imprensa Local,Geral / Não Especificado,curadoria_dicom,correta
2024-08-22,Prosel cursos subsequentes,Vida Diária BA,https://www.vidadiaria.com.br/index.php/educacao/10881-if-baiano-abre-processo-seletivo-para-vagas-no-ensino-medio-e-subsequente-dos-cursos-tecnicos-de-administracao-agropecuaria-e-florestas,Ensino,Imprensa Local,Teixeira de Freitas,curadoria_dicom,correta
2024-08-21,Liderança IFs nota do enem,Guanambi // Teixeira de Freitas // Senhor do Bonfim,https://agenciasertao.com/2024/08/21/colegios-militares-e-institutos-federais-lideram-notas-no-enem-2023-entre-escolas-publicas-da-bahia/#google_vignette,Ensino,Imprensa Local,Guanambi,curadoria_dicom,correta
2024-08-21,Prosel professores substitutos filosofia e quimica,Concursos no Brasil,https://concursosnobrasil.com/concursos/ba/2024/08/21/if-baiano-abre-vagas-em-selecao-ate-r-63-mil-mensais/,Gestão e RH,Especializados (Nichos),Teixeira de Freitas,curadoria_dicom,correta
2024-08-21,Prosel professor substituto,Qconcursos,https://folha.qconcursos.com/n/if-baiano-selecao-duas-vagas-professor-substituto-2024,Gestão e RH,Especializados (Nichos),Teixeira de Freitas,curadoria_dicom,correta
2024-08-21,IF Baiano abre processo seletivo para contratação de professores substitutos em Teixeira,SulBahiaNews,https://news.google.com/rss/articles/CBMivgFBVV95cUxQcGpSZnNoOGtsbzAwX3hLLVBkQVk3d3V3MUMxTVhNZ2E5NkJXMnN5LWtsY002U2JJRHg5Ykd2STdSWFRhSEV5X0cwb1pGSzNrczRrOGJLclNNWWc0Z2IxTE9Mb1FJZEdUYzVtRU9WMHltYmlQaHhYTmNMMUIzd3ZkcGJnaXJwc0FEMHlpRkdFWkZ4c28yR1ZkRHRPNUo1bGxqTTQtc1NHUTNMekQ2R1ZoSHdIdGFzX2tWZUp6UXd3?oc=5&hl=en-US&gl=US&ceid=US:en,Gestão e RH,Imprensa Local,Geral / Não Especificado,busca_automatica,correta
2024-08-21,Prosel cursos tecnicos,Pimenta Blog,https://pimenta.blog.br/2024/08/21/if-baiano-abre-105-vagas-em-cursos-tecnicos-no-extremo-sul-da-bahia/,Ensino,Imprensa Local,Teixeira de Freitas,curadoria_dicom,correta
2024-08-21,Prosel professores substitutos,Sul Bahia News,https://www.sulbahianews.com.br/if-baiano-abre-processo-seletivo-para-contratacao-de-professores-substitutos-em-teixeira/,Gestão e RH,Imprensa Local,Teixeira de Freitas,curadoria_dicom,correta
2024-08-20,IF Baiano abre vagas para Professor de Filosofia e Química,Ache Concursos,https://news.google.com/rss/articles/CBMinwFBVV95cUxPUlVnNWZUcDNxcW9IQjAzb2RGSmUyMzRINHR5Nm04QWFoR3pXNU80UW1DcktxazAyZmZUR1RkbmozODBxUGNqS2dsaEJwbmlPcFlIM2R4eWhKQTEydXB2YVFnRVNLR1Zxd1ZzUl9aYnJSai1hNEJPT1RvT0pKR2VWYV8zaUYycGxrVnRWSk1RaWZZZU5ZSTR6ckpRTGJvbEnSAaQBQVVfeXFMTzN3aWtZR1dIcEMtWGNmaWFFMm5GOFJzcV9DRXVmNjNQUV9WWVJtaEplWFBXZVZsSS1YbGhscXZuQnVwRjZpLUlvWXZNdVVYNDluNjV6MndpQ2NpSE5NcU9PcmdCMlVuV2dYOGJKaHhlQ3hzV3pNdHkyM2d5NVE2UE5VeVFCcFE5Mk5qYWVfdmM5MkgwOGYycGthX2Fiajl6S3RkNEk?oc=5&hl=en-US&gl=US&ceid=US:en,Gestão e RH,Especializados (Nichos),Geral / Não Especificado,busca_automatica,correta
2024-08-20,Prosel professor fisica e quimica,Ache concursos,https://www.acheconcursos.com.br/concursos-bahia/if-baiano-vagas-professor-filosofia-quimica-73938,Gestão e RH,Especializados (Nichos),Teixeira de Freitas,curadoria_dicom,correta
2024-08-18,Prosel professor de educação física,Infonet,https://infonet.com.br/noticias/educacao/if-baiano-campus-alagoinhas-seleciona-professor-de-educacao-fisica/,Gestão e RH,Imprensa Local,Geral / Não Especificado,curadoria_dicom,correta
2024-08-16,Prosel professor duas cidades,Agência Sertão,https://agenciasertao.com/2024/08/16/if-baiano-abriu-processos-seletivos-para-professor-em-duas-cidades-2/,Gestão e RH,Imprensa Local,Alagoinhas,curadoria_dicom,correta
2024-08-15,Prosel professor de química,Qconcursos,https://folha.qconcursos.com/n/if-baiano-processo-seletivo-quimica-xique-xique-2024,Gestão e RH,Especializados (Nichos),Geral / Não Especificado,curadoria_dicom,correta
2024-08-14,Prosel professor de educação física,Qconcursos,https://folha.qconcursos.com/n/if-baiano-processo-seletivo-professor-substituto-2024,Gestão e RH,Especializados (Nichos),Geral / Não Especificado,curadoria_dicom,correta
2024-08-13,Prosel cursos de empreendedorismo,Agência Sertão,https://agenciasertao.com/2024/08/13/if-baiano-oferta-80-vagas-para-curso-na-area-de-empreendedorismo-em-bom-jesus-da-lapa/,Ensino,Imprensa Local,Bom Jesus da Lapa,curadoria_dicom,correta
2024-08-13,IF Baiano abre vagas para Professor de Educação Física em Alagoinhas,Ache Concursos,https://news.google.com/rss/articles/CBMiqwFBVV95cUxPTkYxamlmcUZtS0U4VzdGanM0UnVQUmpKSDI4cFliTUJVMTZOdU1BMUFuTFlwTlBoTHl0VWpVTHVjQll6Sm5VS19yNVItZVNnX3VxS3VFbXVzT3NxLTJUbFgyb1ZNdWdjeDVSeGVIQnduQzduaUpuaWlHWXZTR1JzN0FVQ2ZTLVVKdFlkeVd3Mm9HU2Nka1JfWURCWE16dGpCSVJOYjhjekJHWkXSAbABQVVfeXFMUFktdl80SEh6MzlPdm05NzhQbVl4TXhndks4aHlNOUotOWUyM09mdDA3SHhWOVpEQWdzY1gwQ05jT2tOQUNrOXhicHEyMVJ4Y0ZDRThNZ3JBV3FqcnVvMXVLbzRfZDBDcHhoVzV6N3ZpRk4xZ2VudzN2NUpsYVhRdi1wQkRfMHRYUERfQ2g0RGt3TnRubnJFR1E2RmkwVWY0Q3hhS0dEcTlkblNpdmRDTnU?oc=5&hl=en-US&gl=US&ceid=US:en,Gestão e RH,Especializados (Nichos),Alagoinhas,busca_automatica,correta
2024-08-13,Prosel professor de educação física,Ache Concursos,https://www.acheconcursos.com.br/concursos-bahia/if-baiano-vagas-professor-educacao-fisica-alagoinhas-73728,Gestão e RH,Especializados (Nichos),Alagoinhas,curadoria_dicom,correta
2024-08-12,Prosel cursos pós graduação,Agência Sertão,https://agenciasertao.com/2024/08/12/if-baiano-oferta-30-vagas-em-curso-de-pos-graduacao/,Ensino,Imprensa Local,Xique-Xique,curadoria_dicom,correta
2024-08-11,IF Baiano Campus Teixeira de Freitas anuncia processo seletivo para cursos técnicos,SulBahiaNews,https://news.google.com/rss/articles/CBMitwFBVV95cUxOSXB1NjNDdnVmcFdIeXV5akNZcTBPOFg5RThFNzlJT0VmWkdnSEJlNmt1VnRRZ3VYRURmcEZCU0ZfTm5KV3dSLUZtdVkyODhOVmR4V3RzOUpIYmdFQnExVzJSNzBHcndheTBURzVHTzNlZDJZOXZLV29fakk4OHdVTXdvRTFkazhjX1ZrZjMwaXpCdkYyTndyV3ZtVDFtTFhuTzJiQWR1QXZmRUd2cURKUGJkNmFoSjQ?oc=5&hl=en-US&gl=US&ceid=US:en,Gestão e RH,Imprensa Local,Teixeira de Freitas,busca_automatica,correta
2024-08-11,Prosel para cursos técnicos,SulBahia News,https://www.sulbahianews.com.br/if-baiano-campus-teixeira-de-freitas-anuncia-processo-seletivo-para-cursos-tecnicos/,Ensino,Imprensa Local,Teixeira de Freitas,curadoria_dicom,correta
2024-08-09,Prosel professor substituto de química,Concursos no Brasil,https://concursosnobrasil.com/concursos/ba/2024/08/09/processo-seletivo-if-baiano/,Gestão e RH,Especializados (Nichos),Geral / Não Especificado,curadoria_dicom,correta
2024-08-09,Prosel professor substituto de química,Ache Concursos,https://www.acheconcursos.com.br/concursos-bahia/if-baiano-vagas-professor-quimica-xique-xique-73644,Gestão e RH,Especializados (Nichos),Geral / Não Especificado,curadoria_dicom,correta
2024-08-09,Prosel professor substituto de química,Carlos Brito,https://www.carlosbritto.com/if-baiano-em-xique-xique-abre-selecao-para-professor-substituto-de-quimica/,Gestão e RH,Imprensa Local,Geral / Não Especificado,curadoria_dicom,correta
2024-08-07,Prosel cursos técnicos,Pimenta Blog,https://pimenta.blog.br/2024/08/07/if-baiano-abre-inscricoes-para-vagas-em-curso-tecnico-no-campus-de-urucuca/,Ensino,Imprensa Local,Uruçuca,curadoria_dicom,correta
2024-08-07,Prosel vagas remanescentes Sisu,iBahia,https://www.ibahia.com/interior-da-bahia/if-bonfim-abre-inscricoes-para-vagas-remanescentes-do-sisu-2024-323785,Gestão e RH,Imprensa Regional (Bahia),Senhor do Bonfim,curadoria_dicom,correta
2024-08-02,Proselvaga professor substituto,Click Petróleo e Gás,https://clickpetroleoegas.com.br/processo-seletivo-if-instituto-federal-com-salarios-de-5-35037-beneficios-abre-vagas-com-jornada-de-40-horas-semanais/,Gestão e RH,Imprensa Local,Catu,curadoria_dicom,correta
2024-08-01,Prosel vagas remanescentes para cursos superiores,Agência Sertão,https://agenciasertao.com/2024/08/01/if-baiano-abriu-vagas-remanescentes-para-tres-cursos-superiores/,Gestão e RH,Imprensa Local,Geral / Não Especificado,curadoria_dicom,correta
2024-08-01,IF Baiano abriu vagas remanescentes para três cursos superiores,Agência Sertão,https://news.google.com/rss/articles/CBMiowFBVV95cUxQbHhROXpJeDJnNllCX2RIVEtSVkVjVVZycTB2bFBxd2JnS0t2ZW9EOGczQmpJRWxHcnBrbVAtb2xlZF9IQkdNbVltcXVaaEtaM0RJTHVCMVhZd1g5RldpUy1JeV9ldzFnYkdqY3JWanFnc2FVTnJEOG1jcE5kdUgyQnhqb0pSLTQ2VDgtdlFFNnBqMkFObHhMZ2psMkR0cWp5X1pR0gGjAUFVX3lxTFBseFE5ekl4Mmc2WUJfZEhUS1JWRWNVVnJxMHZsUHF3YmdLS3Zlb0Q4ZzNCaklFbEdycGttUC1vbGVkX0hCR01tWW1xdVpoS1ozRElMdUIxWFl3WDlGV2lTLUl5X2V3MWdiR2pjclZqcWdzYVVOckQ4bWNwTmR1SDJCeGpvSlItNDZUOC12UUU2cGoyQU5seExnamwyRHRxanlfWlE?oc=5&hl=en-US&gl=US&ceid=US:en,Gestão e RH,Imprensa Local,Geral / Não Especificado,busca_automatica,correta
2024-08-01,IF Baiano abre vagas remanescentes para cursos superiores; confira - iBahia,iBahia,https://news.google.com/rss/articles/CBMiwgFBVV95cUxPM2w2UUpYWXFpTGNiQ2Z5MmFPUXU0d2Vkbnh0N1NBMXZEX1AyQXN3c3I3aS1hbXhkak9tMXV6WDl3bjNOb0RSUkhXdEFza2dvMDQtM3puLVFMZW9YbkdfSTU3aTdWZzE0cm9VVUV2aGRUMUs0ekQyWEhVUUt4NThEQjExYmdySlJhTEJIbGRjV2ZHaldtVC1XWnJmcGJjOGVxUDFYTlh1TmtjTmJqZGVuOEMxSUQ4ckg3dk9fVU5ObjBzd9IBygFBVV95cUxQZURRYmdjMzI2VU03MC1udnpYeDVWckMycW13WlQ0TV9FOGdRY09GaUprMnZ1S2pQLUR4VVZ0VmV3WVBLaHNqVWNIZ0E3ZkhrMm1GR3BLQUZfclVucWtBczl4VE5GeEZyLUMyc2NVRzAtbGZPU1ZVN0pQNzhUdlVmSjM3UkRDT25teEM2cWZOWThkMWVGX1lTa01rbkJ4cWtLUWNEd2VWMFhXb0d3a21XT1JnS1d5Vml1V0gyNTMxbDFoRGFLdUlTQ1lR?oc=5&hl=en-US&gl=US&ceid=US:en,Gestão e RH,Imprensa Regional (Bahia),Geral / Não Especificado,busca_automatica,correta
2024-08-01,Proselvagas remanescentes para cursos superiores,iBahia,https://www.ibahia.com/interior-da-bahia/itapetinga/if-baiano-abre-vagas-remanescentes-para-cursos-superiores-confira-323385,Gestão e RH,Imprensa Regional (Bahia),Itapetinga,curadoria_dicom,correta
2024-07-31,Prosel profissionais técnicos em Libras,Bahia Econômica,https://bahiaeconomica.com.br/wp/2024/07/31/if-baiano-oferta-vagas-para-tecnico-em-libras-com-salario-de-r45-mil/,Ensino,Imprensa Local,Guanambi,curadoria_dicom,correta
2024-07-31,Prosel de profissionais técnicos em Libras,iBahia,https://www.ibahia.com/empregos-e-concursos/if-baiano-contrata-tecnicos-em-libras-salarios-sao-de-r-45-mil-323246,Ensino,Imprensa Regional (Bahia),Guanambi,curadoria_dicom,correta
2024-07-26,Prosel cursos técnicos subsequentes,Blog do Gusmão,https://blogdogusmao.com.br/2024/07/26/vagas-para-cursos-tecnicos-em-itaberaba-meio-ambiente-e-agropecuaria/,Ensino,Imprensa Local,Geral / Não Especificado,curadoria_dicom,correta
2024-07-26,Prosel cursos técnicos subsequentes,Oficina de Noticias,https://oficinadenoticias.com.br/noticia/35/if-baiano-n-campus-itaberaba-oferta-50-vagas-em-cursos-tecnicos-subsequentes,Ensino,Imprensa Local,Itaberaba,curadoria_dicom,correta
2024-07-26,Prosel cursos técnicos subsequentes,Itaberaba Notícias,https://www.itaberabanoticias.com.br/educacao-2/if-baiano-campus-itaberaba-oferta-50-vagas-em-cursos-tecnicos-subsequentes,Ensino,Imprensa Local,Itaberaba,curadoria_dicom,correta
2024-07-25,Alunos do IF Baiano são aprovados para integrar competição mundial,iBahia,https://news.google.com/rss/articles/CBMitAFBVV95cUxONVo2QzdEbWFrTjhra3A3NTFwWUthamZYdThkS0RocVpLdVpYSEN3eWZEMWdjMjFhX3RpSHh6WjhRYVpRR0sxOU5SNExENThIcEUycXVvT0RjYW9MUDZRb1pKckR0cWZIYXZRYVJDa21ydV92VzNNSnpBYld4bDI0VzZ6R3EwQUM4OXFoblp1OTk3RTdmUG1aRUZUelZRWk1NVkpiNHRDU2VPZ2x4M3BVaEcwOFc?oc=5&hl=en-US&gl=US&ceid=US:en,Ensino,Imprensa Regional (Bahia),Geral / Não Especificado,busca_automatica,correta
2024-07-24,IF Baiano abre vagas para Professor de Química e Bioquímica,Ache Concursos,https://news.google.com/rss/articles/CBMioAFBVV95cUxPUndqNkZjRmhwQ2FMM3pGV3ZQZXpVQ0NydnJXOUNBWER3TXpKcURWZWFqQ2JYV1RVZEh3MHQtXzZCSFZ5Uk1sV0UzSGpLaHc0dC1ZQUI4WlNtalI2UkdxRzNJclk4cjdRbnJKNDR6WnRMbTVSX2ZuOXlBdXZqb0dzT3FzNUJuMGdXQnV3azRkUHZqUUU1ZHA3Q0dqZHBRRnFY0gGmAUFVX3lxTE5pNW96dVUyejBHMnVMQTh6YzdQUnhac09KYnlGQkJwdHV2VVpEc0tmLW53SndmcDYyekMwNGV6LVh4STZ4aUNUYXEzZmR3WGgtU01lZzVhdHI4aDFaVGpvckk2eUt4d0ZXdEE3X3RQQ3N6YldqODRPM0hkTGFMYjl2Y2FhTjZUMEgxdm03bmc0djJtbUNkZEtzblR0bFQ3eFF1YUNZd1E?oc=5&hl=en-US&gl=US&ceid=US:en,Gestão e RH,Especializados (Nichos),Geral / Não Especificado,busca_automatica,correta
2024-07-24,Prosel professor substituto,Ache Concursos,https://www.acheconcursos.com.br/concursos-bahia/if-baiano-vagas-professor-quimica-bioquimica-73202,Gestão e RH,Especializados (Nichos),Geral / Não Especificado,curadoria_dicom,correta
2024-07-24,Prosel professor substituto,iBahia,https://www.ibahia.com/empregos-e-concursos/if-baiano-oferece-vaga-para-professor-com-salario-de-ate-r-63-mil-322825,Gestão e RH,Imprensa Regional (Bahia),Geral / Não Especificado,curadoria_dicom,correta
2024-07-23,Equipe do IF Baiano foi aprovada no maior evento de drone do mundo,Agência Sertão,https://agenciasertao.com/2024/07/23/equipe-de-estudantes-do-if-baiano-em-guanambi-foi-aprovada-para-maior-evento-internacional-sobre-drones-do-mundo/,Extensão,Imprensa Local,Geral / Não Especificado,curadoria_dicom,correta
2024-07-19,IF Baiano abre edital para seleção de tutores EaD e apoio administrativo para curso FIC,SulBahiaNews,https://news.google.com/rss/articles/CBMivAFBVV95cUxOMEtucldhSVBBVFhQbFgxSk9ZeFFQMlVPaHQ1QWpPWl92Zk5aUTZqX3E5MDRjdU5URDJLSGxzVTgta2VmNzByM0hJUFlKSk91a21MV1ZJWFQ0dF9EWF9vR0F5LWFyU1pZRGhNYnQ4M1hDZzg2LTBJUkFIX0RaYUlrN1lZM2dXTks0R1N1UzZENzBPenB6ekhPQ2RQZnNBdFNJWUNHSU1SaVVWSGJTZ2FVVTBqcmlNY19NRmo2MQ?oc=5&hl=en-US&gl=US&ceid=US:en,Gestão e RH,Imprensa Local,Geral / Não Especificado,busca_automatica,correta
2024-07-18,IFBAIANO anuncia inscrições para Formação de Professores EAD,PEBSP,https://news.google.com/rss/articles/CBMiiwFBVV95cUxQTkRIdmdGZHVOUmNUZUk4WmdUb3lDVU52d01HcDZuOHlTaURoYks2X0tQMDcyQUxHajNSM2NtOG5HMEJnLUdxdE4wbE51YTNlQlVxYVBTRmFub2RBci1WM1JaUWt2TFFNWjE5ejdnUGhNMUdjQ1YwUFktTkJ2MEpWQ3Z3c3EzdS1Cc3p3?oc=5&hl=en-US&gl=US&ceid=US:en,Gestão e RH,Imprensa Local,Geral / Não Especificado,busca_automatica,correta
2024-07-12,Prosel professor substituto,QConcursos,https://folha.qconcursos.com/n/if-baiano-abre-selecao-para-professor-substituto-de-matematica-2024,Gestão e RH,Especializados (Nichos),Geral / Não Especificado,curadoria_dicom,correta
2024-07-12,IF Baiano abre novo Processo Seletivo para o campus de Catu,PCI Concursos,https://news.google.com/rss/articles/CBMiogFBVV95cUxNR2g5RG1ia0FfLUFOSnc2UWhWcHdjNUl0N2htU2lWdUdBV2xQVHRyLXlxRUFCU1VGWjlGR0hwTFFlV2tTdGQzZnJNWVA1RXVfS0dWRDlpODZfREpuOHNZUmliTGFQbHczbExmQ2swNnpmMkxCWHVHcjU0R2pMRkJUbHhadDVSVlB5S3NrQjRQOFhUcWRtVjg0QUM4VDZ1YktnTWc?oc=5&hl=en-US&gl=US&ceid=US:en,Gestão e RH,Especializados (Nichos),Catu,busca_automatica,correta
2024-07-08,Prosel professor substituto,Agência Sertão,https://agenciasertao.com/2024/07/08/if-baiano-abriu-processo-seletivo-para-profissionais-de-libras/,Gestão e RH,Imprensa Local,Geral / Não Especificado,curadoria_dicom,correta
2024-07-05,Prosel professor substituto,QConcursos,https://folha.qconcursos.com/n/if-baiano-processo-seletivo-2024,Gestão e RH,Especializados (Nichos),Catu,curadoria_dicom,correta
2024-07-04,IFBAIANO lança edital 116/2024 para Professor de Medicina Veterinária,Ache Concursos,https://news.google.com/rss/articles/CBMiwgFBVV95cUxNZGhHZ1FEN1JVQ29rdFYzUlBiaHo1SW1rNWVGV01UWjlxUDFaWkpJWUNUb1JNNkJXd0xKOHlHd0Z5THE1N05SN3BfVENHczFPRERMT2RxU2RYWGZlOUZfNzMxdmtSbDhzbmo0Zk5SQUVaTmhFaGlCd2VuN0Q1TlN4a045bExEWXhDdGpLTGR2MjBWZHpuUW41QVBSeXBzN1JMdlA3ZkJwMUp1aklwQmRqMWF6MmhBMlRsbEVKVzVRSUVCd9IBxwFBVV95cUxPVEwyb0NvenBpSENjVjRCUnFJbElPbFFnclpsOVFLUUtfdHpDeXh3V0pWVkFFLXNWVVpQTmNqcFp1WHVuZVJnX1ljX3d4a2xKaFliNUN1dWdSRDRISV9mQWJONzQ3TE9IYVc0bkRQM05ZeVdiQ1dXdTdFWXh4eEpxQnNTMV9hQnhrV3RieUFWVzhfV19qdi1tYjNlTnA1YnJTVEE1VmZudzRNYlM0UTA0ejVvWHRBR1oycGdnTnpYT09KYWk2ZkJv?oc=5&hl=en-US&gl=US&ceid=US:en,Gestão e RH,Especializados (Nichos),Geral / Não Especificado,busca_automatica,correta
2024-07-03,Campus Lapa retorna aulas após greve,Notícias da Lapa,https://www.bomjesusdalapanoticias.com.br/bom-jesus-da-lapa/campus-do-if-baiano-de-bom-jesus-da-lapa-retoma-aulas-nesta-quarta-3-apos-greve/,Ensino,Imprensa Local,Bom Jesus da Lapa,curadoria_dicom,correta
2024-07-02,Pedra Fundamental do novo campus do IF Baiano em Santo Estevão é lançada,Página da Notícia,https://paginadanoticia.com.br/noticia/34386/pedra-fundamental-do-if-baiano-em-santo-estevao-e-lancada.html,Institucional,Imprensa Local,Santo Estêvão,curadoria_dicom,correta
2024-07-01,IF BAIANO OFERTA 30 VAGAS EM CURSO DE PÓS-GRADUAÇÃO NO CAMPUS DE URUÇUCA,Pimenta Blog,https://news.google.com/rss/articles/CBMirAFBVV95cUxOVXJNM2dRU2dCVVo3QW5odHF4UVFTcGtyeENxSndFQWhBSFF6S3RubEJ5S2lqQm1DWWlBWW5DUVVQcnI0ZHVfbkJWMy11bEtsWFV3eEgxOVpnbmNNWWkxOXBycHR3QVN3WHR5NU0zVkpDODk1MWpBUHNfdHBnNDdaT0lnRy1pblRTNEd4RXNOVk83VVdxNm4ydkhYbU8wZ2RiUXFjUzNJT0JWcFVQ?oc=5&hl=en-US&gl=US&ceid=US:en,Gestão e RH,Imprensa Local,Uruçuca,busca_automatica,correta
2024-07-01,Prosel de cursos de pós-graduação,Pimenta Blog,https://pimenta.blog.br/2024/07/01/if-baiano-oferta-30-vagas-em-curso-de-pos-graduacao-no-campus-de-urucuca/,Ensino,Imprensa Local,Uruçuca,curadoria_dicom,correta
2024-06-29,Prosel,Agência Sertão,https://agenciasertao.com/2024/06/29/if-baiano-e-ifba-tem-processo-seletivo-aberto-para-professor-em-quatro-cidades/,Ensino,Imprensa Local,Itapetinga,curadoria_dicom,correta
2024-06-29,IF Baiano e Ifba têm processos seletivos abertos para professor em quatro cidades,Agência Sertão,https://news.google.com/rss/articles/CBMitwFBVV95cUxQY2hNS3BjVG55RmQ3Z3pYbWhmS0szdnlhSjhUcUQ4bDFndVN2YmtaSFp1UmF4R3FwVzJaYVRzZUhZa0EtYTBVVUt2Yk5zcldUclZwUzBTTGY5WkduZ0NKQmV4dV9Dc1lJSDM0T25RTklOUXhKU083OXQtVVF4cTlQMG44ZS1zWU84b2hUM3hvV0tpRG9WWFVWSGRrZEN0eUFtV213dmhVUVpmOW90MHBRZFo2RFlXVTDSAbcBQVVfeXFMUGNoTUtwY1RueUZkN2d6WG1oZktLM3Z5YUo4VHFEOGwxZ3VTdmJrWkhadVJheEdxcFcyWmFUc2VIWWtBLWEwVVVLdmJOc3JXVHJWcFMwU0xmOVpHbmdDSkJleHVfQ3NZSUgzNE9uUU5JTlF4SlNPNzl0LVVReHE5UDBuOGUtc1lPOG9oVDN4b1dLaURvVlhVVkhka2RDdHlBbVdtd3ZoVVFaZjlvdDBwUWRaNkRZV1Uw?oc=5&hl=en-US&gl=US&ceid=US:en,Gestão e RH,Imprensa Local,Geral / Não Especificado,busca_automatica,ambos_citados
2024-06-28,Teixeira: servidores do IF Baiano encerram greve e definem data de retorno às aulas,SulBahiaNews,https://news.google.com/rss/articles/CBMitgFBVV95cUxPU0x5SkU5cDBSSGFHUkZsSnNqN3hiWW9iWGNyUGp4N1BsOVRLVVZERVBadEZCT3BKSjJKUUpWUXFENlBfNlBTNXh3NTJVdkNDRDdjbjNxZ3ZYbko4QVBfX0l3NlRBYTRtLU03Q0hXTzIyaF9mMmIzWDZUaHhQYXJpbE95UU9UQWJ3MGlPVHB3QkVVbk1zYWJhZ0dweGVKdnFSR1FsRzRNc2xkQWRXdmlYR19EMWpJdw?oc=5&hl=en-US&gl=US&ceid=US:en,Gestão e RH,Imprensa Local,Geral / Não Especificado,busca_automatica,correta
2024-06-28,Servidores do IF Baiano encerram greve,Sul da Bahia News,https://www.sulbahianews.com.br/teixeira-servidores-do-if-baiano-encerram-greve-e-definem-data-de-retorno-as-aulas/,Gestão e RH,Imprensa Local,Geral / Não Especificado,curadoria_dicom,correta
2024-06-27,Prosel professor substituto,QConcursos,https://folha.qconcursos.com/n/if-baiano-ba-selecao-professor-substituto-urucuca-2024,Gestão e RH,Especializados (Nichos),Geral / Não Especificado,curadoria_dicom,correta
2024-06-27,Prosel professor substituto,PCI Concursos,https://www.pciconcursos.com.br/noticias/if-baiano-divulga-processo-seletivo-para-professores-substitutos,Gestão e RH,Especializados (Nichos),Geral / Não Especificado,curadoria_dicom,correta
2024-06-26,Prosel professor substituto,Ache Concursos,https://www.acheconcursos.com.br/concursos-bahia/if-baiano-vagas-professor-substituto-urucuca-72441,Gestão e RH,Especializados (Nichos),Geral / Não Especificado,curadoria_dicom,correta
2024-06-21,Prosel professor substituto,QConcursos,https://folha.qconcursos.com/n/if-baiano-abre-selecao-para-professor-substituto-em-meio-ambiente-2024,Gestão e RH,Especializados (Nichos),Itapetinga,curadoria_dicom,correta
2024-06-19,SDE acelera implantação de campus do IF Baiano em Ruy Barbosa,Jornal Grande Bahia,https://jornalgrandebahia.com.br/2024/06/sde-acelera-concessao-de-area-para-implantacao-do-campus-if-baiano-em-ruy-barbosa/,Institucional,Imprensa Regional (Bahia),Ruy Barbosa,curadoria_dicom,correta
2024-06-18,SDE otimiza processo de implantação do Campus IF Baiano em Ruy Barbosa,ba.gov.br,https://news.google.com/rss/articles/CBMiqgFBVV95cUxNZjJza2JqdVYxUndCb3pocTh4Uko4czZHY2dmdlV4cUhick4xeVlqODd0cHVMLWRSbmtzTk5KYnpqMUFZby00VENsZk5hQ2xNTDg3cS1jZVozUUlRaTRCbU41RXYxRFdFZWh4RWJwWEpZS1BGdG1LVUNmcHZ6eVhxUjZWNGlCMFhNLXVKNS1XSG83LVIxMjgzcklMTHluWTU3Y1VEcU90eVJ1QQ?oc=5&hl=en-US&gl=US&ceid=US:en,Institucional,Governamental,Ruy Barbosa,busca_automatica,correta
2024-06-18,SDE otimiza processo de implantação do Campus IF Baiano em Ruy Barbosa,Governo do Estado da Bahia,https://www.comunicacao.ba.gov.br/2024/06/noticias/sde-otimiza-processo-de-implantacao-do-campus-if-baiano-em-ruy-barbosa/,Institucional,Governamental,Ruy Barbosa,curadoria_dicom,correta
2024-06-05,Audiência pública em Santo Estêvão discute implantação do IFBaiano,Jornal Grande Bahia,https://news.google.com/rss/articles/CBMirAFBVV95cUxOaF9UX2p5bE15bWxWTzc5cXRFZkc2SktyeFluYXdJVlppOS1QeXVSVVIxT3lPTVNQb0ZndmhCNmV4Qk96WVBOWElPelhWNW11UXlPQll5Nmh4enNjLURLblFyeVYwRjR4NmZTRldxaWlfVC1KNmc5VW9CWlFqV1plM21VXzVaRUxoTUhITkRpamVIN3ZPYmdMX1lteFFLWTFYWEFISWV4cmFxekp0?oc=5&hl=en-US&gl=US&ceid=US:en,Institucional,Imprensa Regional (Bahia),Santo Estêvão,busca_automatica,correta
2024-06-05,Greve: entenda a demanda dos servidores,Fala Você Notícias,https://www.falavoce.com.br/bate-papo/136-2024/06/05/greve-no-if-baiano-entenda-as-demandas-dos-servidores,Gestão e RH,Imprensa Local,Guanambi,curadoria_dicom,correta
2024-06-03,EDUCAÇÃO NÃO FORMAL NO ESPAÇO ESCOLAR: EXPERIÊNCIAS DO ESTÁGIO COM JOVENS DO CAMPO ESTUDANTES DO IF BAIANO Laisla Ranie,Universidade do Estado da Bahia (UNEB),https://news.google.com/rss/articles/CBMidEFVX3lxTE1kX2tpU05wTERLdkNJZ1M2SjlQZmhmaWI5bDlSY0YyaVpfNlNZVlRYZ2NpaUlyVkFfdHFjcjdocW55TXlhTVVLSTRMd3ZGR1NqQ2VMOUYxV1IzTEFwRUs4eURud2JKY2xBZ2VuN01Ud3RMR3Bp?oc=5&hl=en-US&gl=US&ceid=US:en,Ensino,Outras Instituições de Ensino,Geral / Não Especificado,busca_automatica,correta
2024-05-27,Relato de experiência: reflexão sobre docência a partir do estágio supervisionado em Geografia no IF Baiano,UESB,https://news.google.com/rss/articles/CBMiX0FVX3lxTE9qczdiN1J1LXBuSTZfTDN0bmFHZ2ZmWG5yUnpQeXF5Q3JkVGVfcVlDZFlXVlM3VzNmMzd5SDRINzZ1Zk9NUHYxbm9MeUs0M1NOc2lEYm4xZGVzZFlZa25j?oc=5&hl=en-US&gl=US&ceid=US:en,Institucional,Outras Instituições de Ensino,Geral / Não Especificado,busca_automatica,correta
2024-05-25,Audiência Pública,Se Liga Chapada,https://www.seligachapada.com.br/audiencia-publica-discute-implantacao-do-if-baiano-em-ruy-barbosa-e-destaca-beneficios-para-toda-a-comunidade/,Institucional,Imprensa Local,Geral / Não Especificado,curadoria_dicom,correta
2024-05-23,IF Baiano Campus Uruçuca Abre Inscrições para Vagas Gratuitas em Cursos de Graduação,Ilhéus Net,https://news.google.com/rss/articles/CBMivAFBVV95cUxOcGNPcFJvLUVCcExaYzBZNXFzWWZGS3Q3dHpBdXVTVFZBZzdDVDByVXpVQVlwa2k0TXpIMkU2WDF1ZkppODh3SzRMUFFZSm1OWW5RUFhkWS05Y1UzTE44TVN1ckdWeXdpYm9ReGIzMFhmWjVGYVBadFIzRE5vMTRNUXBwQkRjYkxwZkJjSWE1Z2lWaFgyMlI1SHo1c3VrX05pSlVmRFpXZjRYcFNEelhkV2U0ZEVjVVgwX0ZDZg?oc=5&hl=en-US&gl=US&ceid=US:en,Gestão e RH,Imprensa Local,Uruçuca,busca_automatica,correta
2024-05-22,Prosel professor substituto,G1 Bahia,https://g1.globo.com/ba/bahia/noticia/2024/05/22/if-baiano-oferece-vagas-para-professores-no-reconcavo-da-ba-salarios-passam-de-r-6-mil.ghtml,Gestão e RH,Imprensa (Nacional),Geral / Não Especificado,curadoria_dicom,correta
2024-05-22,IF Baiano oferece vagas para professores no recôncavo da BA; salários passam de R$ 6 mil,G1,https://news.google.com/rss/articles/CBMi2AFBVV95cUxQUUpyY183aDRMd3NNZWR4Ul9zU3ByNEVxcDkzMjhXRzJMQWdlTjlHaXNpdE01Nmk3bVZkc3dlU3h2N2xsZ0RzdEVmZldmSWt0ZXloTGlLdUpYSk4tQkFfaXdBS0M3RzJuWS10S3hjMlRMNWRFdHZmT1Y2Mk1ndDJ5R21ST0V0UzJEU0plX2ZIbUo2MWZPWkdIdFJmVGdLS3o2Wkl1MGIwSWZKZkthbjd1RlpkWG9IRG5DRm84U1A3MVhIQ3kxb1ByY0VxalVxRS1kcDJsZDJ5Z3XSAecBQVVfeXFMTnk4Q0tKeDdvWVdlQXVmSmF6bXVUZWhqVE54YW1EZGlWVHBTZEVyNDJLcjdFYVh2Unp4bWpFdTV2enBrUnVndm5wTTJQMzRBdXgyQVJLVHBvSlptdlpUUUtUc0w1N3dXYzdaaGtCYUZ2ZFp4R2piRkZGTm8xWFlxWVFpWDFvMGtvQkZMbnc2d3drVUl1b3pSU1Y4U2ZzSXNyeC1WMWtWbmdMU1ZzdE9uRnhVbGhUM3BiYWVDVEZhekc1aDFzUUdpMUFFWS0tb0hFdy00b1c5V2ZLTjhkTldoa3BUbGk1Y0xN?oc=5&hl=en-US&gl=US&ceid=US:en,Gestão e RH,Imprensa (Nacional),Geral / Não Especificado,busca_automatica,correta
2024-05-22,IF Baiano abre inscrições para professores substitutos,SulBahiaNews,https://news.google.com/rss/articles/CBMikAFBVV95cUxPQTMwVjFYWjAtUkhTY0o0eFdTa2lTcXlRT3YyMHhMRC1QZkItdzVsMmdoYmhDYXJaNzJSNHlwZS04SlpERHdlZmF0X3F0bUgyX0U5RGJ3d0x4RnVsdldxOEhsNjNXaUJSSXc0N21pSlZNX0pzM0I0SFg0a2poTHliOUpPWUtUSzBaUnpKdFFWbnA?oc=5&hl=en-US&gl=US&ceid=US:en,Gestão e RH,Imprensa Local,Geral / Não Especificado,busca_automatica,correta
2024-05-22,Prosel professor substituto,Salvador Notícia,https://salvadornoticia.com/if-baiano-abre-vagas-para-professores-substitutos-com-salarios-de-ate-r-63-mil/,Gestão e RH,Imprensa Local,Reitoria (Salvador),curadoria_dicom,correta
2024-05-22,Prosel professor substituto,Camaçari Notícias,"https://www.cn1.com.br/noticias/5/117993,if-baiano-abre-oportunidades-para-docentes-com-remuneracao-de-ate-rusd-6-mil",Gestão e RH,Imprensa Local,Geral / Não Especificado,curadoria_dicom,correta
2024-05-22,Prosel professor substituto,Jornal Correio,https://www.correio24horas.com.br/minha-bahia/if-baiano-abre-vagas-para-professor-com-salarios-que-podem-chegar-aos-r-6-mil-0524,Gestão e RH,Imprensa Regional (Bahia),Geral / Não Especificado,curadoria_dicom,correta
2024-05-22,Prosel professor substituto,Portal Abrantes,https://www.portalabrantes.com.br/noticia/38960-o-if-baiano-esta-com-oportunidades-abertas-para-professores,Gestão e RH,Imprensa Local,Geral / Não Especificado,curadoria_dicom,correta
2024-05-22,Prosel professor substituto,Sul da Bahia News,https://www.sulbahianews.com.br/if-baiano-abre-inscricoes-para-professores-substitutos/,Gestão e RH,Imprensa Local,Geral / Não Especificado,curadoria_dicom,correta
2024-05-21,Prosel professor substituto,iBahia,https://www.ibahia.com/empregos-e-concursos/if-baiano-abre-vagas-para-professor-com-salarios-de-ate-r-63-mil-319378,Gestão e RH,Imprensa Regional (Bahia),Geral / Não Especificado,curadoria_dicom,correta
2024-05-20,Prosel professor substituto,Empregos na Bahia,https://empregosnabahia.com.br/if-baiano-abriu-novo-processo-seletivo/,Gestão e RH,Imprensa Local,Geral / Não Especificado,curadoria_dicom,correta
2024-05-20,Prosel professor substituto,PCI Concursos,https://www.pciconcursos.com.br/noticias/if-baiano-realiza-novo-processo-seletivo-no-campus-governador-mangabeira,Gestão e RH,Especializados (Nichos),Geral / Não Especificado,curadoria_dicom,correta
2024-05-18,Prosel professor substituto,Agência Sertão,https://agenciasertao.com/2024/05/18/if-baiano-abriu-novo-processo-seletivo-para-professores/,Gestão e RH,Imprensa Local,Geral / Não Especificado,curadoria_dicom,correta
2024-05-18,IF Baiano abriu novo processo seletivo para professores,Agência Sertão,https://news.google.com/rss/articles/CBMimAFBVV95cUxOOVJxZVZac1JtSlRjNHNVdm5ub1RyWHkxNk1FT01wZ1pZTHptWktrcVZQZlZ3Y2p5bHZRamxocHhFRE54MkFkVDFFcjZMRU9OOXAzWjY4dlk2RkdiYUVFOFA4WG1Fa2V6YmVlaUp3NUQySVdsNmhpU2JvTWEyV3pqaEV6VUxMUzhJbFRCSjFnTk1MNGJBWUtRSNIBmAFBVV95cUxOOVJxZVZac1JtSlRjNHNVdm5ub1RyWHkxNk1FT01wZ1pZTHptWktrcVZQZlZ3Y2p5bHZRamxocHhFRE54MkFkVDFFcjZMRU9OOXAzWjY4dlk2RkdiYUVFOFA4WG1Fa2V6YmVlaUp3NUQySVdsNmhpU2JvTWEyV3pqaEV6VUxMUzhJbFRCSjFnTk1MNGJBWUtRSA?oc=5&hl=en-US&gl=US&ceid=US:en,Gestão e RH,Imprensa Local,Geral / Não Especificado,busca_automatica,correta
2024-05-10,DIRETOR APRESENTA PROJETO DO IF BAIANO EM RUY BARBOSA,Ruy Barbosa Notícias,https://news.google.com/rss/articles/CBMikwFBVV95cUxPN3FJTG4zRGdIb1ZFaGNRVTgzX2lVYU1jMXZ6TnE5QjhoVHdKa3dkdndnRVBldERfNlIzNFlxX2pMZWJHSFhzbEpTYjRzN3ZSNEY5SG5HRVJnenJhMXNrQWR0QkhlUEYtV0VVNlluVVUzbHB6dWhZNWlBS25ncnJZbV9ydERGRThLR0lKeVVFb2FxWkE?oc=5&hl=en-US&gl=US&ceid=US:en,Extensão,Imprensa Local,Ruy Barbosa,busca_automatica,correta
2024-05-09,Rebanho ovino do IF Baiano conquistou prêmio em exposição nacional da raça Santa Inês,Agência Sertão,https://agenciasertao.com/2024/05/09/rebanho-ovino-do-if-baiano-de-guanambi-conquistou-premio-em-exposicao-nacional-da-raca-santa-ines/,Institucional,Imprensa Local,Santa Inês,curadoria_dicom,correta
2024-04-26,Greve servidores,Bahia Recôcavo,https://www.bahiareconcavo.com.br/site/servidores-de-12-unidades-do-if-baiano-se-somam-ao-movimento-grevista-que-paralisou-mais-de-500-unidades-de-institutos-federais-em-todo-o-brasil/,Gestão e RH,Imprensa Local,Geral / Não Especificado,curadoria_dicom,correta
2024-04-26,Greve servidores,Ilhéus Net,https://www.ilheus.net/2024/04/servidores-de-12-unidades-do-if-baiano-se-somam-ao-movimento-grevista-que-paralisou-mais-de-500-unidades-de-institutos-federais-em-todo-o-brasil.html#google_vignette,Gestão e RH,Imprensa Local,Geral / Não Especificado,curadoria_dicom,correta
2024-04-25,Prosel subsequente EAD,Mídia Bahia,https://midiabahia.com.br/12-unidades-do-if-baiano-estao-em-grave-no-pais-ja-sao-500/,Ensino,Imprensa Local,Geral / Não Especificado,curadoria_dicom,correta
2024-04-25,Greve servidores,Notícias da Lapa,https://www.bomjesusdalapanoticias.com.br/bom-jesus-da-lapa/campus-do-if-baiano-de-bom-jesus-da-lapa-adere-a-greve-nacional-dos-servidores-federais-da-educacao/,Gestão e RH,Imprensa Local,Geral / Não Especificado,curadoria_dicom,correta
2024-04-25,Implantação do Curso de Bacharelado em Administração,Portal Jaguarari,https://www.portaljaguarari.com.br/2024/04/if-baiano-promove-audiencia-publica.html,Ensino,Imprensa Local,Senhor do Bonfim,curadoria_dicom,correta
2024-04-24,Prosel subsequente EAD,Agência Sertão,https://agenciasertao.com/2024/04/24/if-baiano-abriu-mais-240-vagas-em-cursos-tecnicos-ead/,Ensino,Imprensa Local,Alagoinhas,curadoria_dicom,correta
2024-04-24,Projeto de adaptação de materiais para estudo de estudantes surdos,Agência Sertão,https://agenciasertao.com/2024/04/24/projeto-do-if-baiano-em-guanambi-realiza-adaptacao-de-materiais-para-estudo-individual-de-estudantes-surdos/,Ensino,Imprensa Local,Guanambi,curadoria_dicom,correta
2024-04-24,Projeto do IF Baiano em Guanambi realiza adaptação de materiais para estudo individual de estudantes surdos,Agência Sertão,https://news.google.com/rss/articles/CBMi3gFBVV95cUxPRGxiejc4Q3RaN0liZHk4NXU1TVNISFNfcVF0MnAtX21CZUNvVzZ2R2tTajduVFRteUVVVk5hNjZkOHFRZ0pwSjFIcTZzcUxLQXlWSEpOZG5yTHNndTRvcmdESzVhZ2xBa1B4RGlUOVJCREx3amRiZGxkNzZKZ3dHSXVFbEhOeFZIaVRZU05VTEhUeUVPaVZ0bVRXR3ZXdGl3bzJXYmZGeVFodkxkd0pFS05pVllCcWZCWmRZaHUzcUlnTVRUdXJldGdqdE9RTmR3OFBOeC16WnEtT21aZGfSAd4BQVVfeXFMT0RsYno3OEN0WjdJYmR5ODV1NU1TSEhTX3FRdDJwLV9tQmVDb1c2dkdrU2o3blRUbXlFVVZOYTY2ZDhxUWdKcEoxSHE2c3FMS0F5VkhKTmRuckxzZ3U0b3JnREs1YWdsQWtQeERpVDlSQkRMd2pkYmRsZDc2Smd3R0l1RWxITnhWSGlUWVNOVUxIVHlFT2lWdG1UV0d2V3Rpd28yV2JmRnlRaHZMZHdKRUtOaVZZQnFmQlpkWWh1M3FJZ01UVHVyZXRnanRPUU5kdzhQTngtelpxLU9tWmRn?oc=5&hl=en-US&gl=US&ceid=US:en,Ensino,Imprensa Local,Guanambi,busca_automatica,correta
2024-04-24,Campus do IF Baiano de Bom Jesus da Lapa adere à greve nacional dos servidores federais da educação,Notícias de Bom Jesus da Lapa,https://news.google.com/rss/articles/CBMi8gFBVV95cUxQMlZ6V0dZRmRpcWtVN29Gc1RvdVhSYUkxUEo4WWZITXdwRDFjejhiUl9DaEo5QkNmc2dqSHozd2o2c3ZXaFRLVDR4WnlnZmFmNmFiN2ZMWUp1QUtfUWhIamVxWjQ5eXJmOE5wUEkzOWhzckdlOW5SbmZfWHhJUFZQOXhUNXZkbklJSmxYZHlxeEpUN2ExYUxUOGs2eXFFbFRfTXBzam1HeGhMU1gtM2pOQkU0SS1vVHBYOVZOMmJ6a3dvaS1IdElCNjhQNXJrQmtNaG9CX3R3MjRpak1lLURPY3dycXNpOHQ0TTEycEhjSnNvdw?oc=5&hl=en-US&gl=US&ceid=US:en,Gestão e RH,Imprensa Local,Bom Jesus da Lapa,busca_automatica,correta
2024-04-24,IF Baiano abriu mais 240 vagas em cursos técnicos EaD,Agência Sertão,https://news.google.com/rss/articles/CBMilgFBVV95cUxPUTB3Z0RBOWpDWFB4M08zSUpMdGNnRXZjZlFFbjFoblBFYnQ2djhlYW1nS05acGpVT0w4MkdHeDBlRU1Td21TTUs5MnRnc1ZYcF9vVEdHOWJPRFFibjZoTDNLUWZaR2M3ZEZPTFBRbWJJeHlnYVphQ012OGUtWU1RRjVFZ25saDlCMk00SEk3R1lyUEJOY2fSAZYBQVVfeXFMT1Ewd2dEQTlqQ1hQeDNPM0lKTHRjZ0V2Y2ZRRW4xaG5QRWJ0NnY4ZWFtZ0tOWnBqVU9MODJHR3gwZUVNU3dtU01LOTJ0Z3NWWHBfb1RHRzliT0RRYm42aEwzS1FmWkdjN2RGT0xQUW1iSXh5Z2FaYUNNdjhlLVlNUUY1RWdubGg5QjJNNEhJN0dZclBCTmNn?oc=5&hl=en-US&gl=US&ceid=US:en,Gestão e RH,Imprensa Local,Geral / Não Especificado,busca_automatica,correta
2024-04-24,Prosel subsequente EAD,seligaalagoinhas.com.br,https://www.seligaalagoinhas.com.br/noticia/48444/if-baiano-n-campus-alagoinhas-oferta-240-vagas-em-cursos-tecnicos-subsequentes-ead,Ensino,Imprensa Local,Alagoinhas,curadoria_dicom,correta
2024-04-23,Prosel cursos FIC,Atualiza Bahia,https://www.atualizabahia.com.br/if-baiano-campus-valenca-oferta-mais-de-250-vagas-em-cursos-fic/,Ensino,Imprensa Local,Geral / Não Especificado,curadoria_dicom,correta
2024-04-22,IFBAIANO oferta 10 Cursos de Formação Inicial – FIC Gratuitos,PEBSP,https://news.google.com/rss/articles/CBMiigFBVV95cUxQZUNIN05vQy1tYUlmQWtHeHM3Sk5Ebl9ySVNldkJIVTc0R1JRclF2Y0RBQzJ4QXpxN0JDN28tNkdPR2xOYnM0dnJLYnZkcmJiMnFTeU5sNWw2QjNwYjVXZmR1SDlEN0pkZ19NTDRQMkpuNzRNQWpxMTlRbkJWR2N6Vjd2Y0RneHFJTmc?oc=5&hl=en-US&gl=US&ceid=US:en,Ensino,Imprensa Local,Geral / Não Especificado,busca_automatica,correta
2024-04-22,Prosel cursos FIC,PEBSP,https://www.pebsp.com/ifbaiano-oferta-10-cursos-de-formacao-inicial-fic-gratuitos/,Ensino,Imprensa Local,Geral / Não Especificado,curadoria_dicom,correta
2024-04-18,Ifba e IF Baiano ofertam mais de 400 vagas para cursos gratuitos em três cidades,Agência Sertão,https://news.google.com/rss/articles/CBMiugFBVV95cUxNdTlWUEx1cUIzYjNzbGRJcHUyd1VGdkNPcG44VFYxZjE1QUc3MnhyME9SU2hwT0U5dmthMXpXaHZMbl9fdF81QjZQenV3ZEFjMno1b2JiR1dBLWZSRWw5ZEFvckZZdFhkX2Rsc1NsQTRESk02alc0LUVpcTZFUnh4cEdWenpOYnNva1Z4Q0J2RmNFOWZvYWFGSThySFRQWVJsc0lkQ2FsRk1GS0VrUkM3NUZaaVYzVUUxU2fSAboBQVVfeXFMTXU5VlBMdXFCM2Izc2xkSXB1MndVRnZDT3BuOFRWMWYxNUFHNzJ4cjBPUlNocE9FOXZrYTF6V2h2TG5fX3RfNUI2UHp1d2RBYzJ6NW9iYkdXQS1mUkVsOWRBb3JGWXRYZF9kbHNTbEE0REpNNmpXNC1FaXE2RVJ4eHBHVnp6TmJzb2tWeENCdkZjRTlmb2FhRkk4ckhUUFlSbHNJZENhbEZNRktFa1JDNzVGWmlWM1VFMVNn?oc=5&hl=en-US&gl=US&ceid=US:en,Gestão e RH,Imprensa Local,Geral / Não Especificado,busca_automatica,ambos_citados
2024-04-18,IF Baiano promove segunda edição da Tenda da Ciência nesta sexta e sábado em Guanambi,Agência Sertão,https://news.google.com/rss/articles/CBMiwAFBVV95cUxPWjMwWEN0RmdvMWl3M2NMeXNMQWxDUGhoWHlVVjV6cTJOcktOQ0oxT0dmQ0I1Ry1nMnQtRzNWX0hfZ1hJWmw1X2hpZGxidmJCR0F4MlVyVERmeUtDcHlEVXNJd1I4RjIyYjJJcHY4TEcxZ044VlVlYjRnOWlXSkdSM1p6cENSSTBjbkRqZXFDRWFSZkdPWi1aaXZvbjEwOFdZNFFMMDNieFU3cW90bFpHQVhfeV9ZWEUxUHJyNFBxY1TSAcABQVVfeXFMT1ozMFhDdEZnbzFpdzNjTHlzTEFsQ1BoaFh5VVY1enEyTnJLTkNKMU9HZkNCNUctZzJ0LUczVl9IX2dYSVpsNV9oaWRsYnZiQkdBeDJVclREZnlLQ3B5RFVzSXdSOEYyMmIySXB2OExHMWdOOFZVZWI0ZzlpV0pHUjNaenBDUkkwY25EamVxQ0VhUmZHT1otWml2b24xMDhXWTRRTDAzYnhVN3FvdGxaR0FYX3lfWVhFMVBycjRQcWNU?oc=5&hl=en-US&gl=US&ceid=US:en,Pesquisa,Imprensa Local,Guanambi,busca_automatica,correta
2024-04-17,Concurso IF Baiano: 96 vagas; até R$ 10 mil. Veja!,Blog Gran Cursos Online,https://news.google.com/rss/articles/CBMiZ0FVX3lxTE9lSWpTNEZZb2IzTTRYWGh6NUt0YVNDSnRidUdjTDBjdFNIR0UtdEVvRzhkeEZpU3NiNlMwOU1Jd3BycE9QeFo4Z1A3cEVMWExQUlEtVEJZb1NqNWFTcUZnRDduTEVTcjA?oc=5&hl=en-US&gl=US&ceid=US:en,Gestão e RH,Especializados (Nichos),Geral / Não Especificado,busca_automatica,correta
2024-04-17,IF Baiano abre 40 vagas para curso superior em Itapetinga,Agência Sertão,https://news.google.com/rss/articles/CBMimwFBVV95cUxNRGdZX2FXMi1XcVNneXF2TnAzTVVNOUJ4Q0FuMWRlQmVYbXozbXgyN3JQX0prZ0VFc2s0U1VvVnVGTjFfcGlscVJVOEE5TEhqUy13cXhqRmJra3dybUVNdTlyRVNTX0dzbTVnRF9Ib0E2Y2hpWmh2X1BpRWtmRHloQmZVWXBVamJRY0ZibU9iTURfUFNpXzJwcmRCTdIBmwFBVV95cUxNRGdZX2FXMi1XcVNneXF2TnAzTVVNOUJ4Q0FuMWRlQmVYbXozbXgyN3JQX0prZ0VFc2s0U1VvVnVGTjFfcGlscVJVOEE5TEhqUy13cXhqRmJra3dybUVNdTlyRVNTX0dzbTVnRF9Ib0E2Y2hpWmh2X1BpRWtmRHloQmZVWXBVamJRY0ZibU9iTURfUFNpXzJwcmRCTQ?oc=5&hl=en-US&gl=US&ceid=US:en,Gestão e RH,Imprensa Local,Itapetinga,busca_automatica,correta
2024-04-15,Greve servidores,SulBahia News,https://www.sulbahianews.com.br/if-baiano-campus-teixeira-de-freitas-adere-greve-dos-servidores-publicos/,Gestão e RH,Imprensa Local,Teixeira de Freitas,curadoria_dicom,correta
2024-04-14,Gabarito Concurso Público IF Baiano! Acompanhe atualizações do Instituto AOCP,Portal FiiBrasil,https://news.google.com/rss/articles/CBMijAFBVV95cUxNOTI0MTFiUTl0YkhrNk44dWJZVzJFSzFYdjdCVXkxbU1ialFCV0JtWDJUQnljb19zZkN4TFRkZVg0NnlJdFdxRjltQVNBSTl1Y2tiN3RyVkNSVW43SnhhRG02bHMwNmRBOXZyRkF2NjZMV3RDY09sUF9KTGR4bkZVOXFqbVJvODN6QnN5eg?oc=5&hl=en-US&gl=US&ceid=US:en,Gestão e RH,Imprensa Local,Geral / Não Especificado,busca_automatica,correta
2024-04-14,IF Baiano anuncia novos cursos superiores em Teixeira: Administração e Engenharia Florestal,SulBahiaNews,https://news.google.com/rss/articles/CBMiwAFBVV95cUxOdGNQamJ2MmdxOXJsLWlsYTlWalVhM0p3RnU4YkFfUG9RT0JZdEl3N2xScXlBVHpNTi1STlhEMVlYSG9yRnBjc3BNc3JaZm9TcVdmbU9wbW1sQjdGX3hTdHQ5TnhnLVNEcnhMTWNweGRJT1NFbXhRRnVnM2g3eF94UHJ5UGtncnREUm51ZFI5LXRGMkFqa3NIcms0YXlKakozR0o5b2U5eFd4cFZZZ2dYdWdRbmlISmdmbHYxckpMMkg?oc=5&hl=en-US&gl=US&ceid=US:en,Ensino,Imprensa Local,Geral / Não Especificado,busca_automatica,correta
2024-04-14,Novos cursos de graduação,SulBahia News,https://www.sulbahianews.com.br/if-baiano-anuncia-novos-cursos-superiores-em-teixeira-administracao-e-engenharia-florestal/,Ensino,Imprensa Local,Teixeira de Freitas,curadoria_dicom,correta
2024-04-12,Professores do IF Baiano foram aprovados em programas de doutorado,Agência Sertão,https://agenciasertao.com/2024/04/12/professores-do-if-baiano-de-guanambi-foram-aprovados-em-programas-de-doutorado-sanduiche-no-exterior/,Gestão e RH,Imprensa Local,Geral / Não Especificado,curadoria_dicom,correta
2024-04-12,Greve servidores,Agência Sertão,https://agenciasertao.com/2024/04/12/servidores-do-if-baiano-de-guanambi-nao-aderiram-a-greve-nacional/#google_vignette,Gestão e RH,Imprensa Local,Guanambi,curadoria_dicom,correta
2024-04-12,Servidores do IF Baiano de Guanambi não aderiram à greve nacional,Agência Sertão,https://news.google.com/rss/articles/CBMipgFBVV95cUxNQTNub09XNTFLNUdsUzZjT0VMQ1k3S1pUbVZIc2RxVm9pdlFVSVNPTkhwdEsxT2RsdGN0UlVwQXFOVFFWRE5nN3lvU0VGdVZHbW9RTXptU3pOMlI5VF9zYkd2NnpKUXIzYUZaUFJJRUxuX0xJcW1BZnpJWld6djFhdzZHSXc4YmxfLWdManRHVlUxNmdlNU4wQnJNbXd6RVQwdnJHemNn0gGmAUFVX3lxTE1BM25vT1c1MUs1R2xTNmNPRUxDWTdLWlRtVkhzZHFWb2l2UVVJU09OSHB0SzFPZGx0Y3RSVXBBcU5UUVZETmc3eW9TRUZ1Vkdtb1FNem1Tek4yUjlUX3NiR3Y2ekpRcjNhRlpQUklFTG5fTElxbUFmeklaV3p2MWF3NkdJdzhibF8tZ0xqdEdWVTE2Z2U1TjBCck1td3pFVDB2ckd6Y2c?oc=5&hl=en-US&gl=US&ceid=US:en,Gestão e RH,Imprensa Local,Guanambi,busca_automatica,correta
2024-04-11,Prosel estágio,Agência Sertão,https://www.bomjesusdalapanoticias.com.br/bom-jesus-da-lapa/campus-do-if-baiano-de-bom-jesus-da-lapa-abre-vaga-de-estagio-em-curso-de-graduacao/,Ensino,Imprensa Local,Geral / Não Especificado,curadoria_dicom,correta
2024-04-10,Prosel professor substituto,Provas Brasil,https://www.provasbrasil.com.br/noticias/if-baiano-abre-inscricoes-novo-processo-seletivo-no-campus-senhor-bonfim/,Gestão e RH,Imprensa Local,Geral / Não Especificado,curadoria_dicom,correta
2024-04-05,Prosel estágio,Agência Sertão,https://agenciasertao.com/2024/04/05/if-baiano-abriu-selecao-de-estagio-em-duas-cidades/,Ensino,Imprensa Local,Santa Inês,curadoria_dicom,correta
2024-04-04,Ribeira do Pombal se prepara para implantação do IFBAIANO,Prefeitura de Ribeira do Pombal,https://news.google.com/rss/articles/CBMioAFBVV95cUxQdmk0cUlNSERpdTlEU1c5dWdpRWduZGxGOWJ6RWx0NVA2TF9ZUGg5T0EtQ0xtVHRtb1RCM2QwaXVvd0Zjc2l6T3ZvajdwMFZ3bXdiSUNqVy1pMVFSTGt5Z0x5OUV1NGp3WWk0RzdzREd1VVdiM2YtZGU5UEVzR1F3NzNCYmtKRWJOcWtUWVZETFNFYjdzV2hZVGxNTXJGb1cx?oc=5&hl=en-US&gl=US&ceid=US:en,Institucional,Governamental,Ribeira do Pombal,busca_automatica,correta
2024-04-02,Cursos FIC,Agência Sertão,https://agenciasertao.com/2024/04/02/if-baiano-oferta-100-vagas-para-cursos-de-qualificacao-em-catu/,Ensino,Imprensa Local,Catu,curadoria_dicom,correta
2024-03-22,Estudante avança em Olimpíada de Zootecnia,Acorda Cidade,https://www.acordacidade.com.br/noticias/educacao/estudante-baiana-passa-para-etapa-nacional-da-olimpiada-de-zootecnia/,Ensino,Imprensa Regional (Bahia),Geral / Não Especificado,curadoria_dicom,correta
2024-03-22,Estudante/Olimpíada de Zootecnia,Bahia Noticias,https://www.bahianoticias.com.br/municipios/noticia/38613-estudante-do-vale-do-jiquirica-concorre-em-etapa-nacional-de-olimpiada-de-zootecnia,Ensino,Imprensa Regional (Bahia),Santa Inês,curadoria_dicom,correta
2024-03-21,Estudante avança em Olimpíada de Zootecnia,A Tarde,https://atarde.com.br/bahia/estudante-baiana-vai-a-etapa-nacional-da-olimpiada-de-zootecnia-1263256,Ensino,Imprensa Regional (Bahia),Santa Inês,curadoria_dicom,correta
2024-03-21,Prosel subsequente,É Bahia News,https://ebahianews.com.br/if-baiano-teixeira-de-freitas-recebe-inscricoes-ate-esta-quinta-feira-21-para-91-vagas-em-cursos-tecnicos-ead/,Ensino,Imprensa Local,Geral / Não Especificado,curadoria_dicom,correta
2024-03-21,Prosel subsequente,Ilhéus 24h,https://ilheus24h.com.br/if-baiano-campus-urucuca-oferece-91-vagas-em-cursos-de-graduacao-ate-esta-sexta-22/,Ensino,Imprensa Local,Uruçuca,curadoria_dicom,correta
2024-03-21,Estudantes criam filme de rambutan,Itaberaba Notícias,https://www.itaberabanoticias.com.br/educacao-2/estudantes-baianos-desenvolvem-biofilme-a-base-de-rambutan-fruta-cultivada-na-bahia,Ensino,Imprensa Local,Catu,curadoria_dicom,correta
2024-03-21,Prosel EaD,SulBahia News,https://www.sulbahianews.com.br/if-baiano-teixeira-de-freitas-recebe-inscricoes-ate-esta-quinta-feira-21-para-91-vagas-em-cursos-tecnicos-ead/,Ensino,Imprensa Local,Geral / Não Especificado,curadoria_dicom,correta
2024-03-20,Prosel subsequente,CPG,https://clickpetroleoegas.com.br/if-oferece-mais-de-90-vagas-em-cursos-tecnicos-gratuitos-100-ead-nao-precisa-fazer-prova-nem-pagar-nada/,Ensino,Imprensa Local,Teixeira de Freitas,curadoria_dicom,correta
2024-03-20,Estudantes criam biofilme de rambutan,Correio da Manhã,https://www.correiodamanha.com.br/nacional/nordeste/2024/03/122041-estudantes-criam-biofilme-de-rambutan.html,Ensino,Imprensa Regional (Bahia),Catu,curadoria_dicom,correta
2024-03-18,Prosel subsequente EaD,Agência Sertão,https://agenciasertao.com/2024/03/18/if-baiano-oferta-mais-de-300-vagas-em-cursos-tecnicos-ead-com-polos-em-cacule-caetite-guanambi-e-iuiu/#google_vignette,Ensino,Imprensa Local,Guanambi,curadoria_dicom,correta
2024-03-15,Prosel professor substituto,PCI Concursos,https://www.pciconcursos.com.br/noticias/if-baiano-ba-anuncia-processo-seletivo-no-campus-de-urucuca,Gestão e RH,Especializados (Nichos),Uruçuca,curadoria_dicom,correta
2024-03-14,IF Baiano oferta 48 vagas remanescentes para três cursos superiores em Guanambi,Agência Sertão,https://news.google.com/rss/articles/CBMiuAFBVV95cUxNa3ZnX01rR1hWLVVPVkhhX0gyY3V6a3JZLWVleU5FOXJPMWhmcXRvR3oxX045S0VNTG5wWkZyZDk4bVdBQXVIQ1pyVzBVNXY2R05kU3hmc05VVUl1cGpVYVJSTFVrd0I5UFlIdlpUZGVxLWxxbHJob05GWnlyTzhPRjFQb2tSeFNoUVpqNktJc0h2Z1RHUkFHZlhfM2NtTTJTVzRjNzJKYzV0QmhHNnJmd0g2Y2F3VVFW0gG4AUFVX3lxTE1rdmdfTWtHWFYtVU9WSGFfSDJjdXprclktZWV5TkU5ck8xaGZxdG9HejFfTjlLRU1MbnBaRnJkOThtV0FBdUhDWnJXMFU1djZHTmRTeGZzTlVVSXVwalVhUlJMVWt3QjlQWUh2WlRkZXEtbHFscmhvTkZaeXJPOE9GMVBva1J4U2hRWmo2S0lzSHZnVEdSQUdmWF8zY21NMlNXNGM3MkpjNXRCaEc2cmZ3SDZjYXdVUVY?oc=5&hl=en-US&gl=US&ceid=US:en,Gestão e RH,Imprensa Local,Guanambi,busca_automatica,correta
2024-03-14,Prosel professor substituto,Ache Concursos,https://www.acheconcursos.com.br/concursos-bahia/if-baiano-vagas-professor-substituto-guanambi-69601,Gestão e RH,Especializados (Nichos),Geral / Não Especificado,curadoria_dicom,correta
2024-03-14,Prosel cursos técnicos subsequentes EaD,Sul da Bahia News,https://www.sulbahianews.com.br/if-baiano-oferta-91-vagas-remanescentes-em-cursos-tecnicos-subsequentes-ead-em-teixeira/,Ensino,Imprensa Local,Teixeira de Freitas,curadoria_dicom,correta
2024-03-13,Deputado Ricardo Maia comemora criação do IFBA em Ribeira do Pombal-BA,Portal Alerta,https://news.google.com/rss/articles/CBMiwgFBVV95cUxOcHZkSVVnVUF2MlFNbjZfY1lVOVZPTURJMlNvN0o3ajdMUVZOUl9lX09xNTljWjNmR1kteUdoMk5iOWJyM3BaRE96RmJ1emxWRTByc3RIaEZXcThPZ2xNVUZDZkJQNHNEdE5oWTEyYnpyUXNDU3RrRUhoZWg0d25PNEVUQmw4WThLQXZWX2JkUElLLW9kVG5Nazg2Mi1YczllRS1wT0ZZX0d1RFRFRmxmY2U4NFBGekhjbXZISkFhX29EQQ?oc=5&hl=en-US&gl=US&ceid=US:en,Institucional,Imprensa Local,Ribeira do Pombal,busca_automatica,ifba_no_lugar_do_ifbaiano
2024-03-13,Prosel cursos de graduação,Pimenta Blog,https://pimenta.blog.br/2024/03/13/if-baiano-de-urucuca-oferta-91-vagas-em-cursos-de-graduacao/,Ensino,Imprensa Local,Uruçuca,curadoria_dicom,correta
2024-03-11,Prefeitura de Cruz abre período de recadastramento e inscrição de transporte universitário intermunicipal gratuito para UFRB e IF Baiano,Prefeitura de Cruz das Almas,https://news.google.com/rss/articles/CBMiiAJBVV95cUxOY2RXajZTYmwweU1pMkdZdHA3MWl4dEZLazFKX3ZJWGFqOVJRbjllS0RfNDBHWS1NZFBuVnZLejRQMW0xNlU1eW9ZVnoyNWxOdk0tT3dqc19TVUI5X21zeDc3aXRMTzFFMy1aVGRLQ19xbjRxaVNRaEc5WnFXaDA1aThtOS1XMk44aFRLV19KSHJ6dVhya2trMFVNUmlMN3U2eGNkRlBDbkYxbEF1dWx4MGp2SG9NM2JCMWkxaFhGMDRvcXBvR3FfdFF4WTM3MFQ2ZWliMUJBWllwQnFaSzFuelRRcUVJQ0NEdEZsX1M4bHlZTFkyem5pVmxiTzh6SzczaXg2RHEzcVo?oc=5&hl=en-US&gl=US&ceid=US:en,Institucional,Governamental,Geral / Não Especificado,busca_automatica,correta
2024-03-08,Professores: Bolsa Produtividade CNPQ,Agência Sertão,https://agenciasertao.com/2024/03/07/pesquisadores-do-if-baiano-de-guanambi-foram-contemplados-com-bolsa-de-produtividade-do-cnpq/,Gestão e RH,Imprensa Local,Geral / Não Especificado,curadoria_dicom,correta
2024-03-06,Professores: Bolsa Produtividade CNPQ,iGuanambi,https://www.iguanambi.com.br/noticias/2024/03/06/pesquisadores-do-if-baiano-de-guanambi-sao-contemplados-com-bolsa-de-produtividade-do-cnpq/,Gestão e RH,Imprensa Local,Guanambi,curadoria_dicom,correta
2024-03-06,Prosel EaD,Folha do Estado da Bahia,https://www.jornalfolhadoestado.com/educacao/if-baiano-em-santa-ines-oferta-180-vagas-em-cursos-tecnicos-subsequentes,Ensino,Imprensa (Nacional),Santa Inês,curadoria_dicom,correta
2024-03-04,Cursos FIC,Agência Sertão,https://agenciasertao.com/2024/03/04/if-baiano-oferta-95-vagas-para-cursos-de-qualificacao-profissional-em-xique-xique/,Ensino,Imprensa Local,Xique-Xique,curadoria_dicom,correta
2024-03-04,IF Baiano oferta 95 vagas para cursos de qualificação profissional em Xique-Xique,Agência Sertão,https://news.google.com/rss/articles/CBMiuwFBVV95cUxOWFZrUTV2bUpubXRTazJVeGVXZkJwT0d3dWdfMGZkbUs5T3k2ZWlTdWdJUi1vWjJ0Wk5kYVF2cDlzdkRtbG9vcnlDVFhRV25FWWpMRmk5X0x1N3ZTendFMXVtbmFQQVdhckVTdnZSY3lZSmY3QW9wQjcteW5wZkN4ZmxMREdmWlhCOWpjUkh6MXdfRmZNLVhWSG9BY040UThFVWpMbzJkWENUdWF6MGFWZ0I4MXZObkNYM3FV0gG7AUFVX3lxTE5YVmtRNXZtSm5tdFNrMlV4ZVdmQnBPR3d1Z18wZmRtSzlPeTZlaVN1Z0lSLW9aMnRaTmRhUXZwOXN2RG1sb29yeUNUWFFXbkVZakxGaTlfTHU3dlN6d0UxdW1uYVBBV2FyRVN2dlJjeVlKZjdBb3BCNy15bnBmQ3hmbExER2ZaWEI5amNSSHoxd19GZk0tWFZIb0FjTjRROEVVakxvMmRYQ1R1YXowYVZnQjgxdk5uQ1gzcVU?oc=5&hl=en-US&gl=US&ceid=US:en,Gestão e RH,Imprensa Local,Xique-Xique,busca_automatica,correta
2024-02-29,Concurso Público,Notícias Concursos,https://noticiasconcursos.com.br/if-baiano-reabre-inscricoes-para-concurso-com-44-vagas/,Gestão e RH,Especializados (Nichos),Geral / Não Especificado,curadoria_dicom,correta
2024-02-27,Monitoria,Notícias da Lapa,https://www.bomjesusdalapanoticias.com.br/bom-jesus-da-lapa/campus-do-if-baiano-de-bom-jesus-da-lapa-abre-inscricoes-para-selecao-de-monitores-do-curso-de-engenharia-agronomica/,Institucional,Imprensa Local,Geral / Não Especificado,curadoria_dicom,correta
2024-02-27,Retificação Concurso,PCI Concursos,https://www.pciconcursos.com.br/noticias/if-baiano-retifica-edital-de-concurso-publico,Gestão e RH,Especializados (Nichos),Geral / Não Especificado,curadoria_dicom,correta
2024-02-26,Últimos dias para pedidos do fardamento do IF Baiano na Leão dos Tecidos,Catu Acontece,https://news.google.com/rss/articles/CBMiqAFBVV95cUxPY3pKblhCUGJTNTI0T29nVHEwWURoWFJaSUVvVmtzd0VmQ09FVGZqaTVJSUY3Y1dnYW1hWmQ1UVU1VHduNC1zX1JHRkJ0WVE5VkUxOV91QWtQaWpYbkRnZHFabTRmb081V3p3cjkzLTJPTEdmUXkwa1FpYWUwWFhFMzZFZEN5b2Vzbk5UcmYxVjhsRnR0UlZqYlQ2M0tIbWJhdDRrMi1teHE?oc=5&hl=en-US&gl=US&ceid=US:en,Institucional,Imprensa Local,Catu,busca_automatica,correta
2024-02-23,Prosel professor substituto,PCI Concursos,https://www.pciconcursos.com.br/noticias/if-baiano-periodo-de-inscricoes-e-divulgado-para-novo-processo-seletivo-de-professor-substituto,Gestão e RH,Especializados (Nichos),Geral / Não Especificado,curadoria_dicom,correta
2024-02-22,Prosel professor substituto,Agência Sertão,https://agenciasertao.com/2024/02/22/ifba-e-if-baiano-abriram-novos-processos-seletivos-para-professor/,Gestão e RH,Imprensa Local,Serrinha,curadoria_dicom,correta
2024-02-22,Ifba e IF Baiano abriram novos processos seletivos para professor,Agência Sertão,https://news.google.com/rss/articles/CBMipgFBVV95cUxQYXRmYWJQVTNhV3FZeXpxNXdwR051Wkk2TGxfcGppaGpxTGxXdFN3T2twQnRya0g0bHZvU3FJeDNqRnVZYmVqclZObk5aa3Babzk5S0VYUGNNZWFFQnFCcHFGN0paZmtJdkI3Q215MFhjZFRNbXZUamRpNjBKYjVtVWtvQmxLZkpsZ19MZGtDMnI5azJzTkFDcWwzaTdVYUdqN3ZKWWFn0gGmAUFVX3lxTFBhdGZhYlBVM2FXcVl5enE1d3BHTnVaSTZMbF9wamloanFMbFd0U3dPa3BCdHJrSDRsdm9TcUl4M2pGdVliZWpyVk5uTlprcFpvOTlLRVhQY01lYUVCcUJwcUY3Slpma0l2QjdDbXkwWGNkVE1tdlRqZGk2MEpiNW1Va29CbEtmSmxnX0xka0MycjlrMnNOQUNxbDNpN1VhR2o3dkpZYWc?oc=5&hl=en-US&gl=US&ceid=US:en,Gestão e RH,Imprensa Local,Geral / Não Especificado,busca_automatica,ambos_citados
2024-02-20,Abertas as inscrições para a Tenda da Ciência do IF Baiano em Guanambi,Agência Sertão,https://news.google.com/rss/articles/CBMirAFBVV95cUxObVZhXy0yX2FwV0RxU1BhQjdGWUoxaHRzdDEzd21oTTNoRHBXRTE1N1lRUEdVRUZSbVFDMDE5dl9uTHNjVkM5QnpYU1lZVDVZOFhKS2M3c3FHS1J3ZE9pSG9qUVZRRGhmRlFhTFBia281OWdOMy1pbWRIQXhVV1laRFBMaXYxNzZURW16WElzZjItcHpiaUZ6dU14NkR2TTFTdGxMMXZCeVBDU1ZK0gGsAUFVX3lxTE5tVmFfLTJfYXBXRHFTUGFCN0ZZSjFodHN0MTN3bWhNM2hEcFdFMTU3WVFQR1VFRlJtUUMwMTl2X25Mc2NWQzlCelhTWVlUNVk4WEpLYzdzcUdLUndkT2lIb2pRVlFEaGZGUWFMUGJrbzU5Z04zLWltZEhBeFVXWVpEUExpdjE3NlRFbXpYSXNmMi1wemJpRnp1TXg2RHZNMVN0bEwxdkJ5UENTVko?oc=5&hl=en-US&gl=US&ceid=US:en,Pesquisa,Imprensa Local,Guanambi,busca_automatica,correta
2024-02-18,Últimos dias para inscrições no Concurso Público,Agência Sertão,https://agenciasertao.com/2024/02/18/ultimos-dias-para-inscricoes-no-concurso-do-if-baiano-2/,Gestão e RH,Imprensa Local,Geral / Não Especificado,curadoria_dicom,correta
2024-02-18,Últimos dias para inscrições no Concurso Público,Siga a Noticía,https://sigaanoticia.com.br/ultima-chance-inscricoes-para-concurso-do-if-baiano-encerram-nesta-terca-feira-20/,Gestão e RH,Imprensa Local,Geral / Não Especificado,curadoria_dicom,correta
2024-02-18,Inscrições para Concurso Público começam amanhã,Voz da Bahia,https://vozdabahia.com.br/inscricoes-para-concurso-do-if-baiano-terminam-nesta-terca-feira-20/,Gestão e RH,Imprensa Local,Geral / Não Especificado,curadoria_dicom,correta
2024-02-18,Últimos dias para inscrições no Concurso Público,iBahia,https://www.ibahia.com/empregos-e-concursos/inscricoes-para-concurso-do-if-baiano-terminam-nesta-terca-feira-20-314439,Gestão e RH,Imprensa Regional (Bahia),Geral / Não Especificado,curadoria_dicom,correta
2024-02-15,Prorrogação Concurso Público,Empregos na Bahia,https://empregosnabahia.com.br/prorrogadas-as-inscricoes-para-concurso-publico-do-if-baiano/#google_vignette,Gestão e RH,Imprensa Local,Geral / Não Especificado,curadoria_dicom,correta
2024-02-15,Prorrogação Concurso Público,Vagas na Bahia,https://vagasnabahia.com.br/if-baiano-divulga-concurso-com-96-vagas-na-bahia-com-salario-de-ate-4-55592-conforme-o-nivel-de-formacao/,Gestão e RH,Imprensa Local,Geral / Não Especificado,curadoria_dicom,correta
2024-02-13,Prosel EAD,PEBSP,https://www.pebsp.com/ifbaiano-anuncia-4-cursos-tecnicos-ead-com-inscricoes-abertas/,Ensino,Imprensa Local,Catu,curadoria_dicom,correta
2024-02-13,Prorrogação Concurso Público,Se Liga Chapada,https://www.seligachapada.com.br/if-baiano-prorroga-inscricoes-ate-dia-20-de-fevereiro/,Gestão e RH,Imprensa Local,Geral / Não Especificado,curadoria_dicom,correta
2024-02-10,Cursos técnicos EaD do IF Baiano abrem 130 vagas,InfoEducação,https://news.google.com/rss/articles/CBMigwFBVV95cUxPb1Y4T3lzQU94MkQ1c0QtSFJQR1hTcnp5R1dtdjlLcDhnTTdhMlR3ekVtRHpyM1JiOGg0V2hnZzJMa0hyY0d5RTl4MW90NTFaV09LbFZzZTV2aGM4am1mTXhNZWFTaEwxdmZSZFJBOUpnRTdQZEtwalZEMDBDU21rYThXdw?oc=5&hl=en-US&gl=US&ceid=US:en,Gestão e RH,Especializados (Nichos),Geral / Não Especificado,busca_automatica,correta
2024-02-10,Prorrogação Concurso Público,O HOJE.com,https://ohoje.com/noticia/concursos/n/1568867/t/if-baiano-prorroga-inscricoes-ate-dia-20-de-fevereiro/,Gestão e RH,Imprensa Local,Geral / Não Especificado,curadoria_dicom,correta
2024-02-09,Concurso do IF Baiano prorroga inscrição para 96 vagas de professor e TAE,JC Concursos,https://news.google.com/rss/articles/CBMiqgFBVV95cUxNZXJEVVVLbmhyMXZJcXJBMmNCZFgyMXQydGhqR0gxNDV3dW5zT2VMN0xldEQzUWJwUC1yalR5THo2RlpkLWVCVDlWNVB6Rlk1MUNzQnp4LVFMTmM0eTlqaTRJRkE4VDlMb2JHSC1CdzRMaHN3MTZrdGlkR2x5OTBiTTN2cjl0ZVdabXc1RjdKTUNGQ2dJQml2amlELVhJdjk1dFNTR21SX1RiUdIBrwFBVV95cUxObHJuNlB6S19Yc0FSQ0d5VmQwQzNaUXJTNTVpQlBia1IyU19pQXZhMVItRlFmdTVzVGtldE9ZWVEwZmQwcmp4VEdYU052RlhkYXhXcTl1b2dkTmlaUUxISWNqR3A1eXNUdUNhM3phSlFhZG1ENTA0bzBqUkxZbG81R2lJY1pFVnlSR21IZkozQlhGbWN6WkZRdzdsb0pWOFZmTVZqZVNsX3dCeWRiNHRB?oc=5&hl=en-US&gl=US&ceid=US:en,Gestão e RH,Especializados (Nichos),Geral / Não Especificado,busca_automatica,correta
2024-02-09,Concurso IF Baiano 2024: Inscrição é prorrogada para Técnicos Administrativos,Ache Concursos,https://news.google.com/rss/articles/CBMiswFBVV95cUxPS3hrVXY5cm9VQk0zV0FnZlVBUnVoNFNJUTZsU19iaWc4eEU0LTV5bGl6VWtuQ1ZmN3h4UlZqSm9BWGs3N2JISkh0MTVaWDlwVG1zdmJ1UjBCS3YzVEF0V0FNQ0ZZWTRPamNTNHQ5aERCanU5aGZtRmlrSzlDYjczWTVyY242OFFQMk9rRmJuSXF3NS03WG9RSFd3bi1rcnI2V1JraTk3clFCTzFPREpYQXlHQdIBuAFBVV95cUxPQ2h3UGktUC1BTC1ReFlWXzdfWTNlYnVtWnVfa1o5Nl84OTVDZUUzT0IwLXAzdTVYRWdjUHNmRkJpcDU3dEcwd2ZwNzlfLVFtWExJZDVpeWhlYlB1a3NPVmdRbU9DNk50V0RHaUg3UE5jMG5pT0kxLXZVQ1dTQmJPRTJKeko4bmhVSGxXNGg0YkptVnlFODhUOW9hbmp5aUh6UXRCU3BHbFVhbVFheEY2Slkya3lVVXpp?oc=5&hl=en-US&gl=US&ceid=US:en,Gestão e RH,Especializados (Nichos),Geral / Não Especificado,busca_automatica,correta
2024-02-09,IF Baiano prorroga inscrições dos concursos públicos até dia 20 de fevereiro,Preto no Branco | Com Sibelle Fonseca,https://news.google.com/rss/articles/CBMitAFBVV95cUxQSGNRWWZ1Tl9aWEF1WFhBbldJNDA0S05vdmpvSGhuVFdCcUtpU1AtbDNvUmxtbXh3T01yNEZwZ19LRGNjVmtvWFhQYVVrMXBFcUJtNXM3bDRwcTR6ZUhaWnQzM0t3UlF6cGVhekQ1SFltTE9oVUNLdjg3YXh2WWNlNF9QWWFjVUE1WW54VWZfVzVYT2NMZHZ6NWtoVmw0SXpiLTVHUzhTNVd6ZmFNOVNPZ0dKWHg?oc=5&hl=en-US&gl=US&ceid=US:en,Gestão e RH,Imprensa Local,Geral / Não Especificado,busca_automatica,correta
2024-02-09,Prorrogação Concurso Público,PCI Concursos,https://www.pciconcursos.com.br/noticias/if-baiano-prorroga-inscricoes-para-dois-concursos-publicos,Gestão e RH,Especializados (Nichos),Geral / Não Especificado,curadoria_dicom,correta
2024-02-08,Prorrogação Concurso Público,Agência Sertão,https://agenciasertao.com/2024/02/08/inscricoes-do-concurso-do-if-baiano-foram-prorrogadas/,Gestão e RH,Imprensa Local,Geral / Não Especificado,curadoria_dicom,correta
2024-02-08,Inscrições do concurso do IF Baiano foram prorrogadas,Agência Sertão,https://news.google.com/rss/articles/CBMilgFBVV95cUxOMXBVY2FQbzlWV3F5bTFnU25ISDBocGhIdVJTcE42V2dCMkVpRnVKSFZEd0ZKbVU3dWw0RkZBV2JGWDhDemY5b3NZeGthYXBlME9QUUpDN0otaTNYQUU4UG4zbzNFT2Z1SlF4S1ZQa05CS0Q0RUdqQTFKYUMwT0YzWmthTkx1RGF5UFBxX3lyMWVJQmRiTUHSAZYBQVVfeXFMTjFwVWNhUG85VldxeW0xZ1NuSEgwaHBoSHVSU3BONldnQjJFaUZ1SkhWRHdGSm1VN3VsNEZGQVdiRlg4Q3pmOW9zWXhrYWFwZTBPUFFKQzdKLWkzWEFFOFBuM28zRU9mdUpReEtWUGtOQktENEVHakExSmFDME9GM1prYU5MdURheVBQcV95cjFlSUJkYk1B?oc=5&hl=en-US&gl=US&ceid=US:en,Gestão e RH,Imprensa Local,Geral / Não Especificado,busca_automatica,correta
2024-02-07,Ifba e IF Baiano abrem processos seletivos para professor em duas cidades,Agência Sertão,https://news.google.com/rss/articles/CBMisAFBVV95cUxOc3dtMEF5ZEhfbmJKUXU5Q2d3QlFkaVQxeEpCRk8yOUZBOHpYejJaN0hZcW4zUGpOTl83WGtZNFRHZmNxSmItb3p3cWoydUxqZGxLbzFXaHhuRmM1bVhkMi1BcF9KS1pLaEdyS3VubWZRS2ptN3VXY0pIU25XY1lfMWRwS1ZCcS1pclowSHdONmFBYlRBLUNYaUJJWEdnNFlucWs2OTNwWGRmTlRnQnF5etIBsAFBVV95cUxOc3dtMEF5ZEhfbmJKUXU5Q2d3QlFkaVQxeEpCRk8yOUZBOHpYejJaN0hZcW4zUGpOTl83WGtZNFRHZmNxSmItb3p3cWoydUxqZGxLbzFXaHhuRmM1bVhkMi1BcF9KS1pLaEdyS3VubWZRS2ptN3VXY0pIU25XY1lfMWRwS1ZCcS1pclowSHdONmFBYlRBLUNYaUJJWEdnNFlucWs2OTNwWGRmTlRnQnF5eg?oc=5&hl=en-US&gl=US&ceid=US:en,Gestão e RH,Imprensa Local,Geral / Não Especificado,busca_automatica,ambos_citados
2024-02-07,CDL de Guanambi avalia que feriado na Quarta-feira de Cinzas atrapalha economia da cidade,Agência Sertão,https://news.google.com/rss/articles/CBMixgFBVV95cUxPNFh3c2VzSTRYbTZWRE9IWENHM1pCVHppWHhWdWdQUk9OWEw5bk4zUnNOZzc4MUFFYmMxQ0pLaXpJNUdVNU8wODZJNG1TM1psdkxTTERfczFHeGJ5ZVhDMlhuRlZSZHZNMnJ2dlhkUERNaWtZR2JxZ2YzeHQ0cVNXcFUwSzJaS2VOdG8zZE9ObDVkLW1fUzRkbElKZEJyc0lLaGFKNm4wOGNIM2trOV91RlQxVjltcjZBLWtJYTZLdV9aWXZZbFHSAcYBQVVfeXFMTzRYd3Nlc0k0WG02VkRPSFhDRzNaQlR6aVh4VnVnUFJPTlhMOW5OM1JzTmc3ODFBRWJjMUNKS2l6STVHVTVPMDg2STRtUzNabHZMU0xEX3MxR3hieWVYQzJYbkZWUmR2TTJydnZYZFBETWlrWUdicWdmM3h0NHFTV3BVMEsyWktlTnRvM2RPTmw1ZC1tX1M0ZGxJSmRCcnNJS2hhSjZuMDhjSDNrazlfdUZUMVY5bXI2QS1rSWE2S3VfWll2WWxR?oc=5,Extensão,Imprensa Local,Guanambi,busca_automatica,correta
2024-02-06,Prosel,PimentaBlog,https://pimenta.blog.br/2024/02/06/if-baiano-oferece-42-vagas-em-cursos-tecnicos-para-o-campus-de-urucuca/,Ensino,Imprensa Local,Geral / Não Especificado,curadoria_dicom,correta
2024-02-02,Concurso Público,Agência Sertão,https://agenciasertao.com/2024/02/02/ultimos-dias-para-inscricoes-no-concurso-do-if-baiano/#google_vignette,Gestão e RH,Imprensa Local,Geral / Não Especificado,curadoria_dicom,correta
2024-02-02,IF Baiano publica edital para cursos subsequentes EaD,SulBahiaNews,https://news.google.com/rss/articles/CBMijwFBVV95cUxQNXRPSlFzbWpYb0h0UnpjZTBRRHQ3V29SV25ETnhfUU5ZX0ZkY0pKa0Q3ekJ2cFg0TW9HdXVXN3BjcGlTdUlRMmNBNHFlcllEMVRBUHJFcUVPcnRVblBaVHFHaTNLcjN6SzRXVEE2cy1fdld6V01nQ0ZnczRxQk9YSHN6bmh0UW85ZDk5ZWJnVQ?oc=5&hl=en-US&gl=US&ceid=US:en,Gestão e RH,Imprensa Local,Geral / Não Especificado,busca_automatica,correta
2024-02-02,Prosel,Correio,https://www.correio24horas.com.br/minha-bahia/if-baiano-oferece-160-vagas-em-cursos-tecnicos-em-catu-0224,Ensino,Imprensa Regional (Bahia),Geral / Não Especificado,curadoria_dicom,correta
2024-01-31,Prosel professor substituto,PCI Concursos,https://www.pciconcursos.com.br/noticias/if-baiano-processo-seletivo-e-realizado-no-campus-governador-mangabeira,Gestão e RH,Especializados (Nichos),Geral / Não Especificado,curadoria_dicom,correta
2024-01-30,Prosel Professor Substituto,Ache Concursos,https://www.acheconcursos.com.br/concursos-bahia/if-baiano-vagas-professor-portugues-ingles-68190,Gestão e RH,Especializados (Nichos),Governador Mangabeira,curadoria_dicom,correta
2024-01-29,Prosel EaD,Folha do Vale,https://folhadovale.net/campus-bom-jesus-da-lapa-oferta-160-vagas-em-cursos-tecnicos-subsequentes-ead.html,Ensino,Imprensa (Nacional),Geral / Não Especificado,curadoria_dicom,correta
2024-01-29,Campus do IF Baiano de Bom Jesus da Lapa oferta 160 vagas em cursos técnicos subsequentes EaD,Notícias da Lapa,https://news.google.com/rss/articles/CBMi6gFBVV95cUxOckllaU9reFFOZUF4TmpaX0FBank1ODJsME5BdndzNXhoM3VHbW5tUHRnOXBfLU9WZEtzTG5tQVRDc2FWVHEyX0xyMzA4YVhvVXZTazRlZ043UFREQW9TNmtmS1h5NS00c1h2bG43cTgwZFFLSkRQOHU2YkNMck9wZVNxS0pPOFJ0YU5fWDh1OFR5STVoblc4aEFidXhFajF2QmNfQV9hUS1JR1hXSEtJN1hTd0N1Z19VLTdHeXhoams0M19md2hVblh1UWVDdUsxR3BPamNhdXJPamFTYlhOUFdIdDRtS0pwd0E?oc=5&hl=en-US&gl=US&ceid=US:en,Gestão e RH,Imprensa Local,Bom Jesus da Lapa,busca_automatica,correta
2024-01-29,Prosel EaD,Notícias da Lapa,https://www.bomjesusdalapanoticias.com.br/bom-jesus-da-lapa/campus-do-if-baiano-de-bom-jesus-da-lapa-oferta-160-vagas-em-cursos-tecnicos-subsequentes-ead/,Ensino,Imprensa Local,Bom Jesus da Lapa,curadoria_dicom,correta
2024-01-27,Prosel Professor Substituto,Agência Sertão,https://agenciasertao.com/2024/01/27/processo-seletivo-do-if-baiano-oferta-duas-vagas-para-professor-substituto-em-guanambi/,Gestão e RH,Imprensa Local,Guanambi,curadoria_dicom,correta
2024-01-26,IF Baiano lança edital com 105 vagas para cursos técnicos integrados em Teixeira de Freitas,SulBahiaNews,https://news.google.com/rss/articles/CBMiwgFBVV95cUxQVWlGcV85MlVQeG5JT1RiSVVybWhHNEtNa1JsMUM2TTVDNFJiQTNtU0kwTmF2cE5ybm1pY05tQVpRNWd4TDdtMGdxT1FYRExCWW82d05qRllzU0xiRTg1b1hKeXhvWVkxb0pzN3ZkczU0RGFKMzBkbTNickpMbzVMc1cydTQ1ZlVuTHJXR0VzWHo3U2VpUlBYRmxlZ215SmtkTHRuSzlwY21IQTAtcTBqN3FrV2xkWTNXa29oclNvc0pCUQ?oc=5&hl=en-US&gl=US&ceid=US:en,Gestão e RH,Imprensa Local,Teixeira de Freitas,busca_automatica,correta
2024-01-26,Prosel subsequente EaD,PEBSP,https://www.pebsp.com/instituto-federal-baiano-sai-na-frente-e-abre-inscricoes-para-3-cursos-tecnicos-ead-gratuitos-oferecidos-em-2024/,Ensino,Imprensa Local,Geral / Não Especificado,curadoria_dicom,correta
2024-01-26,Prosel,SulBahia News,https://www.sulbahianews.com.br/if-baiano-lanca-edital-com-105-vagas-para-cursos-tecnicos-integrados-em-teixeira-de-freitas/,Ensino,Imprensa Local,Teixeira de Freitas,curadoria_dicom,correta
2024-01-25,Concurso Público,Catraca Livre,https://catracalivre.com.br/educacao/if-baiano-anuncia-concurso-publico-com-96-vagas-e-cadastro-reserva/,Gestão e RH,Imprensa (Nacional),Geral / Não Especificado,curadoria_dicom,correta
2024-01-23,Instituto Federal Baiano Campus Catu divulga seleção para vagas através do SISU,Catu Acontece,https://news.google.com/rss/articles/CBMisgFBVV95cUxOdk1IcUhSLUF5bXVXOHlUSm0tWGdadjduNjkxcmpfdFJGS21sSjNBNFZKWUFDeVBxZngtR1pTc292R05aUVk1dmdHejBmOHljTVJ2R29ObnRLNkdxR0NyMlFFTmRfY0NmWDEza09XbDNEYUFuRFBYaGY0bTZDVk9yVVhxa0tkS1AzRjJRYzVlcDd0TENDMEIyc2ZDNnl4ODc4OENXM2ZzYzE5VHhrd0dCUWVR?oc=5&hl=en-US&gl=US&ceid=US:en,Gestão e RH,Imprensa Local,Catu,busca_automatica,correta
2024-01-22,Sisu 2024,Agência Sertão,https://agenciasertao.com/2024/01/22/if-baiano-oferta-925-vagas-em-dez-cidades-via-sisu/,Ensino,Imprensa Local,Geral / Não Especificado,curadoria_dicom,correta
2024-01-22,Concurso Público,Catraca Livre,https://catracalivre.com.br/educacao/if-baiano-abre-concursos-publicos-com-96-vagas-em-diversas-areas/,Gestão e RH,Imprensa (Nacional),Geral / Não Especificado,curadoria_dicom,correta
2024-01-22,Concurso Público,Jornal Conquista,https://jornalconquista.com.br/2024/01/22/concurso-publico-do-if-baiano-oferece-salarios-de-ate-r-104-mil/,Gestão e RH,Imprensa Local,Geral / Não Especificado,curadoria_dicom,correta
2024-01-22,Concurso Público,Blog do Anderson,https://www.blogdoanderson.com/2024/01/22/ifbai/,Gestão e RH,Imprensa Local,Geral / Não Especificado,curadoria_dicom,correta
2024-01-22,Concurso Público,iGuanambi,https://www.iguanambi.com.br/noticias/2024/01/22/concurso-publico-do-if-baiano-oferece-remuneracoes-que-chegam-a-r-104-mil/,Gestão e RH,Imprensa Local,Geral / Não Especificado,curadoria_dicom,correta
2024-01-21,Nota de corte sisu,Vestibulando Web,https://www.vestibulandoweb.com.br/sisu/nota-de-corte-ifbaiano-sisu-2021-1-renda-escola-publica/,Ensino,Imprensa Local,Geral / Não Especificado,curadoria_dicom,correta
2024-01-19,IF Baiano abriu processos seletivos para professor em três cidades,Agência Sertão,https://news.google.com/rss/articles/CBMipwFBVV95cUxOelpLTFZpNm03YThwYktFQ3kwZzBocVVCOF9PTkpfbGkza1V3c1dxd3R6SlJ6eUZkSm9vb0tvVjd0Tjd0bzZ5ekgzdjA5cE8tdV9TNUtRR3FtRmRmbTBCM0h4dm9NRW05bEdramlFZlR5aHFvTndkT05CdVlaZDdEeGFuRWVNaVc1SnZrY0xPY0M3dXFJLTNGVUZ1N0xsRGtEaUFPV0E2c9IBpwFBVV95cUxOelpLTFZpNm03YThwYktFQ3kwZzBocVVCOF9PTkpfbGkza1V3c1dxd3R6SlJ6eUZkSm9vb0tvVjd0Tjd0bzZ5ekgzdjA5cE8tdV9TNUtRR3FtRmRmbTBCM0h4dm9NRW05bEdramlFZlR5aHFvTndkT05CdVlaZDdEeGFuRWVNaVc1SnZrY0xPY0M3dXFJLTNGVUZ1N0xsRGtEaUFPV0E2cw?oc=5&hl=en-US&gl=US&ceid=US:en,Gestão e RH,Imprensa Local,Geral / Não Especificado,busca_automatica,correta
2024-01-18,Prosel professor substituto,"Guanambi, Senhor do Bonfim e Serrinha",https://agenciasertao.com/2024/01/18/if-baiano-abriu-processos-seletivos-para-professor-em-tres-cidades/,Gestão e RH,Imprensa Local,Guanambi,curadoria_dicom,correta
2024-01-17,Graduação,Notícias da Lapa,https://www.bomjesusdalapanoticias.com.br/bom-jesus-da-lapa/campus-do-if-baiano-de-bom-jesus-da-lapa-oferta-vagas-remanescentes-em-cursos-de-graduacao/,Ensino,Imprensa Local,Bom Jesus da Lapa,curadoria_dicom,correta
2024-01-16,Concurso Público,A Tarde,https://atarde.com.br/conteudopublicitario/concurso-publico-do-if-baiano-oferece-remuneracoes-de-ate-r-104-mil-1255590,Gestão e RH,Imprensa Regional (Bahia),Geral / Não Especificado,curadoria_dicom,correta
2024-01-16,Concurso Público,Bahia Econômica,https://bahiaeconomica.com.br/wp/2024/01/16/instituto-federal-abre-vagas-na-bahia-com-remuneracoes-de-ate-r-104-mil/,Gestão e RH,Imprensa Local,Geral / Não Especificado,curadoria_dicom,correta
2024-01-16,Concurso Público,Recruta Bahia,https://www.recrutabahia.com.br/2024/01/if-baiano-esta-com-inscricoes-abertas.html?m=1,Gestão e RH,Imprensa Local,Geral / Não Especificado,curadoria_dicom,correta
2024-01-15,Sisu 2024,Agência Sertão,https://agenciasertao.com/2024/01/15/if-baiano-e-uneb-ofertam-270-vagas-para-cursos-superiores-em-guanambi-pelo-sisu-2024/,Ensino,Imprensa Local,Guanambi,curadoria_dicom,correta
2024-01-13,Concurso Público,Blog do Redação,https://blogdoredacao.com.br/concurso-publico-do-if-baiano-oferece-remuneracoes-que-chegam-a-r-104-mil/,Gestão e RH,Imprensa Local,Geral / Não Especificado,curadoria_dicom,correta
2024-01-10,Concurso Público,O HOJE.COM,https://ohoje.com/noticia/concursos/n/1561418/t/if-baiano-abre-inscricoes-para-concursos-publicos/,Gestão e RH,Imprensa Local,Geral / Não Especificado,curadoria_dicom,correta
2024-01-10,Inscrições abertas para Concurso Público,Preto no Branco,https://pretonobranco.org/2024/01/10/estao-abertas-as-inscricoes-para-os-concursos-publicos-do-if-baiano/,Gestão e RH,Imprensa Local,Geral / Não Especificado,curadoria_dicom,correta
2024-01-10,Prosel professor substituto,Ache Concursos,https://www.acheconcursos.com.br/concursos-bahia/if-baiano-abre-vagas-para-professor-substituto-em-senhor-do-bonfim-67594,Gestão e RH,Especializados (Nichos),Geral / Não Especificado,curadoria_dicom,correta
2024-01-10,Prosel EaD,SulBahiaNews,https://www.sulbahianews.com.br/if-baiano-abre-inscricoes-para-cursos-tecnicos-a-distancia/,Ensino,Imprensa Local,Teixeira de Freitas,curadoria_dicom,correta
2024-01-09,Inscrições abertas para Concurso Público,Notícias Concursos,https://noticiasconcursos.com.br/inscricoes-do-concurso-if-baiano-ainda-estao-abertas-nao-perca-esta-chance/#google_vignette,Gestão e RH,Especializados (Nichos),Geral / Não Especificado,curadoria_dicom,correta
2024-01-06,Nota de corte do IF Baiano no Sisu,Vestibulando Web,https://www.vestibulandoweb.com.br/sisu/nota-de-corte-da-ifbaiano-no-sisu-2023-1/,Ensino,Imprensa Local,Geral / Não Especificado,curadoria_dicom,correta
2024-01-05,Inscrições abertas para Concurso Público,A Tarde,https://atarde.com.br/bahia/concurso-publico-do-if-baiano-abre-inscricoes-com-salario-de-r-10-mil-1254355,Gestão e RH,Imprensa Regional (Bahia),Geral / Não Especificado,curadoria_dicom,correta
2024-01-05,Inscrições abertas para Concurso Público,Blog do Valente,https://blogdovalente.com.br/concursos/2024/01/concurso-publico-do-if-baiano-abre-inscricoes-com-salario-de-r-10-mil/,Gestão e RH,Imprensa Local,Geral / Não Especificado,curadoria_dicom,correta
2024-01-05,CONCURSO PÚBLICO DO IF BAIANO ABRE INSCRIÇÕES COM SALÁRIO DE R$ 10 MIL -,- Bahia Economica,https://news.google.com/rss/articles/CBMitAFBVV95cUxOaW1na3YxanA0MW41X1RZZEF5NkRkN3RlQ2tVQzdKbGh6dzhaODVoYjFpUGNxdUp6cjcxbkV3QkVmaFhCNGVZRm1sdmdhNnJpNmUwYUdHM1NXVEJZV3lEY2Frblg5YXp3NTNkaHA2dldFWThtY21wNzVNOUhOT0pIYnJ0LXF4ZUNlZTdXRTVrVkNJMmJlc0VILUJfeWMwZmpBTlI0SU9xQkFUUWJrQmZMOHhqTVU?oc=5&hl=en-US&gl=US&ceid=US:en,Gestão e RH,Imprensa Local,Geral / Não Especificado,busca_automatica,correta
2024-01-05,Inscrições abertas para Concurso Público,Diga Bahia,https://www.digabahia.com.br/concurso-publico-com-96-vagas-para-o-if-baiano-abre-inscricoes/,Gestão e RH,Imprensa Local,Geral / Não Especificado,curadoria_dicom,correta
2024-01-04,Prosel Graduação,Agência Sertão,https://agenciasertao.com/2024/01/04/if-baiano-abre-inscricoes-para-241-vagas-de-cursos-de-graduacao-em-guanambi/,Ensino,Imprensa Local,Guanambi,curadoria_dicom,correta
2024-01-04,Inscrições abertas para Concurso Público,Aratu on,https://aratuon.com.br/educacao/2024-01-04/concurso-publico-com-96-vagas-para-o-if-baiano-esta-com-inscricoes-abertas-os-salarios-vao-ate-r-10-48164/,Gestão e RH,Imprensa Regional (Bahia),Geral / Não Especificado,curadoria_dicom,correta
2024-01-04,Inscrições abertas para o Concurso Público,Bahia Econômica,https://bahiaeconomica.com.br/wp/2024/01/04/if-baiano-divulga-concurso-com-96-vagas-para-professores-e-tecnicos/,Gestão e RH,Imprensa Local,Geral / Não Especificado,curadoria_dicom,correta
2024-01-04,Prosel Concurso Público,G1 Bahia,https://g1.globo.com/ba/bahia/blogdoemprego/noticia/2024/01/04/if-baiano-divulga-concurso-para-professores-e-tecnicos-confira-como-participar.ghtml,Gestão e RH,Imprensa (Nacional),Geral / Não Especificado,curadoria_dicom,correta
2024-01-04,Prosel Concurso Público,Mural do Oeste,https://muraldooeste.com/if-baiano-divulga-concurso-divulga-concurso-com-96-vagas-para-professores-e-tecnicos-confira-como-participar/,Gestão e RH,Imprensa Local,Geral / Não Especificado,curadoria_dicom,correta
2024-01-04,IF Baiano divulga concurso com 96 vagas para professores e técnicos; confira como participar,G1,https://news.google.com/rss/articles/CBMi4AFBVV95cUxOdXg0UlA2aThEYWdWNUdOV1AwV0lRdVhIdC1QQ3hkOEhnOE0zOUtVa3RHOUJKWjE0cFdiR0VpTi14R1djWWQwZzRNMnB3M1AtcUl6N2pwUDFtLVNrRjhXTnVycmV2Qk05bG5GelFHYTJQS0FHbnF5MlY5LS1ub2QxUktpem9YeEJvZTFveDNMaDF2bTh3cHUxNUJVSXhUbmpZWEtuWEdTbzBmOHhnQ1ZvY3ZkT2pNOXVqczJCOS1JY1hvQWRhcDEzUUtWTjUzVy1SLUFPbHBXVkJNNUZYRlZtTtIB7wFBVV95cUxPN3JtaUZUT21qX3Rsb0pnOTRFWGtubHFGaHN6V1hsSXQ5emF1VE9takVhMDVtWFZHaTRjWnVlQVdWdlVEZ081clJJNVh5US1wNEFyRTBrUUxJQTBZYVp2X0lOa3ZKU25kdkFnN2F5aVlLbzVDMG5HYy1vV3RrZEJ1NGJ6Zm03cHFHbUJkOVUwT2lmWVViZ1BiY05lLS04eVVHdzdxa2pFM1lja0VYSnhqbEVRR1NELTZabnEtb3d4QkhxTGpySFVwX1NlenN4UzI4N0lHSFNscElJZjAxVWtJekh3LUpGdS02VkxHS3Z0aw?oc=5&hl=en-US&gl=US&ceid=US:en,Gestão e RH,Imprensa (Nacional),Geral / Não Especificado,busca_automatica,correta
2024-01-04,IF Baiano abre inscrições para 241 vagas de cursos de graduação em Guanambi,Agência Sertão,https://news.google.com/rss/articles/CBMiswFBVV95cUxPdkhMdk81cG5sX1hBT0VuMlJtTjFSOVJ1OVpXbWlSWUpuTTJuUklRTlhhRkJPSWphVjUxUk00VHdMbWY0d1FEb0V1ZU11d0NyRXloZ2ZJalI0WkZWRzdfMXpfVTl1bFNDOGZaYmVrSHV0S2ZocjFrWVNsbUJEcTU3MFNqNGR5eVRaV3VEbTk2Z2luSEhhQ2dQMFI5T3pNM1BGeXdINDducFE0czNRMDdUQWZ5RdIBswFBVV95cUxPdkhMdk81cG5sX1hBT0VuMlJtTjFSOVJ1OVpXbWlSWUpuTTJuUklRTlhhRkJPSWphVjUxUk00VHdMbWY0d1FEb0V1ZU11d0NyRXloZ2ZJalI0WkZWRzdfMXpfVTl1bFNDOGZaYmVrSHV0S2ZocjFrWVNsbUJEcTU3MFNqNGR5eVRaV3VEbTk2Z2luSEhhQ2dQMFI5T3pNM1BGeXdINDducFE0czNRMDdUQWZ5RQ?oc=5&hl=en-US&gl=US&ceid=US:en,Gestão e RH,Imprensa Local,Guanambi,busca_automatica,correta
2024-01-04,Inscrições abertas para Concurso Público,Jornal Correio,https://www.correio24horas.com.br/minha-bahia/if-baiano-concurso-para-formacao-de-cadastro-de-reserva-0124,Gestão e RH,Imprensa Regional (Bahia),Geral / Não Especificado,curadoria_dicom,correta
2024-01-04,Prosel Concurso Público,iBahia,https://www.ibahia.com/empregos-e-concursos/if-baiano-abre-96-vagas-para-concurso-com-salarios-de-ate-r-10-mil-311825,Gestão e RH,Imprensa Regional (Bahia),Geral / Não Especificado,curadoria_dicom,correta
2024-01-03,Concurso do IF Baiano abre inscrição para 96 vagas de professor e TAE,JC Concursos,https://news.google.com/rss/articles/CBMingFBVV95cUxNcG1nUjVrYlhqWFFYWG5iWU54N3IzMDRCcVVNb0t2Nkt4Y20wOHRjaEFuQkhLSTNWX3ZxbE9zTjUyNVpTay0yRTROS3BDVlFoWnlyLXNrbHdkWUlhTVpMdXNLdDVoRHQ5VTZoMF9OU2Q5VEtiMnpnaElveW9aM09EeF84ZlhWNDlyWDFWZlJFblVnckdkRE1xUlpCYm53d9IBowFBVV95cUxNejVJWU5kbTZ4eDJiRDNhdjBvYlhOOEFJcWt6bXdHQkpOVVJPQWh5MUtLM1M3bWlBd2djaU5rNzVEc1hhQWN3eTFmTUgxYXZBc183WDRRVWRXOENINklfbFhUY2hiU2tPaVR1V2lPeGZlZGQ1aUYxRkFoTVNYckRDdm9fbl9peUN2MTlQaGNHWExOb1QxSlhFcE1XY3c0ZFc1Q2VB?oc=5&hl=en-US&gl=US&ceid=US:en,Gestão e RH,Especializados (Nichos),Geral / Não Especificado,busca_automatica,correta
2024-01-03,Inscrições abertas para o Concurso Público,Notícias Concursos,https://noticiasconcursos.com.br/concurso-if-baiano-abre-inscricoes-com-96-vagas-e-varios-cargos/,Gestão e RH,Especializados (Nichos),Geral / Não Especificado,curadoria_dicom,correta
2024-01-03,Prosel Professor substituto,PCI Concursos,https://www.pciconcursos.com.br/noticias/if-baiano-realiza-novo-processo-seletivo-no-campus-serrinha,Gestão e RH,Especializados (Nichos),Geral / Não Especificado,curadoria_dicom,correta
2024-01-03,Inscrições abertas para o Concurso Público,Sul da Bahia News,https://www.sulbahianews.com.br/inicia-hoje-inscricoes-para-concurso-do-if-baiano-com-96-vagas-em-teixeira-e-outras-6-cidades/,Gestão e RH,Imprensa Local,Geral / Não Especificado,curadoria_dicom,correta
2024-01-02,Prosel Concurso Público,Catraca Livre,https://catracalivre.com.br/educacao/if-baiano-abre-concurso-com-96-vagas-e-cadastro-reserva/,Gestão e RH,Imprensa (Nacional),Geral / Não Especificado,curadoria_dicom,correta
2024-01-02,Prosel professor substituto,Ache Concursos,https://www.acheconcursos.com.br/concursos-bahia/if-baiano-duas-vagas-professor-substituto-serrinha-67384,Gestão e RH,Especializados (Nichos),Serrinha,curadoria_dicom,correta
2023-20-10,PROSEL,empregosnabahia.com.br,https://empregosnabahia.com.br/if-baiano-abre-quase-500-vagas-para-cursos-tecnicos/,Ensino,Imprensa Local,Itapetinga,curadoria_dicom,correta
2023-12-31,Prosel EAD Itaberaba,Radio Bahia na FM,http://radiobahianafm.com.br/noticias/noticia/id:3688;ifbaiano-em-itaberaba-tem-120-vagas-em-cursos-tecnicos-ead-inscricoes-ate-3-de-fevereiro.html,Ensino,Imprensa Local,Itaberaba,curadoria_dicom,correta
2023-12-30,Concurso do IF Baiano abre inscrições na quarta-feira,Agência Sertão,https://news.google.com/rss/articles/CBMilgFBVV95cUxQbkhZSk04aDJiMmFWYmhDRk5IZ1NXSmpYQml1SHhkSEM4RXBYUmxDYkhza3RFa2xkSjNTYmVfeWxIR3BTWl9HUjhQcGUzbEppU3pDSVdXN0RhOXRyY0hQTW42TnRZVm5rbkhsb1I1dU5QMndKaFE1VXFaN1gtMXhHRjh5dzFmaTVZOGlVR1JFR1ZkazVWbUHSAZYBQVVfeXFMUG5IWUpNOGgyYjJhVmJoQ0ZOSGdTV0pqWEJpdUh4ZEhDOEVwWFJsQ2JIc2t0RWtsZEozU2JlX3lsSEdwU1pfR1I4UHBlM2xKaVN6Q0lXVzdEYTl0cmNIUE1uNk50WVZua25IbG9SNXVOUDJ3SmhRNVVxWjdYLTF4R0Y4eXcxZmk1WThpVUdSRUdWZGs1Vm1B?oc=5&hl=en-US&gl=US&ceid=US:en,Gestão e RH,Imprensa Local,Geral / Não Especificado,busca_automatica,correta
2023-12-30,IF Baiano abre seleção com 241 vagas de graduação em Guanambi,Notícias de Bom Jesus da Lapa,https://news.google.com/rss/articles/CBMisAFBVV95cUxOcVcxc2lDa20yMHFGTDlEVndaT3FCSXU3SEJzN25GQzJaZkpJbWl1TWx1VGRESFZIUko3cHlpX1c5NUN4MFRrWVNEMHNSSkVTVEl4TThUUVFkWjFxOHJKX0c5UkgxbWxFYlNDY19WRWJST0x4ZG9IUU96Q05oLWpOTmpzUE5TTjJKUGo2Z3VUbjdEZjNjM3FHeVk0c0EtRWl1MlZUZEdaNERwTUZnQ21UQw?oc=5&hl=en-US&gl=US&ceid=US:en,Gestão e RH,Imprensa Local,Guanambi,busca_automatica,correta
2023-12-29,Retificação do Concurso Público,pciconcursos.com.br,https://www.pciconcursos.com.br/noticias/if-baiano-retificacoes-sao-anunciadas-para-dois-concursos-publicos,Gestão e RH,Especializados (Nichos),Reitoria (Salvador),curadoria_dicom,correta
2023-12-27,Alunos do IF Baiano realizam curso “Plantando Água” em Teixeira de Freitas,SulBahiaNews,https://news.google.com/rss/articles/CBMiqAFBVV95cUxNejAtSFZMNmtwb284OHEwU0s1YUNpNFRmSVZLOEV0WDZobnFYczdZa2J6THh0Y3BjZnNUN2NNWlRrRFFaaWV3N19HSy14Q2lQRThUcW5tTkNrN0xHTnRZdUZoVGpyV3NWeHAzSktlSEoyT3h2eWQ3U3RnVDhsRnh3TzRNVjI0Ni02TU9BdUFyNDNOZFRvMjY5TER0OS11bjFpR1o0WHowU2M?oc=5&hl=en-US&gl=US&ceid=US:en,Ensino,Imprensa Local,Teixeira de Freitas,busca_automatica,correta
2023-12-24,"Concurso, processo seletivo e estágio",agenciasertao.com,https://agenciasertao.com/2023/12/24/if-baiano-abre-concurso-processo-seletivo-e-selecao-de-estagio-em-salvador-e-no-interior/,Gestão e RH,Imprensa Local,Reitoria (Salvador),curadoria_dicom,correta
2023-12-24,"IF Baiano abre concurso, processo seletivo e seleção de estágio em Salvador e no interior",Agência Sertão,https://news.google.com/rss/articles/CBMixAFBVV95cUxPTHVvSjNCNHpYT2dNeVRiRUx6S0V0M3p1MUVZekRiVTlWaE9DbGNXcGhzR09uRUdHTkQ2aWQ3RGhCZmJzNEhmX0hGRHJhcTV4UGd2NTFKd3N1cjhaOFk4dnZHTVdheW5vaWFNOFVvNjlDQlF5X3JuR3pET2JzWGxZei11ekczQWJPcUxqeW11RVFEM05sNVlLa3V5djltUXhPR1FWUHBFYTUta2JNa3pYakdvbXpSZi1tZXdMendpTl9DcC1h0gHEAUFVX3lxTE9MdW9KM0I0elhPZ015VGJFTHpLRXQzenUxRVl6RGJVOVZoT0NsY1dwaHNHT25FR0dORDZpZDdEaEJmYnM0SGZfSEZEcmFxNXhQZ3Y1MUp3c3VyOFo4WTh2dkdNV2F5bm9pYU04VW82OUNCUXlfcm5HekRPYnNYbFl6LXV6RzNBYk9xTGp5bXVFUUQzTmw1WUtrdXl2OW1ReE9HUVZQcEVhNS1rYk1relhqR29telJmLW1ld0x6d2lOX0NwLWE?oc=5&hl=en-US&gl=US&ceid=US:en,Gestão e RH,Imprensa Local,Reitoria (Salvador),busca_automatica,correta
2023-12-20,Contratação Estagiário,bahiaeconomica.com.br,https://bahiaeconomica.com.br/wp/2023/12/20/if-baiano-anuncia-vaga-de-estagio-com-bolsa-de-r-1-12569/,Institucional,Imprensa Local,Reitoria (Salvador),curadoria_dicom,correta
2023-12-20,"Com bolsa de R$ 1.125,69, IF Baiano anuncia vaga de estágio; saiba mais",Jornal Correio,https://news.google.com/rss/articles/CBMi8wFBVV95cUxNZExoQU1vWFEzbUhOUldaSWVHU1B1RW92bnRfaEwzYk4yLVExc1VPMDBWaUlVWXFuZFhzX2s1SGtzcEFmbDdrNG1sWFdpa2Z6cTc4RHVaV3ZvUDRMVV9IZWV3TmxZYXlqam1iN3NBM3VMOGNRdjFNU2hMT3o1NWFHell1aXRVTEpTMC00NDcxcHN5SXNUU2JZaWJwM1ZLR2hCR0ZvenN0LUtOX1RON0w2OWZVV3Z1NTBaYmVJVk9Ea1JSbTZ6RmRSb0hFd0pxYTVQRmNCUXBFWmdKLXlQV0ZGRHRpekVySk5BdUJqekVKaExzRjg?oc=5&hl=en-US&gl=US&ceid=US:en,Gestão e RH,Imprensa Regional (Bahia),Geral / Não Especificado,busca_automatica,correta
2023-12-20,Contratação Estagiário,correio24horas.com.br,https://www.correio24horas.com.br/minha-bahia/com-bolsa-de-r-112569-if-baiano-anuncia-vaga-de-estagio-para-estudantes-de-pos-graduacao-formados-em-pedagogia-1223,Institucional,Imprensa Regional (Bahia),Reitoria (Salvador),curadoria_dicom,correta
2023-12-19,Concurso Público,jornalconquista.com.br,https://jornalconquista.com.br/2023/12/19/if-baiano-abre-concurso-publico/,Gestão e RH,Imprensa Local,Reitoria (Salvador),curadoria_dicom,correta
2023-12-19,Estudantes de Guanambi criam embalagem para evitar deterioração de carne,acheisudoeste.com.br,https://www.acheisudoeste.com.br/noticias/64035-2023/12/19/estudantes-de-guanambi-criam-embalagem-para-evitar-deterioracao-da-carne,Ensino,Especializados (Nichos),Guanambi,curadoria_dicom,correta
2023-12-19,Contratação Estagiário,pciconcursos.com.br,https://www.pciconcursos.com.br/noticias/processo-seletivo-para-contratacao-de-novo-estagiario-e-anunciado-pelo-if-baiano,Institucional,Especializados (Nichos),Reitoria (Salvador),curadoria_dicom,correta
2023-12-18,Projeto de embalagem biodegradável,secti.ba.gov.br,http://www.secti.ba.gov.br/2023/12/2461/Estudantes-baianas-criam-embalagem-para-evitar-deterioracao-da-carne.html,Extensão,Governamental,Guanambi,curadoria_dicom,correta
2023-12-18,Projeto de embalagem biodegradável,cn1.com.br,"https://www.cn1.com.br/noticias/20/112300,estudantes-da-bahia-criam-embalagem-que-preserva-a-qualidade-da-carne",Extensão,Imprensa Local,Guanambi,curadoria_dicom,correta
2023-12-18,Prosel,pciconcursos.com.br,https://www.pciconcursos.com.br/noticias/if-baiano-anuncia-novo-processo-seletivo-no-campus-senhor-do-bonfim-ba,Ensino,Especializados (Nichos),Senhor do Bonfim,curadoria_dicom,correta
2023-12-18,Prosel professor substituto,provasbrasil.com.br,https://www.provasbrasil.com.br/noticias/if-baiano-abre-novo-processo-seletivo-no-campus-senhor-bonfim-bahia/,Gestão e RH,Imprensa Local,Senhor do Bonfim,curadoria_dicom,correta
2023-12-17,Campus do IF Baiano de Guanambi oferta 10 vagas para Mestrado em Produção Vegetal no Semiárido,Notícias de Bom Jesus da Lapa,https://news.google.com/rss/articles/CBMi3AFBVV95cUxQY3pHVFFKd2I4c0pBYUpXbGFqOHhXcUkzVlBjcWRaQmhyQVNEeTZCSDBMaXpueTZqUzZPbHRySDc1c2x0aVJ1UG44LUtCUXNLamRmV2dvZGFWZlk1TzBfcFlrTTR5QXA0c2xaWlhyb1ZYSWpjNDBmSmhnSXRzcUYyY3E4SmlhcVRCaWVZbkdyYTVyYm16NklBSkt3aVFPZW9jcFJPOHRRUDRnXy1hajRPYUJjdFdjZEotZHMzMkstRURHM21kWm5qWlF1NUtlc1AxRzFEUXJUVTl3UnM0?oc=5&hl=en-US&gl=US&ceid=US:en,Gestão e RH,Imprensa Local,Guanambi,busca_automatica,correta
2023-12-16,Prosel,Teixeira de Freitas e Guanambi,https://agenciasertao.com/2023/12/16/if-baiano-abriu-inscricoes-para-mais-de-11-mil-vagas-em-cinco-cursos-tecnicos-ead/,Ensino,Imprensa Local,Guanambi,curadoria_dicom,correta
2023-12-15,Projeto do IF Baiano transforma aparelhos de TV Box apreendidos em computadores para escolas públicas,Agência Sertão,https://agenciasertao.com/2023/12/15/projeto-do-if-baiano-transforma-aparelhos-de-tv-box-apreendidos-pela-receita-federal-em-computadores-para-escolas-publicas/,Extensão,Imprensa Local,Valença,curadoria_dicom,correta
2023-12-15,Concurso Público,sulbahianews.com.br,https://www.sulbahianews.com.br/if-baiano-abre-concurso-publico-com-96-vagas-para-teixeira-e-outras-seis-cidades/,Gestão e RH,Imprensa Local,Reitoria (Salvador),curadoria_dicom,correta
2023-12-13,Concurso Público,agenciasertao.com,https://agenciasertao.com/2023/12/13/concurso-do-if-baiano-com-96-vagas-foi-aberto/,Gestão e RH,Imprensa Local,Reitoria (Salvador),curadoria_dicom,correta
2023-12-13,Concurso Público,blog.focusconcursos.com.br,https://blog.focusconcursos.com.br/concurso-if-baiano-professor-e-tae/,Gestão e RH,Especializados (Nichos),Reitoria (Salvador),curadoria_dicom,correta
2023-12-13,Concurso Público,blog.grancursosonline.com.br,https://blog.grancursosonline.com.br/concurso-if-baiano-edital-publicado-2023/,Gestão e RH,Especializados (Nichos),Reitoria (Salvador),curadoria_dicom,correta
2023-12-13,Concurso Público,concursosnobrasil.com,https://concursosnobrasil.com/concurso/concurso-ifbaiano/,Gestão e RH,Especializados (Nichos),Reitoria (Salvador),curadoria_dicom,correta
2023-12-13,Concurso Público,jcconcursos.uol.com.br,https://jcconcursos.uol.com.br/noticia/concursos/concurso-do-if-baiano-editais-professor-tae-119940,Gestão e RH,Imprensa (Nacional),Reitoria (Salvador),curadoria_dicom,correta
2023-12-13,Edital IF Baiano SAIU! São 96 vagas; CONFIRA,Blog Gran Cursos Online,https://news.google.com/rss/articles/CBMihAFBVV95cUxOMklzTmtnS2R3dy1URzhhemNuOFNKQlJpNTVHb0VXTGlFUkxHS01vaDd2bWdkandmV25HTGVHc3g5OVREN19wSVJPN0FXbDUyOU1tRkhoOC02Z1JtWjgxQTJINlFYWnZ5VDQ0bzRkVHVkY0UzQmxOeTZ4TlVsRTlLLTkyZHo?oc=5&hl=en-US&gl=US&ceid=US:en,Gestão e RH,Especializados (Nichos),Geral / Não Especificado,busca_automatica,correta
2023-12-13,"Edital IF Baiano publicado; 96 vagas com iniciais de até R$ 4.875,18",Direção Concursos,https://news.google.com/rss/articles/CBMihwFBVV95cUxPZ29QblJyOHpfLWdzczF2cDgxWC1WcER0SGthdHVudGRqd21pN1R5VElCbkJpSjNONXJUTnBOcWNjeHVHOGJSZHUzdWE3TlpoUmJheFVnaGlQYmlxdnM5SU1neGRLcUgtY2FGczE2VElOYXhNUzY3NnlRcVVMS3pZOFZ0TU92TUE?oc=5&hl=en-US&gl=US&ceid=US:en,Gestão e RH,Especializados (Nichos),Geral / Não Especificado,busca_automatica,correta
2023-12-13,Concurso do IF Baiano: editais somam 96 vagas para professor e TAE,JC Concursos,https://news.google.com/rss/articles/CBMimwFBVV95cUxOeXVSaWQwWjlTUDVGbUNWYmc2Zk9NQ0t3eWdsb0t4a0RsYVVNWkV3amhldURhejBlMi1vTzFFQzhFQU1ha2JYeVNmaXpkMTBpcWVyRVgxNE9Zckh5bUV5LVRVcm5zdGVldDVMaVFEMlc1c3ZsYjg3OWYxSnM0RFlDRUdZMWVHRGg2bDVIamk4YlJvX0lTMFZtMGdoSdIBoAFBVV95cUxOdXd6QnBGckJDMkZLRnliZTVfdVdyLXFNWHlMQ2tPX0djdWZEQTNiY3otMXFmdlNtbm5BR0Y2SmpBeGMydUxDNFZSWlpHc0p5VVZ4X1dVM08zRURrZVIyUUdMc3Q0NkhmX082MUZxU29rUHlKSEVqdEhUejRxMnU2ZEFaaGVxMmJsWnV0UW1EOWlnRy1mVTFQRE83elU0UVZw?oc=5&hl=en-US&gl=US&ceid=US:en,Gestão e RH,Especializados (Nichos),Geral / Não Especificado,busca_automatica,correta
2023-12-13,IF Baiano: Campus Teixeira de Freitas oferta 600 vagas em cursos técnicos subsequentes (EAD),SulBahiaNews,https://news.google.com/rss/articles/CBMivwFBVV95cUxQckZDVVd0Ym94Y0xkVFFiVFlXRHd6RE5xWUVkY2sxaFhIN20xT1VmSUtjQ2VLSlFaNk5BTTVPVXhwSy16bmU4Y0c0bGhOUVlnQ1R1UC1jWGFJZ250dTVRNjZJME9QMV94YzRKQWdWNFFwdEhXdTBTTnZSVEYwSUNaWlNCSlRuREdSRDk4VEdhYTkxVDJpSGlZWkNrLU1ZRENqRXJsSUJPZ1hJaE1jcEdlcWRRWEg1cHUxLW94VnpXMA?oc=5&hl=en-US&gl=US&ceid=US:en,Gestão e RH,Imprensa Local,Teixeira de Freitas,busca_automatica,correta
2023-12-13,Concurso Público,pimenta.blog.br,https://pimenta.blog.br/2023/12/13/if-baiano-abre-96-vagas-em-concurso-publico-salario-chega-a-r-104-mil/,Gestão e RH,Imprensa Local,Reitoria (Salvador),curadoria_dicom,correta
2023-12-13,Concurso Público,acheconcursos.com.br,https://www.acheconcursos.com.br/concursos-bahia/edital-if-baiano-2024-concurso-tecnicos-professores-aberto-66909,Gestão e RH,Especializados (Nichos),Reitoria (Salvador),curadoria_dicom,correta
2023-12-13,Concurso Público,direcaoconcursos.com.br,https://www.direcaoconcursos.com.br/noticias/concurso-if-baiano-edital-publicado,Gestão e RH,Especializados (Nichos),Reitoria (Salvador),curadoria_dicom,correta
2023-12-13,Concurso Público,estrategiaconcursos.com.br,https://www.estrategiaconcursos.com.br/blog/concurso-if-baiano/,Gestão e RH,Especializados (Nichos),Reitoria (Salvador),curadoria_dicom,correta
2023-12-13,Concurso Público,ibahia.com,https://www.ibahia.com/empregos-e-concursos/if-baiano-abre-novos-concursos-com-salarios-de-ate-r-10-mil-310767,Gestão e RH,Imprensa Regional (Bahia),Reitoria (Salvador),curadoria_dicom,correta
2023-12-12,Prosel EaD,agenciasertao.com,https://agenciasertao.com/2023/12/12/if-baiano-abre-560-vagas-para-cinco-cursos-tecnicos-na-modalidade-ead/,Ensino,Imprensa Local,Guanambi,curadoria_dicom,correta
2023-12-11,IF Baiano campus Valença implanta a primeira ecobarreira na bacia do rio Piau/Una,Valença Agora -,https://news.google.com/rss/articles/CBMiqgFBVV95cUxOSE9MSXpFakJsVkFUYlQ3ZnFfNTRjZjNwT0NWZV9BMW42bHdHQm9JTmwzUXg4bF9PV2lLakV0QU9kZ3lfazRQUFNndWhCaHFYRTdtcWdhWE5HcDI5YV9vdHA0d1AyV2E4THYzV3lVZlZPTTR0NUhER3l0bG0wOHA0d05seml1VHhjQ3FzbnVGTncyY0VwYndsYWdqVHdYRHV6Z3dHbWVzY25TQQ?oc=5&hl=en-US&gl=US&ceid=US:en,Institucional,Imprensa Local,Valença,busca_automatica,correta
2023-12-05,IF Baiano recebe visita de estudantes de Medeiros Neto,SulBahiaNews,https://news.google.com/rss/articles/CBMikAFBVV95cUxPLUJkdDBKSWpsdHZsdVJkMURld2tJQ2pHVWdydHFQVWRFYlZ3bkNqR2pST0x1bzM1c1k4cjA3VHpKQjZoaC1iOXVWSkkyMXEtdjdkNDkxd0M2RDJyb0tpME03dmlvdUdSVGN1d2NGZmZXNmlZVDg2NUdnQVY5cEJsVVB2QzBoTHpEY1d4NFRGMzM?oc=5&hl=en-US&gl=US&ceid=US:en,Ensino,Imprensa Local,Geral / Não Especificado,busca_automatica,correta
2023-12-05,IF Baiano recebe visita de estudantes do Colégio Estadual Medeiros Neto,Sul da Bahia News,https://www.sulbahianews.com.br/if-baiano-recebe,Ensino,Imprensa Local,Teixeira de Freitas,curadoria_dicom,correta
2023-12-04,IF Baiano implementa curso superior,Agência Sertão,https://agenciasertao.com/2023/12/04/if-baiano-vai-ofertar-graduacao-em-educacao-fisica-no-campus-itapetinga/,Ensino,Imprensa Local,Itapetinga,curadoria_dicom,correta
2023-12-01,Prosel,bandba.com.br,https://bandba.com.br/robotica-nas-escolas-municipais-de-alagoinhas/,Ensino,Imprensa (Nacional),Alagoinhas,curadoria_dicom,correta
2023-11-29,Prosel,ibahia.com,https://www.ibahia.com/noticias/educacao/instituto-federal-baiano-abre-selecao-de-estudantes-em-alagoinhas-309925,Ensino,Imprensa Regional (Bahia),Alagoinhas,curadoria_dicom,correta
2023-11-28,Prosel,agenciasertao.com,https://agenciasertao.com/2023/11/28/if-baiano-inscreve-para-16-mil-vagas-em-cursos-tecnicos-presenciais-e-ead-em-quatro-cidades/,Ensino,Imprensa Local,Senhor do Bonfim,curadoria_dicom,correta
2023-11-28,Prosel,g1.globo.com,https://g1.globo.com/ba/bahia/noticia/2023/11/28/instituto-federal-baiano-tem-inscricoes-abertas-para-selecao-de-estudantes-em-alagoinhas-veja-vagas-prazos-e-cursos.ghtml,Ensino,Imprensa (Nacional),Alagoinhas,curadoria_dicom,correta
2023-11-28,"Instituto Federal Baiano tem inscrições abertas para seleção de estudantes em Alagoinhas; veja vagas, prazos e cursos",G1,https://news.google.com/rss/articles/CBMi_wFBVV95cUxOTG1ycVRZdE1fQUNybmRMbVdTRld5bUw3TWNWM054VmNoWTlTcTQ0Y2t1aEgwajVadjJEMTZCbnh6YWh0Q19DTFpEZTRBSS1OaVRTZGtHUWlwNEVKeEpNY3U3ZkZ1ckFqelJJeU1kX3NKc1dSNkEtcGRQZWJvMlplSFh3a0dWc24zSGI4aUpNVDNiankxeVkzdkFkbmxkMnVfcjJhV0R4N21BOTU1aDh6SWNFM3VWa0VpX1RPLTIxVFRzVG12cmV6RWZDWERsWGMyYlZ1LXBvWlZQNGp0YlFiYzk2amMwbVMwOEkzVjNJRmpudkFxYUY0bXFKSmVpSTjSAY4CQVVfeXFMT291WTRQUHZHZlZsMjNfTl9kemY1ZkFFd3Qyb0tLVXp5VEN2b0lmUW4tN1NpWWJFRUYxYXJhb2lpS0JLUWlyV3BaT09TbVItWFZkM0Y3T01yZmpOUTBPeURuR2ROUEdxUnp1UGgwUnR2eWQ1Y21FOWFzMmZXR1NUTlVKbVlpZTNRWDByWm56Z0IzNVBsX2NUSHI2OXNaTUY4S2JBT2c5QmFVU0pYOTA1dlBad2RqMmJybV96dVpSTHRweUNPcU9RMWJlVHJ1X0NyczB5SF9hSDFTQjVwSGQ5TVFfU3ZvSm5ROGNDZFRvNnFSclQ3SVJmLVFLQ2hEMEFYLW0tTTBoZUtxbDlxUTZ3?oc=5&hl=en-US&gl=US&ceid=US:en,Gestão e RH,Imprensa (Nacional),Alagoinhas,busca_automatica,correta
2023-11-25,Prosel,seligaalagoinhas.com.br,https://www.seligaalagoinhas.com.br/noticia/43842/if-baiano-abre-edital-com-170-vagas-para-cursos-tecnicos-no-campus-alagoinhas,Ensino,Imprensa Local,Alagoinhas,curadoria_dicom,correta
2023-11-24,Prosel,agenciasertao.com,https://agenciasertao.com/2023/11/24/if-baiano-abre-170-vagas-para-cursos-tecnicos-em-alagoinhas/#google_vignette,Ensino,Imprensa Local,Alagoinhas,curadoria_dicom,correta
2023-11-23,Prosel EaD,ilheus.net,https://www.ilheus.net/2023/11/if-baiano-abre-120-vagas-para-cursos-tecnicos-ead-em-urucuca.html,Ensino,Imprensa Local,Uruçuca,curadoria_dicom,correta
2023-11-22,Prosel,acaopopular.net,https://acaopopular.net/jornal/if-baiano-oferece-144-vagas-de-educacao-a-distancia-ead-no-polo-de-remanso/,Ensino,Imprensa Local,Senhor do Bonfim,curadoria_dicom,correta
2023-11-22,Prosel EaD,blogdovalente.com.br,https://blogdovalente.com.br/bahia-2/2023/11/if-baiano-abre-144-vgas-em-cursos-tecnicos-na-modalidade-ead/,Ensino,Imprensa Local,Senhor do Bonfim,curadoria_dicom,correta
2023-11-22,"IF Baiano, oferece 144 vagas de Educação a Distância (EAD), no Polo de Remanso.",Blog do Banana,https://news.google.com/rss/articles/CBMipwFBVV95cUxOQVdWMGNvemV4RUZqRWVCamFYc1RXRlAtX1BQQ0d3MTZPMVJjQVNHSkd3Nl83dE5UZVRTRFVaOGhkWW14VV9zUHd3Mml5REVHNGRsS3NMU2I5ZmlZT1JTTFhNNDZUTDNyb0d2RVhVNzhjRDlvX2hMclJrS1V6ekJ4bjJ5OHh4LVlqaDZDUUt2NERYVldzd3ZZQ0hSLXBnWjFzUmY0ZjFCRQ?oc=5&hl=en-US&gl=US&ceid=US:en,Gestão e RH,Imprensa Local,Remanso,busca_automatica,correta
2023-11-22,Prosel EaD,pretonobranco.org,https://pretonobranco.org/2023/11/22/if-baiano-oferece-144-vagas-de-educacao-a-distancia-ead-no-polo-de-remanso/,Ensino,Imprensa Local,Senhor do Bonfim,curadoria_dicom,correta
2023-11-22,Prosel EaD,ibahia.com,https://www.ibahia.com/noticias/educacao/if-baiano-oferece-144-vagas-para-cursos-tecnicos-na-modalidade-ead-309467,Ensino,Imprensa Regional (Bahia),Senhor do Bonfim,curadoria_dicom,correta
2023-11-22,Prosel EaD,redegn.com.br,https://www.redegn.com.br/?sessao=noticia&cod_noticia=185754,Ensino,Imprensa Local,Senhor do Bonfim,curadoria_dicom,correta
2023-11-21,Agricultura Familiar,agenciasertao.com,https://agenciasertao.com/2023/11/21/if-baiano-abre-chamada-publica-para-aquisicao-de-generos-da-agricultura-familiar-em-guanambi-2/,Extensão,Imprensa Local,Guanambi,curadoria_dicom,correta
2023-11-20,Prosel,itaberabanoticias.com.br,https://www.itaberabanoticias.com.br/brasil/if-baiano-esta-com-inscricoes-abertas-para-cursos-com-120-vagas-em-itaberaba,Ensino,Imprensa Local,Itaberaba,curadoria_dicom,correta
2023-11-19,Competição drones IFSC,agenciasertao.com,https://agenciasertao.com/2023/11/19/estudantes-do-if-baiano-de-guanambi-foram-premiados-em-competicao-de-drones-em-santa-catarina/,Extensão,Imprensa Local,Guanambi,curadoria_dicom,correta
2023-11-19,Estudantes do IF Baiano de Guanambi foram premiados em competição de drones em Santa Catarina,Agência Sertão,https://news.google.com/rss/articles/CBMiywFBVV95cUxQWkxqdklwenZTSVN1dnVSbzl5OXRjdzBaSUc0dzNrQU8yNUJHNDZhekF3QnVEN0g4T19OQnFSSktHd2Y4WjJwMGFtSTcxX1V1Z25WV1VBZVNMRUh6Z0JJZG9DY1FzTmtQdUJUN2NaWjVUZjVPaWRELUdPNGRySkdVQTFIVXNpc01FWFhQREIzXzBnNnI0STdaY0wyQmp5VmxBVmU1N3ZMZVFqQXdoN0ZxMEVkQWViMTFrOUVUcy1FYWs4eE1vVVU0T1F3VdIBywFBVV95cUxQWkxqdklwenZTSVN1dnVSbzl5OXRjdzBaSUc0dzNrQU8yNUJHNDZhekF3QnVEN0g4T19OQnFSSktHd2Y4WjJwMGFtSTcxX1V1Z25WV1VBZVNMRUh6Z0JJZG9DY1FzTmtQdUJUN2NaWjVUZjVPaWRELUdPNGRySkdVQTFIVXNpc01FWFhQREIzXzBnNnI0STdaY0wyQmp5VmxBVmU1N3ZMZVFqQXdoN0ZxMEVkQWViMTFrOUVUcy1FYWs4eE1vVVU0T1F3VQ?oc=5&hl=en-US&gl=US&ceid=US:en,Ensino,Imprensa Local,Guanambi,busca_automatica,correta
2023-11-19,Prosel,pimenta.blog.br,https://pimenta.blog.br/2023/11/19/if-baiano-oferece-120-vagas-em-cursos-tecnicos-a-distancia/,Ensino,Imprensa Local,Uruçuca,curadoria_dicom,correta
2023-11-17,Prosel,ilheus24h.com.br,https://ilheus24h.com.br/if-baiano-abre-120-vagas-para-cursos-tecnicos-ead-em-urucuca/,Ensino,Imprensa Local,Uruçuca,curadoria_dicom,correta
2023-11-17,Prosel,ipolitica.blog.br,https://ipolitica.blog.br/urucuca-if-baiano-abre-120-vagas-para-cursos-tecnicos-ead/,Ensino,Imprensa Local,Uruçuca,curadoria_dicom,correta
2023-11-17,Prosel,jornaldachapada.com.br,https://jornaldachapada.com.br/2023/11/15/chapada-instituto-federal-em-itaberaba-abre-inscricoes-para-120-vagas-em-cursos-tecnicos-veja-como-se-inscrever/,Ensino,Imprensa Local,Itaberaba,curadoria_dicom,correta
2023-11-16,IV Festival da Cultura Quilombola de Itacaré,setre.ba.gov.br,http://www.setre.ba.gov.br/2023/11/2671/IV-Festival-da-Cultura-Quilombola-de-Itacare-reune-feira-solidaria-e-atracoes-culturais.html,Institucional,Governamental,Reitoria (Salvador),curadoria_dicom,correta
2023-11-16,Novembro Negro,folhadovale.net,https://folhadovale.net/if-baiano-campus-guanambi-iv-semana-da-consciencia-negra.html,Institucional,Imprensa (Nacional),Guanambi,curadoria_dicom,correta
2023-11-14,Prosel,g1.globo.com,https://g1.globo.com/ba/bahia/noticia/2023/11/14/instituto-federal-baiano-tem-inscricoes-abertas-para-selecao-de-estudantes-do-ensino-medio-no-interior-da-ba.ghtml,Ensino,Imprensa (Nacional),Itaberaba,curadoria_dicom,correta
2023-11-14,Instituto Federal Baiano tem inscrições abertas para seleção de estudantes do ensino médio no interior da BA,G1,https://news.google.com/rss/articles/CBMi9gFBVV95cUxPWl9YVnRBSE55WkpHb0x1Z05BWGZYNVZqTlJHb01Ddy1CeGw0TkI1b1VzVkkzNnJ6TzZEdlBwMUhQMllPeER1UHVzUk13QVJ1TjJ6bGNuVWZoQmpBWVpxR0tCTGgwc0N5Si1JaVBIMDFQT0ZyT2JjdDQ4cTVMVzluU1Q1Nks5QlFlaHR4SkRkRDlYMU93NkRHRjQ0WTlDSDY1UDFyY3BnRXZ5bjNoMVJ1YXJyb2Nsc0txcHNFbkwxVTUtXzNNaEhsYjJuby1qbER5NzZxdXYwLUJBeHNNYXprajA1ZUdVcTdvZXpiNTNaV0RyTC1KRWfSAYQCQVVfeXFMT0ZTSEZ6UUNtcHRINnFiSzktSnk4MnYyZHFGTVdOem1tb05WUURHa2pqazRHQWRDcTFLbXBBMExuRlZOSmNQTjQ3N0VhWlQxbnBiMVJ1UHVTWDNZbUxic25RTzgwZ1IwamdlSVZfenl6S1VSU2ZoV3QyQ0ZCS3loeWNhQ2RXaUdaNkNsVGVVMS1TczFXQXpDSmFQNGU2SnUzNmRUTFBrTzhGaXhDbWd0SXI3Y1QzdW4yYUtnR3NLTFFfazVZbWJ6eHB5bVVleVZORDk1OGIwaVJ6b2tqVFVvYlBMVGhQMjJTS0JPbkJlQVliZm95V0Jwa3YwQllzRDZ1VnhDcFA?oc=5&hl=en-US&gl=US&ceid=US:en,Gestão e RH,Imprensa (Nacional),Geral / Não Especificado,busca_automatica,correta
2023-11-14,Prosel,vozdabahia.com.br,https://vozdabahia.com.br/ifba-tem-inscricoes-abertas-para-selecao-de-estudantes-do-ensino-medio-no-interior-da-ba/,Ensino,Imprensa Local,Itaberaba,curadoria_dicom,correta
2023-11-13,Prosel,agenciasertao.com,https://agenciasertao.com/2023/11/13/if-baiano-encerra-inscricoes-para-cursos-tecnicos-em-guanambi-nesta-segunda/,Ensino,Imprensa Local,Guanambi,curadoria_dicom,correta
2023-11-13,IF Baiano encerra inscrições para cursos técnicos em Guanambi nesta segunda,Agência Sertão,https://news.google.com/rss/articles/CBMiswFBVV95cUxQakd4Y3E2TUJHb2lPLTN6R3RfYU5JVVVzTTVPRnhUYjFXV1czcVQ1YVNKanlIOGV1QW9BaG5zcERidjE2cFJLMngwSy1ISGktLTBSNGFNalN3U3pIZjdsYnpQd2w5bDFoWHJWRDgtdWpTVEFzYTdkOTFXUldma1Z3UmlBc2ZBMkZEOC1TYW9yZ2tTZDFtRU5hQ0VTSlVuOTh6N1QyUmdodUI3S1ZOWUhNOHhrUdIBswFBVV95cUxQakd4Y3E2TUJHb2lPLTN6R3RfYU5JVVVzTTVPRnhUYjFXV1czcVQ1YVNKanlIOGV1QW9BaG5zcERidjE2cFJLMngwSy1ISGktLTBSNGFNalN3U3pIZjdsYnpQd2w5bDFoWHJWRDgtdWpTVEFzYTdkOTFXUldma1Z3UmlBc2ZBMkZEOC1TYW9yZ2tTZDFtRU5hQ0VTSlVuOTh6N1QyUmdodUI3S1ZOWUhNOHhrUQ?oc=5&hl=en-US&gl=US&ceid=US:en,Ensino,Imprensa Local,Guanambi,busca_automatica,correta
2023-11-10,Evento sobre o cultivo do girassol,agenciasertao.com,https://agenciasertao.com/2023/11/10/sindicato-if-baiano-e-senar-provem-evento-sobre-cultivo-do-girassol-para-producao-de-mel-e-leite-em-palmas-de-monte-alto/,Extensão,Imprensa Local,Guanambi,curadoria_dicom,correta
2023-11-10,Arvorecer 2023,netinhonews.com.br,https://netinhonews.com.br/if-baiano-campus-teixeira-de-freitas-alunos-inalam-substancia-de-origem-indigena-oferecido-por-paje-em-evento-passam-mal-e-tem-que-serem-encaminhados-para-upa-pelo-samu/,Institucional,Imprensa Local,Teixeira de Freitas,curadoria_dicom,correta
2023-11-10,"Sindicato, IF Baiano e Senar promovem evento sobre cultivo do girassol para produção de mel e leite em Palmas de Monte Alto",Agência Sertão,https://news.google.com/rss/articles/CBMi7wFBVV95cUxPVS02YkFCN25TU0M2Y3pra3lObnFsOWxqSlF1bzB6dU5CN1FhWEF2bGVXZmxrcjJ4a0lZTGFhT3FQcTNsZFRfWk9YTE9HSU9sUFh2RENEbnltODk3a1gxWDZaNWlwT1NIeXJoUk5HN3NfbVZja0Y1aW92N05vWUJXd281V0syQWY3cUEwN3AzUWwwcEpxMWtQanlUTTEzdkxnN1FOQmxoRk5uRDU4UDEtSVhvem81UWtqX3IwS00xR1VsVTF1Q3R6SFpGOVYtYW5seUJSOTU4YlJZNGNUbmxZQW51Q1VhaUZpRl9NSjJ2Y9IB7wFBVV95cUxPVS02YkFCN25TU0M2Y3pra3lObnFsOWxqSlF1bzB6dU5CN1FhWEF2bGVXZmxrcjJ4a0lZTGFhT3FQcTNsZFRfWk9YTE9HSU9sUFh2RENEbnltODk3a1gxWDZaNWlwT1NIeXJoUk5HN3NfbVZja0Y1aW92N05vWUJXd281V0syQWY3cUEwN3AzUWwwcEpxMWtQanlUTTEzdkxnN1FOQmxoRk5uRDU4UDEtSVhvem81UWtqX3IwS00xR1VsVTF1Q3R6SFpGOVYtYW5seUJSOTU4YlJZNGNUbmxZQW51Q1VhaUZpRl9NSjJ2Yw?oc=5&hl=en-US&gl=US&ceid=US:en,Extensão,Imprensa Local,Geral / Não Especificado,busca_automatica,correta
2023-11-09,Prosel,agenciasertao.com,https://agenciasertao.com/2023/11/09/if-baiano-abriu-120-vagas-para-cursos-tecnicos-em-itaberaba/,Ensino,Imprensa Local,Itaberaba,curadoria_dicom,correta
2023-11-09,IF Baiano abriu 120 vagas para cursos técnicos em Itaberaba,Agência Sertão,https://news.google.com/rss/articles/CBMingFBVV95cUxPTTZydF9ueDItMEhTa2Z1WVVSUHRpY2Q2bDg1bmtLVFYxRnVPRWpEOUJJNkxSSFZqazNxT3BYNDBxRmk0Wnpxc1NjVUNMNTBQOGpKZ3RUeWhrUGZ6c0hEdkNOZVZ5dW5kYTlDUmg0Z0pPdHU0Ujlya1p0TmIyTUFKcHRiYzBGSVVfcFQxRzdKbHYySU90UWZNZDFKUlFmZ9IBngFBVV95cUxPTTZydF9ueDItMEhTa2Z1WVVSUHRpY2Q2bDg1bmtLVFYxRnVPRWpEOUJJNkxSSFZqazNxT3BYNDBxRmk0Wnpxc1NjVUNMNTBQOGpKZ3RUeWhrUGZ6c0hEdkNOZVZ5dW5kYTlDUmg0Z0pPdHU0Ujlya1p0TmIyTUFKcHRiYzBGSVVfcFQxRzdKbHYySU90UWZNZDFKUlFmZw?oc=5&hl=en-US&gl=US&ceid=US:en,Gestão e RH,Imprensa Local,Itaberaba,busca_automatica,correta
2023-11-09,Prosel,itaberabanoticias.com.br,https://www.itaberabanoticias.com.br/itaberaba/if-baiano-abriu-120-vagas-para-cursos-tecnicos-em-itaberaba,Ensino,Imprensa Local,Itaberaba,curadoria_dicom,correta
2023-11-09,Prosel,qualificabahia.com.br,https://www.qualificabahia.com.br/2023/11/if-baiano-abriu-120-vagas-para-cursos-tecnicos-em-itaberaba.html,Ensino,Imprensa Local,Itaberaba,curadoria_dicom,correta
2023-11-08,Prosel EaD,blogdoleobarbosa.com.br,https://www.blogdoleobarbosa.com.br/2023/11/if-baiano-campus-senhor-do-bonfim.html?m=1,Ensino,Imprensa Local,Senhor do Bonfim,curadoria_dicom,correta
2023-11-07,Curso Superior,culturaerealidade.com.br,https://www.culturaerealidade.com.br/if-baiano-xique-xique-vai-abrir-novos-cursos-de-educacao-superior/,Ensino,Imprensa Local,Xique-Xique,curadoria_dicom,correta
2023-11-06,VI Arvorecer Negro,Seminário Regional de Luta dos Povos Indígenas,https://opovonews.com.br/if-baiano-vi-edicao-do-arvorecer-negro-e-ii-seminario-regional-de-luta-dos-povos-indigenas-de-8-a-10-de-novembro/,Institucional,Imprensa Local,Geral / Não Especificado,curadoria_dicom,correta
2023-11-02,Visita IF,cebolinhanoticias.com.br,https://cebolinhanoticias.com.br/2023/11/02/alunos-da-escola-mcpm-wilson-lins-realizam-visita-no-if-baiano-de-bom-jesus-da-lapa/,Institucional,Imprensa Local,Bom Jesus da Lapa,curadoria_dicom,correta
2023-10-31,Cursos FIC,agenciasertao.com,https://agenciasertao.com/2023/10/31/if-baiano-oferta-85-vagas-em-cursos-de-formacao-em-itapetinga,Ensino,Imprensa Local,Bom Jesus da Lapa,curadoria_dicom,correta
2023-10-31,IF Baiano oferta 85 vagas em cursos de formação em Itapetinga e Bom Jesus da Lapa,Agência Sertão,https://news.google.com/rss/articles/CBMioAFBVV95cUxQajNfWmRTLXMyZlUxNy1abG1BdkFCNlNaeXZId0JyRDJxMjRLcGZKRUZtUWxpMDhHOTBaTjF6dm82RjVZQVNPMTgtWERGczNpNkk1MHZIbS1CaUJuWjdCSnc0dDZmTTF2VnBXdjNCMVdzWVM5cml0M001NEhjTE9zd3FNaTVLUm1wVkxXTXAxWUw2TGw4aFI1VVF5cnM0Q0tM0gGgAUFVX3lxTFBqM19aZFMtczJmVTE3LVpsbUF2QUI2U1p5dkh3QnJEMnEyNEtwZkpFRm1RbGkwOEc5MFpOMXp2bzZGNVlBU08xOC1YREZzM2k2STUwdkhtLUJpQm5aN0JKdzR0NmZNMXZWcFd2M0IxV3NZUzlyaXQzTTU0SGNMT3N3cU1pNUtSbXBWTFdNcDFZTDZMbDhoUjVVUXlyczRDS0w?oc=5&hl=en-US&gl=US&ceid=US:en,Gestão e RH,Imprensa Local,Bom Jesus da Lapa,busca_automatica,correta
2023-10-31,Prosel,vilsonnunes.com.br,https://vilsonnunes.com.br/if-baiano-abre-inscricoes-para-cursos-tecnicos-no-campus-guanambi/,Ensino,Imprensa Local,Guanambi,curadoria_dicom,correta
2023-10-30,"Instituto Federal Baiano, Campus Senhor do Bonfim, abre inscrição para mais de 1600 vagas para cursos de nível técnico em 2024",Blog do Eloilton Cajuhy,https://news.google.com/rss/articles/CBMi-gFBVV95cUxQU3VsUmpLZHJEZW00MnBONGJ5enZVcXJfZTRvcTNHeFYtanFTbnFPYm9hX2VZaXNnQjl2V29iOFVHT2ktcEVraG1vd0xBNU1IeVhuMUNwcUNoTk8yOFg1aWl0UTY4SDdDekgzcnU3Z3M0S0p1ZkNyZnlVUHdEWThVTjVtVDFGS1JjLTFmNUlNNjAzT21nTkJzWFFheC1Henl2U3U3TTVHY0o3WllFdFVoUUJ5NVRaR28zaURyZXlaZ05NSE1YeEgyYUNqUG9GUktBQURrQk9oVFVGbnBoT0ladGY4ZXJNWTUtQ1pranU0b0swYkxvZXFBRGxn?oc=5&hl=en-US&gl=US&ceid=US:en,Gestão e RH,Imprensa Local,Senhor do Bonfim,busca_automatica,correta
2023-10-30,Prosel,guiapontonovo.com,https://www.guiapontonovo.com/2023/10/if-baiano-estao-abertas-as-inscricoes.html,Ensino,Imprensa Local,Senhor do Bonfim,curadoria_dicom,correta
2023-10-30,Prosel,redegn.com.br,https://www.redegn.com.br/?sessao=noticia&cod_noticia=184916,Ensino,Imprensa Local,Senhor do Bonfim,curadoria_dicom,correta
2023-10-29,Prosel,portaljaguarari.com.br,https://www.portaljaguarari.com.br/2023/10/instituto-federal-baiano-campus-senhor.html,Ensino,Imprensa Local,Senhor do Bonfim,curadoria_dicom,correta
2023-10-28,10° Seminário dos Solos,agenciasertao.com,https://agenciasertao.com/2023/10/28/10o-seminario-baiano-de-solos-sera-aberto-neste-domingo-em-guanambi/,Extensão,Imprensa Local,Guanambi,curadoria_dicom,correta
2023-10-27,Estudante do IF Baiano ganha medalhas no JIF Nacional,Jornal Nossa Voz,http://www.jornalanossavoz.com.br/2023/10/layla-cruz-garante-medalhas-para-o-if.html,Ensino,Imprensa Local,Serrinha,curadoria_dicom,correta
2023-10-25,Estudante do IF Baiano representa Bahia no JIF Nacional,Jornal Nossa Voz,http://www.jornalanossavoz.com.br/2023/10/estudante-de-teofilandia-representa.html?fbclid=PAAaaCTfKioPTD8NStCTclRDByMmtMh2KUI2M7ZPNV1PsV6EwsIlWq7zOWSAs\&m=1,Ensino,Imprensa Local,Serrinha,curadoria_dicom,correta
2023-10-25,IF Baiano oferta vagas para curso superior em Bom Jesus da Lapa,Agência Sertão,https://news.google.com/rss/articles/CBMiowFBVV95cUxQUkFOeUg0dFZhM2lGUmdyNHlqVkE3UkY1MHlTRzRjSEpfWU1aNlVidk1WYkZDZDdudkozRVNHLXowbElGN19NbEc0U2k2aUpnYUUtelo3WVZsZDhfbFVjQ2VMQURSUE9aNm5DMzQwSU8yWGhIazlNTmF2ZmE4eVlZSzVEaVFSR0xtVkp2YnpoU2NxSlZCYWhaVVFqQXRxZFhON29r0gGjAUFVX3lxTFBSQU55SDR0VmEzaUZSZ3I0eWpWQTdSRjUweVNHNGNISl9ZTVo2VWJ2TVZiRkNkN252SjNFU0ctejBsSUY3X01sRzRTaTZpSmdhRS16WjdZVmxkOF9sVWNDZUxBRFJQT1o2bkMzNDBJTzJYaEhrOU1OYXZmYTh5WVlLNURpUVJHTG1WSnZiemhTY3FKVkJhaFpVUWpBdHFkWE43b2s?oc=5&hl=en-US&gl=US&ceid=US:en,Gestão e RH,Imprensa Local,Bom Jesus da Lapa,busca_automatica,correta
2023-10-25,IF Baiano abre seleção com 80 vagas para cursos técnicos em Guanambi,Agência Sertão,https://news.google.com/rss/articles/CBMiqgFBVV95cUxPSGwtUHphTXp4XzZFMHJ3M1BKZ0dfR0FYM2xRY2lRQXBwbHZ3V2dac28xdVFnZXV3NXNmcmhJN3k0S0ZwNDd1ZGhHNjhjYzY3U3JXaHBQTjVnYkN6M2lHQXFtU0FMMnVzRk9sbGxhZ1N5SUphOURTMTRLQmZfYVdjWXR2YmNSQ3VzS2tCbU1BUTBwUzFCMjVJcloxZ0V4UmVOdUw3UFU5TDZDQdIBqgFBVV95cUxPSGwtUHphTXp4XzZFMHJ3M1BKZ0dfR0FYM2xRY2lRQXBwbHZ3V2dac28xdVFnZXV3NXNmcmhJN3k0S0ZwNDd1ZGhHNjhjYzY3U3JXaHBQTjVnYkN6M2lHQXFtU0FMMnVzRk9sbGxhZ1N5SUphOURTMTRLQmZfYVdjWXR2YmNSQ3VzS2tCbU1BUTBwUzFCMjVJcloxZ0V4UmVOdUw3UFU5TDZDQQ?oc=5&hl=en-US&gl=US&ceid=US:en,Gestão e RH,Imprensa Local,Guanambi,busca_automatica,correta
2023-10-24,Prosel,agenciasertao.com,https://agenciasertao.com/2023/10/24/if-baiano-abre-selecao-com-80-vagas-para-cursos-tecnicos-em-guanambi/,Ensino,Imprensa Local,Guanambi,curadoria_dicom,correta
2023-10-24,Prosel Graduação,agenciasertao.com,https://agenciasertao.com/2023/10/24/if-baiano-oferta-vagas-para-curso-superior-em-bom-jesus-da-lapa/,Ensino,Imprensa Local,Bom Jesus da Lapa,curadoria_dicom,correta
2023-10-24,Graduação,bomjesusdalapanoticias.com.br,https://www.bomjesusdalapanoticias.com.br/bom-jesus-da-lapa/campus-do-if-baiano-de-bom-jesus-da-lapa-oferta-32-vagas-no-curso-de-engenharia-agronomica/,Ensino,Imprensa Local,Bom Jesus da Lapa,curadoria_dicom,correta
2023-10-23,Congresso de Educação,agenciasertao.com,https://agenciasertao.com/2023/10/23/i-congresso-de-educacao-do-if-baiano-campus-guanambi-sera-aberto-nesta-terca/,Institucional,Imprensa Local,Guanambi,curadoria_dicom,correta
2023-10-23,I Congresso de Educação do IF Baiano Campus Guanambi será aberto nesta terça,Agência Sertão,https://news.google.com/rss/articles/CBMitAFBVV95cUxOTnVrajRRejhwNEF1ZGVzRE5LV3NyeWVKS0NtUW0zcDZ3TXFqMHZmMWlXWXo4bzhqcHlzYUdXdE5yTmxJcUlkSGhmY240UFp2RXF5RnU1aG9oQ3VaMjExc1Y4OXNxSEtEYWJjNzl1Z3VaSEhhTG13VDF2V3NYdngwdzlZZG1zTFRWdlh4SlZHaDYwaUtwZmxLQ2JNTExhTlBSNXU0ZEh4N04ya3h4bC1rNjBDcW3SAbQBQVVfeXFMTk51a2o0UXo4cDRBdWRlc0ROS1dzcnllSktDbVFtM3A2d01xajB2ZjFpV1l6OG84anB5c2FHV3ROck5sSXFJZEhoZmNuNFBadkVxeUZ1NWhvaEN1WjIxMXNWODlzcUhLRGFiYzc5dWd1WkhIYUxtd1QxdldzWHZ4MHc5WWRtc0xUVnZYeEpWR2g2MGlLcGZsS0NiTUxMYU5QUjV1NGRIeDdOMmt4eGwtazYwQ3Ft?oc=5&hl=en-US&gl=US&ceid=US:en,Institucional,Imprensa Local,Guanambi,busca_automatica,correta
2023-10-23,Prosel,"Alagoinhas, Catu, Bom Jesus da Lapa, Gov Mangabeira, Itapetinga, Santa Inês, Serrinha, Valença, Uruçuca e Xique-Xique",https://www.jornalfolhadoestado.com/educacao/if-baiano-mais-de-2-mil-vagas-para-cursos-tecnicos-integrados-e-subsequentes,Ensino,Imprensa Local,Alagoinhas,curadoria_dicom,correta
2023-10-22,Prosel,aloalobahia.com,https://aloalobahia.com/notas/if-baiano-abre-272-vagas-para-cursos-tecnicos-integrados-no-interior-do-estado-veja-vagas-e-prazos,Ensino,Imprensa Local,Serrinha,curadoria_dicom,correta
2023-10-22,IF Baiano participa da SNCT em Brasília,CenárioMT,https://www.bol.uol.com.br/noticias/2023/10/22/termina-neste-domingo-semana-nacional-de-ciencia-e-tecnologia.htm,Institucional,Imprensa Local,Reitoria (Salvador),curadoria_dicom,correta
2023-10-21,Parceria entre IF Baiano e NRS para oferta de cursos na área de segurança de alimentos,Medeiros Neto,https://medeirosneto.com/noticia/16564/if-baiano-e-nrs-extremo-sul-capacitam-agentes-de-fiscalizacao-sanitaria-na-area-de-seguranca-de-alim.html,Ensino,Imprensa Local,Teixeira de Freitas,curadoria_dicom,correta
2023-10-20,"IF Baiano em Governador Mangabeira inscreve para cursos técnicos integrados, subsequentes e EAD",Folha do Estado da Bahia,https://news.google.com/rss/articles/CBMi1wFBVV95cUxPcER5Yk1qUnp3WUU0MXBheXVxWG8xRjdfREo2a0FYWDdGUXJta2lZYUEtVjRlY3JRVFhHRkYwVFJPbmdOTmloYmVtYnRSelZYb2QtMXBfOWdwMjFVM3dLdHdva1pyU190OWlISko3RjFiQnFDUUhMLW5iSWVVdmFXdm9xMmROSnhxN2VQMlc3MkxRVDlpZG1sZmV5OVN1RTJsczhfYTd6aGN1TlU3QUZXMXZxN1Nra0tsVTU4amtESERNVUl3QTVQTGJuWU1WUFhvZGZsRkZ4NA?oc=5&hl=en-US&gl=US&ceid=US:en,Ensino,Imprensa (Nacional),Governador Mangabeira,busca_automatica,correta
2023-10-20,Estudantes do IF Baiano em Guanambi obtiveram melhor nota de redação e quinta melhor média geral do Enem,iGuanambi,https://news.google.com/rss/articles/CBMivAJBVV95cUxQN3pKTVBCVENwVWtHdVl2TmlaMXJrZ0sxSWdhWk5NZlgxcUg0aklLSnY2TzZKampGVVZsa3pGOU1aTXV6R0syX0dSNEowQWwycDFIY3lONHltZk1Td0o4bjREbnlpblBvVHc0NC1sTkd1b3VQMzNuWUhGZGpxcG1HZDF5M2NPRkNnRlZUZHI2U2JXWkdOaGhhTUpQV1RIVUl4Z0Q0QTNRNzU2ZFJGaG95ZDM4X0pUYVYtZ2hacUJlV3hIdGFRWExBSW9TbWYxRTRsaHpmM0U1SHRRN0h6eXU2Rk1mWS1lX2FJQWZNUmVHOUNoaWljQlFmaVlkcEV0WUlFWENMTnBzR01iV3AxTW5JSTRRS2dnUGhWekpoWnByQ1hBQW5mVFlYa1BIbXdEaE0tMU84dm1sc2poQUFV0gG0AkFVX3lxTE5VTW1WaFNfb0pCUVVfWHNsTmFZejRseTdrNmJfSU52ZFowSG9FaU1Yb2tqV3FZb0RUSjQ4YUp2VVBCY19GMHJMUzlHWXRvN293VzNBdUxxa1NNT2tEd0p4cm9DT2lYVUdCeGRNSzhBa1hxUERueFlZN2Vfck14YVotVzhHbWFDNmJPUmlZbWlzMUw3bFpqcVZQYUxHaTd4T2MwNVd6U3BuN2dKeV93My1aWjVXdUNpV0NLdEVSS3hkUzF1Uk1BQ21XQTJlU0RsanpYRW5OZGxaOGVJTDVHMmFyWUNRTmNIU1RtX2RHNzNoazgycGdhWTBjRkstWUJNenhFVkNBZTJBalpaOTdBMXVueTBmaVF3TDU3OThzUllVemM4Ti1XTWJjX3dVRkxqQnlXbFBR?oc=5&hl=en-US&gl=US&ceid=US:en,Ensino,Imprensa Local,Guanambi,busca_automatica,correta
2023-10-20,Prosel,tribunadoreconcavo.com,https://tribunadoreconcavo.com/governador-mangabeira-if-baiano-abre-inscricoes-para-cursos-tecnicos-integrados-subsequentes-e-ead/,Ensino,Imprensa Local,Governador Mangabeira,curadoria_dicom,correta
2023-10-20,Desempenho ENEM,vilsonnunes.com.br,https://vilsonnunes.com.br/estudantes-do-if-baiano-em-guanambi-obtiveram-melhor-nota-de-redacao-e-quinta-melhor-media-geral-do-enem-entre-escolas-publicas-da-bahia/,Ensino,Imprensa Local,Guanambi,curadoria_dicom,correta
2023-10-19,Desempenho ENEM,agenciasertao.com,https://agenciasertao.com/2023/10/19/estudantes-do-if-baiano-em-guanambi-obtiveram-melhor-nota-de-redacao-e-quinta-melhor-media-geral-do-enem-entre-escolas-publicas-da-bahia/,Ensino,Imprensa Local,Guanambi,curadoria_dicom,correta
2023-10-19,Prosel,itacareurgente.com,https://itacareurgente.com/2023/10/19/if-baiano-abre-1-900-vagas-em-cursos-tecnicos-e-subsequentes-265-sao-em-urucuca/,Ensino,Imprensa Local,Uruçuca,curadoria_dicom,correta
2023-10-19,Prosel,pimenta.blog.br,https://pimenta.blog.br/2023/10/19/if-baiano-abre-1-900-vagas-em-cursos-tecnicos-e-subsequentes-265-sao-em-urucuca/,Ensino,Imprensa Local,Uruçuca,curadoria_dicom,correta
2023-10-19,Prosel,caraibasfm.com.br,https://www.caraibasfm.com.br/2023/10/19/if-baiano-oferece-vagas-para-cursos-tecnicos-no-campus-de-xique-xique/,Ensino,Imprensa Local,Xique-Xique,curadoria_dicom,correta
2023-10-19,DesempenhoEnem,Institutos Federais,https://www.correio24horas.com.br/minha-bahia/nove-dos-10-colegios-publicos-baianos-com-melhores-notas-no-enem-sao-institutos-federais-1023?fbclid=PAAaZg8qPfvlTyRAa2-m2zE3Vs75u2K48obS8PUkAMQzQ5A4KwyP-a9bsbEaA_aem_AXGslTi0kqgmEP2EFuxu6UGBBF_cHs6SbU4Mwi0bMVvmbc142vmM7dhMqgWMn_mYTsk,Ensino,Imprensa Local,Geral / Não Especificado,curadoria_dicom,correta
2023-10-19,Prosel,panoticias.com.br,https://www.panoticias.com.br/2023/10/instituto-federal-baiano-tem-inscricoes-abertas-para-selecao-de-estudantes-no-interior-do-estado-veja-vagas/,Ensino,Imprensa Local,Serrinha,curadoria_dicom,correta
2023-10-18,Prosel,bahiaeconomica.com.br,https://bahiaeconomica.com.br/wp/2023/10/18/ifba-abre-inscricoes-para-selecao-de-estudantes-em-serrinha/,Ensino,Imprensa Local,Serrinha,curadoria_dicom,correta
2023-10-18,IF Baiano visita prefeitura de Medeiros Neto,Bahia ExtremoSul,https://bahiaextremosul.com.br/prefeitura-de-medeiros-neto-e-if-baiano-dialogam-sobre-andamento-da-parceria-com-oferta-de-cursos-tecnicos,Institucional,Imprensa Local,Teixeira de Freitas,curadoria_dicom,correta
2023-10-18,Prosel,g1.globo.com,https://g1.globo.com/ba/bahia/noticia/2023/10/18/instituto-federal-baiano-tem-inscricoes-abertas-para-selecao-de-estudantes-no-interior-do-estado-veja-vagas-e-prazos.ghtml,Ensino,Imprensa (Nacional),Serrinha,curadoria_dicom,correta
2023-10-18,IF Baiano visita prefeitura de Medeiros Neto,Jornal Alerta,https://jornalalerta.com.br/prefeitura-de-medeiros-neto-e-if-baiano-dialogam-sobre-andamento-da-parceria-com-oferta-de-cursos-tecnicos/,Institucional,Imprensa Local,Teixeira de Freitas,curadoria_dicom,correta
2023-10-18,Prosel,jornalfloripa.com.br,https://jornalfloripa.com.br/pagina/1035478,Ensino,Imprensa Local,Serrinha,curadoria_dicom,correta
2023-10-18,IF Baiano oferta 120 vagas em cursos técnicos integrados ao Ensino Médio no Campus Bom Jesus da Lapa,Notícias de Bom Jesus da Lapa,https://news.google.com/rss/articles/CBMi0wFBVV95cUxNam1wdVF0NHM0Nks1LVRySE5hWEVlaWJUZjlvZmxucFhzYVZTdnozZ2QzeFJyNm5VdTc5T21KZE5lMEpEaGhET3ZKTEw3SDVyQlRWdTNzNkpJNkpyX2hJZzhURlpROWRlaHgxM1htYlBqQ08xNS1QSXU1Ymg1VXhMTllnWDF1aVVLb3ZTRVFsN3gyVEdDcFNyRzB4T1ExZ1hrazhMN2JDaGFoc1AzQVZSZVJ2T1NRQ1NzSmhJTXlUM2tDRzZkNEI1bjVGME51TnlmUnNj?oc=5&hl=en-US&gl=US&ceid=US:en,Gestão e RH,Imprensa Local,Bom Jesus da Lapa,busca_automatica,correta
2023-10-18,IF Baiano oferece quase 2 mil vagas para cursos técnicos em Bom Jesus da Lapa e em mais sete campi,Notícias da Lapa,https://news.google.com/rss/articles/CBMi3wFBVV95cUxPUXppbzBvbklxQV9DZ2JwcWRJd2o1d21ZSDZZWlFJUVd0aGhoZHc2Z3JJMFM4MnZNVUVMUU51M2QwNHBjc3hobUtmVDkwYjVWUFk5eFdFVWFhblkyazEzWmdESzFwUHR3WXZjN0dLNEJNc3o0MWNVN0VRVWVpb2NSSEVtU2QwbFdVNEp2dVg5ZGYwNjBFUGF5RFo4MWhBaFNwWjdZWWtFWFBmM1NzR1ktSEJrT3p2RU14TkU5NUZrT0J4VlQ2ZnVPejdaN21KS3NSZ2hvLVAtRUJ0djdzeXNV?oc=5&hl=en-US&gl=US&ceid=US:en,Gestão e RH,Imprensa Local,Bom Jesus da Lapa,busca_automatica,correta
2023-10-18,Instituto Federal Baiano tem inscrições abertas para seleção de estudantes no interior do estado; veja vagas e prazos,G1,https://news.google.com/rss/articles/CBMigAJBVV95cUxNVmtnNGJacTVWSG9DaHBOb1pPbHQ1WkUzTWRUdzBfQ1BncnJ2VWQ0SkNLSHNFc3NUMER5LWNNVUJvU2xlRTE1MklnLUNsWXQtdEgwMWFGYUxjaWpFN2ZsTjhnMVY3NjliYm92b3N5aklYcjhCTjlpY0RmSDd1TlRhT0ZKdzRNUmVhM1AwWklBVmZiOGw2UnNsRUJ5Zm94UjNxaG13dmVHUXN4ZGdmOGZqd3NqVlRRTy11TmVyWjZXcDA4MWpZZnBXWmNfbFFZVS1SRDFiZnVaRFZHVVNhZ0o0bktwYkNHWHA5V3g4V1hwR29iaEMtcnBLZXd1UGtHUUc00gGPAkFVX3lxTFBKd0JNNjFYTldXX0wxbDRTcTBwT0xOb1hPMVN5dVRMNHNjUDBXUFdrQkNCcE1BeUNicU5mdXBJMFJ0ZW1BVlI2UGR6WERsRmh0QVNEYkhtdFZPSFJyVmtJQXdJLUVJZDIwRjdxSGxmYTlEV19jMWlUS21GQjhqVnpGUHd3bXNfUm9ZUHgwX1FhdzU4TXU3MTVsSV82X2JUZGRScEZJXzA3WEZkUDNxclkyUnhUYXNVa2hZR0NqQW41TXF6bHZVVy0zd0xlTnFCc0tUanBncW1jaGZDOFRwX2x4VU9TNkZBSzdqSEdNdFVpVmMyR0VBM2RlUWNfc1BMWnVBb0hrTUptZTNIbklmekE?oc=5&hl=en-US&gl=US&ceid=US:en,Gestão e RH,Imprensa (Nacional),Geral / Não Especificado,busca_automatica,correta
2023-10-18,Prosel,Editais,https://www.bahianoticias.com.br/municipios/noticia/36466-if-baiano-oferece-quase-2-mil-vagas-para-cursos-tecnicos-em-oito-campi,Ensino,Imprensa Local,Geral / Não Especificado,curadoria_dicom,correta
2023-10-17,Prosel,agenciasertao.com,https://agenciasertao.com/2023/10/17/if-baiano-oferta-quase-300-vagas-para-cursos-tecnicos-presenciais-e-ead-em-serrinha/,Ensino,Imprensa Local,Serrinha,curadoria_dicom,correta
2023-10-17,Simpósio de Tecnologia em Agroindústria,agenciasertao.com,https://agenciasertao.com/2023/10/17/if-baiano-realizara-simposio-de-tecnologia-em-agroindustria-nesta-quarta-e-quinta-em-guanambi/,Pesquisa,Imprensa Local,Guanambi,curadoria_dicom,correta
2023-10-17,Prosel,seligaalagoinhas.com.br,https://www.seligaalagoinhas.com.br/noticia/42910/if-baiano-campus-catu-recebe-inscricoes-para-cursos-tecnicos-integrados-ao-ensino-medio,Ensino,Imprensa Local,Catu,curadoria_dicom,correta
2023-10-15,Prosel,ailtonpimentel.com,http://www.ailtonpimentel.com/2023/10/if-baiano-campus-serrinha-oferece.html,Ensino,Imprensa Local,Xique-Xique,curadoria_dicom,correta
2023-10-15,Prosel,pebsp.com,https://www.pebsp.com/instituto-federal-abre-360-vagas-em-3-cursos-tecnicos-ead/,Ensino,Imprensa Local,Xique-Xique,curadoria_dicom,correta
2023-10-13,Prosel,agenciasertao.com,https://agenciasertao.com/2023/10/13/if-baiano-oferta-quase-15-mil-vagas-para-cursos-tecnicos-presenciais-e-ead-em-seis-cidades/,Ensino,Imprensa Local,Reitoria (Salvador),curadoria_dicom,correta
2023-10-13,"IF Baiano oferta quase 1,5 mil vagas para cursos técnicos presenciais e EaD em seis cidades",Agência Sertão,https://news.google.com/rss/articles/CBMixwFBVV95cUxNZU1tMmlDR3RORENMY1Rfd1hjZjZnNGNhTkgwTVhNZGdIOGd2aDZ1MTg5RDRleXVhMW5fSHRPZkZITFAzbTlRdGM1aHFxTml3YW9xZjAwalE3VG9rWmhzdkJWMTRtYUJ2UkRJX1k2RnQ4MThOcjNOM0Mxai1sRVNtQU9iNllKNGJwaW1ISjR1UlI4b09LTFIwQmJNbDNZSUVHZnpjbVB2cWx2Xy04S19JZ3VYaV90eG04T2dXUlJfWktLYW5sY0930gHHAUFVX3lxTE1lTW0yaUNHdE5EQ0xjVF93WGNmNmc0Y2FOSDBNWE1kZ0g4Z3ZoNnUxODlENGV5dWExbl9IdE9mRkhMUDNtOVF0YzVocXFOaXdhb3FmMDBqUTdUb2taaHN2QlYxNG1hQnZSRElfWTZGdDgxOE5yM04zQzFqLWxFU21BT2I2WUo0YnBpbUhKNHVSUjhvT0tMUjBCYk1sM1lJRUdmemNtUHZxbHZfLThLX0lndVhpX3R4bThPZ1dSUl9aS0thbmxjT3c?oc=5&hl=en-US&gl=US&ceid=US:en,Gestão e RH,Imprensa Local,Geral / Não Especificado,busca_automatica,correta
2023-10-12,Processo seletivo para professor substituto,agenciasertao.com,https://agenciasertao.com/2023/10/12/if-baiano-abriu-processos-seletivos-para-professor-substituto-em-duas-cidades/,Gestão e RH,Imprensa Local,Governador Mangabeira,curadoria_dicom,correta
2023-10-11,Prosel,informebaiano.com.br,https://informebaiano.com.br/340488/educacao/if-baiano-em-urucuca-abre-inscricoes-para-265-vagas-em-10-cursos,Ensino,Imprensa Local,Uruçuca,curadoria_dicom,correta
2023-10-11,Processo seletivo para professor substituto,pciconcursos.com.br,https://www.pciconcursos.com.br/noticias/if-baiano-divulga-processo-seletivo-para-professor-substituto-de-biologia,Gestão e RH,Especializados (Nichos),Governador Mangabeira,curadoria_dicom,correta
2023-10-10,Cursos FIC,agenciasertao.com,https://agenciasertao.com/2023/10/10/if-baiano-abriu-390-vagas-em-cursos-de-qualificacao-profissional-em-urucuca/,Ensino,Imprensa Local,Uruçuca,curadoria_dicom,correta
2023-10-10,Prosel,g1.globo.com,https://g1.globo.com/ba/bahia/noticia/2023/10/10/instituto-federal-baiano-tem-inscricoes-abertas-para-selecao-de-estudantes-no-sul-da-bahia.ghtml,Ensino,Imprensa (Nacional),Uruçuca,curadoria_dicom,correta
2023-10-10,Prosel,ilheus24h.com.br,https://ilheus24h.com.br/ifba-campus-urucuca-abre-inscricoes-para-cursos-tecnicos-gratuitos/,Ensino,Imprensa Local,Uruçuca,curadoria_dicom,correta
2023-10-10,Instituto Federal Baiano tem inscrições abertas para seleção de estudantes no sul da Bahia,G1,https://news.google.com/rss/articles/CBMi3gFBVV95cUxOM3JOZV9YMEpBakRXT1hCNkF1TWpydnFQVG5CT1lxZFgtLXl0S042QjRhSllmREwxS19ld0ZYZUVXOGNWelJqaFZLY0ZVS2M4TUdYNDJYaVJnOWZ1QTgtRE5pRXMyRTB1QkVhdDA3V2g1bjBEVUtfdVpfc0RnVkF5dmM2bUFsbnFmbWpza0tPajI2ZkMzSndpbDBLQUo5NmladHFvRkNqQVZBUGhGNzZGOUo1QU9FaTk5ZGdEa1hkbTQxZldSdmFsR0lPbzBtS1lFb0tPLUdMVVgxTDVXNlHSAewBQVVfeXFMTTRwTFEyOHp0NHhleEQ4R2RrZTkwLS04LTQ2bllybS1FTnVPdXhtUjV0dl9LWGNwMWZiZUl2c01wTnRfTWUwbGhpaVROOXg3N0Z1VXJHVXNsYmthRTFiaHlfMVRFTS1JV0s4MGJQa0x4bDJPNzNMTmlrMzFYWG1aellqOHZsZ0tnek5JemZkSHZVTDhzbmFUTnFSWTU0VXhNcm1GS2hMS0hMT0l6TGh2aUlrNHZqWm9XY2J5dGR1MUtwNnBBX3VyWkttOVBoWVpaZWt1eWpJWnFraGFLcUNiZWFhY1g3Sl92bUJPcUQ?oc=5&hl=en-US&gl=US&ceid=US:en,Gestão e RH,Imprensa (Nacional),Geral / Não Especificado,busca_automatica,correta
2023-10-10,Prosel,tribunadoreconcavo.com,https://tribunadoreconcavo.com/valenca-if-baiano-abre-inscricoes-para-cursos-tecnicos/,Ensino,Imprensa Local,Valença,curadoria_dicom,correta
2023-10-10,Prosel,ibahia.com,https://www.ibahia.com/noticias/educacao/if-baiano-oferece-mais-de-260-vagas-em-10-cursos-no-sul-da-bahia-306625,Ensino,Imprensa Regional (Bahia),Uruçuca,curadoria_dicom,correta
2023-10-09,Prosel,ipolitica.blog.br,https://ipolitica.blog.br/inscricoes-abertas-para-cursos-tecnicos-gratuitos-no-if-baiano-campus-urucuca/,Ensino,Imprensa Local,Uruçuca,curadoria_dicom,correta
2023-10-09,Prosel,itacareurgente.com,https://itacareurgente.com/2023/10/09/inscricoes-abertas-para-cursos-tecnicos-gratuitos-no-if-baiano-campus-urucuca/,Ensino,Imprensa Local,Uruçuca,curadoria_dicom,correta
2023-10-09,Prosel,bomjesusdalapanoticias.com.br,https://www.bomjesusdalapanoticias.com.br/bom-jesus-da-lapa/if-baiano-oferta-120-vagas-para-curso-tecnico-no-campus-de-bom-jesus-da-lapa/,Ensino,Imprensa Local,Bom Jesus da Lapa,curadoria_dicom,correta
2023-10-07,Comitiva do Campus Guanambi realizou expedição,iguanambi.com.br,https://www.iguanambi.com.br/noticias/2023/10/07/if-baiano-comitiva-do-campus-guanambi-realizou-expedicao-na-serra-dos-montes-altos/,Institucional,Imprensa Local,Guanambi,curadoria_dicom,correta
2023-10-02,Voo entre Guanambi e Salvador passará a ter apenas duas frequências semanais,Agência Sertão,https://news.google.com/rss/articles/CBMitAFBVV95cUxPMmJ5WHB2RXhoQXJ1VEpZekRvU1k3b1JsSUpuLVVwM1FaQUpRVGZuUzhlenRYUlRyZ3Nkc1l3ZWxSeFNja3lYN0pPZFNaUjBjTXQ3dlhSTFZBWDFyYjQxdDFYMnlBSHVsdGVSTEVHUHJSSVdxMmFnTVZXajJabWRnQjRNZGQ4SmdIZjRqRDJaQmx1b25SVXE1dkl3OXN4OHh5ZEJySFplYWtpNUI1NGpVUkVYUXPSAbQBQVVfeXFMTzJieVhwdkV4aEFydVRKWXpEb1NZN29SbElKbi1VcDNRWkFKUVRmblM4ZXp0WFJUcmdzZHNZd2VsUnhTY2t5WDdKT2RTWlIwY010N3ZYUkxWQVgxcmI0MXQxWDJ5QUh1bHRlUkxFR1ByUklXcTJhZ01WV2oyWm1kZ0I0TWRkOEpnSGY0akQyWkJsdW9uUlVxNXZJdzlzeDh4eWRCckhaZWFraTVCNTRqVVJFWFFz?oc=5,Institucional,Imprensa Local,Guanambi,busca_automatica,correta
2023-10-02,Vagas professor substituto,acheconcursos.com.br,https://www.acheconcursos.com.br/concursos-bahia/if-baiano-edital-198-2023-abre-duas-vagas-para-professor-substituto-em-itapetinga-64862,Gestão e RH,Especializados (Nichos),Itapetinga,curadoria_dicom,correta
2023-09-30,Evento Oficial do Governo,agenciasertao.com,https://agenciasertao.com/2023/09/30/guanambi-recebera-ministros-do-governo-lula-e-governador-pela-primeira-vez-para-evento-oficial/,Extensão,Imprensa Local,Geral / Não Especificado,curadoria_dicom,correta
2023-09-29,VI Simpósio de Tecnologia em Agroindústria IF Baiano (SIMTA) \- Campus Guanambi,iguanambi.com.br,https://www.iguanambi.com.br/noticias/2023/09/29/agroindustria-para-o-desenvolvimento-sustentavel-e-o-tema-do-simta-2023/,Pesquisa,Imprensa Local,Guanambi,curadoria_dicom,correta
2023-09-28,Vagas Cursos Técnicos,agenciasertao.com,https://agenciasertao.com/2023/09/28/if-baiano-abre-quase-500-vagas-para-cursos-tecnicos-em-tres-cidades/,Gestão e RH,Imprensa Local,Geral / Não Especificado,curadoria_dicom,correta
2023-09-28,Projeto de estudo individual para surdos,agenciasertao.com,https://agenciasertao.com/2023/09/28/projeto-do-if-baiano-em-guanambi-disponibiliza-materiais-didaticos-para-estudo-individual-de-estudantes-surdos/,Extensão,Imprensa Local,Geral / Não Especificado,curadoria_dicom,correta
2023-09-28,"Bom Jesus da Lapa vai sediar Congresso de Ensino, Pesquisa e Extensão do IF Baiano na próxima semana",Agência Sertão,https://news.google.com/rss/articles/CBMi0wFBVV95cUxQSmxlRmttZldGTVl2Y0J5NExTdU4zR3N6S2dyTXU0VHhka05wZzRkU2xucUV6OVE3Tm5ZOU1TalQxRERlaER2V2RQVnBVVzhMR2NuZE9lZ2p4Q3FmcjYzM3VCLXNHUWlpdUczTnVIb0Z6MEhBYnJzNzlPUmtZdG5NdlpMa0RHSFpCd1E4Wlg0ZEJyZThmb3Bldmd4S1dlUXdTNTJuRlZYcjJNWmljcHBaVjEtVkd2Y3lZRU5JWmNfZ0tiQkliOHc4bjAyU3VlYUgzT1Vj0gHTAUFVX3lxTFBKbGVGa21mV0ZNWXZjQnk0TFN1TjNHc3pLZ3JNdTRUeGRrTnBnNGRTbG5xRXo5UTdOblk5TVNqVDFERGVoRHZXZFBWcFVXOExHY25kT2VnanhDcWZyNjMzdUItc0dRaWl1RzNOdUhvRnowSEFicnM3OU9Sa1l0bk12WkxrREdIWkJ3UThaWDRkQnJlOGZvcGV2Z3hLV2VRd1M1Mm5GVlhyMk1aaWNwcFpWMS1WR3ZjeVlFTklaY19nS2JCSWI4dzhuMDJTdWVhSDNPVWM?oc=5&hl=en-US&gl=US&ceid=US:en,Ensino,Imprensa Local,Bom Jesus da Lapa,busca_automatica,correta
2023-09-28,Projeto do IF Baiano em Guanambi disponibiliza materiais didáticos para estudo individual de estudantes surdos,Agência Sertão,https://news.google.com/rss/articles/CBMi4gFBVV95cUxPd014UGR5SFY1cTlJYWFtbkZkd3pCeHUyNXZfM2h4YVZRZjcxUjVJU3hldnBOMHBtaTZ0dmZDdkdfblJ2dVdoWFZLdlIzUUhlXzVYbWZWMFhjX2N2X050MjU4a05INmRJbjNCNDZ2OWYzRTROWnRvanBBOGFOTWRWVDZiVzB3T3hJbzBidXJKMThhNmpIZGRITU1rbmhreDBTNUUyZEQwOWx3eDRqSUxBUEx2cWpQTXVRUjhiX0xUbGJlLXg5eDlDVGcyZ2dkcHljSk5meVMySDM1LXNDOUxyYk5n0gHiAUFVX3lxTE93TXhQZHlIVjVxOUlhYW1uRmR3ekJ4dTI1dl8zaHhhVlFmNzFSNUlTeGV2cE4wcG1pNnR2ZkN2R19uUnZ1V2hYVkt2UjNRSGVfNVhtZlYwWGNfY3ZfTnQyNThrTkg2ZEluM0I0NnY5ZjNFNE5adG9qcEE4YU5NZFZUNmJXMHdPeElvMGJ1ckoxOGE2akhkZEhNTWtuaGt4MFM1RTJkRDA5bHd4NGpJTEFQTHZxalBNdVFSOGJfTFRsYmUteDl4OUNUZzJnZ2RweWNKTmZ5UzJIMzUtc0M5THJiTmc?oc=5&hl=en-US&gl=US&ceid=US:en,Ensino,Imprensa Local,Guanambi,busca_automatica,correta
2023-09-28,"Bom Jesus da Lapa recebe Congresso de Ensino, Pesquisa e Extensão do IF Baiano; confira a programação",Notícias da Lapa,https://news.google.com/rss/articles/CBMi8gFBVV95cUxPejNVU1l4N1F6S0RpQjlibzdMc3NvQVhvX2c5c0pNNVpFaU9EX3JfTWhyT08zTWNQUDkxa3dKUUR2VWo2R19CYTd5VHhZdkRQVlJTX2NZWW5XRF8wZ1VyTnNVTmQ5OTlJcXlzQ252dGRfU1pTd2d2NU9iRUZmR1p4Y1J0QmFhSkpGSnVyRThJM3JuZ0ZQMkhoNEgxX0w5Yml4S3NYV09tN2l4UU9LallRVFhDZ1gtemM2ZUNwdDVXT2pBZVJSUXNGUGQwekZQMTh5QzV2REpxVC1zSURPSmRYQmNkRGhyaVBHRWJrMEVobW9Bdw?oc=5&hl=en-US&gl=US&ceid=US:en,Ensino,Imprensa Local,Bom Jesus da Lapa,busca_automatica,correta
2023-09-28,Concurso IF Baiano: banca contratada! VEJA,Blog Gran Cursos Online,https://news.google.com/rss/articles/CBMihAFBVV95cUxQNmFTZHFrclhDOFU2NUE5OXNaYnVrZEdBSi1GUDdwYUxiM0UyV2x3Rm5WNEp2VFFhdEEzbUJnWWZ5WUFGUUJMY1lwZVJVNDhXcWhVdzQ5cjJsQVptTS1BY2MxZHZtcllJaC1TTWV2U2Z3MUI1UTQwZkM3X0JVZUVSS3lRemI?oc=5&hl=en-US&gl=US&ceid=US:en,Gestão e RH,Especializados (Nichos),Geral / Não Especificado,busca_automatica,correta
2023-09-28,IF Baiano abre quase 500 vagas para cursos técnicos em três cidades,Agência Sertão,https://news.google.com/rss/articles/CBMiqAFBVV95cUxQNFo3d1dJWWR4TjBZb2lxWlAzWDBXbjJ4YmplTFNoemJTWndvR3dOam9rQUFpMTc1UHVGMWh6SnlTVTZxSHhZMzNzbWltMnk2ejZrYWV2TWY3dGNieFhON0NzcERoaDNSelVyN19xQzRXRnVNcXFCMTN4YnVfYVk4b3FVdVlQNDlLYmZNQkwtYWxtb2NuWVpfYmRXNFVJOXRnb1ZxTHpDbEjSAagBQVVfeXFMUDRaN3dXSVlkeE4wWW9pcVpQM1gwV24yeGJqZUxTaHpiU1p3b0d3Tmpva0FBaTE3NVB1RjFoekp5U1U2cUh4WTMzc21pbTJ5Nno2a2Fldk1mN3RjYnhYTjdDc3BEaGgzUnpVcjdfcUM0V0Z1TXFxQjEzeGJ1X2FZOG9xVXVZUDQ5S2JmTUJMLWFsbW9jbllaX2JkVzRVSTl0Z29WcUx6Q2xI?oc=5&hl=en-US&gl=US&ceid=US:en,Gestão e RH,Imprensa Local,Geral / Não Especificado,busca_automatica,correta
2023-09-28,IF BAIANO ABRE PROCESSOS SELETIVOS PARA CURSOS TÉCNICOS E SUBSEQUENTES,Pimenta Blog,https://news.google.com/rss/articles/CBMiqgFBVV95cUxNdjVXOUZGblJvWjVTVzROUmdud3YtbVhPdVNTNHJfNjdyOWJ2UDBOZVpSejU4elNiamdkY0JIOE94TmU3QXhXZ01lVENjeEpzeVpiSXRRQ043Q19pNVQxaGw5Uks1VHZrbXFPdXJoLWl3MlNYX3NqUThkdUUzdVNZalI5ak85cTBEOE9kRWpBZUs4RWtGUl83Sk9VdHRtWmdPREUxMnc4c0tJdw?oc=5&hl=en-US&gl=US&ceid=US:en,Ensino,Imprensa Local,Geral / Não Especificado,busca_automatica,correta
2023-09-28,Prosel Cursos Técnicos,pimenta.blog.br,https://pimenta.blog.br/2023/09/28/if-baiano-abre-processos-seletivos-para-cursos-tecnicos-e-subsequentes/,Ensino,Imprensa Local,Geral / Não Especificado,curadoria_dicom,correta
2023-09-28,"Congresso de Ensino, Pesquisa e Extensão",bomjesusdalapanoticias.com.br,https://www.bomjesusdalapanoticias.com.br/bom-jesus-da-lapa/bom-jesus-da-lapa-recebe-congresso-de-ensino-pesquisa-e-extens,Ensino,Imprensa Local,Geral / Não Especificado,curadoria_dicom,correta
2023-09-26,Cicatribio,politicalivre.com.br,https://politicalivre.com.br/2023/09/deputado-destaca-pesquisa-desenvolvida-pelo-campus-de-catu-do-if-baiano-a-partir-do-latex-da-mangaba/#gsc.tab=0,Institucional,Imprensa Local,Geral / Não Especificado,curadoria_dicom,correta
2023-09-22,Comitê da Bacia Hidrográfica,bomjesusdalapanoticias.com.br,https://www.bomjesusdalapanoticias.com.br/bom-jesus-da-lapa/no-formoso-bom-jesus-da-lapa-sedia-pela-primeira-vez-reuniao-plenaria-do-comite-da-bacia-hidrografica-do-rio-corrente/,Institucional,Imprensa Local,Geral / Não Especificado,curadoria_dicom,correta
2023-09-20,PROSEL,infoeducacao.com.br,https://infoeducacao.com.br/if-baiano-abre-vagas-em-especializacao-gratuita-com-aulas-online/,Ensino,Especializados (Nichos),Geral / Não Especificado,curadoria_dicom,correta
2023-09-18,Concurso,agenciasertao.com,https://agenciasertao.com/2023/09/18/if-baiano-define-banca-para-realizacao-de-novo-concurso-publico/,Gestão e RH,Imprensa Local,Geral / Não Especificado,curadoria_dicom,correta
2023-09-18,Concurso IF Baiano BA: definida banca para novo edital de cargos técnico e professores,JC Concursos,https://news.google.com/rss/articles/CBMi0wFBVV95cUxNaERoOUZsUUhWSlMzNVJyMWRERmhBbVRXdHFVcWFkR3FQb3ZSVFlYMld1am00eVV4dEFZbzVSaDVwdzdJeG9oMnVmSmdoX1QtTWl1NkdnU0N1dFRTTFpvbE5rZ1NzUi1HNlB3VzlJTmtFd0daZ1dwaWVMcUk5ZWJ2dzdOb0FFM0VSbHhDUHVtNV9nSUxNZklkR0ZPV0NRLVExbFRkWFZFMTBqZnNFelZlXzU5YWtKeWJNcmUzR25ybUIxZi13bFg0bWVkMW5UeEZscVMw0gHYAUFVX3lxTE45dEw5ZURhVWdTb2FtTEF3RjZMWm9wOWtYYzVKNTJlOWhSYUJOOHZ4Vk04N1lGbnFTN1JMZXU5akhqcGFDZHJialRlY09lNUNiMFNLNENraUV3aDN5WlZrWjZIblFlYmdEc1JnUDc3aDczM3BiTVBYckl2WjFGQnlKeGxZWnIzU1BWemFXbWx4VUlrTDNiXzFkNnZxSkg5NmVRSnA5OFpqdFYyaUktUVpFTUduY3A2dXBGT3VSZFUxVXVncTl3RHYyYmdwbXZ6dC1TZW1NNTVaeQ?oc=5&hl=en-US&gl=US&ceid=US:en,Gestão e RH,Especializados (Nichos),Geral / Não Especificado,busca_automatica,correta
2023-09-18,Concurso IF Baiano: banca definida; edital em breve. Veja,Blog Gran Cursos Online,https://news.google.com/rss/articles/CBMie0FVX3lxTFBSazM2MHRaYTFxMjBnYS1QTEVyNzVNS2pfZWxnU1A1RUF4cEtCZHpYX1I0enhZcTFqSEJRNkU0NzYtekkzSUxQUkEzLXE5WDc2SF83dFh0bjNDU256SXhBQ0JwYkFjYW5xbm5iVUVSZ1IxQ3JEQkhSQVE4SQ?oc=5&hl=en-US&gl=US&ceid=US:en,Gestão e RH,Especializados (Nichos),Geral / Não Especificado,busca_automatica,correta
2023-09-15,Intercâmbio Acadêmico,agenciasertao.com,https://agenciasertao.com/2023/09/15/if-baiano-recebe-doutorando-da-universidad-nacional-de-colombia-para-periodo-de-estagio-de-pesquisa-em-guanambi/,Institucional,Imprensa Local,Geral / Não Especificado,curadoria_dicom,correta
2023-09-15,IF Baiano recebe doutorando da Universidad Nacional de Colombia para período de estágio de pesquisa em Guanambi,Agência Sertão,https://news.google.com/rss/articles/CBMi4wFBVV95cUxPZnpNaDYwQVg4Y0ZoT2JiTHpoTm1xSGYtd09neHc4UTRUWHRRNmpuVGFhOUJwRF9LNU9NMWpuUnBVZ2FUTVowRzBlYnk1WS1Ia3paTWw0V3FPdHJEUHd1TDYwYk9VcEM1cjl6UThueWVCYTkydFNFcWJ6cU9qWmxmOVdRYTZESnQ0YkM0UnBNZW54bnNCa2hvZFMycXpRcmNVWmpTTUpVcFZiZmZUbnZxeVN0MURNY3RVM0VCVU4zRU1TT3R5djFLeE5LQnphWTRoOXVMVUdOYXhMdEIyOWh4X3VtNNIB4wFBVV95cUxPZnpNaDYwQVg4Y0ZoT2JiTHpoTm1xSGYtd09neHc4UTRUWHRRNmpuVGFhOUJwRF9LNU9NMWpuUnBVZ2FUTVowRzBlYnk1WS1Ia3paTWw0V3FPdHJEUHd1TDYwYk9VcEM1cjl6UThueWVCYTkydFNFcWJ6cU9qWmxmOVdRYTZESnQ0YkM0UnBNZW54bnNCa2hvZFMycXpRcmNVWmpTTUpVcFZiZmZUbnZxeVN0MURNY3RVM0VCVU4zRU1TT3R5djFLeE5LQnphWTRoOXVMVUdOYXhMdEIyOWh4X3VtNA?oc=5&hl=en-US&gl=US&ceid=US:en,Pesquisa,Imprensa Local,Guanambi,busca_automatica,correta
2023-09-15,Licenciatura em Ciências Biológicas (IFBaiano),UFRB – Universidade Federal do Recôncavo da Bahia,https://news.google.com/rss/articles/CBMi9gFBVV95cUxPZmhOMHdnamhhZW5qaGlvWXpJbmVudmtkVE9NZnl4THZOOEZUV2pYWXhTYUI3bm1hQ0NtZHFGd3hsU282MlE3Vi1hUGIzNFFmTXlCMUd3UEhnNkR0Mk8zMkNic3dROFBzTUQySV9LR2FLX2RnMzltckM2ZFJPNnJjdlFlTFFEQU4xLWpLTGZheFV2UXdoai1iS1VGamVKQlNIbE5wcGREUHlXekloeTNISWNaVHJyY1dfV1FUN2syS0o2V0pGR0VpdHRJRHNBOGZsdkpsaEdfQWdic3NSc0F0bU12MEgyR3djUF9yTUxGbFRDb2xsRmc?oc=5&hl=en-US&gl=US&ceid=US:en,Pesquisa,Outras Instituições de Ensino,Geral / Não Especificado,busca_automatica,correta
2023-09-15,Sebrae e IF Baiano promovem curso de produção de queijos artesanais em Guanambi | ASN Bahia,Agência Sebrae de Notícias Bahia,https://news.google.com/rss/articles/CBMizwFBVV95cUxPM1FsNU5TOC1xb01BSE4wVS0xYTdoTnBzMFo2Snh1bWRfYktmdlphWWdmTjczRHdzaUdRRnFCVDRKYU1leDJmdTk1Y2Z3ZEN2ck5tUUlzZWh6M2JWaE5IbTR0bm8yZURxMklqdnlCcUpJSmJhdGFMNHI3ek91TkdicnlQaWhoTHF3RW83Sm9KcjcyZ3pURzZOSzdnSlRuOUI1NjFtZnZySFl4cUE5S0RiVUk1eVVxa3pVZ3A2cWN3czFFU3daSlcyajVLLXh5cFk?oc=5&hl=en-US&gl=US&ceid=US:en,Ensino,Imprensa Local,Guanambi,busca_automatica,correta
2023-09-14,Teixeira: Bacharelado em Engenharia Agronômica do IF Baiano recebe nota máxima do MEC,SulBahiaNews,https://news.google.com/rss/articles/CBMiuAFBVV95cUxNNjdFUW02LTNhMERIeEU3NlFRNG4zM19VeTZQYXllT0tkMkFEdnNhelRUZnFRWDRZQ25yWGhQOEw0VWFJUnd5eTFIb2pvbXBuMkxMS3pQMEszdlo2Z294ZktzLWVHZDNQZkN1UWRIdXlIT0ZPTEpxUWNpVXU1MVlPWFRuRXVGbWJWNlVHWGFoT1lFZGh0UmVUS2thVk1jQnY3TW9rb2JjWDlfYm0ydWNlOTd1dXE1aG1N?oc=5&hl=en-US&gl=US&ceid=US:en,Institucional,Imprensa Local,Geral / Não Especificado,busca_automatica,correta
2023-09-14,Baiano de Solos,acheisudoeste.com.br,https://www.acheisudoeste.com.br/noticias/imprimir/62147-2023/09/14/campus-do-ifba-em-guanambi-sera-sede-do-10-ordm-seminario-baiano-de-solos,Institucional,Especializados (Nichos),Geral / Não Especificado,curadoria_dicom,correta
2023-09-14,Nota Máxima MEC,sulbahianews.com.br,https://www.sulbahianews.com.br/teixeira-bacharelado-em-engenharia-agronomica-do-if-baiano-recebe-nota-maxima-do-mec/,Institucional,Imprensa Local,Geral / Não Especificado,curadoria_dicom,correta
2023-09-13,Oferta de Cursos,seligaalagoinhas.com.br,https://www.seligaalagoinhas.com.br/noticia/41760/if-baiano-campus-alagoinhas-abre-420-vagas-para-cursos-de-qualificacao-profissional,Ensino,Imprensa Local,Geral / Não Especificado,curadoria_dicom,correta
2023-09-12,Congresso de Educação,agenciasertao.com,https://agenciasertao.com/2023/09/12/i-congresso-de-educacao-do-if-baiano-sera-de-24-a-27-de-outubro/,Institucional,Imprensa Local,Geral / Não Especificado,curadoria_dicom,correta
2023-09-12,Oferta de Cursos,agenciasertao.com,https://agenciasertao.com/2023/09/12/if-baiano-inscreve-ate-quinta-feira-para-300-vagas-em-curso-de-aperfeicoamento-voltado-a-professores/,Ensino,Imprensa Local,Geral / Não Especificado,curadoria_dicom,correta
2023-09-12,IF Baiano oferta 300 vagas em curso de aperfeiçoamento para professores de todo o país,Agência Sertão,https://news.google.com/rss/articles/CBMiwgFBVV95cUxPclhxRXQzSlppOEVjS3JDX3V2VF83cmUzSTBObHB1alFRR1Uycm9yVkdhbHIxQUdVMmlldHlKUmV0QWlQdERPMHBOdG5ZZGFMOWNwOGIybFdpN3FINkd3bVlUTGZkTnZsMkgxazhveHFqa2NyU19zOVNOR1Z6VVdQMVcxRDVOSHJnb2dScFhMVUZXbzQwSTdaN3FpZ0dhWjh3RnFiRF85UDR0RXFLTGMtRHIzT01xa0tqLWhBVHp6bXVZQdIBwgFBVV95cUxPclhxRXQzSlppOEVjS3JDX3V2VF83cmUzSTBObHB1alFRR1Uycm9yVkdhbHIxQUdVMmlldHlKUmV0QWlQdERPMHBOdG5ZZGFMOWNwOGIybFdpN3FINkd3bVlUTGZkTnZsMkgxazhveHFqa2NyU19zOVNOR1Z6VVdQMVcxRDVOSHJnb2dScFhMVUZXbzQwSTdaN3FpZ0dhWjh3RnFiRF85UDR0RXFLTGMtRHIzT01xa0tqLWhBVHp6bXVZQQ?oc=5&hl=en-US&gl=US&ceid=US:en,Gestão e RH,Imprensa Local,Geral / Não Especificado,busca_automatica,correta
2023-09-11,Projeto de pesquisa,bahia.ba.gov.br,https://www.bahia.ba.gov.br/2023/09/noticias/ciencia-tecnologia/estudantes-de-guanambi-criam-chocadeira-com-comando-a-distancia-para-produtores-rurais/,Pesquisa,Imprensa Regional (Bahia),Geral / Não Especificado,curadoria_dicom,correta
2023-09-08,Oferta de curso,agenciasertao.com,https://agenciasertao.com/2023/09/08/if-baiano-oferta-300-vagas-em-curso-de-aperfeicoamento-para-professores-de-todo-o-pais/,Ensino,Imprensa Local,Geral / Não Especificado,curadoria_dicom,correta
2023-09-07,Prosel cursos técnicos,agenciasertao.com,https://agenciasertao.com/2023/09/07/if-baiano-reabre-inscricoes-para-cursos-tecnicos-em-guanambi-2/,Ensino,Imprensa Local,Geral / Não Especificado,curadoria_dicom,correta
2023-09-06,Prosel,jusdecisum.com.br,https://jusdecisum.com.br/if-baiano-divulga-aprovados-em-selecao-publica-para-contratacao-de-estagiario/,Ensino,Imprensa Local,Geral / Não Especificado,curadoria_dicom,correta
2023-09-05,IF Baiano de Catu abre matrículas para cursos técnicos subsequentes,Mais Região,https://news.google.com/rss/articles/CBMisAFBVV95cUxNZC1SVHBIN2QyOEtGUjZ1LVByQTRMUmJGdk1PNUt5VW1qeVdRclFiMlU0VGk2Y010VVBHYS1UYnNVRXNzaC01UXdYV2xmdzZPM3I3QWJ5a1VLWDFKRHdEQkpLc0IwQUtEM2RjSmpUMWpYM21YeUNmREFGNEZJb2s1b0QxTjM5V1oxU2hjMm5Gd2QtdVAyUTZMbk0xaTRWVUVTWktVQnVkeHFPdmk3TjAyMA?oc=5&hl=en-US&gl=US&ceid=US:en,Ensino,Imprensa Local,Catu,busca_automatica,correta
2023-08-24,Centro de referência Xique-xique,Acordo,https://sitebarra.com.br/v7/midr-e-if-baiano-assinam-parceria-para-instalacao-de-centro-de-tecnologia-e-de-viveiros-no-baixio-do-irece.html#google_vignette,Institucional,Imprensa Local,Xique-Xique,curadoria_dicom,correta
2023-08-23,IF Baiano divulga processo seletivo para professor substituto - iBahia,iBahia,https://news.google.com/rss/articles/CBMisgFBVV95cUxPN0UzWDFzaFI4c1V2UnJyUVZqVzNnR0lUemhBNmpiWnJCR0pZQ2s1R0l3dExXSnkzVjE3TWs1aEZmYi1KamxLTzJ2SHo2MXhfSjFwVnR5UEg0dEFCdnF0TVdmS0dsS1d5WUNNS19FWmNpRmFrTGE3VGtiaGtGUXgyZm1TMzNzTUtNVWZUOWlvMUZ0SnByVmxQZ3pEZktIdEtkeUhNQ2hQVm9hV1huUFJZSS130gG6AUFVX3lxTE1uN0tmaE54Mmo3X01vanBQaWxBYWFuSjhHNEFZRkhHWnQwQm9FbXl0Q2Q3bnVQb08xbnZEb2ZKZFVSaWRXSXV3NEFYRVJfSk5SYWp6Nm93ZERpdkpZcXlCM1JWOGwzcVVuUzlURmNHbVl1U0hIaFgxR1BzaFpISTV5cFAyQWY4bDE4aFlLTVI5QzJUSEU3QzFXQ2NEQTJMZC1HMXR4LVBldjhCQTZ2MEdMWXk3RjE5eUFTUQ?oc=5&hl=en-US&gl=US&ceid=US:en,Gestão e RH,Imprensa Regional (Bahia),Geral / Não Especificado,busca_automatica,correta
2023-08-23,Prosel,professores,https://www.ibahia.com/empregos/if-baiano-divulga-processo-seletivo-para-professor-substituto-302422,Ensino,Imprensa Local,Geral / Não Especificado,curadoria_dicom,correta
2023-08-23,Seleção,Professor Substituto,https://www.pciconcursos.com.br/noticias/if-baiano-processo-seletivo-e-realizado-no-campus-teixeira-de-freitas,Gestão e RH,Imprensa Local,Geral / Não Especificado,curadoria_dicom,correta
2023-08-22,Jogos,Abertura JEIF,https://agenciasertao.com/2023/08/22/jogos-estudantis-do-if-baiano-tem-inicio-nesta-terca-em-guanambi/,Institucional,Imprensa Local,Geral / Não Especificado,curadoria_dicom,correta
2023-08-22,Jogos Estudantis do IF Baiano têm início nesta terça em Guanambi,Agência Sertão,https://news.google.com/rss/articles/CBMipAFBVV95cUxNWi1VQ1pOVG5HQzJibko4U0hNVV9HNEVaTngySTRrZlZXYldRdjdyUXU1RUZkbEE3aHNPYTBQd3NtQVZia3FfLWhfT0pFQm9kZnFIUlRFV0RrZXRoMml5ZjBUXzYxUVY3VDIwdGFFNm5NVXpnSjlkTlBhOF8zSWNlZW5oNzBRT2t4dk1NemNybkVSeEMxRDVFU2RfMV9uZ1lGYXQzSdIBpAFBVV95cUxNWi1VQ1pOVG5HQzJibko4U0hNVV9HNEVaTngySTRrZlZXYldRdjdyUXU1RUZkbEE3aHNPYTBQd3NtQVZia3FfLWhfT0pFQm9kZnFIUlRFV0RrZXRoMml5ZjBUXzYxUVY3VDIwdGFFNm5NVXpnSjlkTlBhOF8zSWNlZW5oNzBRT2t4dk1NemNybkVSeEMxRDVFU2RfMV9uZ1lGYXQzSQ?oc=5&hl=en-US&gl=US&ceid=US:en,Institucional,Imprensa Local,Guanambi,busca_automatica,correta
2023-08-22,Prosel,remanescentes,https://www.sulbahianews.com.br/teixeira-if-baiano-divulga-edital-com-mais-de-50-vagas-para-cursos-gratuitos/,Ensino,Imprensa Local,Geral / Não Especificado,curadoria_dicom,correta
2023-08-21,Jogos,JEIF,https://www.acheisudoeste.com.br/noticias/61495-2023/08/21/guanambi-sediara-jogos-estudantis-do-if-baiano-2023,Institucional,Imprensa Local,Geral / Não Especificado,curadoria_dicom,correta
2023-08-18,"Ifba e IF Baiano abrem novas vagas para professor substituto em Salvador, Senhor do Bonfim e Xique-Xique",Agência Sertão,https://news.google.com/rss/articles/CBMi2AFBVV95cUxOWE5zRm9KdWVMdzgzY2hLSnJmZGVvQjlfSElQYWhjV2loeFZINWRKSHFxZFJNRDdTcE9BLVExUjVjQVJNUUdXd3pNZG9VNlVPMUpQYy1ia25OdGI2MUVUZS01QzJ2LS1zaG5RdHdhV0lBLUpDVG05aXFIMC1aNmEtZFRqNExJeVUyRkxENFdwQUNUYVd5N3N4bVpMay1xV0l1a1FkUHFVOU4zSTIyNEY1dUlOejZOS19PQnNPOTk5dEl0dkFzMnBPT3ZuVEJzMTJGUERzVEpreVbSAdgBQVVfeXFMTlhOc0ZvSnVlTHc4M2NoS0pyZmRlb0I5X0hJUGFoY1dpaHhWSDVkSkhxcWRSTUQ3U3BPQS1RMVI1Y0FSTVFHV3d6TWRvVTZVTzFKUGMtYmtuTnRiNjFFVGUtNUMydi0tc2huUXR3YVdJQS1KQ1RtOWlxSDAtWjZhLWRUajRMSXlVMkZMRDRXcEFDVGFXeTdzeG1aTGstcVdJdWtRZFBxVTlOM0kyMjRGNXVJTno2TktfT0JzTzk5OXRJdHZBczJwT092blRCczEyRlBEc1RKa3lW?oc=5&hl=en-US&gl=US&ceid=US:en,Gestão e RH,Imprensa Local,Senhor do Bonfim,busca_automatica,ambos_citados
2023-08-18,Guanambi vai receber mais de 630 estudantes de 13 cidades para Jogos Estudantis do IF Baiano,Agência Sertão,https://news.google.com/rss/articles/CBMiygFBVV95cUxPRFN1aHFyZGpaT1VyOXFGS0tieG52cmQ1NW5raE9hT1A0aGxlN1Z0S3JCWEtFbk9tRUw0Ym9DaE0yVTZfVmdtMzZpbWxuT01BQk1NZ1E3R3pveXljZ2ZRdjBwMldvX29VZDdnWG9rNWZHZzI3dEw1ZVdpVl80bVFyV1UwTEVTb1FBS2RublRSY050Z09meFhrcFl3cTNzalJOX3gxMXpkanNHQjJ2b1drNzFkV2llcmhUNW1vQVhiYVVJZVNsN0Z3UG9n0gHKAUFVX3lxTE9EU3VocXJkalpPVXI5cUZLS2J4bnZyZDU1bmtoT2FPUDRobGU3VnRLckJYS0VuT21FTDRib0NoTTJVNl9WZ20zNmltbG5PTUFCTU1nUTdHem95eWNnZlF2MHAyV29fb1VkN2dYb2s1ZkdnMjd0TDVlV2lWXzRtUXJXVTBMRVNvUUFLZG5uVFJjTnRnT2Z4WGtwWXdxM3NqUk5feDExemRqc0dCMnZvV2s3MWRXaWVyaFQ1bW9BWGJhVUllU2w3RndQb2c?oc=5&hl=en-US&gl=US&ceid=US:en,Ensino,Imprensa Local,Guanambi,busca_automatica,correta
2023-08-17,"IFBA abre quase 6 mil vagas para cursos técnicos em Barreiras, Brumados e em mais 14 cidades baianas",Notícias de Bom Jesus da Lapa,https://news.google.com/rss/articles/CBMi4wFBVV95cUxPbURUem94OTc4eEQ0ZzI2clBYU3pFUFRlendlbnNsc25xZXRsNzJobjdNMExtRnlFXzAwY2xSRU1fQjRwcUkxTkh1bkhoUXRqVnZfVUZRSmpiRF9TUk9tVlhBZFU5VlJSVHh3VFhfQjBFNlpwdXFuNlhUeXM1ZU40M1FpUjZmenFDand5b1g0dFFSUUxuSFhEUy1pdHpLeWw1X2djd3d2SXNOcXVIeFpodVRTb0NieTlCRUtZejgyVmJQNVhLeW9jVkVvSVlMMVJyY0tla0R1T2RlY0d5SGVVanQ3VQ?oc=5&hl=en-US&gl=US&ceid=US:en,Gestão e RH,Imprensa Local,Geral / Não Especificado,busca_automatica,correta
2023-07-31,IFBA abre Processo Seletivo para contratação de Professor Substituto de Geografia em Itaberaba,Se Liga Chapada,https://news.google.com/rss/articles/CBMixwFBVV95cUxNcGZNZWFvbHFLanBERjh3dnVsUzBHNFpQWFA2bWZCRHk1dXlac3hKbXM2MGp4Wk5US0tNWk9PSXRGd1AzaEp3VFVrVkpLM2tlZDRfcS1nV3F1VHRYVnp0c2xrWDJxekNOS2ZqbHFSYWN6VnJyWS1seXRIeDBTclZTWWF2NzJnTEhFeE9YTG1uNUxYNzliR19Za2hKX1dCaEgyWGdQT0R5aFpocEMyWVhFbjEwbTE3YzVwMEVEZHNJM1hjeW4yV200?oc=5&hl=en-US&gl=US&ceid=US:en,Gestão e RH,Imprensa Local,Itaberaba,busca_automatica,ifba_no_lugar_do_ifbaiano
2023-07-28,Ministério da Educação recebe solicitação para campus do IF Baiano em Salvador e Itamaraju - PT,PT - Bahia,https://news.google.com/rss/articles/CBMi0wFBVV95cUxOS1NHN2ltd0ZoS0FTRExNTGk3b0N4d2MwMlE5Xzk5cVhtYVVLSzR1TkFUVDc0eGRrU1JoZjU3amQyeHdNZlBFeHlLY3JkNEwwSTZpUXk5THB6bG1HZzNiNF9XdHNfcVlKSFc4M2M2Y0JXWEdzTGg5MkNYUlNjUGZoMEEwWjJlOEtkRFotVFVhVnJOSVRUa1pyNVFURTVrclNvdnZQYTJZSlRjTm93TnliaEtmbDNGMVpJNW5jczNGUGNRU0NKN2pCalhmaUVua2RoMUFB?oc=5&hl=en-US&gl=US&ceid=US:en,Institucional,Imprensa Local,Reitoria (Salvador),busca_automatica,correta
2023-07-28,Inscrições para 120 vagas em cursos técnicos do IF Baiano terminam nesta sexta em Guanambi,Agência Sertão,https://news.google.com/rss/articles/CBMixwFBVV95cUxOLTZsSGlYTGlEeUQ2M0dqRjh6NkoxbVYyeHNtYklib0RyakZNSGdjMUh0VGw3OFIwSUptZkpiUlNwQ0F6WGZXeVFEQ1ZSLWVSZUZhU2t3TEZ1c3NDYUkxTy1aN21MSkZTY1FxNmxaeGZTNjdBaUlmMDJfTnpSRTFsRTVuTmd2ai16R2ZhRUVnd0FyVmpIUUxwTnlVaDRMc1FVdm10ckNnSHpvRnhPMlZPcTVQTWd5cUJyYVJ5blNFcVM2TS11d0VR0gHHAUFVX3lxTE4tNmxIaVhMaUR5RDYzR2pGOHo2SjFtVjJ4c21iSWJvRHJqRk1IZ2MxSHRUbDc4UjBJSm1mSmJSU3BDQXpYZld5UURDVlItZVJlRmFTa3dMRnVzc0NhSTFPLVo3bUxKRlNjUXE2bFp4ZlM2N0FpSWYwMl9OelJFMWxFNW5OZ3ZqLXpHZmFFRWd3QXJWakhRTHBOeVVoNExzUVV2bXRyQ2dIem9GeE8yVk9xNVBNZ3lxQnJhUnluU0VxUzZNLXV3RVE?oc=5&hl=en-US&gl=US&ceid=US:en,Gestão e RH,Imprensa Local,Guanambi,busca_automatica,correta
2023-07-19,"Andaraí recebe equipe do Instituto Federal de Educação, Ciência e Tecnologia Baiano (IF Baiano)",Prefeitura Municipal de Andaraí,https://news.google.com/rss/articles/CBMizAFBVV95cUxNd2JyeUFXUVVVOTBkSmxZeXVrdFBSYkVCMTktT2ZHNS1CUGNNbnNYeGp3bGZwbE1tU244ZnA0VDJobmxJdDhJVGd1OU43NVZrZmhYNjFfUktfV1lTQWN0dm1oZlVKcUpYOFo2Mm1CdUZUNmxqYWFrbmo5VmREc2pXaWFhYzRucDFmRzBYWkRiX0ZuWXl6U1otVDVWZ25NSGhrRW9IZmFacThDZFJVRE55WEpEX2ljb3JWR1FxNUFWRWpvUy1Ea1FaZHQxMnI?oc=5&hl=en-US&gl=US&ceid=US:en,Pesquisa,Governamental,Geral / Não Especificado,busca_automatica,correta
2023-07-06,Prosel,Subsequente,https://jornalzero75.com.br/2023/07/06/if-baiano-oferta-vagas-em-cursos-tecnicos-subsequentes-em-itaberaba-catu-e-guanambi/,Ensino,Imprensa Local,Geral / Não Especificado,curadoria_dicom,correta
2023-07-05,Prosel,Subsequente,https://tribunadoreconcavo.com/if-baiano-oferta-vagas-em-cursos-tecnicos-subsequentes-em-itaberaba-catu-e-guanambi/,Ensino,Imprensa Local,Geral / Não Especificado,curadoria_dicom,correta
2023-07-05,Chamada pública,valencaagora.com,https://valencaagora.com/if-baiano-campus-valenca-realiza-chamada-publica-para-aquisicao-de-generos-alimenticios-no-ambito-do-pnae/,Institucional,Imprensa Local,Geral / Não Especificado,curadoria_dicom,correta
2023-07-05,"Congresso de ensino, pesquisa e extensão",Submissão de trabalhos,https://www.bomjesusdalapanoticias.com.br/bom-jesus-da-lapa/if-baiano-de-bom-jesus-da-lapa-abre-inscricoes-para-submissao-de-trabalhos-ao-ii-congresso-de-ensino-pesquisa-e-extensao/,Ensino,Imprensa Local,Geral / Não Especificado,curadoria_dicom,correta
2023-07-04,Processo seletivo,Professores,https://www.pciconcursos.com.br/noticias/if-baiano-novo-processo-seletivo-para-professores-substitutos-e-divulgado,Gestão e RH,Imprensa Local,Geral / Não Especificado,curadoria_dicom,correta
2023-07-03,CAMPUS DO INSTITUTO FEDERAL BAIANO DE URUÇUCA COMPLETA 100 ANOS DE HISTÓRIA,Pimenta Blog,https://news.google.com/rss/articles/CBMisAFBVV95cUxOUEdtZUhrOGlWeHpWZmN1WkNmVnVlWERsVFRpdlFJcGtoWFpHNjZYMGNWQWxSYTZNTDkxRmo1dGpWaWwtNWlGUDNMT1RZMGg3WXFmTGFTQ0F3Uno1azJIYUlBcFdBRU1iZTVJQm84SUxOQmNMVFI3aFVGWFBLWlNJRjhrM184dHRvX2g5N1hrVjV2RGY0MkpxdUE4NEhqUTZEZ3JaU01rRlF6Yl9oOUdoeQ?oc=5&hl=en-US&gl=US&ceid=US:en,Institucional,Imprensa Local,Uruçuca,busca_automatica,correta
2023-07-03,100 anos Uruçuca,Celebração,https://pimenta.blog.br/2023/07/03/campus-do-instituto-federal-baiano-de-urucuca-completa-100-anos-de-historia/,Institucional,Imprensa Local,Uruçuca,curadoria_dicom,correta
2023-07-01,Seleção professor,Concurso,https://portalumbu.com.br/ifbaiano-abre-vagas-de-emprego-salarios-chegam-ate-r-45-mil/,Gestão e RH,Especializados (Nichos),Geral / Não Especificado,curadoria_dicom,correta
2023-06-30,Prosel,Subsequente,https://www.seligaalagoinhas.com.br/noticia/38966/if-baiano-oferta-85-vagas-em-cursos-tecnicos-subsequentes-na-cidade-de-catu,Ensino,Imprensa Local,Geral / Não Especificado,curadoria_dicom,correta
2023-06-29,Prosel,subsequente,https://agenciasertao.com/2023/06/29/if-baiano-abre-mais-de-230-vagas-em-cursos-tecnicos-em-catu-guanambi-e-itaberaba/,Ensino,Imprensa Local,Geral / Não Especificado,curadoria_dicom,correta
2023-06-29,"IF Baiano abre 268 vagas em cursos técnicos em Catu, Guanambi e Itaberaba",Agência Sertão,https://news.google.com/rss/articles/CBMiugFBVV95cUxPTVF2bE41cndDX1J0Q283WS1CdDZ2WVpJOHh0WE9qZGl6M3Fvb1JVb3QzYXJ4UjdSRHlMRzJ0eWdaRWE0V1BOZEFnM1dMdUIxaGhjMzJfaTZvRzEtUkZzckJjREVMMDZvUW9GTU9PeThPV0lDY0tSVXpSWTN4RjFBN0ZlNElmOEdwUDBzYXpXZV9HbGE5VTREekM3UElHN1RLNTJBUUJmS2ZMbHJiLXA3R0VqT0xwMnkwaFHSAboBQVVfeXFMT01RdmxONXJ3Q19SdENvN1ktQnQ2dllaSTh4dFhPamRpejNxb29SVW90M2FyeFI3UkR5TEcydHlnWkVhNFdQTmRBZzNXTHVCMWhoYzMyX2k2b0cxLVJGc3JCY0RFTDA2b1FvRk1PT3k4T1dJQ2NLUlV6UlkzeEYxQTdGZTRJZjhHcFAwc2F6V2VfR2xhOVU0RHpDN1BJRzdUSzUyQVFCZktmTGxyYi1wN0dFak9McDJ5MGhR?oc=5&hl=en-US&gl=US&ceid=US:en,Gestão e RH,Imprensa Local,Catu,busca_automatica,correta
2023-06-29,Concurso,Libras,https://www.ibahia.com/empregos/if-baiano-abre-vagas-de-emprego-com-salarios-de-ate-r-45-mil-297125,Gestão e RH,Imprensa Local,Geral / Não Especificado,curadoria_dicom,correta
2023-06-29,Seleção servidores,Concurso,https://www.sajnet.com.br/noticia/54551/if-baiano-abre-vagas-de-emprego-com-salarios-de-ate-r-4-5-mil,Gestão e RH,Especializados (Nichos),Geral / Não Especificado,curadoria_dicom,correta
2023-06-28,Seleção professor,Concurso,https://antenapoliticabr.com.br/if-baiano-abre-vagas-para-tecnico-de-sinais-salario-e-de-r-45-mil/,Gestão e RH,Especializados (Nichos),Geral / Não Especificado,curadoria_dicom,correta
2023-06-28,Seleção de docentes,Concurso,https://www.acheconcursos.com.br/concursos-bahia/if-baiano-abre-vagas-para-tecnico-especializado-em-linguagem-de-sinais-62369,Gestão e RH,Especializados (Nichos),Geral / Não Especificado,curadoria_dicom,correta
2023-06-28,Prosel,Subsequente,https://www.iguanambi.com.br/noticias/2023/06/28/if-baiano-campus-guanambi-abrira-inscricoes-para-cursos-tecnicos-em-agricultura-e-zootecnia/,Ensino,Imprensa Local,Geral / Não Especificado,curadoria_dicom,correta
2023-06-28,Seleção docentes,Concurso,https://www.pciconcursos.com.br/noticias/if-baiano-anuncia-periodo-de-inscricoes-para-novo-processo-seletivo,Gestão e RH,Especializados (Nichos),Geral / Não Especificado,curadoria_dicom,correta
2023-06-24,Prosel,Subsequente,https://bonfimnoticias.com.br/if-baiano-abre-255-vagas-em-cursos-tecnicos-em-itapetinga-senhor-do-bonfim-e-valenca-inscreva-se-agora/,Ensino,Imprensa Local,Geral / Não Especificado,curadoria_dicom,correta
2023-06-21,Inauguração de banheiro individual,"Gênero, LGBTQIAPN+",https://www.sulbahia1.com.br/noticia/22150/if-baiano-de-valenca-inaugura-banheiro-individual-sem-marcacao-de-genero,Institucional,Imprensa Local,Geral / Não Especificado,curadoria_dicom,correta
2023-06-20,Seleção estagiários,Estágio,https://www.recrutabahia.com.br/2023/06/if-baiano-esta-com-inscricoes-abertas.html,Gestão e RH,Imprensa Local,Geral / Não Especificado,curadoria_dicom,correta
2023-06-15,Seleção docentes,Concurso Substitutos,https://www.acheconcursos.com.br/concursos-bahia/if-baiano-vagas-professor-substituto-dois-campi-2023-62024,Gestão e RH,Especializados (Nichos),Geral / Não Especificado,curadoria_dicom,correta
2023-06-14,IF Baiano inscreve até segunda para 120 vagas de cursos técnicos integrados ao ensino médio em Guanambi,Agência Sertão,https://news.google.com/rss/articles/CBMi1gFBVV95cUxNNUc4cmVDZno5VmhYZUJhLUZoZWdiUFVlWEkyMW9uOF8xQll6Nl83MFNEcjNPTms2LVdBbmdqckxxODNFUU45ZmZUeDAyMXdwaEF4dVlhcm0xRnY0S1kzVHVKdXRVdmpKckRGRXVJaE5YdnNhYnVZVHY2bmdxMjM5aEhRbTNGdWFfX0IzOXFScDJiR0xIY0pSd1p0Y3BjQlhXMi02c2JwNHl2YS1ERjJpNGFyUHM3a2JaZGY1ZXpkWVY5d3c3R01sVmx4OXFjdjBKc1Nsdm1R0gHWAUFVX3lxTE01RzhyZUNmejlWaFhlQmEtRmhlZ2JQVWVYSTIxb244XzFCWXo2XzcwU0RyM09OazYtV0FuZ2pyTHE4M0VRTjlmZlR4MDIxd3BoQXh1WWFybTFGdjRLWTNUdUp1dFV2akpyREZFdUloTlh2c2FidVlUdjZuZ3EyMzloSFFtM0Z1YV9fQjM5cVJwMmJHTEhjSlJ3WnRjcGNCWFcyLTZzYnA0eXZhLURGMmk0YXJQczdrYlpkZjVlemRZVjl3dzdHTWxWbHg5cWN2MEpzU2x2bVE?oc=5&hl=en-US&gl=US&ceid=US:en,Gestão e RH,Imprensa Local,Guanambi,busca_automatica,correta
2023-06-13,Instituto Federal Baiano tem inscrições abertas para seleção de estudantes do ensino médio no sul da Bahia,G1,https://news.google.com/rss/articles/CBMi9gFBVV95cUxPS0pJOWNfV2ttNzFvdGFwbFNPaENoTkNKbnExUGRxeHpjVXhKQ2dvSG5fNXBETEtPTGNLeUNqc1M3cTZoOGxob01qZG1ZdG5obEJ2czNKUjNJX2t4N0xzcGdFYmhHX0FTWXhDZXBzNldYMFl1QlFSSG5hck5rOU4yZTVjOVRsYkk4ZFVhMi1pZ09pNE9YdTE0SHJodXFRdWxnSzVoWDNsb01zREMwRnVCOXlmOXpJVGFwMzk0WHZNcElld3FqRzRpNWxXTE5yZEV5bzFOeFViMk5RMm1zMHVSMUY0Tk5XTS0yMl9kNkQ2RnNZOGl4NnfSAYQCQVVfeXFMT0w1QTVfalhqbkxmUVRmOW1fY3Jrd0otQ2d3Nl8wTFpHa0phaUpsYXZPbVBQN2Y0dTFNWWpCV05vQlFiOFNLV2hsSDFXaXl5bUFudk5uZ0R5MDZfNXRWQ2o2X2s0MWZYN0RuUmZVUzg0VnkwQUczbXZqeDVnMHJRSEhUdWNsZXI0OThxRVJMV09mNC1pTkJCMmxWTVJKQ1lUQmtyZlJQZVROcTl5NkJIbEl6ckVldU9xWURYZ1ZBTnB6OFI4czFTdGRCODlWd0RfTkEzNzNMbHZVenV5RF80UmVuY3BGQnhpM182enZ0NlVyd1VVZFprTmczZHJPaDFBVDhMcnQ?oc=5&hl=en-US&gl=US&ceid=US:en,Gestão e RH,Imprensa (Nacional),Geral / Não Especificado,busca_automatica,correta
2023-06-12,Prosel,Integrado,https://agenciasertao.com/2023/06/12/if-baiano-inscreve-ate-sexta-para-120-vagas-de-cursos-tecnicos-integrados-ao-ensino-medio-em-guanambi/,Ensino,Imprensa Local,Geral / Não Especificado,curadoria_dicom,correta
2023-06-07,Pesquisa,Cicatribio,https://www.diariodocentrodomundo.com.br/pesquisador-baiano-desenvolve-cicatrizante-do-latex-da-mangabeira/,Pesquisa,Imprensa Local,Geral / Não Especificado,curadoria_dicom,correta
2023-06-06,IF Baiano abre vagas de estágio remunerado em Salvador e Guanambi,Agência Sertão,https://news.google.com/rss/articles/CBMipgFBVV95cUxOeEFERkxoUExxUWVJZm1lU0Y0Ny1GMUJtcmxVV19DQkhpWTVVaFF2ZTNkaGE3TW84T210ZkJqQjBHN3ZGbFVlZjc5NFFhWS00aVJnZnZWbEk2dzAzYnhrWXJJOWRORGpDWFJMTUlLUmJoeHVNR3VqVlRUMjVKRXFxMm1mSWdRN0NJNVYxUTRRRHJrNnQ2eEp1R01iX3FHeEpMU21BbWlR0gGmAUFVX3lxTE54QURGTGhQTHFRZUlmbWVTRjQ3LUYxQm1ybFVXX0NCSGlZNVVoUXZlM2RoYTdNbzhPbXRmQmpCMEc3dkZsVWVmNzk0UWFZLTRpUmdmdlZsSTZ3MDNieGtZckk5ZE5EakNYUkxNSUtSYmh4dU1HdWpWVFQyNUpFcXEybWZJZ1E3Q0k1VjFRNFFEcms2dDZ4SnVHTWJfcUd4SkxTbUFtaVE?oc=5&hl=en-US&gl=US&ceid=US:en,Gestão e RH,Imprensa Local,Guanambi,busca_automatica,correta
2023-06-05,Educação ambiental,bahiaextremosul.com.br,https://bahiaextremosul.com.br/3-ecotrilha-de-meio-ambiente-promove-conscientizacao-atraves-de-atividades-fisicas-confira,Institucional,Imprensa Local,Geral / Não Especificado,curadoria_dicom,correta
2023-06-05,Trajetória do artista Alex da Hora,Egresso,https://jornalgrandebahia.com.br/2023/06/das-aulas-de-artes-no-if-baiano-ate-a-exposicao-em-programa-televisivo-nacional-conheca-a-trajetoria-do-artista-alex-da-hora/,Institucional,Imprensa Local,Geral / Não Especificado,curadoria_dicom,correta
2023-06-05,Pesquisa,Cicatribio,https://www.bahia.ba.gov.br/2023/06/noticias/ciencia-tecnologia/pesquisador-usa-latex-da-mangabeira-para-desenvolver-creme-cicatrizante/,Pesquisa,Imprensa Local,Geral / Não Especificado,curadoria_dicom,correta
2023-06-05,Concurso,Professor,https://www.ilheus.net/2023/05/if-baiano-urucuca-abre-processo-seletivo-para-professores.html,Gestão e RH,Imprensa Local,Geral / Não Especificado,curadoria_dicom,correta
2023-06-02,Prosel,Subsequente,https://agenciasertao.com/2023/06/02/if-baiano-oferta-255-vagas-em-cursos-tecnicos-nas-cidades-de-itapetinga-senhor-do-bonfim-e-valenca/,Ensino,Imprensa Local,Geral / Não Especificado,curadoria_dicom,correta
2023-06-02,"IF Baiano oferta 255 vagas em cursos técnicos nas cidades de Itapetinga, Senhor do Bonfim e Valença",Agência Sertão,https://news.google.com/rss/articles/CBMi0gFBVV95cUxOZEZWei1rYUNYSTg5QUVocFhFbXdueEdSZFFNeXUzSWtNdHFZZDNBbjFBcTNzZjhMNUdJVTQ0S0Q0YmtTajA5NGM4T2FKc1ZvYkxxeDZYSGMxZjBudXhxZk1lUDIzRFBja0NIdzBaM29jUHd4X1hHOXdEMVhsNlJobWhicFRGN2xUV0c2UXF0bWJ3OTJxazQ5QzBPemx1SkxKU25rQUxuQWZzMWdDakVzWkZEeXdNUENTeDNOX0JjUVNBRTMzMWF3MFNGTkdSV2VzWGfSAdIBQVVfeXFMTmRGVnota2FDWEk4OUFFaHBYRW13bnhHUmRRTXl1M0lrTXRxWWQzQW4xQXEzc2Y4TDVHSVU0NEtENGJrU2owOTRjOE9hSnNWb2JMcXg2WEhjMWYwbnV4cWZNZVAyM0RQY2tDSHcwWjNvY1B3eF9YRzl3RDFYbDZSaG1oYnBURjdsVFdHNlFxdG1idzkycWs0OUMwT3psdUpMSlNua0FMbkFmczFnQ2pFc1pGRHl3TVBDU3gzTl9CY1FTQUUzMzFhdzBTRk5HUldlc1hn?oc=5&hl=en-US&gl=US&ceid=US:en,Gestão e RH,Imprensa Local,Itapetinga,busca_automatica,correta
2023-06-02,Trajetória do artista Alex da Hora,Egresso,https://portal.redefederal.org.br/noticias/noticias/p3/das-aulas-de-artes-no-if-baiano-ate-a-exposicao-em-programa-televisivo-nacional-conheca-a-trajetoria-do-artista-alex-da-hora,Institucional,Imprensa Local,Geral / Não Especificado,curadoria_dicom,correta
2023-06-01,Evento,Meio Ambiente,https://agenciasertao.com/2023/06/01/if-baiano-promove-cursos-e-oficinas-no-vi-encontro-meio-ambiente-em-discussao-em-guanambi/,Extensão,Imprensa Local,Geral / Não Especificado,curadoria_dicom,correta
2023-06-01,Trajetória do artista Alex da Hora,Egresso,https://oliveiradimas.blogspot.com/2023/06/das-aulas-de-artes-no-if-baiano-ate.html,Institucional,Imprensa Local,Geral / Não Especificado,curadoria_dicom,correta
2023-05-29,IF Baiano e Ifba inscrevem para 24 vagas de professor substituto em sete cidades,Agência Sertão,https://news.google.com/rss/articles/CBMiugFBVV95cUxPRnJ6ekVKRDRxbVZCR0ZUeGxmajhHMkgwTGNJWnBjWVJpMV96VEQ3bzJ3QmVzT2dGVTNMVnZ1R296VTcxOXFGZTl6c3RNWFhFNHVNV1o4aENDSnR2M3lldFRyemNPa3pWcUtoQ1o4OEM4bjcwSFJWYVVJTFBURkI0LXdKWHo3cWZRN2ZmeEJKazZvaUI3dFhCOWhxVkwydDZqU3ZmSUI1Q0dRZHZkSXBwWjJJWEZ1Qzl3SnfSAboBQVVfeXFMT0ZyenpFSkQ0cW1WQkdGVHhsZmo4RzJIMExjSVpwY1lSaTFfelREN28yd0Jlc09nRlUzTFZ2dUdvelU3MTlxRmU5enN0TVhYRTR1TVdaOGhDQ0p0djN5ZXRUcnpjT2t6VnFLaENaODhDOG43MEhSVmFVSUxQVEZCNC13Slh6N3FmUTdmZnhCSms2b2lCN3RYQjlocVZMMnQ2alN2ZklCNUNHUWR2ZElwcFoySVhGdUM5d0p3?oc=5&hl=en-US&gl=US&ceid=US:en,Gestão e RH,Imprensa Local,Geral / Não Especificado,busca_automatica,ambos_citados
2023-05-28,Concurso professor,Agência Sertão,https://agenciasertao.com/2023/05/28/if-baiano-e-ifba-inscrevem-para-24-vagas-de-professor-substituto-em-sete-cidades/,Gestão e RH,Imprensa Local,Geral / Não Especificado,curadoria_dicom,correta
2023-05-25,Concurso professor Uruçuca,Pimenta Blog,https://pimenta.blog.br/2023/05/25/if-baiano-abre-vaga-para-professor-em-urucuca-salario-chega-a-r-63-mil/,Gestão e RH,Imprensa Local,Uruçuca,curadoria_dicom,correta
2023-05-23,Concurso professor Uruçuca,Acheconcursos,https://www.acheconcursos.com.br/concursos-bahia/if-baiano-processo-seletivo-quatro-vagas-professor-urucuca-2023-61431,Gestão e RH,Especializados (Nichos),Uruçuca,curadoria_dicom,correta
2023-05-23,Concurso,Bom Jesus da Lapa Notícias,https://www.bomjesusdalapanoticias.com.br/bom-jesus-da-lapa/if-baiano-de-bom-jesus-da-lapa-realizada-processo-de-selecao-de-professores-substitutos/,Gestão e RH,Imprensa Local,Bom Jesus da Lapa,curadoria_dicom,correta
2023-05-22,Prosel guanambi,Agência Sertão,https://agenciasertao.com/2023/05/22/if-baiano-esta-com-inscricoes-abertas-para-cursos-tecnicos-e-superiores-em-guanambi/,Ensino,Imprensa Local,Guanambi,curadoria_dicom,correta
2023-05-22,IF Baiano está com inscrições abertas para cursos técnicos e superiores em Guanambi,Agência Sertão,https://news.google.com/rss/articles/CBMivgFBVV95cUxQNW5FcGhXaDEtblUxZWtwSVRHa01ScFRJU2tINFRkVWEwVy1GSm9MVHMtWGJnWWhtaGd6Vk0xVzJ4YzdiQUFpNGJuZE1mRE5Ud1hvNFloLTVIZmtxTW96eW1qSy1Ja0RrYlVjbW9WTGduMnYtcHFrbVhrTFZnV1JwMVY4SW94WEVjYXRYbnhLcmNwUFF5M1BOdVBVOGNoQUNINVVYR2wzS3I3UmRSREZTbTllZ0p1QlZkTDBMeXNn0gG-AUFVX3lxTFA1bkVwaFdoMS1uVTFla3BJVEdrTVJwVElTa0g0VGRVYTBXLUZKb0xUcy1YYmdZaG1oZ3pWTTFXMnhjN2JBQWk0Ym5kTWZETlR3WG80WWgtNUhma3FNb3p5bWpLLUlrRGtiVWNtb1ZMZ24ydi1wcWttWGtMVmdXUnAxVjhJb3hYRWNhdFhueEtyY3BQUXkzUE51UFU4Y2hBQ0g1VVhHbDNLcjdSZFJERlNtOWVnSnVCVmRMMEx5c2c?oc=5&hl=en-US&gl=US&ceid=US:en,Ensino,Imprensa Local,Guanambi,busca_automatica,correta
2023-05-19,Alunos do IF Baiano de Teixeira visitam Fazenda Experimental do Incaper no ES,SulBahiaNews,https://news.google.com/rss/articles/CBMirwFBVV95cUxQY0NXUmFBYTNqejJpTzdNZm1YOGQ3VC1BMTNyQktOX1A0b0pOQ2ZpWHhMLW9FaFkxaU54c3JsOVdBSTNEYUJKQ2d3ZkVmVTJCbGRtX3dNRzlTOFlyLTRReTdlRXU2OXdIdWpaRmdVQWdlVVhBZUxVNzZiYlhRNUpVXzh2anFBaGt1QWJQaXdIemxiMDdwcUhqWE1LRGNidVNvTXdxLUppbnNXWWNDWUg0?oc=5&hl=en-US&gl=US&ceid=US:en,Ensino,Imprensa Local,Teixeira de Freitas,busca_automatica,correta
2023-05-19,Aula de campo Campus Teixeira,Sul Bahia News,https://www.sulbahianews.com.br/alunos-do-if-baiano-de-teixeira-visitam-fazenda-experimental-do-incaper-no-es/,Ensino,Imprensa Local,Teixeira de Freitas,curadoria_dicom,correta
2023-05-18,Concurso professor,Agência sertão,https://agenciasertao.com/2023/05/18/if-baiano-abre-selecoes-para-professor-substituto-em-bom-jesus-da-lapa-guanambi-governador-mangabeira-serrinha-e-xique-xique/,Gestão e RH,Imprensa Local,Geral / Não Especificado,curadoria_dicom,correta
2023-05-18,"IF Baiano abre seleções para professor substituto em Bom Jesus da Lapa, Guanambi, Governador Mangabeira, Serrinha e Xique-Xique",Agência Sertão,https://news.google.com/rss/articles/CBMi9AFBVV95cUxPdEFSWlVVREZUejJKV3dJaDMtZ3FteV9PR2s1Ml9kdlJXcEZhZGtCOF92c2dyTXlwRENzam5OczNuMi0zdzVSeEx0SGVVR2ExMGhxam13X2xKN1hBZnVTdlk5cEpWZ2d2Ym9YdlduUFo3aTRoWV91R0hJcFpSMFcxLVRMQmJyYjVnVW9OclJPQk91SzRHaEpUX2VsbXhESVNURXNjLU5LTjh2T3Jhc2N5b1QwVnM0Q1N5Y2llN1ZKWEdmWEJ1bVZValpMTDZ6aFRoODRrOWtQNUhVSDVZYmJWb2RxeFZOMmZVdHNGMDM2cXhFc0t10gH0AUFVX3lxTE90QVJaVVVERlR6MkpXd0loMy1ncW15X09HazUyX2R2UldwRmFka0I4X3ZzZ3JNeXBEQ3Nqbk5zM24yLTN3NVJ4THRIZVVHYTEwaHFqbXdfbEo3WEFmdVN2WTlwSlZnZ3Zib1h2V25QWjdpNGhZX3VHSElwWlIwVzEtVExCYnJiNWdVb05yUk9CT3VLNEdoSlRfZWxteERJU1RFc2MtTktOOHZPcmFzY3lvVDBWczRDU3ljaWU3VkpYR2ZYQnVtVlVqWkxMNnpoVGg4NGs5a1A1SFVINVliYlZvZHF4Vk4yZlV0c0YwMzZxeEVzS3U?oc=5&hl=en-US&gl=US&ceid=US:en,Gestão e RH,Imprensa Local,Bom Jesus da Lapa,busca_automatica,correta
2023-05-17,Concurso professor,Ache concursos,https://www.acheconcursos.com.br/concursos-bahia/if-baiano-abre-vagas-para-professor-de-historia-61271,Gestão e RH,Especializados (Nichos),Geral / Não Especificado,curadoria_dicom,correta
2023-05-17,Museu Jequié,Jequié.ba,https://www.jequie.ba.gov.br/noticias/apos-obras-de-requalificacao-do-museu-historico-joao-carlos-borges-prefeitura-de-jequie-dinamiza-visitacao-publica-17-05-2023-1646,Institucional,Imprensa Local,Geral / Não Especificado,curadoria_dicom,correta
2023-05-16,Prosel graduação Guanambi,Agência Sertão,https://agenciasertao.com/2023/05/16/if-baiano-abre-inscricoes-para-77-vagas-em-cursos-superiores-no-campus-guanambi/,Ensino,Imprensa Local,Guanambi,curadoria_dicom,correta
2023-05-15,Concurso,Pci Concursos,https://www.pciconcursos.com.br/noticias/if-baiano-promove-novo-processo-seletivo-para-docentes-no-campus-governador-mangabeira,Gestão e RH,Especializados (Nichos),Geral / Não Especificado,curadoria_dicom,correta
2023-05-13,Instituto Federal Baiano Campus Uruçuca celebrou 100 anos de existência com um grande evento de popularização da ciência e tecnologia na região cacaueira,bocanews.com.br,https://news.google.com/rss/articles/CBMilgJBVV95cUxQTkFvUE9JNUtYUUExTUNKYWhhc09KUlVPQ050THhCQ25iS280SElQUEhuTmpEcjJSSktpV1UybGtsT3ctVXU1aG1qZTF6NEpCX0daSGhsOGtqS09PZjZ0N1RCcUtZQ28wTnVCRHRzb0R4aTh1c0g1dElyWDh1Ums5X1dXVjkxMTVPUlgxM2x1dHJvZlNtZmtYanhjNFNjZnJ1Z2JwS0Y3eEVBVWRoQ0E5SU5Kajc4WGItX1NSUmJWcUJIQU5CYnBPUnljRGNzQzFvV1diOFJ5bHFoM29CNVNsOGxQS1dEZ1lfemloVTRpdWdmd3NHVndDNGV4LVlTY3V5eGZCc2lsSmtsU0pzRktZcklBUnVaQQ?oc=5&hl=en-US&gl=US&ceid=US:en,Pesquisa,Imprensa Local,Uruçuca,busca_automatica,correta
2023-05-13,100 anos Uruçuca,Osollo,https://osollo.com.br/instituto-federal-baiano-campus-urucuca-celebra-100-anos-de-existencia/,Institucional,Imprensa Local,Uruçuca,curadoria_dicom,correta
2023-05-13,Concurso,PCI Concursos,https://www.pciconcursos.com.br/noticias/if-baiano-divulga-processo-seletivo-para-o-campus-catu,Gestão e RH,Especializados (Nichos),Geral / Não Especificado,curadoria_dicom,correta
2023-05-12,SNCT Uruçuca,Ipolítica,https://ipolitica.blog.br/if-baiano-de-urucuca-comemora-100-anos-de-historia-com-vi-semana-nacional-de-ciencia-e-tecnologia/,Institucional,Imprensa Local,Uruçuca,curadoria_dicom,correta
2023-05-12,Curso Pilotagem Uruçuca,Pimenta Blog,https://pimenta.blog.br/2023/05/12/alunos-do-if-baiano-fazem-curso-de-pilotagem-de-drone-em-urucuca/,Ensino,Imprensa Local,Uruçuca,curadoria_dicom,correta
2023-05-12,Álbum servidora,Tribuna Hoje,https://tribunahoje.com/noticias/brasil/2023/05/12/120426-maternidade-encoraja-jornalista-a-se-tornar-cantora-e-lancar-primeiro-album,Gestão e RH,Imprensa Local,Geral / Não Especificado,curadoria_dicom,correta
2023-05-11,Prosel Teixeira de Freitas,Agência Sertão,https://agenciasertao.com/2023/05/11/if-baiano-oferta-105-vagas-para-cursos-subsequentes-em-teixeira-de-freitas/,Ensino,Imprensa Local,Teixeira de Freitas,curadoria_dicom,correta
2023-05-11,IF Baiano oferta 105 vagas para cursos subsequentes em Teixeira de Freitas,Agência Sertão,https://news.google.com/rss/articles/CBMisgFBVV95cUxPZHk1dm5OZGlTT3c4a2haQXB1U3FOZm90emxjMllmLTh1b0o2OUJtLTd2MHNrWXpsYnMxRUFjeWE4dVljTmljWWEwTEwtZVk3bVU2WnFaUVpZSll0YUx0Q29uaXlBajN6Tmt6R2ZOTnNOU08ydFlaS3lWcERUWDAyMnBJNUh0MXhRcktzZENrSjRaZ2JibE5Gdi10dGYxLW1KcUZHN0ljcFZFbGNYQ3N6LXhR0gGyAUFVX3lxTE9keTV2bk5kaVNPdzhraFpBcHVTcU5mb3R6bGMyWWYtOHVvSjY5Qm0tN3Ywc2tZemxiczFFQWN5YTh1WWNOaWNZYTBMTC1lWTdtVTZacVpRWllKWXRhTHRDb25peUFqM3pOa3pHZk5Oc05TTzJ0WVpLeVZwRFRYMDIycEk1SHQxeFFyS3NkQ2tKNFpnYmJsTkZ2LXR0ZjEtbUpxRkc3SWNwVkVsY1hDc3oteFE?oc=5&hl=en-US&gl=US&ceid=US:en,Gestão e RH,Imprensa Local,Teixeira de Freitas,busca_automatica,correta
2023-05-11,Concurso,PCI Concursos,https://www.pciconcursos.com.br/noticias/if-baiano-promove-novo-processo-seletivo-para-docente-no-campus-xique-xique,Gestão e RH,Especializados (Nichos),Geral / Não Especificado,curadoria_dicom,correta
2023-05-10,Editora IF Baiano,Agência Sertão,https://agenciasertao.com/2023/05/10/if-baiano-pretende-lancar-editora-propria-este-ano/,Institucional,Imprensa Local,Geral / Não Especificado,curadoria_dicom,correta
2023-05-10,100 anos Uruçuca,Gazetadosmunicipios,https://gazetadosmunicipios.com.br/noticia/54140/escola-agricola-no-sul-da-bahia-completa-100-anos-de-existencia,Institucional,Imprensa Local,Uruçuca,curadoria_dicom,correta
2023-05-10,IF Baiano pretende lançar editora própria este ano,Agência Sertão,https://news.google.com/rss/articles/CBMikgFBVV95cUxPS2RjcXhaeW5Ka1pHdy1ybUIydVpSQkxpdk9SSEtrSTk3d0dHR0c3cHVHeE5FSTN3ajVVbkZYWjBkbmZYcnJ2SDNsaTZQMXNnUEk3SjB6NndjOUltRGZfdXQyWW9aUHNWMGVFSGJfc2ViRWdLOTNHRmN6cTVfSU1oUUVZaHVabm0xV0dhQ0dvQ3VnZ9IBkgFBVV95cUxPS2RjcXhaeW5Ka1pHdy1ybUIydVpSQkxpdk9SSEtrSTk3d0dHR0c3cHVHeE5FSTN3ajVVbkZYWjBkbmZYcnJ2SDNsaTZQMXNnUEk3SjB6NndjOUltRGZfdXQyWW9aUHNWMGVFSGJfc2ViRWdLOTNHRmN6cTVfSU1oUUVZaHVabm0xV0dhQ0dvQ3VnZw?oc=5&hl=en-US&gl=US&ceid=US:en,Institucional,Imprensa Local,Geral / Não Especificado,busca_automatica,correta
2023-05-07,SNCT Uruçuca,Infoeducacao,https://infoeducacao.com.br/if-baiano-abe-inscricoes-para-evento-gratuito-que-tera-transmissao-online/,Institucional,Especializados (Nichos),Uruçuca,curadoria_dicom,correta
2023-05-05,Prefeitura abre vagas para o transporte intermunicipal gratuito para alunos do IF Baiano e da UFRB,Prefeitura de Cruz das Almas,https://news.google.com/rss/articles/CBMi3wFBVV95cUxQVFYxaHQ1TEIxZzVoTG1JTWdrNjlUYmNYODRDakpyUzlwRm5VYmJaMlpOVlVGSVZVN3UzRGRTZDVxeEVEOVRGMnpVY0lFeFA2a204b1V2UjdrZmQ5MF9OaXNTT1VOMDJ6MTQ4eXE0TUNJVEN1SVAwMW1zS3UtRTg5WnlBX01iY0d4OGUtXzdKM2ZwX2s5dk9SSU9keFppc09mdm9MUjFJRFJfNnI1YmFfQjBsN09aMEtSVjkwTUFUVzNJTlk4NWpKQ0I5NW1NbE9vTGlVcmdIeVNUczIwLXdR?oc=5&hl=en-US&gl=US&ceid=US:en,Gestão e RH,Governamental,Geral / Não Especificado,busca_automatica,correta
2023-05-05,IF Baiano oferece vagas para cursos técnicos em Senhor do Bonfim e mais duas unidades do estado; saiba como fazer inscrição,Blog do Eloilton Cajuhy,https://news.google.com/rss/articles/CBMi9wFBVV95cUxQcHFsWnRtT0hkdEhSMWcxSk9McTFrQkl3eHdDQk5ROW9DMkNUTDdtV2NJaGRSQ2d4eTJERzRITy0xU2I4Zm9FR3BJS0RPZjh1bjJNaFg5QWgxUFFGUUFVTGdSUEwtMm9wU21IemtTZTFpS09yRGRlSE1oQXBsS1h5UEgyVzNWalpOTmZlRjRGNUl4ako1YWpHanVzVkR2RlZXYm9SN1RwTlU0bXNMQVQ1eTFobFhoMkp1ZjFHb3M3OTZmaDlXc1VzVnlzZDNzVHhNMjNmZ1lGSzVMM1ozZUgxWDRkaWhQeTMxbzBHQ0w3WXVoZnI2dGdv?oc=5&hl=en-US&gl=US&ceid=US:en,Gestão e RH,Imprensa Local,Senhor do Bonfim,busca_automatica,correta
2023-05-04,FIC Uruçuca,Agência Sertão,https://agenciasertao.com/2023/05/04/if-baiano-oferta-285-vagas-em-cursos-de-formacao-inicial-e-continuada-em-urucuca/,Institucional,Imprensa Local,Uruçuca,curadoria_dicom,correta
2023-05-04,IF Baiano oferta 285 vagas em cursos de formação inicial e continuada em Uruçuca,Agência Sertão,https://news.google.com/rss/articles/CBMiugFBVV95cUxNVnliZjR0dmxsNmNqbVQwa3JWRV80eVFITzlmdGdLSWppZGcxRVhoRWY0R3ZhTDRhRjlwM0RTeExEQy1nVlV1c1VlX1NMbW5xdTVWWmdscWdBR0UyR2pEMmdFaXdVODI5NVpBRmQtejFsODl0OUhDVmFiZ0tHTGt0NGVQblA3T1R2UnpXMHFmMy12QlhLWXpncUlDYkY3U1dZRE5scW9RUTV1S2pTVmh1MjR4VzBUczBNRkHSAboBQVVfeXFMTVZ5YmY0dHZsbDZjam1UMGtyVkVfNHlRSE85ZnRnS0lqaWRnMUVYaEVmNEd2YUw0YUY5cDNEU3hMREMtZ1ZVdXNVZV9TTG1ucXU1VlpnbHFnQUdFMkdqRDJnRWl3VTgyOTVaQUZkLXoxbDg5dDlIQ1ZhYmdLR0xrdDRlUG5QN09UdlJ6VzBxZjMtdkJYS1l6Z3FJQ2JGN1NXWURObHFvUVE1dUtqU1ZodTI0eFcwVHMwTUZB?oc=5&hl=en-US&gl=US&ceid=US:en,Gestão e RH,Imprensa Local,Uruçuca,busca_automatica,correta
2023-05-04,FICs Uruçuca,Pimenta Blog,https://pimenta.blog.br/2023/05/04/if-baiano-de-urucuca-abre-285-vagas-em-cursos-de-formacao-inicial-e-continuada/,Institucional,Imprensa Local,Uruçuca,curadoria_dicom,correta
2023-04-28,Seagri e IF Baiano instalam área experimental de seringueiras em Catu,ba.gov.br,https://news.google.com/rss/articles/CBMivwFBVV95cUxONWJGcll4TjBrWnZXYUpBMW5PNExxR3NBSlNyeVN6TW5KbVJRMmJUcUlxTXpOaHpxVk0wZlBJbTNjbk5WSDloNHdwb0o1eGRtRUlpWE9ndVJzWXNadHNMdU4tdFU1UlkzY1MzVW5NYUVDamZtUFNqU2t5bU0wbTlyOHBuTDNzN1pmM1Jqa1Fob3N5dzIzV1cza3QyRnF4SGo4SHg4UmtGM0pqR09lVjhfLXMtb0VJR1llQU9oSHo2QQ?oc=5&hl=en-US&gl=US&ceid=US:en,Institucional,Governamental,Catu,busca_automatica,correta
2023-04-25,Concurso,Grand Concurso,https://blog.grancursosonline.com.br/concurso-if-baiano/,Gestão e RH,Especializados (Nichos),Geral / Não Especificado,curadoria_dicom,correta
2023-04-23,Vagas Subsequente Serrinha,Portal MF,https://portalmf.com.br/index.php/2023/04/23/if-baiano-oferta-40-vagas-para-curso-tecnico-em-agropecuaria-em-serrinha/,Gestão e RH,Imprensa Local,Serrinha,curadoria_dicom,correta
2023-04-20,Evento Teixeira,Sul Bahia News,https://www.sulbahianews.com.br/pm-palestra-sobre-fake-news-em-encontro-com-educadores-do-if-baiano-em-teixeira/,Extensão,Imprensa Local,Geral / Não Especificado,curadoria_dicom,correta
2023-04-19,IF Mais Empreendedor,Agência sertão,https://agenciasertao.com/2023/04/19/if-baiano-executa-tres-projetos-do-programa-if-mais-empreendedor-em-guanambi/,Institucional,Imprensa Local,Geral / Não Especificado,curadoria_dicom,correta
2023-04-19,Vagas Subsequente Serrinha,infoserrinha.com.br,https://www.infoserrinha.com.br/post/if-baiano-oferta-40-vagas-para-curso-tecnico-em-agropecuaria-em-serrinha,Gestão e RH,Imprensa Local,Serrinha,curadoria_dicom,correta
2023-04-18,Vagas Subsequente,Agência Sertão,https://agenciasertao.com/2023/04/18/if-baiano-abre-120-vagas-para-cursos-tecnicos-em-itaberaba-e-serrinha/,Gestão e RH,Imprensa Local,Geral / Não Especificado,curadoria_dicom,correta
2023-04-18,Vagas Subsequente Serrinha,Blog da Feira,https://blogdafeira.com.br/home/2023/04/18/instituto-federal-baiano-abre-40-vagas-no-campus-de-serrinha/,Gestão e RH,Imprensa Local,Serrinha,curadoria_dicom,correta
2023-04-18,Instituto Federal Baiano abre 40 vagas no campus de Serrinha,Blog da Feira,https://news.google.com/rss/articles/CBMipwFBVV95cUxQUTJQdVdmbUcxZlVmZHdaT1dsbXpMMG1jTlJjRGZFaTN3YUl0YnRjY1NRbGpzaHVxQVhyQVVrZVN2QnlpTjZha2lyQ2d5eFlpSVFfb29kWWdaa3dXR0dzdzZZQV90eG5MNDhGRW1NLTE3emI0SndxcjZ3NExsT1phcXZDR2c1YUJwM0QtdHJ3R3FvNUFUWDVSWHFzU2hNdHhreTNFZVphbw?oc=5&hl=en-US&gl=US&ceid=US:en,Gestão e RH,Imprensa Local,Serrinha,busca_automatica,correta
2023-04-18,IF Baiano abre 120 vagas para cursos técnicos em Itaberaba e Serrinha,Agência Sertão,https://news.google.com/rss/articles/CBMiqwFBVV95cUxPUVU2ZWhCVm5MTDhKS25NeGxXcVdubktjN3hvX0RNSFJVbW5hSFpnUF9pcHgtbnpVVXhPdC10WGdodFRBdzdNVlRTMTdmTF83TUhzOUNkU3dGbjFHeUdzZ20tcjF3RlVHdXM3OVNSclI4T3l6T3VFRWZ6a1pXUlBGd21pR3ZrNkNvUjB1Mm9VQjNFak9qLTlRMEVKWTc4c0k0d1MxNXNST2JTVG_SAasBQVVfeXFMT1FVNmVoQlZuTEw4SktuTXhsV3FXbm5LYzd4b19ETUhSVW1uYUhaZ1BfaXB4LW56VVV4T3QtdFhnaHRUQXc3TVZUUzE3ZkxfN01IczlDZFN3Rm4xR3lHc2dtLXIxd0ZVR3VzNzlTUnJSOE95ek91RUVmemtaV1JQRndtaUd2azZDb1IwdTJvVUIzRWpPai05UTBFSlk3OHNJNHdTMTVzUk9iU1Rv?oc=5&hl=en-US&gl=US&ceid=US:en,Gestão e RH,Imprensa Local,Itaberaba,busca_automatica,correta
2023-04-18,Vagas Subsequente,seligaalagoinhas.com.br,https://www.seligaalagoinhas.com.br/noticia/35964/if-baiano-oferta-40-vagas-para-curso-tecnico-em-agropecuaria-em-serrinha,Gestão e RH,Imprensa Local,Alagoinhas,curadoria_dicom,correta
2023-04-13,Concurso professor,Ache Concursos,https://www.acheconcursos.com.br/concursos-bahia/if-baiano-vagas-professor-substituto-catu-2023-60410,Gestão e RH,Especializados (Nichos),Geral / Não Especificado,curadoria_dicom,correta
2023-04-06,Especialização,Hora Brasil,https://www.horabrasil.com.br/2023/04/06/pos-graduacao-gratuita-do-if-baiano-abre-20-vagas/,Ensino,Imprensa Local,Geral / Não Especificado,curadoria_dicom,correta
2023-04-06,Especialização,MSN,https://www.msn.com/pt-br/noticias/educacao/p%C3%B3s-gradua%C3%A7%C3%A3o-gratuita-do-if-baiano-abre-20-vagas/ar-AA19xQ0e?ocid=Peregrine,Ensino,Imprensa (Nacional),Geral / Não Especificado,curadoria_dicom,correta
2023-04-05,Especialização,Hora Brasil,https://www.horabrasil.com.br/2023/04/05/especializacao-gratuita-em-alfabetizacao-e-letramento-abre-30-vagas/,Ensino,Imprensa Local,Geral / Não Especificado,curadoria_dicom,correta
2023-04-04,Reunião com gestão do IF Baiano,sinasefe,https://news.google.com/rss/articles/CBMibkFVX3lxTE0xNGlYcUtRWnFwTUNTeHZ4ZTFyQkZ3UWw0c00zaWstYUZES3FBSy1uUlVtVXFzUjd1Z0pwb3RudU9rSW4wOFRqcFJoZHRLSTNCNGtSc0dwUEpoaFZSMHJXV0R5SE9XWmxMbzB6VzhR?oc=5&hl=en-US&gl=US&ceid=US:en,Institucional,Imprensa Local,Geral / Não Especificado,busca_automatica,correta
2023-04-03,Cicatribio,Agência Sertão,https://agenciasertao.com/2023/04/03/gel-cicatrizante-desenvolvido-por-pesquisadores-e-estudantes-do-if-baiano-chegara-aos-petshops-este-mes/,Institucional,Imprensa Local,Geral / Não Especificado,curadoria_dicom,correta
2023-04-03,Gel cicatrizante desenvolvido por pesquisadores e estudantes do IF Baiano chegará aos petshops este mês,Agência Sertão,https://news.google.com/rss/articles/CBMi2AFBVV95cUxOMG52WkUtV19tY0xBTEdKbUlMTzItY3pFYjFyUlVkODZXZUk5YnlSNTlXZXNISG12S1d2UWVpTTJHanUwdW5SdE8xQ1lJZFdVUlhERnZITWljRmZtWkZ4ZXJhNXVzQWlPejduTjYwdXVuSG5BX01nWlFDaXlaWlRzTTNCZU0zdk0tNkxjUVBFQ29MZzlJakRzSXpNaVFYUVQyQ3p1MEd0dDhiS245YkQ2NTNYUnhHWmJjVlB0WVFsdlNsQmltb0JPT3h5aWI0ZURmNmplelkzWjDSAdgBQVVfeXFMTjBudlpFLVdfbWNMQUxHSm1JTE8yLWN6RWIxclJVZDg2V2VJOWJ5UjU5V2VzSEhtdktXdlFlaU0yR2p1MHVuUnRPMUNZSWRXVVJYREZ2SE1pY0ZmbVpGeGVyYTV1c0FpT3o3bk42MHV1bkhuQV9NZ1pRQ2l5WlpUc00zQmVNM3ZNLTZMY1FQRUNvTGc5SWpEc0l6TWlRWFFUMkN6dTBHdHQ4YktuOWJENjUzWFJ4R1piY1ZQdFlRbHZTbEJpbW9CT094eWliNGVEZjZqZXpZM1ow?oc=5&hl=en-US&gl=US&ceid=US:en,Ensino,Imprensa Local,Geral / Não Especificado,busca_automatica,correta
2023-03-31,Visita de escola,Bom Jesus da Lapa Notícias,https://www.bomjesusdalapanoticias.com.br/bom-jesus-da-lapa/estudantes-da-escola-promove-visitam-if-baiano-e-aprendem-sobre-a-importancia-da-agricultura-e-pecuaria/,Institucional,Imprensa Local,Bom Jesus da Lapa,curadoria_dicom,correta
2023-03-28,Cicatribio,Bahia Já,"https://bahiaja.com.br/tecnologia/noticia/2023/03/28/gel-cicatrizante-criado-por-pesquisadores-do-if-baiano-chega-as-lojas,144479,0.html",Institucional,Imprensa Regional (Bahia),Geral / Não Especificado,curadoria_dicom,correta
2023-03-28,Especialização,Portal universidade,https://www.portaluniversidade.com.br/especializacao/if-baiano-oferece-especializacao-gratuita-em-ensino-de-quimica-e-fisica-para-o-ensino-medio/,Ensino,Outras Instituições de Ensino,Geral / Não Especificado,curadoria_dicom,correta
2023-03-27,Protesto Campus Uruçuca,Bahia Notícias,https://www.bahianoticias.com.br/municipios/noticia/33428-estudantes-de-if-baiano-em-urucuca-fazem-protesto-e-cobram-melhorias-em-campus,Institucional,Imprensa Regional (Bahia),Uruçuca,curadoria_dicom,correta
2023-03-27,Especialização,Hora Brasil,https://www.horabrasil.com.br/2023/03/27/inscricoes-para-a-especializacao-gratuita-a-distancia-do-if-baiano-comecam-hoje/,Ensino,Imprensa Local,Geral / Não Especificado,curadoria_dicom,correta
2023-03-24,Pauta cacau,Agência Sertão,https://agenciasertao.com/2023/03/24/if-baiano-atua-modernizando-a-producao-de-chocolate-e-capacitando-pequenos-produtores/,Institucional,Imprensa Local,Geral / Não Especificado,curadoria_dicom,correta
2023-03-24,Oficinas guanambi,Agência Sertão,https://agenciasertao.com/2023/03/24/if-baiano-oferta-oficinas-de-eletronica-basica-e-programacao-de-microcontroladores-em-guanambi/,Extensão,Imprensa Local,Guanambi,curadoria_dicom,correta
2023-03-24,Cicatribio,Conif,https://portal.redefederal.org.br/noticias/noticias/p2/gel-cicatrizante-criado-por-pesquisadores-e-estudantes-do-if-baiano-chega-as-lojas-de-pet,Institucional,Governamental,Geral / Não Especificado,curadoria_dicom,correta
2023-03-23,Dia do Cacau,Conif,https://portal.redefederal.org.br/noticias/noticias/p2/if-baiano-atua-na-modernizacao-da-producao-de-chocolate-e-capacitando-pequenos-produtores,Institucional,Governamental,Geral / Não Especificado,curadoria_dicom,correta
2023-03-18,Especialização,Notícias Concursos,https://noticiasconcursos.com.br/if-baiano-recebe-inscricoes-para-especializacao-em-ensino-de-quimica-e-fisica/,Ensino,Especializados (Nichos),Geral / Não Especificado,curadoria_dicom,correta
2023-03-17,Tenda,Agenciasertão,https://agenciasertao.com/2023/03/17/tenda-da-ciencia-do-if-baiano-tera-servicos-odontologicos-e-ultrassonografias-gratuitas-em-guanambi/,Extensão,Imprensa Local,Geral / Não Especificado,curadoria_dicom,correta
2023-03-17,Especialização,Hora Brasil,https://www.horabrasil.com.br/2023/03/17/if-baiano-abre-30-vagas-em-especializacao-gratuita-em-ensino-de-quimica-e-fisica/,Ensino,Imprensa Local,Geral / Não Especificado,curadoria_dicom,correta
2023-03-17,Prosel Ead,Ilheus.net,https://www.ilheus.net/2023/03/ifbaiano-urucuca-tem-vagas-gratuitas-em-curso-ead.html,Ensino,Imprensa Local,Geral / Não Especificado,curadoria_dicom,correta
2023-03-17,Vagas Especialização,MSN via Hora Brasil,https://www.msn.com/pt-br/noticias/educacao/if-baiano-abre-30-vagas-em-especializa%C3%A7%C3%A3o-gratuita-em-ensino-de-qu%C3%ADmica-e-f%C3%ADsica/ar-AA18JIzH?ocid=Peregrine,Gestão e RH,Imprensa (Nacional),Geral / Não Especificado,curadoria_dicom,correta
2023-03-15,Aprovação no Sisu,Critiva Online,https://criativaonline.com.br/estudantes-da-educacao-profissional-de-jaguaquara-e-outras-cidades-sao-aprovados-no-if-baiano/,Ensino,Imprensa Local,Geral / Não Especificado,curadoria_dicom,correta
2023-03-14,Entrevista com egresso,Informe Cidade,https://www.informecidade.com.br/noticia/8360/entrevista-erivaldo-brito-fala-sobre-trajetoria-ate-finalizar-a-sua-segunda-residencia-medica,Institucional,Imprensa Local,Geral / Não Especificado,curadoria_dicom,correta
2023-03-13,IFBAIANO Sisu 2023: confira classificação geral da Lista de Espera,Portal FiiBrasil,https://news.google.com/rss/articles/CBMijAFBVV95cUxPYjFhUUNHN3dRbUtfRjl3ZlZ4MHc0R0xkMWp5ai1vX2tFal85c1JSZWF0Z202MWhuWlctRTlVZ0NYRXc1bnVjSGM4dDhQQTYzNGdrOUFWZTViUTZlZEpoSXNMa2VvMjVuQ09VWEljekZPWU95MDVZMllZa2tTSTdTS1FiZlRCUUNZSzlKVw?oc=5&hl=en-US&gl=US&ceid=US:en,Ensino,Imprensa Local,Geral / Não Especificado,busca_automatica,correta
2023-03-13,Tenda da Ciência,Rede Globo/ Rede Bahia,https://redeglobo.globo.com/redebahia/tarolando/noticia/e-de-graca-tenda-da-ciencia-do-if-baiano-acontece-nos-dias-14-e-154-em-guanambi.ghtml,Pesquisa,Imprensa (Nacional),Geral / Não Especificado,curadoria_dicom,correta
2023-03-11,Matéria sobre Educação em Santo Antônio de Jesus,Infosaj,https://infosaj.com.br/em-saj-maior-numero-de-alunos-matriculados-nova-frota-escolar-nova-eja-e-ampliacao-das-refeicoes-no-municipio-sao-destaque-na-educacao-municipal-veja/,Institucional,Imprensa Local,Geral / Não Especificado,curadoria_dicom,correta
2023-03-10,Aprovação  no Sisu,Governo da Bahia,http://estudantes.educacao.ba.gov.br/noticias/estudantes-da-educacao-profissional-sao-aprovados-em-universidades-publicas-e-institutos-fe,Ensino,Governamental,Geral / Não Especificado,curadoria_dicom,correta
2023-03-10,Especialização,Agência Sertão,https://agenciasertao.com/2023/03/10/if-baiano-abre-selecao-para-especializacao-em-ensino-de-quimica-e-fisica/,Ensino,Imprensa Local,Geral / Não Especificado,curadoria_dicom,correta
2023-03-09,Aprovação de alunos no Sisu IF Baiano,Jeremoabo.com,https://www.jeremoabo.com.br/noticia/47591/convite-a-imprensa-governo-de-sergipe-comemora-os-destaques-da-rede-estadual-de-ensino-com-o-evento-educacao-no-podio,Ensino,Imprensa Local,Geral / Não Especificado,curadoria_dicom,correta
2023-03-08,Oficina ministrada por egressa do IF Baiano,Diário Bahia,https://diariobahia.com.br/em-una-faeg-sul-retoma-atividade-presencial-apos-3-anos/,Extensão,Imprensa Local,Geral / Não Especificado,curadoria_dicom,correta
2023-03-06,Desafio Liga Jovem,Jornal da Chapada,https://jornaldachapada.com.br/2023/03/03/chapada-equipes-do-if-baiano-de-itaberaba-entre-as-semifinalistas-do-desafio-nacional-liga-jovem/,Institucional,Imprensa Local,Geral / Não Especificado,curadoria_dicom,correta
2023-03-04,Acidente com aluna,Pimenta Blog,https://pimenta.blog.br/2023/03/04/acidente-de-carro-no-sul-da-bahia-mata-estudante-e-deixa-pai-e-irma-feridos/,Institucional,Imprensa Local,Geral / Não Especificado,curadoria_dicom,correta
2023-03-03,Tenda da Ciência,Agência Sertão,https://agenciasertao.com/2023/03/03/primeira-edicao-do-projeto-tenda-da-ciencia-do-if-baiano-sera-realizada-em-guanambi-no-mes-de-abril/,Pesquisa,Imprensa Local,Geral / Não Especificado,curadoria_dicom,correta
2023-03-03,Primeira edição do Projeto Tenda da Ciência do IF Baiano será realizada em Guanambi no mês de abril,Agência Sertão,https://news.google.com/rss/articles/CBMi0wFBVV95cUxNMExYSm9mUzBGTWpfbHJzLU4wcUxDT1R2c2RIS0dJcXotSXdvNTVCZDRMTmlnMHlJT0t6OEczZGNIemRUaUQ5OWRCYjNOSWFmeks3c2RUamlqWTlJcHdfLTJ4S0k4YndvZDhHdnkyWDY5UmRlQVVHREMyNmFxNjRhQlB4cVo2NmllTHM3MG1feTJST2NwZTdXVTl1TkM5SlJhaDRzSzhMR2t6UEQzdFphVjlxdXp3UHVZWFpFQVBfMTJKb1lwaXdNVVlycEZRd2toSndJ0gHTAUFVX3lxTE0wTFhKb2ZTMEZNal9scnMtTjBxTENPVHZzZEhLR0lxei1Jd281NUJkNExOaWcweUlPS3o4RzNkY0h6ZFRpRDk5ZEJiM05JYWZ6SzdzZFRqaWpZOUlwd18tMnhLSThid29kOEd2eTJYNjlSZGVBVUdEQzI2YXE2NGFCUHhxWjY2aWVMczcwbV95MlJPY3BlN1dVOXVOQzlKUmFoNHNLOExHa3pQRDN0WmFWOXF1endQdVlYWkVBUF8xMkpvWXBpd01VWXJwRlF3a2hKd0k?oc=5&hl=en-US&gl=US&ceid=US:en,Pesquisa,Imprensa Local,Guanambi,busca_automatica,correta
2023-03-02,Dia da Mulher,Agência Sertão,https://agenciasertao.com/2023/03/02/if-baiano-realizara-ii-seminario-sobre-violencia-contra-a-mulher-em-guanambi/,Institucional,Imprensa Local,Geral / Não Especificado,curadoria_dicom,correta
2023-02-28,Aprovação de alunos cegos no Sisu,Secretaria de Educação do Estado,http://estudantes.educacao.ba.gov.br/noticias/estudantes-com-deficiencia-visual-da-rede-estadual-sao-aprovados-em-universidades-publicas,Ensino,Governamental,Geral / Não Especificado,curadoria_dicom,correta
2023-02-28,Aprovação de alunos cegos no Sisu,93 Notícias,https://93noticias.com.br/noticia/83480/rede-estadual-aprova-estudantes-na-ufs-usp-ufal-e-ufms,Ensino,Imprensa Local,Geral / Não Especificado,curadoria_dicom,correta
2023-02-22,Curso FIC Valença,Agência Sertão,https://agenciasertao.com/2023/02/22/if-baiano-abre-inscricoes-para-curso-sobre-cooperativismo-em-valenca/,Ensino,Imprensa Local,Valença,curadoria_dicom,correta
2023-02-22,IF Baiano abre inscrições para curso sobre cooperativismo em Valença,Agência Sertão,https://news.google.com/rss/articles/CBMiqgFBVV95cUxPSVVkSmhiaGRuVjNHTzVXVW81SE5lbmFtU3pIUGl4aVVWWEd3R01uYmo5d2Q5OXg2NGJMWnd4LWFOSWVTNHMySmZ4aUthTjNjUll2ZDhHZHhKRjdwdUxRZWplY21SRVM4cnQxeUtSRkVjOUFPcmgxTUtxNEhQc2lYUkp1VXNvWnRYTnRoaUdUSXVsWG9jLXRUcGxwVV9UX0NCS0c5QzllR0FRQdIBqgFBVV95cUxPSVVkSmhiaGRuVjNHTzVXVW81SE5lbmFtU3pIUGl4aVVWWEd3R01uYmo5d2Q5OXg2NGJMWnd4LWFOSWVTNHMySmZ4aUthTjNjUll2ZDhHZHhKRjdwdUxRZWplY21SRVM4cnQxeUtSRkVjOUFPcmgxTUtxNEhQc2lYUkp1VXNvWnRYTnRoaUdUSXVsWG9jLXRUcGxwVV9UX0NCS0c5QzllR0FRQQ?oc=5&hl=en-US&gl=US&ceid=US:en,Ensino,Imprensa Local,Valença,busca_automatica,correta
2023-02-22,Seleção professor,Notícias Concursos,https://noticiasconcursos.com.br/if-baiano-publica-processo-seletivo-para-contratar-docentes-em-valenca/,Gestão e RH,Especializados (Nichos),Geral / Não Especificado,curadoria_dicom,correta
2023-02-18,Seleção de docentes,Notícias Concursos,https://noticiasconcursos.com.br/if-baiano-anuncia-seletiva-para-docentes-com-salario-proximo-dos-r6-mil/,Gestão e RH,Especializados (Nichos),Geral / Não Especificado,curadoria_dicom,correta
2023-02-16,Participação de docente em evento,Prefeitura de Diadema,https://portal.diadema.sp.gov.br/diadema-discute-justica-curricular-em-congresso-de-educacao/,Gestão e RH,Governamental,Geral / Não Especificado,curadoria_dicom,correta
2023-02-16,Sisu,Portal PNE,https://portalpne.com/noticia/ifbaiano-vagas-sisu-2023-1/,Ensino,Imprensa Local,Geral / Não Especificado,curadoria_dicom,correta
2023-02-16,Seleção docentes,PCI Concursos,https://www.pciconcursos.com.br/noticias/if-baiano-anuncia-processo-seletivo-no-campus-valenca-ba,Gestão e RH,Especializados (Nichos),Geral / Não Especificado,curadoria_dicom,correta
2023-02-15,Sisu Lapa,Bom Jesus da Lapa Notícias,https://www.bomjesusdalapanoticias.com.br/bom-jesus-da-lapa/campus-do-if-baiano-de-bom-jesus-da-lapa-oferta-40-vagas-para-o-curso-em-gestao-da-tecnologia-da-informacao-via-sisu/,Ensino,Imprensa Local,Bom Jesus da Lapa,curadoria_dicom,correta
2023-02-14,Feira agroecológica,Agência Sertão,https://agenciasertao.com/2023/02/14/feiras-agroecologicas-voltam-voltam-a-ser-realizadas-em-guanambi-e-caetite/,Extensão,Imprensa Local,Geral / Não Especificado,curadoria_dicom,correta
2023-02-14,Seleção de estagiário,Agência Sertão,https://agenciasertao.com/2023/02/14/if-baiano-abre-selecao-para-vaga-de-estagio-em-guanambi-2/,Gestão e RH,Imprensa Local,Geral / Não Especificado,curadoria_dicom,correta
2023-02-14,IF Baiano abre seleção para vaga de estágio em Guanambi,Agência Sertão,https://news.google.com/rss/articles/CBMimwFBVV95cUxQaTViYjRXRUppY1FjSE9qaE1oUlNVVzdlZ1d2ZTRuclpMMllKb2RtOGZ2YzRtMVo0bGpXdDJHQTN4LW9SeW93V0JNeUZCUkJIdkRKTzIwUGpoN0pVUm4xVjVkbzU3X3J2T0VlVjVmRDI5NU1iMlhhTHRVTlRzbjNVY0xKS0xYZTZFMGlyNDV2YWZuSmM0RC1zSWNSY9IBmwFBVV95cUxQaTViYjRXRUppY1FjSE9qaE1oUlNVVzdlZ1d2ZTRuclpMMllKb2RtOGZ2YzRtMVo0bGpXdDJHQTN4LW9SeW93V0JNeUZCUkJIdkRKTzIwUGpoN0pVUm4xVjVkbzU3X3J2T0VlVjVmRDI5NU1iMlhhTHRVTlRzbjNVY0xKS0xYZTZFMGlyNDV2YWZuSmM0RC1zSWNSYw?oc=5&hl=en-US&gl=US&ceid=US:en,Gestão e RH,Imprensa Local,Guanambi,busca_automatica,correta
2023-02-14,Seleção professor,PCI Concursos,https://www.pciconcursos.com.br/noticias/if-baiano-anuncia-novo-processo-seletivo-no-campus-itapetinga,Gestão e RH,Especializados (Nichos),Geral / Não Especificado,curadoria_dicom,correta
2023-02-11,Prosel EAD Santa Inês,Notícias Concursos,https://noticiasconcursos.com.br/if-baiano-divulga-oferta-de-vagas-para-cursos-tecnicos-profissionalizantes/,Ensino,Especializados (Nichos),Santa Inês,curadoria_dicom,correta
2023-02-10,Sisu Guanambi,Agência Sertão,https://agenciasertao.com/2023/02/10/if-baiano-oferta-200-vagas-para-cinco-cursos-superiores-via-sisu-em-guanambi/,Ensino,Imprensa Local,Guanambi,curadoria_dicom,correta
2023-02-10,IF Baiano oferta 200 vagas para cinco cursos superiores via Sisu em Guanambi,Agência Sertão,https://news.google.com/rss/articles/CBMitAFBVV95cUxPZllYUHhjUXVuX2ZYSDZoWmd3U1M5Q09OSXcwNHRCaHlQVF9DR1J4cGNKY0NlWG55OURaWW1hMGNXcHVCRVgyY0pKTEYtV2piYUlYRWhtVkhXcTNVVGZzZUNnalFRNXAxSEQzVnRuZFY4Zk9DRmpSMVJ5V2NSaXJvdEs5eGN2RFdWRXZpVDFKb2V3OE83ZFNNeGFNT1p2bENaSDdVeEg0Sy1IYkNKTE9RMjlnV1_SAbQBQVVfeXFMT2ZZWFB4Y1F1bl9mWEg2aFpnd1NTOUNPTkl3MDR0Qmh5UFRfQ0dSeHBjSmNDZVhueTlEWlltYTBjV3B1QkVYMmNKSkxGLVdqYmFJWEVobVZIV3EzVVRmc2VDZ2pRUTVwMUhEM1Z0bmRWOGZPQ0ZqUjFSeVdjUmlyb3RLOXhjdkRXVkV2aVQxSm9ldzhPN2RTTXhhTU9admxDWkg3VXhINEstSGJDSkxPUTI5Z1df?oc=5&hl=en-US&gl=US&ceid=US:en,Gestão e RH,Imprensa Local,Guanambi,busca_automatica,correta
2023-02-10,Seleção docentes,PCI Concursos,https://www.pciconcursos.com.br/noticias/if-baiano-anuncia-novo-processo-seletivo-junto-ao-campus-urucuca,Gestão e RH,Especializados (Nichos),Geral / Não Especificado,curadoria_dicom,correta
2023-02-08,Sisu,Agência Sertão,https://agenciasertao.com/2023/02/08/if-baiano-e-uneb-ofertam-280-vagas-para-cursos-superiores-em-guanambi-pelo-sisu/,Ensino,Imprensa Local,Geral / Não Especificado,curadoria_dicom,correta
2023-02-07,Prosel EAD Santa Inês,Agência Sertão,https://agenciasertao.com/2023/02/07/if-baiano-oferta-200-vagas-para-cursos-tecnicos-ead-em-duas-cidades/,Ensino,Imprensa Local,Santa Inês,curadoria_dicom,correta
2023-02-07,IF Baiano oferta 200 vagas para cursos técnicos EaD em duas cidades,Agência Sertão,https://news.google.com/rss/articles/CBMiqAFBVV95cUxQUExLWU45Tzh1d3ZQQUdUY1lpeTVMRl9QZDdacl9YdXhYRzdMU3ZjMS10MEhkRU94ZzJFWFNja3RFblZReUJJdlpOVkxZb1EzOVFnVWJxZjNxaUI4UDhhUWYyZW1OWHNpSThETjREWGlDRWxSOTYzaDIyOXRPbXBWbnJzRzdiUlZleWlLMUw2OVU5emk4aWxPdHJfSUJzWnFzMVd4Mk5RSlbSAagBQVVfeXFMUFBMS1lOOU84dXd2UEFHVGNZaXk1TEZfUGQ3WnJfWHV4WEc3TFN2YzEtdDBIZEVPeGcyRVhTY2t0RW5WUXlCSXZaTlZMWW9RMzlRZ1VicWYzcWlCOFA4YVFmMmVtTlhzaUk4RE40RFhpQ0VsUjk2M2gyMjl0T21wVm5yc0c3YlJWZXlpSzFMNjlVOXppOGlsT3RyX0lCc1pxczFXeDJOUUpW?oc=5&hl=en-US&gl=US&ceid=US:en,Gestão e RH,Imprensa Local,Geral / Não Especificado,busca_automatica,correta
2023-02-07,Prosel EAD,Hora Brasil,https://www.horabrasil.com.br/2023/02/07/if-baiano-abre-vagas-em-cursos-tecnicos-ead-gratuitos/,Ensino,Imprensa Local,Geral / Não Especificado,curadoria_dicom,correta
2023-02-06,Desafio Liga Jovem,ASN Agência Sebrae,https://ba.agenciasebrae.com.br/cultura-empreendedora/educacao/bahia-classifica-oito-equipes-para-a-semifinal-nacional-do-desafio-liga-jovem/,Institucional,Imprensa Local,Geral / Não Especificado,curadoria_dicom,correta
2023-02-03,Registro de marca,Ufal,https://ufal.br/ufal/noticias/2023/2/grupo-comunidades-virtuais-do-cedu-consegue-registrar-marca-no-inpi,Institucional,Imprensa Local,Geral / Não Especificado,curadoria_dicom,correta
2023-02-02,Sisu,Agência Sertão,https://agenciasertao.com/2023/02/02/if-baiano-ofertara-860-vagas-em-22-cursos-superiores-pelo-sisu/,Ensino,Imprensa Local,Geral / Não Especificado,curadoria_dicom,correta
2023-02-02,Prosel EAD,Hora Brasil,https://www.horabrasil.com.br/2023/02/10/if-baiano-abre-vagas-em-cursos-tecnicos-profissionalizantes-gratuitos-a-distancia/,Ensino,Imprensa Local,Geral / Não Especificado,curadoria_dicom,correta
2023-02-02,Seleção docentes,PCI Concursos,https://www.pciconcursos.com.br/noticias/if-baiano-divulga-abertura-de-um-novo-processo-seletivo,Gestão e RH,Especializados (Nichos),Geral / Não Especificado,curadoria_dicom,correta
2023-02-01,Reunião da UNE,Sul da Bahia News,https://www.sulbahianews.com.br/estudantes-teixeirenses-participam-da-13a-bienal-da-une-no-rio-de-janeiro/,Institucional,Imprensa Local,Geral / Não Especificado,curadoria_dicom,correta
2023-01-30,Recuperação de estrada,guanambi.ba.gov.br,"http://www.guanambi.ba.gov.br/noticias/zona_rural_comecou_a_recuperacao_da_estrada_do_ifbaiano_guanambi,_regiao_do_bau,_para,_laje_do_sapato_e_muitas_outras-24384",Institucional,Governamental,Guanambi,curadoria_dicom,correta
2023-01-28,Prosel,Agência Sertão,https://agenciasertao.com/2023/01/28/if-baiano-abre-120-vagas-para-cursos-tecnicos-em-guanambi-2/,Ensino,Imprensa Local,Geral / Não Especificado,curadoria_dicom,correta
2023-01-26,IF Baiano – Teixeira de Freitas oferta 400 vagas em cursos técnicos EAD,SulBahiaNews,https://news.google.com/rss/articles/CBMipAFBVV95cUxQbzJhbXZWa0h5RjFpWGg3aURRZ3Q1VTM3azVFZXpNQWVHOHZWanZPN2pGNkNrSklLVktfODZQMDRRdGlCS3doNi1RRXI2YTZSWXJsUFM4d00yb3BxX3JvYWQzMWNXRGtVTjUweTBjMVRtSXFEM3BoaE1yQkpfN2YwV2lmOVZTU0tVWW1oU2FLN3lFaWlGaUtlcHBrSXZoaVlDWEVXdQ?oc=5&hl=en-US&gl=US&ceid=US:en,Gestão e RH,Imprensa Local,Teixeira de Freitas,busca_automatica,correta
2023-01-26,Prosel EAD,Sul da Bahia News,https://www.sulbahianews.com.br/if-baiano-teixeira-de-freitas-oferta-400-vagas-em-cursos-tecnicos-ead/,Ensino,Imprensa Local,Geral / Não Especificado,curadoria_dicom,correta
2023-01-23,Prosel EAD,Via Carreira,https://viacarreira.com/ifbaiano-oferta-240-vagas-para-cursos-tecnicos-ead-2023/,Ensino,Imprensa Local,Geral / Não Especificado,curadoria_dicom,correta
2023-01-21,Estágio,Sul Bahia News,https://www.sulbahianews.com.br/estudantes-do-ifbaiano-finalizam-estagio-voltado-para-programas-florestais/,Institucional,Imprensa Local,Geral / Não Especificado,curadoria_dicom,correta
2023-01-17,Seleção docentes,seligaalagoinhas.com.br,https://www.seligaalagoinhas.com.br/noticia/33053/if-baiano-publica-processo-seletivo-para-docentes-em-alagoinhas,Gestão e RH,Imprensa Local,Alagoinhas,curadoria_dicom,correta
2023-01-16,Prosel EAD,Agência Sertão,https://agenciasertao.com/2023/01/16/if-baiano-inscreve-ate-terca-feira-para-440-vagas-em-cursos-tecnicos-ead/,Ensino,Imprensa Local,Geral / Não Especificado,curadoria_dicom,correta
2023-01-16,IF Baiano inscreve até terça-feira para 440 vagas em cursos técnicos EaD,Agência Sertão,https://news.google.com/rss/articles/CBMirwFBVV95cUxNemJWR1F0RWRDbDNVTjVGdjFGZGZqU2JYNk0ybUxxMERXU19KWE5FLU9jRnAzbDhINFNlazE5NjNjNFFiWjBJY0dBYXRlbXBpdTEtV3pId0lCYnMzcF9yYi0zLVdDY1Z1ZTFHNmw0dVQwRFBZZElaWkJiZ1ZiMHdtb2cwTlpkUlI3N0JmQ21HUDMwQlgwMVROejJFR0RHTUpZWndlSnJmWUNGQk1ZWnZz0gGvAUFVX3lxTE16YlZHUXRFZENsM1VONUZ2MUZkZmpTYlg2TTJtTHEwRFdTX0pYTkUtT2NGcDNsOEg0U2VrMTk2M2M0UWJaMEljR0FhdGVtcGl1MS1Xekh3SUJiczNwX3JiLTMtV0NjVnVlMUc2bDR1VDBEUFlkSVpaQmJnVmIwd21vZzBOWmRSUjc3QmZDbUdQMzBCWDAxVE56MkVHREdNSllad2VKcmZZQ0ZCTVladnM?oc=5&hl=en-US&gl=US&ceid=US:en,Gestão e RH,Imprensa Local,Geral / Não Especificado,busca_automatica,correta
2023-01-14,Seleção docentes,Notícias Concursos,https://noticiasconcursos.com.br/if-baiano-publica-processo-seletivo-para-docentes-em-alagoinhas/,Gestão e RH,Especializados (Nichos),Geral / Não Especificado,curadoria_dicom,correta
2023-01-14,Parceria para capacitação de produtores rurais,Bom Jesus da Lapa Notícias,https://www.bomjesusdalapanoticias.com.br/bom-jesus-da-lapa/sindicato-dos-produtores-rurais-de-bom-jesus-da-lapa-realiza-primeira-capacitacao-do-ano-direcionada-para-producao-de-doces/,Institucional,Imprensa Local,Bom Jesus da Lapa,curadoria_dicom,correta
2023-01-10,IF Baiano abre inscrições para 240 vagas de cursos EAD,Catu Acontece,https://news.google.com/rss/articles/CBMikAFBVV95cUxOMUJoamk0NDlSTUtpLWpORlNCVzlzVm5DX21SSHR3OFJxeEplbEVyZnBMdmJZaXVpNWxkamNXRVFlOXpnbmlldVcwbHZpS3hidjFiRTV2MnlrQlAtU2RCSkV1WTYyX2F3Y2NWbkJQYUdyZGI1WF9jSnE2SmVSRjU1cFFnTTI5OHZLb1R5ZFkzaXE?oc=5&hl=en-US&gl=US&ceid=US:en,Gestão e RH,Imprensa Local,Catu,busca_automatica,correta
2023-01-10,Prosel EAD,seligaalagoinhas.com.br,https://www.seligaalagoinhas.com.br/noticia/32852/if-baiano-abre-inscricoes-para-240-vagas-de-cursos-ead,Ensino,Imprensa Local,Alagoinhas,curadoria_dicom,correta
2023-01-05,Neurodiversidade e inclusão,ConectadoNews,https://www.conectadonews.com.br/noticia/25369/ifba-promove-inclusao-de-pessoas-neurodivergentes,Institucional,Imprensa Local,Geral / Não Especificado,curadoria_dicom,correta
2023-01-02,Concurso,PCI Concursos,https://www.pciconcursos.com.br/noticias/if-baiano-divulga-processo-seletivo-para-o-campus-alagoinhas,Gestão e RH,Especializados (Nichos),Geral / Não Especificado,curadoria_dicom,correta
2023-01-01,Professores,98fmcampoformoso.com.br,https://98fmcampoformoso.com.br/professores-do-ifbaiano-senhor-do-bonfim-wellington-dantas-e-guilherme-pra-falar-do-processo-seletivo-2024/,Gestão e RH,Imprensa Local,Senhor do Bonfim,curadoria_dicom,correta
2023-01-01,Trajetória do artista Alex da Hora,Egresso,https://baixosulempauta.com.br/ex-aluno-do-ifbaiano-campus-valenca-participa-do-programa-encontro-na-globo/,Institucional,Imprensa Local,Geral / Não Especificado,curadoria_dicom,correta
2023-01-01,Matéria sobre Teixeira cita campus,Canal Consulta Pública,https://canalconsultapublica.com.br/2023/01/01/noticias/cidades-mais-baratas-para-morar-listamos-as-melhores-com-baixo-custo-de-vida/,Institucional,Imprensa Local,Geral / Não Especificado,curadoria_dicom,correta
2023-01-01,Seleção professores,Ibahia,https://www.ibahia.com/empregos/if-baiano-abre-vagas-para-professores-substitutos-em-valenca,Gestão e RH,Imprensa Regional (Bahia),Geral / Não Especificado,curadoria_dicom,correta
2022-12-31,Prosel EAD Itaberaba,Jornal Folha do Estado,https://www.jornalfolhadoestado.com/educacao/if-baiano-oferta-120-vagas-em-cursos-tecnicos-ead-em-itaberaba,Ensino,Imprensa (Nacional),Itaberaba,curadoria_dicom,correta
2022-12-30,Prosel EAD Itaberaba,Chapada Online,https://jornaldachapada.com.br/2022/12/30/chapada-ifbaiano-em-itaberaba-tem-120-vagas-em-cursos-tecnicos-ead-inscricoes-ate-3-de-fevereiro/,Ensino,Imprensa Local,Itaberaba,curadoria_dicom,correta
2022-12-29,14 anos dos institutos,Bom Jesus da Lapa Notícias,https://www.bomjesusdalapanoticias.com.br/bahia/em-meio-a-desafios-institutos-federais-chegam-aos-14-anos-de-existencia/,Institucional,Imprensa Local,Bom Jesus da Lapa,curadoria_dicom,correta
2022-12-29,Parceria curso EAD,Sul da Bahia News,https://www.sulbahianews.com.br/educacao-de-medeiros-neto-encerra-atividades-apos-primeiro-ano-de-retorno-das-aulas-presenciais/,Ensino,Imprensa Local,Geral / Não Especificado,curadoria_dicom,correta
2022-12-29,Prosel Itaberaba,Valter Vieira,https://www.valtervieira.com.br/noticia/educacao/88585/if-baiano-campus-itaberaba-oferta-120-vagas-em-cursos-tecnicos-ead,Ensino,Imprensa Local,Itaberaba,curadoria_dicom,correta
2022-12-26,Obituário,Sul da Bahia News,https://www.sulbahianews.com.br/retrospectiva-2022-pessoas-especiais-que-nos-deixaram-neste-ano-em-teixeira-de-freitas/,Institucional,Imprensa Local,Geral / Não Especificado,curadoria_dicom,correta
2022-12-24,SNCT,Blog Tempo Presente,https://blogtempopresente.com.br/semana-nacional-de-ciencia-e-tecnologia-movimenta-o-sul-da-bahia/,Institucional,Imprensa Local,Geral / Não Especificado,curadoria_dicom,correta
2022-12-17,Prosel EAD,Agência Sertão,https://agenciasertao.com/2022/12/17/if-baiano-abre-vagas-quase-1-500-vagas-para-cursos-tecnicos-ead-em-varias-cidades/,Ensino,Imprensa Local,Geral / Não Especificado,curadoria_dicom,correta
2022-12-17,Prosel EAD,Sul Bahia News,https://www.sulbahianews.com.br/if-baiano-lanca-editais-com-quase-1-500-vagas-para-cursos-tecnicos-gratuitos-ead-em-teixeira-e-regiao-veja-como-se-inscrever/,Ensino,Imprensa Local,Geral / Não Especificado,curadoria_dicom,correta
2022-12-16,Prosel EAD,G1,https://g1.globo.com/ba/bahia/noticia/2022/12/16/if-baiano-oferece-600-vagas-para-cursos-ead-no-norte-da-bahia-veja-como-participar.ghtml,Ensino,Imprensa (Nacional),Geral / Não Especificado,curadoria_dicom,correta
2022-12-16,IF Baiano oferece 600 vagas para cursos EAD no norte da Bahia; veja como participar,G1,https://news.google.com/rss/articles/CBMi0wFBVV95cUxPWEVZLVdLVWg1a184cnc0WWZaakNwbVEzQ3lWUkJ0aVhxUE9vRWQ0LVoxZE9QR0p5RFIwVk1od0lPdE04a011WmloOS1Idks5VmJodWJFby1NeVVkZWlSdjVCZ2lhdVo4ZWJQZHVtUXJ2dktlaGtrZnFOZHpUWmRZbkhjZWxHTTVoSTVXN2Q4Mk80UjhsUDJ4WllrYTc0eldseWxERUpYcjlQeE9kRWUyWGFtV0dsVHBmY0IyckhtRDBVWTlXUk5DUEF0bURoQWhZSjgw0gHiAUFVX3lxTE53dm93ak1PSkUtd216X3RJNGUxdzdrNzJlemRRYUlrclpLcmlxVTZGTkZpN3B1ZXF6V2syN3dVYUNiWm1SdVdaOEpvQzNwam5aeFlBTHpPVjBpNGFMenlidi0xZjAybldaZ1dhMFFZV0lQWHp2aXZyMnNRVUQxZ2dzNW14V3JIVUdLbm4tamkwSkJFZjVDT08wOXBFRkhsTlFfRmE0eEppLVpIZEFLcWhYSmtaamlXNlVQWGhLdXl5UWtIUWNTLUI3djA1QU5ISWw5ZVVmVWh1aWRzTjVWbmt6M3c?oc=5&hl=en-US&gl=US&ceid=US:en,Gestão e RH,Imprensa (Nacional),Geral / Não Especificado,busca_automatica,correta
2022-12-14,"IF Baiano abre 440 vagas em cursos técnicos EaD nos polos de Caetité, Caculé, Guanambi e Iuiu",Agência Sertão,https://news.google.com/rss/articles/CBMiyAFBVV95cUxOSHJ5S2tNWEl5ZE1IeF9wb3o2Sm4yNUZSUTVxa2xNbWNRYVdfdDJjNXZxNkhYY1JiVnFwUzVpd0tBR1V4QlBUd1JjbExfZzY3bUg2VG5qb1EyWHlVWUtMNWhDUk1jRFNpU2lrajhGQlJCRjF2eWhDRmJPTzgxTXJUdklsRnNYYlg5clUxVWxTaENTMUs0UW1TdHh0T3VFbEJzeEFoRXY5cHNJbWhaOFlZXy15VnYxVHRURHRsVEZpczFvSUhVOGY4dtIByAFBVV95cUxOSHJ5S2tNWEl5ZE1IeF9wb3o2Sm4yNUZSUTVxa2xNbWNRYVdfdDJjNXZxNkhYY1JiVnFwUzVpd0tBR1V4QlBUd1JjbExfZzY3bUg2VG5qb1EyWHlVWUtMNWhDUk1jRFNpU2lrajhGQlJCRjF2eWhDRmJPTzgxTXJUdklsRnNYYlg5clUxVWxTaENTMUs0UW1TdHh0T3VFbEJzeEFoRXY5cHNJbWhaOFlZXy15VnYxVHRURHRsVEZpczFvSUhVOGY4dg?oc=5&hl=en-US&gl=US&ceid=US:en,Gestão e RH,Imprensa Local,Guanambi,busca_automatica,correta
2022-12-11,Evento,Agência Sertão,https://agenciasertao.com/2022/12/11/if-baiano-realizara-evento-sobre-caprinos-e-ovinos-em-guanambi-nesta-terca-feira/,Extensão,Imprensa Local,Geral / Não Especificado,curadoria_dicom,correta
2022-12-10,Evento Prefeitura,alagoinhas.ba.gov.br,https://www.alagoinhas.ba.gov.br/index.php/conscientizacao-educacao-e-gratidao-marcam-a-semana-de-direitos-humanos/,Extensão,Governamental,Alagoinhas,curadoria_dicom,correta
2022-12-08,Cortes,Bahia.BA,https://bahia.ba/bahia/universidades-federais-afirmam-que-nao-tem-recursos-para-pagar-as-contas-em-dezembro/,Institucional,Imprensa Regional (Bahia),Geral / Não Especificado,curadoria_dicom,correta
2022-12-08,Prosel Teixeira,Pimenta Blog,https://pimenta.blog.br/2022/12/08/if-baiano-oferece-105-vagas-em-cursos-tecnicos-no-campus-de-teixeira-de-freitas/,Ensino,Imprensa Local,Geral / Não Especificado,curadoria_dicom,correta
2022-12-03,Vagas EAD,Diga Bahia,https://www.digabahia.com.br/if-baiano-ofertara-3-200-vagas-em-cursos-tecnicos-ead-em-mais-de-30-cidades/,Gestão e RH,Imprensa Local,Geral / Não Especificado,curadoria_dicom,correta
2022-12-01,Sisu,Agência Sertão,https://agenciasertao.com/2022/12/01/if-baiano-vai-ofertar-840-vagas-em-cursos-superiores-pelo-sisu-2023/,Ensino,Imprensa Local,Geral / Não Especificado,curadoria_dicom,correta
2022-12-01,IF Baiano oferta 105 vagas em cursos técnicos integrados ao Ensino Médio no Campus Teixeira de Freitas,SulBahiaNews,https://news.google.com/rss/articles/CBMi0AFBVV95cUxOd0c2OEkxWGU1WVlzTnhHUmJfVUxMSXFFalpvWFA4b0RMZnluTFNqSmhQTG1RSlJjckZZTGJjdjJja2sydVM1TTdJSzFDeE8yN1JsOE0wVTZGU0NJVUo4bjRTMk9qU0U5RDg3cEkyU3FlVnhpVVJHWWgwMENhODZTeWNpODhkYkZqcEJrazJrRC05bm5qZHJHLXZBVUxYX2RQLThQeHYwVGM3dEpsbm5wQ3V6NkFsY1lDV0Nqa0tvWXNTczdjSjFIdDU5bmZEbmR2?oc=5&hl=en-US&gl=US&ceid=US:en,Gestão e RH,Imprensa Local,Teixeira de Freitas,busca_automatica,correta
2022-12-01,Prosel Teixeira,SuldaBahiaNews,https://www.sulbahianews.com.br/if-baiano-oferta-105-vagas-em-cursos-tecnicos-integrados-ao-ensino-medio-no-campus-teixeira-de-freitas/,Ensino,Imprensa Local,Geral / Não Especificado,curadoria_dicom,correta
2022-11-30,Vagas Subsequentes EAD,Agência Sertão,https://agenciasertao.com/2022/11/30/if-baiano-vai-ofertar-mais-de-3-mil-vagas-em-cursos-tecnicos-ead-em-varias-cidades/,Gestão e RH,Imprensa Local,Geral / Não Especificado,curadoria_dicom,correta
2022-11-29,"IF Baiano ofertará 3,2 mil vagas em cursos técnicos EaD, subsequentes ao Ensino Médio em Teixeira de Freitas e região",SulBahiaNews,https://news.google.com/rss/articles/CBMi4gFBVV95cUxPa1BPLXhzeUJEM2g4Tk5Ccmx2cGFoVnhJOEFVXzBYc2hIdk5sRGtXbmY2Mm1EZkQxMnBucURmUlpzQ1o3a1FkVWo4R2ZrQUl4QTZ2R3JQMlB1SWU3a1hqUUh1a1Y5ejBHQkZzZG5Gamt3VWU4MmI0bDdEZ2ZVRmp5ZEV6eWY3Wk5FaFV5MnZkV0RoQWNxV280M0NGN1gtNFl2bnZmQXB1TVRjT3JEODB2bDdYWTV1WGVGVEt4ZlI0TWRxcFZGZmFzZkhjNElrRFZUeHRZSDZfVU1rOTY0eFduQnJ3?oc=5&hl=en-US&gl=US&ceid=US:en,Gestão e RH,Imprensa Local,Teixeira de Freitas,busca_automatica,correta
2022-11-24,IF Baiano oferta 300 vagas em curso de especialização EAD,Agência Sertão,https://news.google.com/rss/articles/CBMimwFBVV95cUxQOGJzZzJNMGhSREFRWUFtSHcySEc3SVdWQWJtcnFDcTRPR1hXRXEwVWpmQUNLT2xLNm5pcEdsa1otZXpfUkozcEtYd3BEMEdxR2FGVkViVTU3MWtyYmN0SlRQUUJhczZzdGhTaE1aN1YxU3lJX3hNTDkyRjBOSXZSa0NndlAtQWh5TGw3ODNEMTFEdnZnVHRiZHB4RdIBmwFBVV95cUxQOGJzZzJNMGhSREFRWUFtSHcySEc3SVdWQWJtcnFDcTRPR1hXRXEwVWpmQUNLT2xLNm5pcEdsa1otZXpfUkozcEtYd3BEMEdxR2FGVkViVTU3MWtyYmN0SlRQUUJhczZzdGhTaE1aN1YxU3lJX3hNTDkyRjBOSXZSa0NndlAtQWh5TGw3ODNEMTFEdnZnVHRiZHB4RQ?oc=5&hl=en-US&gl=US&ceid=US:en,Gestão e RH,Imprensa Local,Geral / Não Especificado,busca_automatica,correta
2022-11-23,Seleção Professor,Agência Sertão,https://agenciasertao.com/2022/11/23/if-baiano-abre-processo-seletivo-para-professor-de-geografia-em-guanambi/,Gestão e RH,Imprensa Local,Geral / Não Especificado,curadoria_dicom,correta
2022-11-23,Vagas Especialização,Sul Bahia,https://www.sulbahianews.com.br/teixeira-if-baiano-oferta-50-vagas-em-especializacao-ead-em-docencia-para-a-ept/,Gestão e RH,Imprensa Local,Geral / Não Especificado,curadoria_dicom,correta
2022-11-22,Como ser aluno do IF BAIANO? Quanto custa?,InfoEducação,https://news.google.com/rss/articles/CBMieEFVX3lxTFBDaTZCdGNDb2dRRlRya0ttRlphOS1mMW94NGdXUDFFUVQ4SzU2a3RJdkpjTTY1MVI3YlBXWlhoSFpsUEU0dVo1V3NmWTY2b0FUY1ktcTFLelhCVkUybk81eVRtSXJ2Y3dEUkc5YkQtVkQ3WG5LWHJYbw?oc=5&hl=en-US&gl=US&ceid=US:en,Ensino,Especializados (Nichos),Geral / Não Especificado,busca_automatica,correta
2022-11-21,Prosel Alagoinhas,seligaalagoinhas.com.br,https://www.seligaalagoinhas.com.br/noticia/31398/if-baiano-oferta-170-vagas-em-alagoinhas-confira,Ensino,Imprensa Local,Alagoinhas,curadoria_dicom,correta
2022-11-18,Evento,Uesb,http://www.uesb.br/noticias/metodos-de-alfabetizacao-sao-tema-de-encontro/,Extensão,Outras Instituições de Ensino,Geral / Não Especificado,curadoria_dicom,correta
2022-11-18,Publicação Boletim técnico,Agência Sertão,https://agenciasertao.com/2022/11/18/if-baiano-participa-de-boletim-tecnico-da-epamig-sobre-cultivo-de-umbuzeiro/,Ensino,Imprensa Local,Geral / Não Especificado,curadoria_dicom,correta
2022-11-18,Parque Marinho,aBlog da Feira,https://blogdafeira.com.br/home/2022/11/18/parque-marinho-na-cidade-baixa-em-salvador-processo-de-criacao-em-andamento/,Institucional,Imprensa Local,Geral / Não Especificado,curadoria_dicom,correta
2022-11-16,Prosel Uruçuca,Correio,https://www.correio24horas.com.br/noticia/nid/campus-do-if-baiano-oferta-265-vagas-para-cursos-tecnicos-gratuitos/,Ensino,Imprensa Regional (Bahia),Uruçuca,curadoria_dicom,correta
2022-11-12,Semana de Biologia Santa Inês,Blog do Valente,https://blogdovalente.com.br/cidades/2022/11/if-baiano-de-santa-ines-realiza-iii-semana-de-biologia/,Institucional,Imprensa Local,Santa Inês,curadoria_dicom,correta
2022-11-11,Prosel Lapa,Bom Jesus da Lapa Notícias,https://www.bomjesusdalapanoticias.com.br/bom-jesus-da-lapa/ifba-abre-processo-seletivo-para-120-vagas-em-cursos-tecnicos-em-bom-jesus-da-lapa/,Ensino,Imprensa Local,Bom Jesus da Lapa,curadoria_dicom,correta
2022-11-09,Palestra Guanambi,Agência Sertão,https://agenciasertao.com/2022/11/09/crq-vai-realizar-palestra-para-profissionais-de-quimica-em-guanambi/,Institucional,Imprensa Local,Guanambi,curadoria_dicom,correta
2022-11-09,Prosel Lapa,Bom Jesus da Lapa Notícias,https://www.bomjesusdalapanoticias.com.br/bom-jesus-da-lapa/campus-ifba-de-bom-jesus-da-lapa-abre-120-vagas-em-processo-seletivo-para-cursos-tecnicos/,Ensino,Imprensa Local,Bom Jesus da Lapa,curadoria_dicom,correta
2022-11-08,Prosel Uruçuca,Pimenta Blog,https://pimenta.blog.br/2022/11/08/if-baiano-oferece-1-700-vagas-em-processo-seletivo-em-urucuca-e-outros-nove-campi/,Ensino,Imprensa Local,Uruçuca,curadoria_dicom,correta
2022-11-04,Curso aperfeiçoamento,Agência Sertão,https://agenciasertao.com/2022/11/04/if-baiano-abre-500-vagas-em-todo-o-pais-para-curso-de-aperfeicoamento/,Ensino,Imprensa Local,Geral / Não Especificado,curadoria_dicom,correta
2022-11-04,Prosel,FDR,https://fdr.com.br/2022/11/04/if-baiano-abre-mais-de-mil-vagas-em-cursos-tecnicos-e-gratuitos/,Ensino,Imprensa Local,Geral / Não Especificado,curadoria_dicom,correta
2022-11-04,"Congresso de Ensino, Pesquisa e Extensão",Conectado News,https://www.conectadonews.com.br/noticia/23852/abertas-as-inscricoes-para-o-congresso-de-pesquisa-ensino-e-extensao-do-if-baiano,Ensino,Imprensa Local,Geral / Não Especificado,curadoria_dicom,correta
2022-11-03,Prosel,SeLigaAlagoinhas,https://www.seligaalagoinhas.com.br/noticia/31036/if-baiano-abre-inscricao-para-cursos-tecnicos-no-campus-catu,Ensino,Imprensa Local,Geral / Não Especificado,curadoria_dicom,correta
2022-11-03,Cursos Fic,SeLigaAlagoinhas,https://www.seligaalagoinhas.com.br/noticia/31037/if-baiano-abre-inscricao-para-cursos-em-alagoinhas,Ensino,Imprensa Local,Geral / Não Especificado,curadoria_dicom,correta
2022-11-02,Prosel,Agência Sertão,https://agenciasertao.com/2022/11/02/if-baiano-oferta-1-290-vagas-de-cursos-tecnicos-em-oito-cidades/,Ensino,Imprensa Local,Geral / Não Especificado,curadoria_dicom,correta
2022-11-02,IF Baiano oferta 1.290 vagas de cursos técnicos em oito cidades,Agência Sertão,https://news.google.com/rss/articles/CBMiowFBVV95cUxOMV9IX3h2UjhEWjlheHFpYjVtTFVzSERBMld3cTRMN2EwYlZ6cnpmVkpyVy13cHNmc3VWSEZxYTJKTWlhQldIZmhHMVZOa09rdHcyUTlsUnRJZlM3cloxUlB4eklfOHNva1F3eU9oU3NFOVA0elRFTFB3Ujk3SlRJeEVzU0V6c2xNUzNpOWp0WFpIREFqM0tmYzNlX095RWNwZDdB0gGjAUFVX3lxTE4xX0hfeHZSOERaOWF4cWliNW1MVXNIREEyV3dxNEw3YTBiVnpyemZWSnJXLXdwc2ZzdVZIRnFhMkpNaWFCV0hmaEcxVk5rT2t0dzJROWxSdElmUzdyWjFSUHh6SV84c29rUXd5T2hTc0U5UDR6VEVMUHdSOTdKVEl4RXNTRXpzbE1TM2k5anRYWkhEQWozS2ZjM2VfT3lFY3BkN0E?oc=5&hl=en-US&gl=US&ceid=US:en,Gestão e RH,Imprensa Local,Geral / Não Especificado,busca_automatica,correta
2022-11-02,Prosel,Tribuna Online,https://www.trbn.com.br/materia/I70615/if-baiano-oferta-1.290-vagas-em-cursos-tecnicos-integrados-ao-ensino-medio,Ensino,Imprensa Local,Geral / Não Especificado,curadoria_dicom,correta
2022-11-01,Prosel,Blog do Gusmão,https://blogdogusmao.com.br/2022/11/01/if-baiano-oferta-1-290-vagas-em-cursos-tecnicos/,Ensino,Imprensa Local,Geral / Não Especificado,curadoria_dicom,correta
2022-11-01,Estudantes do campus de Bom Jesus da Lapa participam dos Jogos Estudantis do IF Baiano,Notícias de Bom Jesus da Lapa,https://news.google.com/rss/articles/CBMi4AFBVV95cUxNS1BVYjVST0xIRVZicTh1TUpIVFpCMC0yYmg3UWJaUTY5VXZtMTVBMGFkOExtbEJDOFdxYnpGdUZ6cnBpNjRUUXI4R0g5VDB2TkE1YW1ROEY5d0Z3TzJHOHQyblZVR3RhaFhBcVkzQWdNcDlRY2FGU0wwcTV6a1hZSnVSejBSQkdWT1B2dHF2TExJc3oxa3RPa3RYZUo5dmppanRZXzBSSUwyWlJseVZ1SXg2dWNrRUJyUC0xdGxFY0JkeXkwZG95X1FmRTJZbHNaWnVzdkpnZUtoekpySEtjWg?oc=5&hl=en-US&gl=US&ceid=US:en,Ensino,Imprensa Local,Bom Jesus da Lapa,busca_automatica,correta
2022-11-01,Jogos,Bom Jesus da Lapa Notícias,https://www.bomjesusdalapanoticias.com.br/bom-jesus-da-lapa/estudantes-do-campus-de-bom-jesus-da-lapa-participam-dos-jogos-estudantis-do-if-baiano/,Institucional,Imprensa Local,Bom Jesus da Lapa,curadoria_dicom,correta
2022-11-01,Prosel,Diga Bahia,https://www.digabahia.com.br/if-baiano-oferta-1-290-vagas-em-cursos-tecnicos-integrados-e-subsequentes-ao-ensino-medio/,Ensino,Imprensa Local,Geral / Não Especificado,curadoria_dicom,correta
2022-10-31,IF Baiano oferta 1.290 vagas em cursos técnicos integrados e subsequentes ao ensino médio,Jornal da Mídia,https://www.jornaldamidia.com.br/2022/11/01/if-baiano-oferta-1-290-vagas-em-cursos-tecnicos-integrados-e-subsequentes-ao-ensino-medio/,Gestão e RH,Imprensa Local,Geral / Não Especificado,curadoria_dicom,correta
2022-10-27,Evento Bom Jesus da Lapa,Bom Jesus da Lapa Notícias,https://www.bomjesusdalapanoticias.com.br/bom-jesus-da-lapa/campus-do-if-baiano-de-bom-jesus-da-lapa-realizacao-o-iii-simposio-de-ensino-pesquisa-e-extensao/,Extensão,Imprensa Local,Bom Jesus da Lapa,curadoria_dicom,correta
2022-10-24,Prosel,Tribuna do Recôncavo,https://tribunadoreconcavo.com/governador-mangabeira-if-baiano-ofertas-280-vagas-em-cursos-tecnicos/,Ensino,Imprensa Local,Geral / Não Especificado,curadoria_dicom,correta
2022-10-23,Vagas Especialização,Portal Universidade,https://www.portaluniversidade.com.br/especializacao/100-vagas-para-especializacao-gratuita-em-5-cursos/,Gestão e RH,Outras Instituições de Ensino,Geral / Não Especificado,curadoria_dicom,correta
2022-10-23,Prosel Catu,seligaalagoinhas.com.br,https://www.seligaalagoinhas.com.br/noticia/30713/qualificacao-if-baiano-abre-inscricao-para-cursos-tecnicos-no-campus-catu,Ensino,Imprensa Local,Alagoinhas,curadoria_dicom,correta
2022-10-21,Bahia / Catu: IF Baiano abre inscrição para cursos técnicos,Tribuna do Recôncavo,https://news.google.com/rss/articles/CBMiigFBVV95cUxQZFlkQ2FXVWpYVGFaYkFmWnpINFVHREJxdDBYaVBJcXFMX3dESjVyT2hBRkhhb0h2UWRkYkdKcW9XaE9uWE42TndGelVqVmFzSnJhUThRWTJ5TFJpMXVSd1FUUy02RTBGZlptNU1icmZQemxIaHpORS10bVkyVjRyazNkbUxLM1AzbHc?oc=5&hl=en-US&gl=US&ceid=US:en,Ensino,Imprensa Local,Catu,busca_automatica,correta
2022-10-21,Prosel Catu,Tribuna do Recôncavo,https://tribunadoreconcavo.com/catu-if-baiano-abre-inscricao-para-cursos-tecnicos/,Ensino,Imprensa Local,Catu,curadoria_dicom,correta
2022-10-17,Seleção de Tutores,Agência Sertão,https://agenciasertao.com/2022/10/17/if-baiano-inscreve-ate-esta-terca-feira-para-selecao-de-tutores-ead-e-pessoal-de-apoio-administrativo-em-guanambi/,Gestão e RH,Imprensa Local,Geral / Não Especificado,curadoria_dicom,correta
2022-10-17,Vagas Especialização,Hora Brasil,https://www.horabrasil.com.br/2022/10/17/inscricoes-abertas-para-especializacao-gratuita-em-metodologia-contemporanea-do-ensino/,Gestão e RH,Imprensa Local,Geral / Não Especificado,curadoria_dicom,correta
2022-10-15,Vagas Especialização,Hora Brasil,https://www.horabrasil.com.br/2022/10/15/pos-graduacao-lato-sensu-em-historia-e-cultura-afro-brasileira-e-indigena/,Gestão e RH,Imprensa Local,Geral / Não Especificado,curadoria_dicom,correta
2022-10-14,Visita técnica Uruçuca,Jornal da Chapada,https://jornaldachapada.com.br/2022/10/14/bahia-ifbaiano-de-urucuca-promove-visita-tecnica-em-ilheus-em-parceria-com-escola-profissional-do-chocolate/,Institucional,Imprensa Local,Uruçuca,curadoria_dicom,correta
2022-10-13,Vagas Especialização,Hora Brasil,https://www.horabrasil.com.br/2022/10/13/if-baiano-recebe-inscricoes-para-dois-cursos-de-especializacao-gratuitos/,Gestão e RH,Imprensa Local,Geral / Não Especificado,curadoria_dicom,correta
2022-10-11,Seleção de Tutores,Agência Sertão,https://agenciasertao.com/2022/10/11/if-baiano-abre-selecao-para-tutores-ead-e-pessoal-de-apoio-administrativo-em-guanambi/,Gestão e RH,Imprensa Local,Geral / Não Especificado,curadoria_dicom,correta
2022-10-07,Prosel,Tribuna do Recôncavo,https://tribunadoreconcavo.com/valenca-if-baiano-oferta-mais-de-100-vagas-em-cursos-tecnicos-integrados/,Ensino,Imprensa Local,Geral / Não Especificado,curadoria_dicom,correta
2022-10-07,Parceiria - capacitação,Sul da Bahia News,https://www.sulbahianews.com.br/medeiros-neto-promove-capacitacao-em-primeiros-socorros-com-profissionais-da-educacao/,Institucional,Imprensa Local,Geral / Não Especificado,curadoria_dicom,correta
2022-10-01,Lançamento de livro de docente,Bahia Social Vip,https://bahiasocialvip.com.br/2022/10/loja-do-artesanato-da-bahia-comemora-dia-da-crianca-com-lancamento-de-livro-e-contacao-de-historia/,Gestão e RH,Imprensa Local,Geral / Não Especificado,curadoria_dicom,correta
2022-09-28,Estudantes do IFBA Uruçuca realizam paralisação nas atividades; Movimento ocorreu em forma de protesto contra irregularidades na instituição,Jornal Grande Bahia,https://news.google.com/rss/articles/CBMijgJBVV95cUxQeEpwa1N4MDV1RF9oQTh4MElWTmNHMzludmcyQ28zdzRuLXFIYmFPTGJyTG1VTjRQT2VYVW95Mi0yTzRhRkJ6UnJ4WGxITHJqNjY0UGdmSFJNVnMzcmNPWi1wbkxFSkpTaGJFcHRENVdBZ0xEWXFnU3VUbXBrRHB5QTlkeEN3MzJwSUJSQkFOTDZfYmtBTktDYWEtNXJ2Zk5HOWV3QTMwaWNQR0wwaTlZSnk2XzhCakNfVWJwa2Y5T2h6eThNcUtzTmdManUtLS16LWZYczdsWXo3RW42SVFyX3lLM1E2UHRvbFcwSm0tQU04ZU9Ca2ZDZWtiazh0UzRuMzRMRTNYRUVrd21oLXc?oc=5&hl=en-US&gl=US&ceid=US:en,Ensino,Imprensa Regional (Bahia),Uruçuca,busca_automatica,ifba_no_lugar_do_ifbaiano
2022-09-27,Jogos Estudantis,Jack Comunioca,https://jackcomunica.com.br/jogos-estudantis-do-if-baiano-transforma-senhor-do-bonfim-em-cidade-olimpica/,Institucional,Imprensa Local,Geral / Não Especificado,curadoria_dicom,correta
2022-09-27,Jogos Estudantis,Bahia Já,"https://www.bahiaja.com.br/esporte/noticia/2022/09/27/jogos-estudantis-do-if-transforma-senhor-do-bonfim-em-cidade-olimpica,141315,0.html",Institucional,Imprensa Regional (Bahia),Geral / Não Especificado,curadoria_dicom,correta
2022-09-27,Jogos Estudantis,Diga Bahia,https://www.digabahia.com.br/jogos-estudantis-do-if-baiano-transforma-senhor-do-bonfim-em-cidade-olimpica/,Institucional,Imprensa Local,Geral / Não Especificado,curadoria_dicom,correta
2022-09-27,Jogos Estudantis,Tribuna Online da Bahia,https://www.trbn.com.br/materia/I68469/senhor-do-bonfim-sedia-jogos-estudantis-,Institucional,Imprensa Local,Geral / Não Especificado,curadoria_dicom,correta
2022-09-20,Vagas Cursos FIC,Xique-xique notícias,https://www.xiquexiquenoticias.com.br/2022/09/if-baiano-de-xique-xique-e-santa-ines.html?m=1,Gestão e RH,Imprensa Local,Xique-Xique,curadoria_dicom,correta
2022-09-19,Vagas especialização,Hora Brasil,https://www.horabrasil.com.br/2022/09/19/if-baiano-abre-vagas-em-especializacao-gratuita-em-linguagens-producao-textual-e-estudos-culturais/,Gestão e RH,Imprensa Local,Geral / Não Especificado,curadoria_dicom,correta
2022-09-14,Vagas pós-graduação,Agência Sertão,https://agenciasertao.com/2022/09/14/if-baiano-abre-160-vagas-em-cursos-de-pos-graduacao-em-guanambi-governador-mangabeira-e-valenca/,Gestão e RH,Imprensa Local,Geral / Não Especificado,curadoria_dicom,correta
2022-09-14,Ação judicial salário servidor,Migalhas,https://www.migalhas.com.br/quentes/373435/juiza-suspende-cobranca-de-vencimentos-de-servidor-apos-licenca,Gestão e RH,Imprensa Local,Geral / Não Especificado,curadoria_dicom,correta
2022-09-02,Curso Fic,Agência Sertão,https://agenciasertao.com/2022/09/02/if-baiano-reabre-inscricoes-para-curso-de-agricultor-organico-em-guanambi/,Ensino,Imprensa Local,Geral / Não Especificado,curadoria_dicom,correta
2022-08-30,Evento neurodiversidade,IFPB,https://www.ifpb.edu.br/noticias/2022/08/evento-do-unifica-de-agosto-traz-o-tema-da-neurodiversidade,Extensão,Outras Instituições de Ensino,Geral / Não Especificado,curadoria_dicom,correta
2022-08-24,Evento,Mudo Geo,https://mundogeo.com/2022/08/24/geobonfim-2022-geotecnologias-para-um-mundo-melhor/,Extensão,Imprensa Local,Geral / Não Especificado,curadoria_dicom,correta
2022-08-24,Reunião com universidades,MEC,https://www.gov.br/mec/pt-br/assuntos/noticias/reuniao-tecnica-promove-dialogo-sobre-educacao-especial,Pesquisa,Governamental,Geral / Não Especificado,curadoria_dicom,correta
2022-08-23,Cursos FIC,Agência Sertão,https://agenciasertao.com/2022/08/23/if-baiano-abre-120-vagas-para-cursos-de-qualificacao-em-guanambi/,Ensino,Imprensa Local,Geral / Não Especificado,curadoria_dicom,correta
2022-08-22,Vagas estágio,seligaalagoinhas.com.br,https://www.seligaalagoinhas.com.br/noticia/29049/if-baiano-abre-vagas-de-estagio-em-alagoinhas-confira,Gestão e RH,Imprensa Local,Alagoinhas,curadoria_dicom,correta
2022-08-18,Reabertura de inscrições,Agência Sertão,https://agenciasertao.com/2022/08/18/if-baiano-reabre-inscricoes-para-cursos-tecnicos-em-guanambi/,Institucional,Imprensa Local,Geral / Não Especificado,curadoria_dicom,correta
2022-08-15,Vagas especialização,Hora Brasil,https://www.horabrasil.com.br/2022/08/15/if-baiano-abre-vagas-em-especializacao-gratuita/,Gestão e RH,Imprensa Local,Geral / Não Especificado,curadoria_dicom,correta
2022-08-13,Vagas,Agência Sertão,https://agenciasertao.com/2022/08/13/if-baiano-abre-vagas-em-curso-de-pos-graduacao-em-guanambi/,Gestão e RH,Imprensa Local,Geral / Não Especificado,curadoria_dicom,correta
2022-08-11,Oferta de vagas,Pimenta Blog,https://pimenta.blog.br/2022/08/11/if-baiano-oferece-193-vagas-em-cursos-tecnicos-em-valenca-e-teixeira-de-freitas/,Gestão e RH,Imprensa Local,Geral / Não Especificado,curadoria_dicom,correta
2022-08-05,Vagas graduação,Agência Sertão,https://agenciasertao.com/2022/08/05/if-baiano-oferta-vagas-em-cursos-superiores-nas-cidades-de-guanambi-e-senhor-do-bonfim/,Gestão e RH,Imprensa Local,Geral / Não Especificado,curadoria_dicom,correta
2022-08-03,Crise Financeira,seligaalagoinhas.com.br,https://www.seligaalagoinhas.com.br/noticia/28451/instituicoes-federais-de-ensino-na-bahia-enfrentam-crise-financeira,Institucional,Imprensa Local,Alagoinhas,curadoria_dicom,correta
2022-07-22,Curso,Bom Jesus da Lapa Notícias,https://www.bomjesusdalapanoticias.com.br/bom-jesus-da-lapa/sindicato-dos-produtores-rurais-de-bom-jesus-da-lapa-realiza-curso-de-doces-geleias-e-compotas/,Ensino,Imprensa Local,Bom Jesus da Lapa,curadoria_dicom,correta
2022-07-19,Vagas Remanescentes,seligaalagoinhas.com.br,https://www.seligaalagoinhas.com.br/noticia/28066/if-baiano-campus-alagoinhas-abre-inscricoes-para-119-vagas-remanescentes-em-cursos-tecnicos,Gestão e RH,Imprensa Local,Alagoinhas,curadoria_dicom,correta
2022-07-17,Prosel Campus Catu,seligaalagoinhas.com.br,https://www.seligaalagoinhas.com.br/noticia/28018/if-baiano-campus-catu-oferta-445-vagas-em-cursos-tecnicos,Ensino,Imprensa Local,Alagoinhas,curadoria_dicom,correta
2022-07-16,Problemas no transporte de alunos,Jornal da Chapada,https://jornaldachapada.com.br/2022/07/16/chapada-secretaria-de-educacao-de-itaberaba-nega-ser-responsavel-por-transporte-do-ifbaiano-e-relata-que-ja-tentou-disponibilizar-motorista-e-combustivel-combustivel-para-instituicao-de-ensino/,Ensino,Imprensa Local,Geral / Não Especificado,curadoria_dicom,correta
2022-07-15,Emenda,Forte na notícia,https://fortenanoticia.com.br/ufrb-participa-de-encontro-das-universidades-e-institutos-baianos-com-a-bancada-federal/,Institucional,Imprensa Local,Geral / Não Especificado,curadoria_dicom,correta
2022-07-15,Treinamento Samu no campus,I Política Blog,https://ipolitica.blog.br/urucuca-samu-realiza-treinamento-de-atendimento-de-urgencia-e-emergencia/,Institucional,Imprensa Local,Geral / Não Especificado,curadoria_dicom,correta
2022-07-14,Problemas no transporte de alunos,G1,https://g1.globo.com/ba/bahia/noticia/2022/07/14/pais-de-estudantes-do-if-baiano-de-itaberaba-denunciam-lotacao-em-onibus-escolar.ghtml,Ensino,Imprensa (Nacional),Geral / Não Especificado,curadoria_dicom,correta
2022-07-14,FOTOS: pais de estudantes do IF Baiano de Itaberaba denunciam lotação em ônibus escolar,G1,https://news.google.com/rss/articles/CBMi0AFBVV95cUxOUHMwY29lbHFwRFp1dklvYlJRSzJDNG9YenVEeGRVUHJTa3Fyb0tfTE1aNkE1OHUxSFl2QVhzdDA2UXBfcUhzRXczY1hiSEJ6N0M0azQ3VjkzMXJMX2hFdjB5LVFSVXFIT2FFNEtfWlRudUdxcXZxdERFTDU5UG1nMFZfLVZYSEpxcFFUN0JLNlJlVlp1S1RIclZUcXQxU1NwNllkcERoVVZnV1ZMTVB6aVh5ZXpka0t1WTFFVDNNcGlzWi1xdE16M1o0MklHQ1pa0gHfAUFVX3lxTE1TOFh0djZMQUpYVkctcVJYdkpxWVpUaWh2Q3BJZWNxUFhLZl9mdDFHTTJkQkJ5b1BBLWRDcXZNWTdMNFRYZkw5eUE0dEhzWVk2bTVQbU1YYk5VTFB5M3lOei1XdXJfamdOOFF5ZnpaZmtwUnh2VHhlQXlDeF8wWUhqU2JDcFJFTDBsWFE0LVUwYVpONVN4c1QxSjhrdVNqS0NRZlU4VV9FNmxWX3lwNmJVa0d4MmFPQTZsRG8wcjNaSERyRXBrRUJpeWptRElMeDRFbXByc2NCa1ZJZng1UEk?oc=5&hl=en-US&gl=US&ceid=US:en,Ensino,Imprensa (Nacional),Itaberaba,busca_automatica,correta
2022-07-12,Emenda,Info Saj,https://infosaj.com.br/universidades-e-institutos-federais-baianos-pedem-emenda-de-r-369-milhoes-para-2023-ufrb-esta-na-lista/,Institucional,Imprensa Local,Geral / Não Especificado,curadoria_dicom,correta
2022-07-12,Evento da prefeitura no campus,alagoinhas.ba.gov.br,https://www.alagoinhas.ba.gov.br/index.php/alagoinhas-ganha-plano-de-integridade-e-planejamento-estrategico-ate-2030/,Extensão,Governamental,Alagoinhas,curadoria_dicom,correta
2022-07-11,Vagas cursos técnicos,Pimenta Blog,https://pimenta.blog.br/2022/07/11/if-baiano-segue-com-inscricoes-para-720-vagas-em-cursos-tecnicos-em-urucuca-e-outros-dois-campi/,Gestão e RH,Imprensa Local,Geral / Não Especificado,curadoria_dicom,correta
2022-07-11,Emenda,UFBA,https://www.ufba.br/ufba_em_pauta/universidades-e-institutos-federais-baianos-propoem-emenda-de-bancada-de-r-369-milhoes,Institucional,Outras Instituições de Ensino,Geral / Não Especificado,curadoria_dicom,correta
2022-07-10,Vagas Ociosas de Graduação,Pimenta Blog,https://pimenta.blog.br/2022/07/10/campus-do-if-baiano-de-urucuca-oferta-84-vagas-ociosas-em-cursos-de-graduacao/,Gestão e RH,Imprensa Local,Geral / Não Especificado,curadoria_dicom,correta
2022-07-06,Resultado Sisu,Portal PNE,https://portalpne.com/sisu-enem/ifbaiano-aprovados-chamada-regular-sisu-2022-2/,Ensino,Imprensa Local,Geral / Não Especificado,curadoria_dicom,correta
2022-07-05,Prosel Guanambi,Agência Sertão,https://agenciasertao.com/2022/07/05/if-baiano-abre-120-vagas-para-cursos-tecnicos-em-guanambi/,Ensino,Imprensa Local,Guanambi,curadoria_dicom,correta
2022-07-05,Suspensão de Aulas Covid,Bom Jesus da Lapa Notícias,https://www.bomjesusdalapanoticias.com.br/bahia/fim-de-recesso-em-meio-a-alta-de-casos-de-covid-na-bahia-faz-escolas-adotarem-mudancas/,Ensino,Imprensa Local,Bom Jesus da Lapa,curadoria_dicom,correta
2022-07-01,Sisu 2022.2,Metro 1,"https://www.metro1.com.br/noticias/educacao/125227,sisu-abre-inscricoes-para-659-mil-vagas-nesta-terca-feira",Ensino,Imprensa Local,Geral / Não Especificado,curadoria_dicom,correta
2022-06-29,Pesquisadores do IF Baiano desenvolvem estudos para aperfeiçoar Escrita de Libras,blog do gusmão,https://news.google.com/rss/articles/CBMivgFBVV95cUxNZG4zRHg3NjdRYVVUUUdqLWNXSjZfSlFyUzlmZ1RFZVpNZXZ3aDVWNlM0ckRTc2JhVFUwVkw5aHpzYk5XaUJfRnJQblViYzZSSUdQVzJtcmpJXzVQQ1dJTlVNUUF0Yzdkb0hwOGpOMGhhai1sbU1XalpIRUhlOTRKS2gwSWxSQlBDVEhTT1NRd2R6QTZGLWdlN0ptZU1vMjFoNlNyakNaM2lkYXdqS3JRWFpVZDFaREM0TlgwVnhR?oc=5&hl=en-US&gl=US&ceid=US:en,Pesquisa,Imprensa Local,Geral / Não Especificado,busca_automatica,correta
2022-06-28,Sisu 2022.2,Ilhéus 24h,https://ilheus24h.com.br/sisu-abre-inscricoes-nesta-terca-feira-para-58-mil-vagas-na-bahia/,Ensino,Imprensa Local,Geral / Não Especificado,curadoria_dicom,correta
2022-06-26,Sisu 2022.2,Portal Nacional da Educação,https://portalpne.com/sisu-enem/ifbaiano-vagas-sisu-2022-2/,Ensino,Especializados (Nichos),Geral / Não Especificado,curadoria_dicom,correta
2022-06-17,Livro - professora Campus Valença,Bahia.Ba,https://bahia.ba/salvador/a-arte-de-maragogipinho-e-homenageada-em-livro/,Gestão e RH,Imprensa Regional (Bahia),Valença,curadoria_dicom,correta
2022-06-17,Sisu 2022.2,Forte na Notícia,https://fortenanoticia.com.br/sisu-oferece-mais-de-5-mil-vagas-de-ensino-superior-na-bahia-para-o-2o-semestre/,Ensino,Imprensa Local,Geral / Não Especificado,curadoria_dicom,correta
2022-06-17,Sisu 2022.2,Correio da Bahia,https://www.correio24horas.com.br/noticia/nid/sisu-oferece-mais-de-5-mil-vagas-de-ensino-superior-na-bahia-para-o-2o-semestre/,Ensino,Imprensa Regional (Bahia),Geral / Não Especificado,curadoria_dicom,correta
2022-06-16,Seleção professor,PCI Concursos,https://www.pciconcursos.com.br/noticias/processo-seletivo-do-if-baiano-com-periodo-de-inscricoes-aberto-tem-retificacao-anunciada,Gestão e RH,Especializados (Nichos),Geral / Não Especificado,curadoria_dicom,correta
2022-06-15,Suspensão BJL Covid,iBahia,https://www.ibahia.com/bahia/if-baiano-de-bom-jesus-da-lapa-suspende-aulas-apos-alunos-testarem-positivo-para-covid-19,Institucional,Imprensa Regional (Bahia),Geral / Não Especificado,curadoria_dicom,correta
2022-06-14,Suspensão BJL Covid,Jornal A Tarde,https://atarde.com.br/portalmunicipios/portalmunicipiosextremooeste/if-baiano-suspende-aulas-apos-alunos-testarem-positivo-para-covid-19-1197959,Institucional,Imprensa Regional (Bahia),Geral / Não Especificado,curadoria_dicom,correta
2022-06-14,Suspensão BJL Covid,G1 Bahia,https://g1.globo.com/ba/bahia/noticia/2022/06/14/aulas-presenciais-sao-suspensas-no-ifba-de-bom-jesus-da-lapa-apos-alunos-e-funcionarios-testarem-positivo-para-a-covid-19.ghtml,Institucional,Imprensa (Nacional),Geral / Não Especificado,curadoria_dicom,correta
2022-06-14,Aulas presenciais são suspensas no IF Baiano de Bom Jesus da Lapa após alunos e funcionários testarem positivo para a Covid-19,G1,https://news.google.com/rss/articles/CBMihwJBVV95cUxOZ3hYeHhvS090R3Y5V3g0b2U0NFRSY0trNHg4NmVqR0JPeW0zQ2QtZ09JRG55M3JXbXVrcDc3TFByNS0zZkJNelJrazkwUVh3UDlxMEdHQXo5SEM4LXRlU0t1VlVwQ0JTbE1YaWs4bzlTMTVZLVpEY1BTOExLSGdyNjhGTUlQUUk3dVB0RlQtRDRsZ2NUZkpTZWhYNFYtRzF1SVdETFZEdkQ2ZGlEYTk4VW5xbGFaSEhxOVFpejJzSXdNLTItZVdqUFNSN0x6OW9jTzk5aEdrcTFUaGUtMGVleHJ6RkRGQlhSbm5yNGh3WXRTSEUzU2psbFZyb0diRkh4VTBnZ1BWSdIBlgJBVV95cUxOYWFaMFNOUDR3NDV0R08zQ0JPalBNa3lKeklpWmVrRzlZSFduemFlX2ZBLV9mQ2xCVU5QQ2tFVmdkbGNzUmVNMTBublNSUDlxVjdlTDlVWk4yQzMwSjhVT2hjRUVjSmdNTXpMRWtoaHNtRkpTUWFfM01iaWNSSExkOG9JbE5fM2RsRUQ2TGg2TERmMTNwWjcwOXhZamFhajZ0eEl0XzNLVnZSeW9zS09ub0RrdjBfVU1JSlQwc3JEV09UX0Q0aUd2UUI0OWlqMWh4eW9nYkZFU3RqV0RCSTR2Qmp1VC0wdm5NNTNHVXZrU2pKb1pnQkNFRFZGZWt5MlBaSEhoVENmd29HTU4zMDBDSWdaZlhLQQ?oc=5&hl=en-US&gl=US&ceid=US:en,Ensino,Imprensa (Nacional),Bom Jesus da Lapa,busca_automatica,correta
2022-06-14,Suspensão BJL Covid,Bom Jesus da Lapa Notícias,https://www.bomjesusdalapanoticias.com.br/bom-jesus-da-lapa/campus-do-if-baiano-de-bom-jesus-da-lapa-suspende-aulas-presenciais-apos-casos-de-covid-19-entre-estudantes/,Institucional,Imprensa Local,Bom Jesus da Lapa,curadoria_dicom,correta
2022-06-14,Certificação Curso MEI,Prefeitura de Camaçari,https://www.camacari.ba.gov.br/alunos-do-curso-de-qualificacao-profissional-para-mei-sao-certificados/,Ensino,Governamental,Geral / Não Especificado,curadoria_dicom,correta
2022-06-09,Protesto de estudantes,Bom Jesus da Lapa Notícias,https://www.bomjesusdalapanoticias.com.br/bom-jesus-da-lapa/estudantes-do-if-baiano-protestam-em-bom-jesus-da-lapa-contra-bloqueios-do-mec/,Ensino,Imprensa Local,Bom Jesus da Lapa,curadoria_dicom,correta
2022-06-09,Workshop - Campus Guanambi,Portal do Agronegócio,https://www.portaldoagronegocio.com.br/pecuaria/saude-animal/noticias/embrioes-bovinos-estrategia-que-potencializa-o-ganho-genetico-em-fazendas-de-todo-o-brasil,Institucional,Especializados (Nichos),Guanambi,curadoria_dicom,correta
2022-06-08,IF Baiano abre seleção para professor substituto em Catu e Guanambi,Agência Sertão,https://news.google.com/rss/articles/CBMiqAFBVV95cUxQV3dGLTFTNklEME5TWkYyaEdhZi1RTWpfa1NzdHlObjE4TWZLcThRNWxyVExDM2o0UGdhMnQ2WG5SQmlhemlqWFUtRlJCRjZta1c4YzNwV0tkMGZuRmhVTGVaM1hjWnNWMG9yNW1LUEVEQ1VXUkpXN3NZSFBnTjdncmRBZVZIdnIwUEkzcGN5N1N5SVJMYzdGZ3BwNGU3a2M1Snd5SHAzNVbSAagBQVVfeXFMUFd3Ri0xUzZJRDBOU1pGMmhHYWYtUU1qX2tTc3R5Tm4xOE1mS3E4UTVsclRMQzNqNFBnYTJ0NlhuUkJpYXppalhVLUZSQkY2bWtXOGMzcFdLZDBmbkZoVUxlWjNYY1pzVjBvcjVtS1BFRENVV1JKVzdzWUhQZ043Z3JkQWVWSHZyMFBJM3BjeTdTeUlSTGM3RmdwcDRlN2tjNUp3eUhwMzVW?oc=5&hl=en-US&gl=US&ceid=US:en,Gestão e RH,Imprensa Local,Catu,busca_automatica,correta
2022-06-08,Dia do meio ambiente,Bahia Extremo Sul,https://www.bahiaextremosul.com.br/teixeira-de-freitas-realizou-a-2-ecotrilha-em-comemoracao-ao-mes-do-meio-ambiente,Institucional,Imprensa Local,Geral / Não Especificado,curadoria_dicom,correta
2022-06-08,Trilha Ecológica,Prefeitura de Teixeira de Freitas,https://www.teixeiradefreitas.ba.gov.br/mes-do-meio-ambiente-2a-ecotrilha-de-teixeira-de-freitas-ocorreu-nesta-segunda-06/,Institucional,Governamental,Teixeira de Freitas,curadoria_dicom,correta
2022-06-07,Chamada Pública,Agência Sertão,https://agenci\asertao.com/2022/06/07/if-baiano-abre-chamada-publica-para-aquisicao-de-generos-da-agricultura-familiar-em-guanambi/,Institucional,Imprensa Local,Geral / Não Especificado,curadoria_dicom,correta
2022-06-07,Letramento em Libras,Conif,https://portal.redefederal.org.br/noticias/noticias/geral/servidores-do-if-baiano-pesquisam-sobre-letramento-em-libras,Institucional,Governamental,Geral / Não Especificado,curadoria_dicom,correta
2022-06-05,Bahia Farm,Agência Sertão,https://agenciasertao.com/2022/06/05/estudantes-do-if-baiano-de-guanambi-visitaram-a-bahia-farm-show-em-luis-eduardo-magalhaes/,Institucional,Imprensa Local,Geral / Não Especificado,curadoria_dicom,correta
2022-06-05,Suspensão de Aulas Covid,Correio 24h,https://www.correio24horas.com.br/noticia/nid/fim-de-recesso-em-meio-a-alta-de-casos-de-covid-faz-escolas-adotarem-mudancas/,Ensino,Imprensa Regional (Bahia),Geral / Não Especificado,curadoria_dicom,correta
2022-06-04,Seleção de professores,PCI Concursos,https://www.pciconcursos.com.br/noticias/if-baiano-divulga-novo-processo-seletivo-para-professores-substitutos,Gestão e RH,Especializados (Nichos),Geral / Não Especificado,curadoria_dicom,correta
2022-06-03,Workshop,Agência Sertão,https://agenciasertao.com/2022/06/03/i-workshop-sobre-inseminacao-artificial-e-transferencia-de-embrioes-sera-realizado-no-dia-10-de-junho-em-guanambi/,Institucional,Imprensa Local,Geral / Não Especificado,curadoria_dicom,correta
2022-06-02,Estágio,Agência Sertão,https://agenciasertao.com/2022/06/02/if-baiano-abre-selecao-de-estagio-para-estudantes-de-educacao-fisica-em-guanambi/,Institucional,Imprensa Local,Geral / Não Especificado,curadoria_dicom,correta
2022-06-01,Vagas Superior,Agência Sertão,https://agenciasertao.com/2022/06/01/if-baiano-abre-vagas-em-cinco-cursos-superiores-em-guanambi-usando-nota-do-enem/,Gestão e RH,Imprensa Local,Geral / Não Especificado,curadoria_dicom,correta
2022-05-30,Cicatribio,Diga Bahia,https://www.digabahia.com.br/projeto-de-pesquisa-que-criou-gel-cicatrizante-para-ferimentos-concorre-a-premio-internacional/,Institucional,Imprensa Local,Geral / Não Especificado,curadoria_dicom,correta
2022-05-27,Cicatribio,O Sollo,https://osollo.com.br/projeto-de-pesquisa-do-if-baiano-concorre-a-premio-internacional/,Institucional,Imprensa Local,Geral / Não Especificado,curadoria_dicom,correta
2022-05-26,Pronatec,Revista Metropolitana,https://revistametropolitana.com.br/noticia/21201/sedes-abre-processo-seletivo-para-qualificacao-profissional-para-mei,Institucional,Imprensa Local,Geral / Não Especificado,curadoria_dicom,correta
2022-05-25,Pronatec,Destque 1,https://destaque1.com/sedes-abre-processo-seletivo-com-300-vagas-em-curso-de-qualificacao-profissional-para-mei/,Institucional,Imprensa Local,Geral / Não Especificado,curadoria_dicom,correta
2022-05-25,Pronatec,Empregos na Bahia,https://empregosnabahia.com.br/ifba-oferece-1440-vagas-para-curso-gratuito-com-bolsa-de-r-70000/,Institucional,Imprensa Local,Geral / Não Especificado,curadoria_dicom,correta
2022-05-25,Pronatec,Prefeitura de Camaçari,https://www.camacari.ba.gov.br/sedes-abre-processo-seletivo-para-qualificacao-profissional-para-mei-2/,Institucional,Governamental,Geral / Não Especificado,curadoria_dicom,correta
2022-05-25,Prosel,seligaalagoinhas.com.br,https://www.seligaalagoinhas.com.br/noticia/26402/if-baiano-campus-alagoinhas-abre-inscricoes-para-cursos-integrados-e-subsequentes,Ensino,Imprensa Local,Alagoinhas,curadoria_dicom,correta
2022-05-24,Pronatec,NewsInFoco,https://newsinfoco.com.br/inicio/2022/05/24/if-baiano-abre-vagas-para-curso-de-mei-gratuito-em-salvador-alagoinhas-e-camacari/,Institucional,Imprensa Local,Geral / Não Especificado,curadoria_dicom,correta
2022-05-22,Teixeira: Mulher morre em acidente em frente ao IFBaiano,SulBahiaNews,https://news.google.com/rss/articles/CBMikgFBVV95cUxPalJoTXZTcEp1bmJjMEF3YzNWSzZ6N3FBd3hMN1hkSDk4Ym15QUY2Zk5WUTRoY0VYRm5INVkwSGVpMldJSHJ5RHpLVGZ6aXdhcFk1Nm00Mnlmb2lseVBDRjQ1aWc0NmZtd2ExOW8yOGVKc3FKMWduZ1JYZEd1RUxpZkhYVTZoOVl3RmkzMXZyXzd2Zw?oc=5&hl=en-US&gl=US&ceid=US:en,Institucional,Imprensa Local,Geral / Não Especificado,busca_automatica,correta
2022-05-22,Acidente de trânsito em Texeira,SulBahiaNews,https://www.sulbahianews.com.br/teixeira-mulher-morre-em-acidente-em-frente-ao-ifbaiano/,Institucional,Imprensa Local,Geral / Não Especificado,curadoria_dicom,correta
2022-05-21,Mulher morre em acidente entre carro e moto na BR 101 em frente ao IF Baiano em Teixeira,liberdadenews.com.br,https://news.google.com/rss/articles/CBMiywFBVV95cUxPeVJfUmdpQk5WMHZYaW9KOFFkeFUzNV91ZTFVLWFXdU5QVzhGWDljV3lTMXh6dmRnZTZ0bWZrUEs2eGFid2hGUVpiZkJhdW9rMFFJazBla3VqVHhNWTNQbkhCN2tOVUEwWkZWbW5kcUFxX0NRV0hPUHdlUmtZUmZFLUE1LVVlREhKaDhXTVM5YlRkNFdKU0twTFBpQjNMUHF4OUNiYk5oa0JTOWxPRk5kdktPYlRrMWsyWGQybHdfMnNwZFpvRS1ickVDQQ?oc=5&hl=en-US&gl=US&ceid=US:en,Institucional,Imprensa Local,Teixeira de Freitas,busca_automatica,correta
2022-05-15,Feira Agroecológica em Guanambi,Agência Sertão,https://agenciasertao.com/2022/05/15/if-baiano-realizara-feira-agroecologica-no-proximo-sabado-em-guanambi/,Extensão,Imprensa Local,Guanambi,curadoria_dicom,correta
2022-05-13,Professora lança livro infantil,Acorda Cidade,https://www.acordacidade.com.br/noticias/258492/professora-baiana-iona-scarante-lanca-livro-em-homenagem-a-arte-de-maragogipinho.html,Gestão e RH,Imprensa Regional (Bahia),Geral / Não Especificado,curadoria_dicom,correta
2022-05-12,Especialização Educação Científica (Catu),Estadão,"https://educacao.estadao.com.br/noticias/geral,especializacao-em-educacao-e-opcao-de-ciencia-que-gera-ciencia,70004063064",Ensino,Imprensa (Nacional),Catu,curadoria_dicom,correta
2022-05-12,Especialização Educação Científica (Catu),Terra,"https://www.terra.com.br/noticias/educacao/especializacao-em-educacao-e-opcao-de-ciencia-que-gera-ciencia,7b845eb2b4028a38d570c46c97943c84ycieh54n.html",Ensino,Imprensa (Nacional),Catu,curadoria_dicom,correta
2022-05-11,Seleção professor substituto,PCI Concursos,https://www.pciconcursos.com.br/noticias/if-baiano-realiza-processo-seletivo-para-professor-substituto,Gestão e RH,Especializados (Nichos),Geral / Não Especificado,curadoria_dicom,correta
2022-05-11,Prosel Teixeira de Freitas,Sul Bahia News,https://www.sulbahianews.com.br/if-baiano-oferta-105-vagas-para-cursos-subsequentes-em-teixeira/,Ensino,Imprensa Local,Teixeira de Freitas,curadoria_dicom,correta
2022-05-10,Evento em Guanambi,Agência Sertão,https://agenciasertao.com/2022/05/10/abertura-da-1a-feira-de-negocios-de-guanambi-atraiu-grande-publico-a-praca-do-feijao/,Extensão,Imprensa Local,Guanambi,curadoria_dicom,correta
2022-05-10,Acidente próximo ao IF Baiano,ireporter.blog,https://ireporter.blog/carro-invade-if-baiano-durante-acidente-em-itapetinga/,Institucional,Imprensa Local,Geral / Não Especificado,curadoria_dicom,correta
2022-05-10,Prosel 2022,Pimenta Blog,https://pimenta.blog.br/2022/05/10/if-baiano-abre-vagas-para-cursos-tecnicos-gratuitos-no-campus-de-valenca/,Ensino,Imprensa Local,Geral / Não Especificado,curadoria_dicom,correta
2022-05-08,Cursos FIC,PEBSP.com,https://www.pebsp.com/6-cursos-de-qualificacao-do-ifbaiano-com-inscricoes-abertas/,Ensino,Imprensa Local,Geral / Não Especificado,curadoria_dicom,correta
2022-05-07,Cursos FIC,Central Notícia,http://centralnoticia.com.br/noticia/em-xique-xique-if-baiano-abre-inscricoes-para-cursos-de-qualificacao-profissional-na-modalidade-ead/12960,Ensino,Imprensa Local,Geral / Não Especificado,curadoria_dicom,correta
2022-05-05,Cursos FIC,Página Revista,http://www.paginarevista.com.br/noticia/if-baiano-campus-xique-xique-oferece-cursos-gratuitos-de-qualificacao-profissional/5964,Ensino,Imprensa Local,Geral / Não Especificado,curadoria_dicom,correta
2022-05-05,Transporte IF Baiano,Voz da Bahia,https://vozdabahia.com.br/cruz-das-almas-prefeitura-abre-selecao-de-103-vagas-remanescentes-do-transporte-intermunicipal-gratuito-para-o-if-baiano-e-ufrb/,Institucional,Imprensa Local,Geral / Não Especificado,curadoria_dicom,correta
2022-05-05,Transporte IF Baiano,Forte na notícia,https://www.fortenanoticia.com.br/prefeitura-de-cruz-das-almas-abre-selecao-de-103-vagas-remanescentes-do-transporte-gratuito-para-o-if-baiano-e-ufrb/,Institucional,Imprensa Local,Geral / Não Especificado,curadoria_dicom,correta
2022-05-03,Especialização,Info Educação,https://infoeducacao.com.br/if-baiano-abre-vagas-em-pos-graduacao-lato-sensu-gratuita-em-leitura-e-producao-textual/,Ensino,Especializados (Nichos),Geral / Não Especificado,curadoria_dicom,correta
2022-05-03,Especialização gratuita do IF Baiano recebe inscrições,InfoEducação,https://news.google.com/rss/articles/CBMiiwFBVV95cUxPRGRpTjgzbzJiZW5TclVXenBIYlRXSXBPRFJnMTZOTUhIVFJqQzlCUlNuOE1rS3lKZk0yQXVBaG1fRGdqdGhndWhHRlZVNnMxaDhWNDZKT0xYMjFDSk90ekFxYS03UWc1Vm4zaEtpMk9HQXY3UWxTUG9ZY3pfcVhreXJWWm9FaXpHU2FB?oc=5&hl=en-US&gl=US&ceid=US:en,Ensino,Especializados (Nichos),Geral / Não Especificado,busca_automatica,correta
2022-05-03,Instituto Federal Baiano abre 30 vagas em especialização gratuita para professores,Hora Brasil,https://news.google.com/rss/articles/CBMiwgFBVV95cUxQU3VMWjlrNDZNRWZDeWNieG15SWdKYkRia2lOYWlvajExbmZaa2Z3VXIxUFY3SmN3S0NFMnZiU1FJcUtVZmZBM3R5NW5GZXAtQllsSEtqTTVKZmJOZEdWQTRtR19Lb0tsdzY4Y3RKX29zNnFxdjhHNU0yR0ZGMzEwYldLUGpHRnNIOG9VVXNiRDVydFFzcU5RdjRlbDFVQ3htSURtX29HRU95bVNBZzYwaHdZdE9hMXRYR1Y1OWpmbVB6QQ?oc=5&hl=en-US&gl=US&ceid=US:en,Gestão e RH,Imprensa Local,Geral / Não Especificado,busca_automatica,correta
2022-05-03,Vagas Especialização Valença,Hora Brasil,https://www.horabrasil.com.br/2022/05/03/leitura-e-producao-textual-especializacao/,Gestão e RH,Imprensa Local,Valença,curadoria_dicom,correta
2022-04-28,Vagas Especialização em 5 campi,seligaalagoinhas.com.br,https://www.seligaalagoinhas.com.br/noticia/25754/alagoinhas-if-baiano-oferta-155-vagas-em-cursos-de-especializacao,Gestão e RH,Imprensa Local,Alagoinhas,curadoria_dicom,correta
2022-04-19,IF Baiano em Alagoinhas abre vagas em especialização gratuita,Hora Brasil,https://news.google.com/rss/articles/CBMipgFBVV95cUxQcGNnREU1ZGNWbnZHRnBFbFZ5M1RPcjF3TS1RR0o2SVdTeHZNakgta19ZMmR1NjA2QmZkVms4N0FRaGlmckRiS3V1TmJUWWU4TU9wSUhFbmpVYThTWVhwVUtsX1V3alV6bjVBNmxwT3NqdXRiellheVphUE1NQlpQZTExVUNYX1JpMGxGZUlRdlg5M09vY2RjMXIydVo4RWJMMnRTUWhR?oc=5&hl=en-US&gl=US&ceid=US:en,Gestão e RH,Imprensa Local,Alagoinhas,busca_automatica,correta
2022-04-19,Vagas EspecializaçãoAlagoinhas,Hora Brasil,https://www.horabrasil.com.br/2022/04/19/if-baiano-em-alagoinhas-abre-vagas-em-especializacao-gratuita/,Gestão e RH,Imprensa Local,Geral / Não Especificado,curadoria_dicom,correta
2022-04-18,Prefeitura vai oferecer transporte intermunicipal gratuito para alunos do IF Baiano e da UFRB,Prefeitura de Cruz das Almas,https://news.google.com/rss/articles/CBMi2AFBVV95cUxOcU9EMjNodDVodHoyaTF2ZnVIOHRmUWNBVVc4M0R2c0NKSHJsbVpnU1dTX0hZUkRrbFFJV05NZ0JKZzRoa0R4bE9UVFB5ZFEtWnZEaENLZHhLTEk0TVA3ekYxcHNoa2dHT0tlWlJ6RFNfQ1hkVzlpZG5rUzN1Tk5aQUw2eERxWUJZTVZOZmJCUHdTMV9hZXhuYU05M2NrOHhZb041V3MxZFFnM2VWUzRkbWIyNmZVeU8zalR2V1ZZUXNsUmNBV092aGVrTDBYUXFWVVlWMjBveWc?oc=5&hl=en-US&gl=US&ceid=US:en,Ensino,Governamental,Geral / Não Especificado,busca_automatica,correta
2022-04-13,Vagas Pós Uruçuca,Infoeducação,https://infoeducacao.com.br/if-baiano-abre-inscricoes-para-esepcializacao-gratuita-sobre-cacau-e-chocolate/,Gestão e RH,Especializados (Nichos),Uruçuca,curadoria_dicom,correta
2022-04-13,IF Baiano abre inscrições para esepcialização gratuita sobre cacau e chocolate,InfoEducação,https://news.google.com/rss/articles/CBMiqwFBVV95cUxNaFp2MlpLZGdRWnJlUHpaZEg3empQcWItd2ZUZ2xVOHF4MFZ3SHRKeW5Gd0NwTi1HUC1ldjZ4V1lBU3dSbDRTaWFkSXBwdHhpMHlLcHViVmRYMjZNTG9zTWx1QzZmenhTLVdjZElGLTk1MDJKeW5zcmp4cXo1R094R2tkWWRueFNYM2x5QTQ2R1dodm9faXJ2WWNpRmJYdnE3YnRtalNTQ1NBN2c?oc=5&hl=en-US&gl=US&ceid=US:en,Institucional,Especializados (Nichos),Geral / Não Especificado,busca_automatica,correta
2022-04-13,Vagas Pós Uruçuca,Hora Brasil,https://www.horabrasil.com.br/2022/04/13/especializacao-gratuita-do-if-baiano-abre-vagas-para-graduados-em-qualquer-area/,Gestão e RH,Imprensa Local,Uruçuca,curadoria_dicom,correta
2022-04-07,Primeiras análises do solo são entregues pela Prefeitura de Alagoinhas ao IF Baiano de Catu,Prefeitura de Alagoinhas,https://news.google.com/rss/articles/CBMi0AFBVV95cUxPRERZRmpUTFBuZllILVZRQnI0Z1gxRlBhSUZ1cVB6UFh3UWlTRDhLLUFRLU4tVlpza1FtQk9OZHMtaGs5anJVUmQ0eEdrZVVKTVBNVHJRNUczYm91SERVdzNDeUdfOXJmWmZWVHQ4aEwyOHAycWRRZE8xYW51WXM5VlZ3ZzB3ejdFTFhlZW1VMjJKRkE3Ui0xNU9iZDAzY0tNZEp5M2xEYzhOdXB4V1lyU2c3bjRWVFJ2VkprTXlfOXQ3U21xM2dJUHRZd2s3SmFf?oc=5&hl=en-US&gl=US&ceid=US:en,Institucional,Governamental,Alagoinhas,busca_automatica,correta
2022-04-07,IF BAIANO OFERECE 650 DE CURSO TÉCNICO GRATUITO EM 3 CIDADES -,- Bahia Economica,https://news.google.com/rss/articles/CBMiqAFBVV95cUxPUEtvc2l0YWZMWVQ0d0xuUTN0bE05bk9Fc0NreGRmclNCYVV5REpKeV9ELW81LWZzcTFqZU5BV1U0M1FNdFA5eXRld0tkQ3JOVGkxR3lRek5SY2JjaGNaeGNhRURuZ1JPQm9DSFZPU3JueVhia3lfZVp2R2g0V3NVWHI0cV96bDBwTkxOSW13Vjg3UDA2bVRDbTRZN2VSUnBlSFhLX2p5b0Q?oc=5&hl=en-US&gl=US&ceid=US:en,Ensino,Imprensa Local,Geral / Não Especificado,busca_automatica,correta
2022-04-07,Qualifica Mais,seligaalagoinhas.com.br,https://www.seligaalagoinhas.com.br/noticia/25240/aulas-inaugurais-acontecem-nas-cidades-de-salvador-camacari-e-alagoinhas,Institucional,Imprensa Local,Alagoinhas,curadoria_dicom,correta
2022-04-06,Prosel 2022,Agência Sertão,https://agenciasertao.com/2022/04/06/if-baiano-abre-650-vagas-para-cursos-tecnicos-em-guanambi-santa-ines-e-teixeira-de-freitas/,Ensino,Imprensa Local,Geral / Não Especificado,curadoria_dicom,correta
2022-04-06,Prosel 2022,ibahia,https://www.ibahia.com/empregos-e-concursos/detalhe/noticia/if-baiano-oferece-650-vagas-de-curso-tecnico-em-guanambi-teixeira-de-freitas-e-santa-ines/,Ensino,Imprensa Regional (Bahia),Geral / Não Especificado,curadoria_dicom,correta
2022-04-05,Prosel 2022,Pimenta Blog,https://pimenta.blog.br/2022/04/05/if-baiano-oferece-240-vagas-em-cursos-tecnicos-no-campus-de-teixeira-de-freitas/,Ensino,Imprensa Local,Geral / Não Especificado,curadoria_dicom,correta
2022-04-03,Vagas Especialização Serrinha,Hora Brasil,https://www.horabrasil.com.br/2022/05/03/instituto-federal-baiano-abre-30-vagas-em-especializacao-gratuita-para-professores/,Gestão e RH,Imprensa Local,Serrinha,curadoria_dicom,correta
2022-03-31,VI Seapo,Farol da Cidade,https://faroldacidade.com.br/noticias/abrir/IF-Baiano-abre-inscricoes-para-o-VI-Seminario-de-Agroecologia-e-Producao-Organica-em-Guanambi/4174/,Institucional,Imprensa Local,Geral / Não Especificado,curadoria_dicom,correta
2022-03-30,IF Baiano divulga edital de 240 vagas de cursos técnicos em Teixeira,SulBahiaNews,https://news.google.com/rss/articles/CBMiowFBVV95cUxOX0lGdVRBcGhzazN1bGQtQ1FiVlRFdFB2S21Bd2tpTi1KNGJENkx6bzhQUEJhbVZiU1JfZ0NTenNUalZhUC1MTUNkTWJ3QVZzSnN2QkVYdzRELS1HX3h0MjdZNFVhb1BOQTBvRzVzQzdwaUphZ3ZjWkRkZ1J0VHotYlVVMFdlUzdYdElYUTAyNENodUtJT3pBaUl5R3VOVmhCQ0w4?oc=5&hl=en-US&gl=US&ceid=US:en,Gestão e RH,Imprensa Local,Geral / Não Especificado,busca_automatica,correta
2022-03-23,Biofábrica de mudas,guanambi.ba.gov.br,http://www.guanambi.ba.gov.br/noticias/biofabrica_de_guanambi_comeca_produzir_mudas_experimentais_depois_de_9_anos_de_inaugurada-23944,Institucional,Governamental,Guanambi,curadoria_dicom,correta
2022-03-17,Seleção Professor Substituto,PCI Concursos,https://www.pciconcursos.com.br/noticias/if-baiano-promove-um-novo-processo-seletivo-no-campus-urucuca,Gestão e RH,Especializados (Nichos),Geral / Não Especificado,curadoria_dicom,correta
2022-03-17,Mulheres na Ciência,Tribuna Popular GBI,https://www.tribunapopulargbi.com.br/noticia/4734/mulheres-sao-maioria-nos-cursos-de-pos-graduacao-do-instituto-federal-baiano-campus-urucuca,Pesquisa,Imprensa Local,Geral / Não Especificado,curadoria_dicom,correta
2022-03-14,Parceria com Empresas Juniores,Agência Sertão,https://agenciasertao.com/2022/03/14/parceria-entre-empresas-juniores-do-if-baiano-e-cesol-beneficia-empreendimentos-na-regiao-de-guanambi/,Institucional,Imprensa Local,Geral / Não Especificado,curadoria_dicom,correta
2022-03-14,Retorno presencial em Uruçuca,Giro em Ipiau,https://giroemipiau1.com.br/2022/03/14/urucuca-alunos-do-if-baiano-comecam-cursos-presenciais-de-pos-graduacoes/,Institucional,Imprensa Local,Uruçuca,curadoria_dicom,correta
2022-03-14,Retorno presencial em Uruçuca,O Sollo,https://osollo.com.br/alunos-de-pos-graduacao-do-if-baiano-urucuca-voltam-as-aulas-de-forma-presencial/,Institucional,Imprensa Local,Uruçuca,curadoria_dicom,correta
2022-03-14,Retorno presencial em Uruçuca,Sul Bahia 1,https://www.sulbahia1.com.br/noticia/15623/alunos-do-if-baiano-campus-urucuca-comecam-cursos-de-pos-graduacoes-com-muito-entusiasmo,Institucional,Imprensa Local,Uruçuca,curadoria_dicom,correta
2022-03-13,Retorno presencial em Uruçuca,Itamaraju Notícias,https://www.itamarajunoticias.com.br/noticia/alunos-do-if-baiano-campus-urucuca-comecam-curso-de-pos-graduacoes-com-muito-entusiasmo/,Institucional,Imprensa Local,Uruçuca,curadoria_dicom,correta
2022-03-05,Prosel 2022,G1,https://g1.globo.com/ba/bahia/blogdoemprego/noticia/2022/03/05/if-baiano-oferece-vagas-para-cursos-tecnicos-em-tres-unidades-do-estado-saiba-como-fazer-inscricao.ghtml,Ensino,Imprensa (Nacional),Geral / Não Especificado,curadoria_dicom,correta
2022-03-03,Prosel 2022,Blog do Gusmão,https://blogdogusmao.com.br/2022/03/03/if-baiano-tem-415-vagas-abertas-para-cursos-tecnicos-em-tres-unidades/,Ensino,Imprensa Local,Geral / Não Especificado,curadoria_dicom,correta
2022-03-03,Prosel 2022,Pimenta Blog,https://pimenta.blog.br/2022/03/03/if-baiano-oferece-415-vagas-para-cursos-tecnicos-em-tres-cidades/,Ensino,Imprensa Local,Geral / Não Especificado,curadoria_dicom,correta
2022-03-03,Prosel 2022,Bom Jesus da Lapa Notícias,https://www.bomjesusdalapanoticias.com.br/bom-jesus-da-lapa/aulas-presenciais-serao-retomadas-no-if-baiano-no-dia-7-de-marco/,Ensino,Imprensa Local,Bom Jesus da Lapa,curadoria_dicom,correta
2022-03-03,Prosel 2022,iBahia,https://www.ibahia.com/empregos-e-concursos/detalhe/noticia/if-baiano-tem-mais-de-400-vagas-para-cursos-tecnicos-confira-as-opcoes/,Ensino,Imprensa Regional (Bahia),Geral / Não Especificado,curadoria_dicom,correta
2022-03-02,Games digitais,Revista Pesquisa FAPESP,https://revistapesquisa.fapesp.br/games-digitais-na-sala-de-aula/,Institucional,Imprensa Local,Geral / Não Especificado,curadoria_dicom,correta
2022-02-22,Parceria Campus Guanambi,UPB,http://www.upb.org.br/noticias/prefeitura-busca-parceria-com-o-if-baiano-para-potencializar-a-geracao-de-emprego-e-renda-no-campo,Institucional,Imprensa Local,Guanambi,curadoria_dicom,correta
2022-02-22,Prosel 2022,Reclame Boca,https://reclameboca.com.br/noticias/if-baiano-abre-inscricoes-para-155-vagas-de-cursos-tecnicos-no-campus-urucuca-no-sul-da-bahia/,Ensino,Imprensa Local,Geral / Não Especificado,curadoria_dicom,correta
2022-02-21,Prosel 2022,Ilhéus 24h,https://ilheus24h.com.br/if-baiano-abre-inscricoes-para-155-vagas-de-cursos-tecnicos-no-campus-urucuca/,Ensino,Imprensa Local,Geral / Não Especificado,curadoria_dicom,correta
2022-02-18,Sisu,Amargosa News,https://amargosanews.com.br/2022/02/18/hoje-e-o-ultimo-dia-para-inscricoes-no-sisu/,Ensino,Imprensa Local,Geral / Não Especificado,curadoria_dicom,correta
2022-02-17,Curso Qualifica Mais Empreendedor,Folha Dirigida,https://folhadirigida.com.br/empregos/noticias/noticias-empregos/if-baiano-abre-vagas-para-curso-com-bolsa-de-ate-r850,Ensino,Imprensa (Nacional),Geral / Não Especificado,curadoria_dicom,correta
2022-02-17,Sisu 2022,Estratégia Vestibulares,https://vestibulares.estrategia.com/portal/enem/sisu-2022-universidades-nao-cobram-nota-minima-para-inscricao/,Ensino,Especializados (Nichos),Geral / Não Especificado,curadoria_dicom,correta
2022-02-16,Curso Qualifica Mais Empreendedor,Agencia Sertão,https://agenciasertao.com/2022/02/16/bolsa-de-ate-r-850-voltado-a-beneficiarios-do-auxilio-brasil/,Ensino,Imprensa Local,Geral / Não Especificado,curadoria_dicom,correta
2022-02-16,Curso Qualifica Mais Empreendedor,Empregos na Bahia,https://empregosnabahia.com.br/if-baiano-abre-vagas-para-curso-voltado-a-beneficiarios-do-auxilio-brasil/,Ensino,Imprensa Local,Geral / Não Especificado,curadoria_dicom,correta
2022-02-16,Curso Qualifica Mais Empreendedor,Farol da cidade,https://faroldacidade.com.br/noticias/abrir/IF-Baiano-abre-vagas-para-curso-com-bolsa-de-ate-R$-850-voltado-a-beneficiarios-do-Auxilio-Brasilabrir/4021/,Ensino,Imprensa Local,Geral / Não Especificado,curadoria_dicom,correta
2022-02-16,Curso Qualifica Mais Empreendedor,Bocão News,https://www.bnews.com.br/noticias/educacao/if-baiano-abre-vaga-para-curso-gratuito-aos-beneficiarios-do-auxilio-brasil.html,Ensino,Imprensa Local,Geral / Não Especificado,curadoria_dicom,correta
2022-02-16,Curso Qualifica Mais Empreendedor,Diga Bahia,https://www.digabahia.com.br/if-baiano-abre-vagas-para-curso-voltado-a-beneficiarios-do-auxilio-brasil/,Ensino,Imprensa Local,Geral / Não Especificado,curadoria_dicom,correta
2022-02-16,Curso Qualifica Mais Empreendedor,Educa Mais Brasil,https://www.educamaisbrasil.com.br/educacao/noticias/if-baiano-abre-inscricoes-para-capacitacao-gratuita-com-bolsa-auxilio,Ensino,Imprensa Local,Geral / Não Especificado,curadoria_dicom,correta
2022-02-16,Curso Qualifica Mais Empreendedor,Estado da Bahia,https://www.estadodabahia.com.br/noticia/17683/if-baiano-abre-vaga-para-curso-gratuito-aos-beneficiarios-do-auxilio-brasil,Ensino,Imprensa Local,Geral / Não Especificado,curadoria_dicom,correta
2022-02-15,Curso Qualifica Mais Empreendedor,Ache Concursos,https://www.acheconcursos.com.br/emprego-estagio/if-baiano-abre-700-vagas-para-cursos-aos-beneficiarios-do-auxilio-brasil-52154,Ensino,Especializados (Nichos),Geral / Não Especificado,curadoria_dicom,correta
2022-02-15,Curso Qualifica Mais Empreendedor,Correio,https://www.correio24horas.com.br/noticia/nid/if-baiano-abre-vagas-para-curso-voltado-a-beneficiarios-do-auxilio-brasil/,Ensino,Imprensa Regional (Bahia),Geral / Não Especificado,curadoria_dicom,correta
2022-02-15,Sisu,Correio,https://www.correio24horas.com.br/noticia/nid/sisu-abre-inscricoes-nesta-terca-feira-15-bahia-tem-mais-de-18-mil-vagas/,Ensino,Imprensa Regional (Bahia),Geral / Não Especificado,curadoria_dicom,correta
2022-02-15,Curso Qualifica Mais Empreendedor,seligaalagoinhas.com.br,https://www.seligaalagoinhas.com.br/noticia/24118/if-baiano-abre-vagas-para-curso-voltado-a-beneficiarios-do-auxilio-brasil,Ensino,Imprensa Local,Alagoinhas,curadoria_dicom,correta
2022-02-14,Curso Qualifica Mais Progredir,Nossa Metropole,https://nossametropole.com.br/2022/02/14/processo-seletivo-para-qualificacao-profissional-para-mei-e-aberto-em-camacari-veja-como-participar/,Ensino,Imprensa Local,Geral / Não Especificado,curadoria_dicom,correta
2022-02-14,Curso Qualifica Mais Empreendedor,seligaalagoinhas.com.br,https://www.seligaalagoinhas.com.br/noticia/24095/if-baiano-abre-200-vagas-em-curso-fic-em-alagoinhas,Ensino,Imprensa Local,Alagoinhas,curadoria_dicom,correta
2022-02-14,Curso Qualifica Mais Empreendedor,Sua cidade em revista,https://www.suacidadeemrevista.com.br/if-baiano-abre-200-vagas-em-curso-fic-em-alagoinhas/,Ensino,Imprensa Local,Geral / Não Especificado,curadoria_dicom,correta
2022-02-13,Qualifica Mais,Brasil Agora,https://brasilagora.org/2022/02/16/if-baiano-abre-700-vagas-para-beneficiarios-da-auxilio-brasil/,Institucional,Imprensa Local,Geral / Não Especificado,curadoria_dicom,correta
2022-02-11,Sisu,Blog do Thame,http://www.blogdothame.blog.br/v1/2022/02/11/sisu-2022-if-baiano-oferta-860-vagas-para-22-cursos-de-graduacao/,Ensino,Imprensa Local,Geral / Não Especificado,curadoria_dicom,correta
2022-02-11,Sisu 2022,Catu Notícias,https://catunoticias.com.br/sisu-2022-if-baiano-oferta-860-vagas-para-22-cursos-de-graduacao/,Ensino,Imprensa Local,Catu,curadoria_dicom,correta
2022-02-11,Curso Qualifica Mais Empreendedor,Prefeitura de Camaçari,https://www.camacari.ba.gov.br/sedes-abre-processo-seletivo-para-qualificacao-profissional-para-mei/,Ensino,Governamental,Geral / Não Especificado,curadoria_dicom,correta
2022-02-10,Sisu,Boa Informação,https://boainformacao.com.br/2022/02/if-baiano-oferta-860-vagas-em-22-cursos-de-graduacao-no-sisu-2022/,Ensino,Imprensa Local,Geral / Não Especificado,curadoria_dicom,correta
2022-02-10,Sisu,falaalagoinhasnews.com.br,https://www.falaalagoinhasnews.com.br/2022/02/sisu-2022-if-baiano-oferta-860-vagas.html,Ensino,Imprensa Local,Alagoinhas,curadoria_dicom,correta
2022-02-10,Sisu,iBahia,https://www.ibahia.com/empregos-e-concursos/detalhe/noticia/if-baiano-oferta-860-vagas-em-22-cursos-de-graduacao-no-sisu-2022/,Ensino,Imprensa Regional (Bahia),Geral / Não Especificado,curadoria_dicom,correta
2022-02-09,Retorno presencial,Diga Bahia,https://www.digabahia.com.br/if-baiano-define-datas-e-medidas-para-o-retorno-presencial/,Institucional,Imprensa Local,Geral / Não Especificado,curadoria_dicom,correta
2022-02-08,Retorno presencial,Blog Marcos Frahn,http://blogmarcosfrahm.com/aulas-presenciais-no-instituto-federal-baiano-if-baiano-serao-retomadas-no-dia-7-de-marco/,Institucional,Imprensa Local,Geral / Não Especificado,curadoria_dicom,correta
2022-02-08,Retorno presencial,Blog do Thame,http://www.blogdothame.blog.br/v1/2022/02/08/if-baiano-define-datas-e-medidas-para-o-retorno-das-atividades-presenciais/,Institucional,Imprensa Local,Geral / Não Especificado,curadoria_dicom,correta
2022-02-08,Mestrado em Guanambi,Agência Sertão,https://agenciasertao.com/2022/02/08/if-baiano-prorroga-inscricoes-para-mestrado-profissional-em-guanambi/,Institucional,Imprensa Local,Guanambi,curadoria_dicom,correta
2022-02-08,Retorno presencial,A Tarde,https://atarde.com.br/bahia/bahiasalvador/if-baiano-retoma-aulas-presenciais-em-marco-1186543,Institucional,Imprensa Regional (Bahia),Geral / Não Especificado,curadoria_dicom,correta
2022-02-08,Retorno presencial,Ivan Silva Notícias,https://ivansilvanoticia.com.br/if-baiano-retoma-aulas-presenciais-em-7-de-marco/,Institucional,Imprensa Local,Geral / Não Especificado,curadoria_dicom,correta
2022-02-08,Retorno presencial,Midia Bahia,https://midiabahia.com.br/if-baiano-retoma-aulas-presenciais-em-7-de-marco/,Institucional,Imprensa Local,Geral / Não Especificado,curadoria_dicom,correta
2022-02-08,Retorno presencial,Voz da Bahia,https://vozdabahia.com.br/if-baiano-retoma-aulas-presenciais-em-7-de-marco/,Institucional,Imprensa Local,Geral / Não Especificado,curadoria_dicom,correta
2022-02-08,Retorno presencial,Alta Pressão Online,https://www.apo.com.br/noticias/educacao/if-baiano-retoma-aulas-presenciais-em-7-de-marco/,Institucional,Imprensa Local,Geral / Não Especificado,curadoria_dicom,correta
2022-02-08,Retorno presencial,Diamantina FM,https://www.diamantinafm.com.br/noticia/414102/if-baiano-retoma-aulas-presenciais-em-7-de-marco,Institucional,Imprensa Local,Geral / Não Especificado,curadoria_dicom,correta
2022-02-08,Retorno presencial,Metro1,"https://www.metro1.com.br/noticias/educacao/118853,if-baiano-retoma-aulas-presenciais-em-7-de-marco",Institucional,Imprensa Local,Geral / Não Especificado,curadoria_dicom,correta
2022-02-08,Retorno presencial,O Tabuleiro,https://www.otabuleiro.com.br/blog/if-baiano-define-datas-e-medidas-para-retorno-das-atividades-presenciais,Institucional,Imprensa Local,Geral / Não Especificado,curadoria_dicom,correta
2022-02-08,Retorno presencial,seligaalagoinhas.com.br,https://www.seligaalagoinhas.com.br/noticia/23975/alagoinhas-if-baiano-define-datas-e-medidas-para-o-retorno-das-atividades-presenciais,Institucional,Imprensa Local,Alagoinhas,curadoria_dicom,correta
2022-02-06,Sisu,Pimenta Blog,https://pimenta.blog.br/2022/02/06/if-baiano-oferta-860-vagas-pelo-sisu-sao-110-oportunidades-em-urucuca/,Ensino,Imprensa Local,Geral / Não Especificado,curadoria_dicom,correta
2022-02-04,Passaporte vacinal,Agência Sertão,https://agenciasertao.com/2022/02/04/if-baiano-vai-exigir-passaporte-vacinal-para-acesso-as-unidades-em-todo-estado/,Institucional,Imprensa Local,Geral / Não Especificado,curadoria_dicom,correta
2022-02-01,Sisu,CN1,"https://www.cn1.com.br/noticias/13/93996,bahia-tera-mais-de-15-mil-vagas-no-sisu.html",Ensino,Imprensa Local,Geral / Não Especificado,curadoria_dicom,correta
2022-02-01,Sisu,Correio,https://www.correio24horas.com.br/noticia/nid/bahia-tera-mais-de-15-mil-vagas-no-sisu/,Ensino,Imprensa Regional (Bahia),Geral / Não Especificado,curadoria_dicom,correta
2022-02-01,Prosel 2022,Qualifica Bahia,https://www.qualificabahia.com.br/2022/02/if-baiano-abre-inscricoes-para-155-vagas-de-cursos-tecnicos.html,Ensino,Imprensa Local,Geral / Não Especificado,curadoria_dicom,correta
2022-01-27,Mestrado Guanambi,Agência Sertão,https://agenciasertao.com/2022/01/27/if-baiano-inscreve-ate-domingo-para-mestrado-profissional-em-guanambi/amp/?utm_source=dlvr.it&utm_medium=facebook&utm_campaign=if-baiano-inscreve-ate-domingo-para-mestrado-profissional-em-guanambi,Institucional,Imprensa Local,Guanambi,curadoria_dicom,correta
2022-01-27,Sisu,agenciasertao.com,https://agenciasertao.com/2022/01/27/vagas-bahia-sisu/amp/,Ensino,Imprensa Local,Geral / Não Especificado,curadoria_dicom,correta
2022-01-27,Prosel 2022 - Campus Uruçuca,Pimenta Blog,https://pimenta.blog.br/2022/01/27/urucuca-if-baiano-abre-inscricoes-para-cursos-tecnicos/,Ensino,Imprensa Local,Uruçuca,curadoria_dicom,correta
2022-01-26,Prosel 2022 - Campus Itaberaba,Boa Informação,https://boainformacao.com.br/2022/01/if-baiano-lanca-editais-com-200-vagas-para-itaberaba-e-regiao/,Ensino,Imprensa Local,Itaberaba,curadoria_dicom,correta
2022-01-26,Prosel 2022 - Campus Itaberaba,Ibahia.com,https://www.ibahia.com/detalhe/noticia/if-baiano-lanca-editais-com-200-vagas-para-itaberaba-e-regiao/,Ensino,Imprensa Regional (Bahia),Itaberaba,curadoria_dicom,correta
2022-01-21,Prosel 2022 - Campus Uruçuca,Ilheus 24h,https://ilheus24h.com.br/if-baiano-campus-urucuca-oferta-110-vagas-em-cursos-da-educacao-basica-tecnica-de-nivel-medio/,Ensino,Imprensa Local,Uruçuca,curadoria_dicom,correta
2022-01-19,Aprovação estudantes,Agmar Rios Notícias,https://www.agmarrios.com.br/2022/01/prefeitura-de-mairi-parabeniza-alunas.html,Ensino,Imprensa Local,Geral / Não Especificado,curadoria_dicom,correta
2022-01-02,Chuvas - Ação social,infosaj,https://infosaj.com.br/exercito-usa-if-baiano-de-santa-ines-como-base-de-apoio-as-vitimas-das-cidades-atingidas-pela-chuva-militares-tambem-atua-na-distribuicao-de-alimentos/,Institucional,Imprensa Local,Geral / Não Especificado,curadoria_dicom,correta
2022-01-01,Prosel 2022 - Campus Uruçuca,nachapaquente.com.br,http://www.nachapaquente.com.br/2022/01/if-baiano-abre-inscricao-para-cursos.html,Ensino,Imprensa Local,Uruçuca,curadoria_dicom,correta
2022-01-01,Projeto finalista Campus Itaberaba,Chapada Notícias,https://chapadanoticias.com.br/cidades/finalista-em-premio-projeto-do-campus-itaberaba-ajudou-a-revitalizar-negocios-na-pandemia/,Extensão,Imprensa Local,Itaberaba,curadoria_dicom,correta
2022-01-01,Prosel 2022 - Itaberaba,Chapada Notícias,https://chapadanoticias.com.br/educacao/if-baiano-lanca-editais-com-200-vagas-para-itaberaba-e-regiao/,Ensino,Imprensa Local,Itaberaba,curadoria_dicom,correta
2022-01-01,Prosel 2022,Empregos na Bahia,https://empregosnabahia.com.br/if-baiano-oferece-650-vagas-de-curso-tecnico-gratuito/,Ensino,Imprensa Local,Geral / Não Especificado,curadoria_dicom,correta
2022-01-01,Prosel 2022,Mais Bahia,https://maisbahia.com/if-baiano-abre-240-vagas-para-cursos-tecnicos-gratuitos-em-teixeira/,Ensino,Imprensa Local,Geral / Não Especificado,curadoria_dicom,correta
2022-01-01,Qualifica Mais,Recruta Talentos,https://recrutalentos.com.br/programa-qualifica-mais-progredir-if-baiano-inscricoes-abertas/,Institucional,Imprensa Local,Geral / Não Especificado,curadoria_dicom,correta
2022-01-01,Curso Qualifica Mais Progredir,Revista Metropolitana,https://revistametropolitana.com.br/noticia/16921/sedes-abre-processo-seletivo-para-qualificacao-profissional-para-mei,Ensino,Imprensa Local,Geral / Não Especificado,curadoria_dicom,correta
2022-01-01,Curso Qualifica Mais Empreendedor,SC Notícias,https://scnoticiasba.com.br/noticia/5682/if-baiano-abre-vaga-para-curso-gratuito-aos-beneficiarios-do-auxilio-brasil,Ensino,Imprensa Local,Geral / Não Especificado,curadoria_dicom,correta
2022-01-01,Chuvas - Ação social,Bahia Notícias,https://www.bahianoticias.com.br/municipios/noticia/28365-santa-ines-if-baiano-vira-base-do-exercito-em-apoio-as-cidades-afetas-por-chuvas.html,Institucional,Imprensa Regional (Bahia),Geral / Não Especificado,curadoria_dicom,correta
2022-01-01,Curso Ead,PEBSP,https://www.pebsp.com/ifbaiano-abre-inscricoes-para-curso-de-aperfeicoamento-ead-em-autismo-para-professores/,Ensino,Imprensa Local,Geral / Não Especificado,curadoria_dicom,correta
2022-01-01,Mestrado,portaluniversidade.com.br,https://www.portaluniversidade.com.br/mestrado/if-baiano-recebe-inscricoes-para-mestrado-profissional-em-guanambi-ate-o-dia-30/,Institucional,Outras Instituições de Ensino,Geral / Não Especificado,curadoria_dicom,correta
2022-01-01,Qualifica Mais,Tia Candia,https://www.tiacandia.com.br/if-baiano-abre-vagas-para-curso-voltado-a-beneficiarios-do-auxilio-brasil/,Institucional,Imprensa Local,Geral / Não Especificado,curadoria_dicom,correta
2021-12-29,Apoio enchentes Bahia,Portal IFMA,https://portal.ifma.edu.br/2021/12/29/nota-de-solidariedade-as-vitimas-das-enchentes-na-bahia/,Institucional,Outras Instituições de Ensino,Geral / Não Especificado,curadoria_dicom,correta
2021-12-28,Apoio enchentes Bahia,Portal IFRN,https://portal.ifrn.edu.br/campus/reitoria/noticias/nota-de-solidariedade-as-vitimas-da-enchente-no-sul-e-sudoeste-baiano,Institucional,Outras Instituições de Ensino,Geral / Não Especificado,curadoria_dicom,correta
2021-12-21,Vagas remanescentes - Campus Sr do Bonfim,Bonfim Notícias,http://bonfimnoticias.com/site/2021/12/21/if-baiano-campus-de-sr-do-bonfim-abre-inscricoes-para-vagas-remanescentes-ate-19-de-janeiro-confira/,Gestão e RH,Imprensa Local,Geral / Não Especificado,curadoria_dicom,correta
2021-12-21,Cooperação Técnica entre Prefeitura de Alagoinhas e Campus Catu,alagoinhas.ba.gov.br,https://www.alagoinhas.ba.gov.br/index.php/termo-de-cooperacao-tecnica-entre-a-prefeitura-de-alagoinhas-e-if-baiano-de-catu-vai-garantir-analise-do-solo-e-assessoria-tecnica-para-agricultores-familiares-do-municipio/,Institucional,Governamental,Alagoinhas,curadoria_dicom,correta
2021-12-18,Eleições IF Baiano,iguanambi,https://www.iguanambi.com.br/noticias/2021/12/18/carlito-foi-reeleito-diretor-do-if-baiano-campus-guanambi/,Institucional,Imprensa Local,Geral / Não Especificado,curadoria_dicom,correta
2021-12-18,Eleições IF Baiano,Tribuna Popular,https://www.tribunapopulargbi.com.br/noticia/4345/carlito-barros-foi-reeleito-diretor-do-if-baiano-campus-guanambi,Institucional,Imprensa Local,Geral / Não Especificado,curadoria_dicom,correta
2021-12-15,Prêmio Confap,Secti-BA,http://www.secti.ba.gov.br/2021/12/2140/Pesquisadores-baianos-recebem-Premio-Confap-2021-da-Fapesb.html,Institucional,Imprensa Local,Geral / Não Especificado,curadoria_dicom,correta
2021-12-13,Sisu 2022,Educa Mais Brasil,https://www.educamaisbrasil.com.br/educacao/sisu/if-baiano-ofertara-mais-de-800-vagas-para-ingresso-no-sisu-em-2022,Ensino,Imprensa Local,Geral / Não Especificado,curadoria_dicom,correta
2021-12-06,Eleições diretor do campus Guanambi,Agência Sertão,https://agenciasertao.com/2021/12/06/eleicao-diretora-geral-do-if-baiano-campus-guanambi/,Institucional,Imprensa Local,Guanambi,curadoria_dicom,correta
2021-12-06,Duas candidaturas concorrem ao cargo de diretor(a)-geral do IF Baiano Campus Guanambi,Agência Sertão,https://news.google.com/rss/articles/CBMikwFBVV95cUxOTnJnZWE5RS1vbHdIOFJDOE1fVFlKX0dreG9CN045dDQ0RVdSMW93MWdKbXcyR0pVbVF2RXFmRWl3QmxTSHBlUFlwLVFJNmxzUmZTVVBPRlBGMUJ0OC1jcEdJM2E5dXdNdlJHemtSRk9veC12RXhld2lBc3FTMEFxOGxXc21idndKYkR4VUFsdzVWMjjSAZMBQVVfeXFMTk5yZ2VhOUUtb2x3SDhSQzhNX1RZSl9Ha3hvQjdOOXQ0NEVXUjFvdzFnSm13MkdKVW1RdkVxZkVpd0JsU0hwZVBZcC1RSTZsc1JmU1VQT0ZQRjFCdDgtY3BHSTNhOXV3TXZSR3prUkZPb3gtdkV4ZXdpQXNxUzBBcThsV3NtYnZ3SmJEeFVBbHc1VjI4?oc=5&hl=en-US&gl=US&ceid=US:en,Institucional,Imprensa Local,Guanambi,busca_automatica,correta
2021-11-30,Convênio com IPB - Internacionalização,Conif,https://portal.conif.org.br/br/component/content/article/162-rede-federal/4467-if-baiano-e-instituto-politecnico-de-braganca-em-portugal-firmam-parceria?Itemid=609,Institucional,Governamental,Geral / Não Especificado,curadoria_dicom,correta
2021-11-29,"IF Baiano firma parceria com Instituto Politécnico de Bragança, em Portugal",Agência Sertão,https://news.google.com/rss/articles/CBMisgFBVV95cUxNQzJlVVVhWm9hSjVnRHJ5SzBXaUNKTkhxVmx3SktJZnNNMGJjYjkxMjZzeGZKYUZFU0NwUGNtMEtqZ3EtMFBXTEQ0QU5GV3MwZVVKdU0yRmk1dkoxM1pWM2toS3g0cWR6dWJEZ08xX2JRanRRRTR6VExrajRxNWFPbmhhRGhaa0F0UDVvLUNuZnFJNnJKWlpyWGpVVDFQTEZ1UnUta0Z2a2Rfc1N4OVpsOFpB0gGyAUFVX3lxTE1DMmVVVWFab2FKNWdEcnlLMFdpQ0pOSHFWbHdKS0lmc00wYmNiOTEyNnN4ZkphRkVTQ3BQY20wS2pncS0wUFdMRDRBTkZXczBlVUp1TTJGaTV2SjEzWlYza2hLeDRxZHp1YkRnTzFfYlFqdFFFNHpUTGtqNHE1YU9uaGFEaFprQXRQNW8tQ25mcUk2ckpaWnJYalVUMVBMRnVSdS1rRnZrZF9zU3g5Wmw4WkE?oc=5&hl=en-US&gl=US&ceid=US:en,Ensino,Imprensa Local,Geral / Não Especificado,busca_automatica,correta
2021-11-19,IF Baiano abre 300 vagas para curso sobre ensino de estudantes com autismo,Agência Sertão,https://news.google.com/rss/articles/CBMisgFBVV95cUxQeWpLb0lhaXVkMDVjTnNvUFZISi0zSDltM190THdzNERTMlBfRl81bzNqdGRxaGpVLWxOQm1tb3RTWk84MWZjbVExVzk4UHBMYWpPLXpxZjY5SXc3ZGxESkRGN1lyc2RKZ25SYVJWN00xNU42di0yQW1qOUpaaGc5d0F4TnJxclo4dkpOREdBUUIxdGEzUlVyMEtQM1JYSE9DbGVZeVJqcnN6WnAyNE52dWln0gGyAUFVX3lxTFB5aktvSWFpdWQwNWNOc29QVkhKLTNIOW0zX3RMd3M0RFMyUF9GXzVvM2p0ZHFoalUtbE5CbW1vdFNaTzgxZmNtUTFXOThQcExhak8tenFmNjlJdzdkbERKREY3WXJzZEpnblJhUlY3TTE1TjZ2LTJBbWo5SlpoZzl3QXhOcnFyWjh2Sk5ER0FRQjF0YTNSVXIwS1AzUlhIT0NsZVl5Umpyc3pacDI0TnZ1aWc?oc=5&hl=en-US&gl=US&ceid=US:en,Gestão e RH,Imprensa Local,Geral / Não Especificado,busca_automatica,correta
2021-11-11,IFBA Campus Barreiras abre inscrições do Processo seletivo para cursos técnicos,Notícias de Bom Jesus da Lapa,https://news.google.com/rss/articles/CBMiyAFBVV95cUxPZEZ6SUJYZXRzNlpaMVhaLVptY21kWnYtSDZEb3hXMWhmTEVZMmI4TnlvV2IxRFBtRGhNSUpjUnkwN28xWmptMm9FS0FKdzM3VmpXT2hCYWtDbFFLS1VJcVBUcllFX1dIZWpLR1d0YUpmcmJzeHRFU29POTFrUVZIMkM1ajhHSnFRdDJEa3M1cHl2MVNzRVZQbFFQd0NGNmZPM055eHpVYjZVZlluOTVKVXZROW9tREp4NGcweXZJZ25uYnhLQW9Bag?oc=5&hl=en-US&gl=US&ceid=US:en,Gestão e RH,Imprensa Local,Geral / Não Especificado,busca_automatica,correta
2021-11-10,V Encontro sobre Caprinos e Ovinos,A Tarde,https://atarde.uol.com.br/coluna/tempopresente/2200552-ilheus-retoma-festa-da-literatura-no-dia-19-premium,Institucional,Imprensa Regional (Bahia),Geral / Não Especificado,curadoria_dicom,correta
2021-11-04,Cursos do IF Baiano Campus Guanambi receberam boas avaliações no Guia da Faculdade do Estadão,Agência Sertão,https://news.google.com/rss/articles/CBMiywFBVV95cUxNcHRkOVFZaHRlTXVqYldUV2gtV2ZBRm4xQmliSDU1YzExbHZ6czNqaVhnUlBwdGZtM3dTclAtN2htVVFzcVJOVnp5dFZEZVl6ZURPTkozV0tBMmkwRHhSUU02RU4wM25HU05VU0VyMWNIZmNHNmxldjAxczljeHNoVFBxVWg3b3ZxUC1fMVJzeDhiQjhNX2w5Q09abHB3bEZSbmVQVVBBczhkc24tcTAzblVsbWZxXzl0NE9xcXlYQzVaVXo1aGtRbWtIRdIBywFBVV95cUxNcHRkOVFZaHRlTXVqYldUV2gtV2ZBRm4xQmliSDU1YzExbHZ6czNqaVhnUlBwdGZtM3dTclAtN2htVVFzcVJOVnp5dFZEZVl6ZURPTkozV0tBMmkwRHhSUU02RU4wM25HU05VU0VyMWNIZmNHNmxldjAxczljeHNoVFBxVWg3b3ZxUC1fMVJzeDhiQjhNX2w5Q09abHB3bEZSbmVQVVBBczhkc24tcTAzblVsbWZxXzl0NE9xcXlYQzVaVXo1aGtRbWtIRQ?oc=5&hl=en-US&gl=US&ceid=US:en,Ensino,Imprensa Local,Guanambi,busca_automatica,correta
2021-11-03,1contratação Temporária,Agência Sertão,https://agenciasertao.com/2021/11/03/if-baiano-abre-cinco-vagas-de-contratacao-temporaria-em-guanambi/,Institucional,Imprensa Local,Geral / Não Especificado,curadoria_dicom,correta
2021-11-01,Seleção de professores,PCI Concursos,https://www.pciconcursos.com.br/noticias/if-baiano-divulga-novo-processo-seletivo-para-o-campus-itapetinga,Gestão e RH,Especializados (Nichos),Geral / Não Especificado,curadoria_dicom,correta
2021-10-29,Aulas presenciais,criativaonline.com.br,https://criativaonline.com.br/estudantes-do-if-baiano-de-santa-ines-se-mobilizam-por-aulas-presenciais/,Ensino,Imprensa Local,Geral / Não Especificado,curadoria_dicom,correta
2021-10-18,V Encontro sobre Caprinos e Ovinos,Agência Sertão,https://agenciasertao.com/2021/10/18/if-baiano-divulga-programacao-do-v-encontro-sobre-caprinos-e-ovinos/,Institucional,Imprensa Local,Geral / Não Especificado,curadoria_dicom,correta
2021-10-15,"II Encontro de Mulheres do Sinasefe IF Baiano-BA debate atuação política/sindical, interseccionalidade e violências contra a mulher: participe!",sinasefe,https://news.google.com/rss/articles/CBMi_wFBVV95cUxNc1lnS0t5ZXBYOFd1eFZ6MW04aEVncFJwdElNRnBzaUpnM2xOYzhaRzBJQXloR0l4Qlo0OWVZNENrTDI1XzhianlwbURtMi1pUXdoMzJWbW5VQjRVRF82ZXFEOGd5ZUhOaDBySTViLXlFSEVTR2JYX3g2aTBsNmlQUGlqQVV3ZTNxeUtjMGtrRl9VcFExYlVvTGNlenR0Q241b0QzLXZXbU9FeHhpeTVkWWtpN1BMYWZ1Q2VGbXlMUk5JdVR0dnlhX3V6MDlBRGZmMWRsQl9pSGxOSmw4elJtZmw1NXh6TGQ0TXgzc1JpSzBmeFZ1dUtDbElYQ20xMEk?oc=5&hl=en-US&gl=US&ceid=US:en,Institucional,Imprensa Local,Geral / Não Especificado,busca_automatica,correta
2021-10-02,Pós-graduação,Hora Brasil,https://www.horabrasil.com.br/2021/10/02/if-baiano-pos-graduacao-gratuita-para-graduados-em-qualquer-area/,Ensino,Imprensa Local,Geral / Não Especificado,curadoria_dicom,correta
2021-09-29,Cursos EAD,Agência Sertão,https://agenciasertao.com/2021/09/29/if-baiano-oferece-171-vagas-em-cursos-tecnicos-ead-nos-polos-de-guanambi-e-ibipitanga/,Ensino,Imprensa Local,Geral / Não Especificado,curadoria_dicom,correta
2021-09-29,Vagas remanescentes,G1,https://g1.globo.com/ba/bahia/noticia/2021/09/29/ifba-urucuca-abre-inscricoes-para-35-vagas-remanescentes-em-cursos-de-graduacao-confira.ghtml,Gestão e RH,Imprensa (Nacional),Geral / Não Especificado,curadoria_dicom,correta
2021-09-29,Instituto Federal Baiano oferece 171 vagas EaD nos em Guanambi e Ibipitanga,oecojornal.com.br,https://news.google.com/rss/articles/CBMipAFBVV95cUxOd3pNSVJhQ05neFpsRVlKcGlJbjZiZmpmV2h1NzFTZ0V6ZGt6RnJPUENsRkdsOWw5Z3VPUDNBUG83a2h4UFFvd0xNWElINEZCbGJIRFZHR1VmVURBS3hxTEx2WlZSNkg0YXpMUjVWM1VEdUo5VHdubnBuNy1JYnFvRlIxdUEwRDdEb3RHYkFoYlhqc1c2dXFnVHZKZUlOUjVnSGN3NA?oc=5&hl=en-US&gl=US&ceid=US:en,Gestão e RH,Imprensa Local,Guanambi,busca_automatica,correta
2021-09-23,Dia da árvore,Agência Sertão,https://agenciasertao.com/2021/09/23/if-baiano-promoveu-plantio-de-mudas-nativas-em-comemoracao-ao-dia-da-arvore/,Institucional,Imprensa Local,Geral / Não Especificado,curadoria_dicom,correta
2021-09-21,Vagas remanescentes,seligaalagoinhas.com.br,https://www.seligaalagoinhas.com.br/noticia/20487/if-baiano-torna-publica-a-abertura-de-inscricoes-para-vagas-remanescentes-confira,Gestão e RH,Imprensa Local,Alagoinhas,curadoria_dicom,correta
2021-09-18,Reordenamento,Agência Sertão,https://agenciasertao.com/2021/09/18/comunidade-do-if-baiano-se-posicionou-contraria-ao-reordenamento-dos-institutos-federais-na-bahia/,Institucional,Imprensa Local,Geral / Não Especificado,curadoria_dicom,correta
2021-09-15,Reordenamento,Correio 24h,https://www.correio24horas.com.br/noticia/nid/mec-propoe-desmembrar-ifba-e-ifbaiano-e-reitora-avisa-nao-vamos-aceitar/,Institucional,Imprensa Regional (Bahia),Geral / Não Especificado,curadoria_dicom,correta
2021-09-11,Teixeira: IF Baiano divulga edital para contratação de professor,SulBahiaNews,https://news.google.com/rss/articles/CBMinAFBVV95cUxNdFd4RUhTSjZ0T0x1RFRHVVVjckpMZlRoQVBzcnBYcGJNMWhWTlB5dkI5Z2RXWGY2N2NnbDcycDBGSGw0YmVBX1RpM0UwMmVsN0ZoTG5FZ0NIOGRfeVplWkM5TU96YUtER3AydVpnQm5Qd1V1X2Q2aDVNdmV2Zi1BeFFEN2g2ZFJMTWV2U1ZnZFNPTEtFSHAzSDZkRHM?oc=5&hl=en-US&gl=US&ceid=US:en,Gestão e RH,Imprensa Local,Geral / Não Especificado,busca_automatica,correta
2021-09-09,Oferta cursos técnicos,Agência Sertão,https://agenciasertao.com/2021/09/09/if-baiano-oferta-220-vagas-remanescentes-para-cursos-tecnicos-em-guanambi/,Ensino,Imprensa Local,Geral / Não Especificado,curadoria_dicom,correta
2021-09-02,IF Baiano oferta 155 vagas em cursos técnicos da modalidade Proeja em três cidades,Agência Sertão,https://news.google.com/rss/articles/CBMivAFBVV95cUxQYkQteUFpeEp0Skk3TWdJMzhzTXIwMmY4dUdBLW9PRllVU2piQi1yRWQwU0JnMUs1bmJhaF9TR2JFTVkwTTVEZkNhUElIdlZ1YUJRTDl3aGhKbnhLUkdPVDJpZE45Tm5ZOFlnQ0huSjN5QmxDQlF6YTlad0IydFE0dFIwdzI0YklXZW1yeHlKcG1UUGVyRlEzRzlVWklCU2xoZDVVMExJU3RSV0NLSEhsWXVaWnlLcW9mR2dyetIBvAFBVV95cUxQYkQteUFpeEp0Skk3TWdJMzhzTXIwMmY4dUdBLW9PRllVU2piQi1yRWQwU0JnMUs1bmJhaF9TR2JFTVkwTTVEZkNhUElIdlZ1YUJRTDl3aGhKbnhLUkdPVDJpZE45Tm5ZOFlnQ0huSjN5QmxDQlF6YTlad0IydFE0dFIwdzI0YklXZW1yeHlKcG1UUGVyRlEzRzlVWklCU2xoZDVVMExJU3RSV0NLSEhsWXVaWnlLcW9mR2dyeg?oc=5&hl=en-US&gl=US&ceid=US:en,Gestão e RH,Imprensa Local,Geral / Não Especificado,busca_automatica,correta
2021-08-31,IF Baiano abre seleção de vagas remanescentes para cursos técnicos em Bom Jesus da Lapa e mais quatro cidades,Agência Sertão,https://news.google.com/rss/articles/CBMi4AFBVV95cUxORUVoTGIwWXBBQ0xJZGZpTTNYZWxDb0l4eTNIdDg0OGdJZnRMbzdDTUdHbmVOeldoRzdTa3BjelFDSkNVY1hWVllKTWpVeGlacEh3cTBna3ZzTDQyRGYyblp3cnpzV0JBQm9PWnBOSVJydEJ6eU5uWWhta1RBelFQWF9fWWQ1M1hkWmQ1bHdmc2NuMTVkVURKalBmWERYSzhweUl2VVBLdU90a0hPRDhHSThQX25EZm5CbWlvdlk0MUdHaTVCUERaTG1hRl9weVBSNjBZUnJZODg4Mno2ZHpxOdIB4AFBVV95cUxORUVoTGIwWXBBQ0xJZGZpTTNYZWxDb0l4eTNIdDg0OGdJZnRMbzdDTUdHbmVOeldoRzdTa3BjelFDSkNVY1hWVllKTWpVeGlacEh3cTBna3ZzTDQyRGYyblp3cnpzV0JBQm9PWnBOSVJydEJ6eU5uWWhta1RBelFQWF9fWWQ1M1hkWmQ1bHdmc2NuMTVkVURKalBmWERYSzhweUl2VVBLdU90a0hPRDhHSThQX25EZm5CbWlvdlk0MUdHaTVCUERaTG1hRl9weVBSNjBZUnJZODg4Mno2ZHpxOQ?oc=5&hl=en-US&gl=US&ceid=US:en,Gestão e RH,Imprensa Local,Bom Jesus da Lapa,busca_automatica,correta
2021-08-26,Curso de Libras,Agência Sertão,https://agenciasertao.com/2021/08/26/if-baiano-oferta-300-vagas-em-curso-basico-e-intermediario-de-libras-online/,Ensino,Imprensa Local,Geral / Não Especificado,curadoria_dicom,correta
2021-08-25,IF Mais Empreendedor,Portal do CONIF,https://portal.conif.org.br/br/component/content/article/162-rede-federal/4363-if-baiano-auxilia-empreendedores-a-potencializar-negocios-afetados-pela-pandemia?Itemid=609,Institucional,Governamental,Geral / Não Especificado,curadoria_dicom,correta
2021-08-25,Curso de Libras,A Região,https://www.aregiao.com.br/noticias2/2021/08/if-baiano-oferece-cursos-de-libras.html,Ensino,Imprensa Local,Geral / Não Especificado,curadoria_dicom,correta
2021-08-24,Curso de Libras,Pimenta Blog,https://pimenta.blog.br/2021/08/24/if-baiano-abre-300-vagas-em-cursos-de-libras-em-itapetinga/,Ensino,Imprensa Local,Geral / Não Especificado,curadoria_dicom,correta
2021-08-23,IF Mais Empreendedor,Correio da Bahia,https://www.correio24horas.com.br/noticia/nid/if-baiano-auxilia-empreendedores-a-potencializar-negocios-afetados-pela-pandemia/,Institucional,Imprensa Regional (Bahia),Geral / Não Especificado,curadoria_dicom,correta
2021-08-23,IF Mais Empreendedor,Diga Bahia,https://www.digabahia.com.br/if-baiano-auxilia-empreendedores-a-potencializar-negocios-afetados-pela-pandemia/,Institucional,Imprensa Local,Geral / Não Especificado,curadoria_dicom,correta
2021-08-18,Vagas remanescentes,Agência Sertão,https://agenciasertao.com/2021/08/18/if-baiano-abriu-23-vagas-ociosas-para-cursos-superiores-em-guanambi/,Gestão e RH,Imprensa Local,Geral / Não Especificado,curadoria_dicom,correta
2021-08-15,Patente - extração da pupunha,G1,https://g1.globo.com/ba/bahia/noticia/2021/08/15/professores-e-estudantes-baianos-desenvolvem-metodo-para-extrair-amido-da-pupunha.ghtml,Pesquisa,Imprensa (Nacional),Geral / Não Especificado,curadoria_dicom,correta
2021-08-12,Vagas remanescentes,Pimenta Blog,https://pimenta.blog.br/2021/08/12/if-baiano-oferece-vagas-remanescentes-em-urucuca-e-outros-tres-campi/,Gestão e RH,Imprensa Local,Geral / Não Especificado,curadoria_dicom,correta
2021-08-11,Parceria para produção de forragens irrigadas,Agência Sertão,https://agenciasertao.com/2021/08/11/if-baiano-faz-parceria-para-producao-de-forragens-irrigadas-com-reuso-de-aguas-residuais-de-esgoto-tratado-em-guanambi/,Institucional,Imprensa Local,Geral / Não Especificado,curadoria_dicom,correta
2021-08-09,Criação de Polo em Canavieiras,Ilheus 24 horas,http://www.ilheus24h.com.br/v1/2021/08/09/reuniao-discute-implantacao-de-polo-do-if-baiano-em-canavieiras/,Institucional,Imprensa Local,Geral / Não Especificado,curadoria_dicom,correta
2021-08-03,Vagas superior,Notícias da Lapa,https://www.bomjesusdalapanoticias.com.br/bom-jesus-da-lapa/campus-do-if-baiano-de-bom-jesus-da-lapa-abre-40-vagas-para-o-curso-de-bacharelado-em-engenharia-agronomica-via-sisu-2/,Gestão e RH,Imprensa Local,Geral / Não Especificado,curadoria_dicom,correta
2021-08-02,Iogurte de Cogumelos,A Tardee,https://atarde.uol.com.br/economia/noticias/2180932-bahia-investe-na-producao-de-cogumelos,Institucional,Imprensa Regional (Bahia),Geral / Não Especificado,curadoria_dicom,correta
2021-08-01,Vagas Especialização,Hora Brasil,https://www.horabrasil.com.br/2021/08/01/if-baiano-abre-30-vagas-em-especializacao-gratuita/,Gestão e RH,Imprensa Local,Geral / Não Especificado,curadoria_dicom,correta
2021-08-01,IF Mais Empreendedor,Ilheus.net,https://www.ilheus.net/2021/08/if-baiano-auxilia-empreendedores-a-potencializar-negocios-afetados-pela-pandemia.html,Institucional,Imprensa Local,Geral / Não Especificado,curadoria_dicom,correta
2021-07-26,Patente de iogurte com adição de cogumelo,Bahia.ba,https://bahia.ba/economia/novo-tipo-de-iogurte-a-base-de-cogumelo-e-criado-na-bahia/,Pesquisa,Imprensa Regional (Bahia),Geral / Não Especificado,curadoria_dicom,correta
2021-07-19,Patente equipamento manual para a quebra de cacau,Fapesb,http://www.fapesb.ba.gov.br/professor-desenvolve-equipamento-manual-para-a-quebra-de-cacau/,Pesquisa,Imprensa Local,Geral / Não Especificado,curadoria_dicom,correta
2021-07-16,Inscreva-se em cursos de Formação Profissional a distância do IF BAIANO,PEBSP,https://news.google.com/rss/articles/CBMimgFBVV95cUxPRDZGS19HdWh6Ukx3YVhqeGlpLWpFRjdzM0VkR1YzLWU1RGpQOHM3TUJhX3lXVWxHVlpPQ1N6ZWpSM3NIejBZbEFIblZxOVNNOG1UNlNnbDFQNUlJNGx1cjVHUnBlb1lNTS1Na2tDVUhBdHlQeXVTcUh6S1VDUURPVGZOMHdVOGVBWVltLVVKNEs1SVgwOWgteXlR?oc=5&hl=en-US&gl=US&ceid=US:en,Ensino,Imprensa Local,Geral / Não Especificado,busca_automatica,correta
2021-07-08,Patente de iogurte com adição de cogumelo,Academia de Ciências da Bahia,https://cienciasbahia.org.br/vernoticias.php?id=1053,Pesquisa,Imprensa Local,Geral / Não Especificado,curadoria_dicom,correta
2021-07-07,IF Baiano abre 1080 vagas de cursos técnicos em Teixeira; inscrições encerram na sexta,SulBahiaNews,https://news.google.com/rss/articles/CBMiugFBVV95cUxNLXRBbjJrYWxTZExaZkpUZTJsLUZ2em1QOUdnc0lhYzRFMmVkZmNMSHNMSU82dFRtYXp5b25kUklJUzVGZFFKT256VWVnQ2VzVHpRZEFXMHVlZC12bHp3U0xaNEZ3SzNjbHJGMDhwekpfWnNuSWtGa2ZPel9selpwa2FkazlVQUs0T19hTjFNdkFSYVg4TU9ZN2FyMV93bV9qdmpDalRnVndlc2tQeS1rWWhsdVo1NnNLcEE?oc=5&hl=en-US&gl=US&ceid=US:en,Gestão e RH,Imprensa Local,Geral / Não Especificado,busca_automatica,correta
2021-07-01,"IF Baiano recebe até dia 9, inscrições para mais de 7 mil vagas em várias cidades do estado - iGuanambi",iGuanambi,https://news.google.com/rss/articles/CBMi8AFBVV95cUxQNGJuS1lkd1dCMTVUaFBmSmstYWlsQnloeDU4Unhwa2k4bXdSVWNuOE01SW9EZXQ1T19xSE4wWlhBMWhiUHFUbVFPSm90X2c2aEMxcmhIM0hud18zVDEyV3NWVEp5Qk5QeXZMdVBtYVRyaE1sbmNRWGhoektlQTRGdml4SmJ2R3A5LUNYRk1oVXRlZTdUeWNiU25wbFhFN0pnZzFFNU5POXUwS0hOZGwzR1h3bm5kYVc2c1BCYU5SOFBudkJ5QktNWWRWeldUelVrcVJtVjB1ZG4teW1QVjNUV0s0WE5PZ2dHdTFTeWl5eHTSAegBQVVfeXFMTnpBX3UyQVVHeW9CZTZ3MVg2M2tzMGJRTksyREx0OWFkZmh0RnpCNUFzYUkwdjZVLXdqSlRVeVNQSEoweE9kckpuR0NmQ3p1azR5Ync0VlpTdTQ4ZFpPck9EMmw1Y09nNm85TjRuSjNWaHNIXzhiTkh2blBrWlFQYWlLU1FnZG43SHFheXFScURtdFNYeVJlQnhYazRGblRHRHRLUmlFbnoxUXFvSUNzTjhKZWxCMkVQclo1cUdvNy1CZTRUVVBoWEpSWFNGYVN4aFZvSkpsSmVmQWlGbEZKZlhDSHlLSHE3Uw?oc=5&hl=en-US&gl=US&ceid=US:en,Gestão e RH,Imprensa Local,Geral / Não Especificado,busca_automatica,correta
2021-06-04,Vagas cursos técnicos Campus Lapa,Agência Sertão,https://agenciasertao.com/2021/06/04/if-baiano-campus-bom-jesus-da-lapa-oferta-240-vagas-para-cursos-tecnicos/,Gestão e RH,Imprensa Local,Bom Jesus da Lapa,curadoria_dicom,correta
2021-06-04,IF Baiano – Campus Bom Jesus da Lapa oferta 240 vagas para cursos técnicos,Agência Sertão,https://news.google.com/rss/articles/CBMirwFBVV95cUxNbjY2Y1pPZVJkSVhhWmxHTXFaam5zZkNVVklMQ0gzeFlFaDdDNU1CcTBuY0RGeC1vUHBHZENwUERsbWpwWmN6NGZVWHNYYjhubk5VcHVIY0s5ZmQ2Q0tIQkQ2MHhEdVI5TEgtTXRJQy0xZG9EZXZRdllxb0dYQ21RdVRnZ1hTMXNzaUZjWV9KUWc3Y2FaOHFjcjZPX2I1WVBlaW4xUE9tZ3c1bUIzZ3hR0gGvAUFVX3lxTE1uNjZjWk9lUmRJWGFabEdNcVpqbnNmQ1VWSUxDSDN4WUVoN0M1TUJxMG5jREZ4LW9QcEdkQ3BQRGxtanBaY3o0ZlVYc1hiOG5uTlVwdUhjSzlmZDZDS0hCRDYweER1UjlMSC1NdElDLTFkb0RldlF2WXFvR1hDbVF1VGdnWFMxc3NpRmNZX0pRZzdjYVo4cWNyNk9fYjVZUGVpbjFQT21ndzVtQjNneFE?oc=5&hl=en-US&gl=US&ceid=US:en,Gestão e RH,Imprensa Local,Bom Jesus da Lapa,busca_automatica,correta
2021-06-03,Maratona territórios do Brasil,Agência Sertão,https://agenciasertao.com/2021/06/03/maratona-territorios-do-brasil-divulga-projetos-vencedores/,Institucional,Imprensa Local,Geral / Não Especificado,curadoria_dicom,correta
2021-06-02,Vagas Cursos Técnicos Guanambi,Agência Sertão,https://agenciasertao.com/2021/06/02/selecao-do-if-baiano-oferta-680-vagas-para-cursos-tecnicos-em-guanambi/,Gestão e RH,Imprensa Local,Guanambi,curadoria_dicom,correta
2021-06-02,Seleção do IF Baiano oferta 680 vagas para cursos técnicos em Guanambi,Agência Sertão,https://news.google.com/rss/articles/CBMirAFBVV95cUxOZUN1dURBd19WLUM2VkM0NFJINWFhYkd2UDNsMFpZbHd3MVFDYWdLam4xdDNmUmNmX21MTUJlYUU1bXpuM0hjX0pTbHdldDZXNVZ5aVBxMndnYzhWRjdHYTkxVHhYYUt3M1ZYekN4NE11R2tYdzZQc0J2Z2Q3Ym1ERl9kVzhCMzJuMWd2SWFiR3dneDBlTXVFT0FQQk1Zb2JzVU5YZmc4elF2UEhU0gGsAUFVX3lxTE5lQ3V1REF3X1YtQzZWQzQ0Ukg1YWFiR3ZQM2wwWllsd3cxUUNhZ0tqbjF0M2ZSY2ZfbUxNQmVhRTVtem4zSGNfSlNsd2V0Nlc1VnlpUHEyd2djOFZGN0dhOTFUeFhhS3czVlh6Q3g0TXVHa1h3NlBzQnZnZDdibURGX2RXOEIzMm4xZ3ZJYWJHd2d4MGVNdUVPQVBCTVlvYnNVTlhmZzh6UXZQSFQ?oc=5&hl=en-US&gl=US&ceid=US:en,Gestão e RH,Imprensa Local,Guanambi,busca_automatica,correta
2021-06-01,IF Baiano lança editais para cursos técnicos com 440 vagas para Governador Mangabeira e região,Bahia Recôncavo,https://news.google.com/rss/articles/CBMi0gFBVV95cUxOY08zRElXbWZVM19GR3JmLWVDeEwwVnAxWDJwQXdiS2pTMmZnQlhCZDBfVTVUMURIekRyVGFldDV5NFE3dzZyYzlsNUFVbmFFQ0xQLUJibXF5NkFrZFRCZU5IWVZibEFIRWljeWlnUnh3X1BidUx5akFPR2hkMEU5dV8yOXRtWUFXU3Q0WUFkSTNkemZOYzlPSTRmd3RUZlQ1M1V1V2cyZ3BmSzViS09rWm1YQWZhX3NqZktSRWZWcTJ6d1pOSDZqNS1YdTlqeldWYkE?oc=5&hl=en-US&gl=US&ceid=US:en,Gestão e RH,Imprensa Local,Governador Mangabeira,busca_automatica,correta
2021-05-31,Vagas cursos técnicos em toda a Bahia,A Tarde,https://atarde.uol.com.br/bahia/noticias/2170479-if-baiano-abre-selecao-com-mais-de-sete-mil-vagas-para-cursos-tecnicos,Gestão e RH,Imprensa Regional (Bahia),Geral / Não Especificado,curadoria_dicom,correta
2021-05-31,Vagas cursos técnicos em toda a Bahia,G1 Bahia,https://g1.globo.com/ba/bahia/blogdoemprego/noticia/2021/05/31/if-baiano-oferta-mais-de-7-mil-vagas-para-cursos-tecnicos-em-toda-a-bahia-veja-como-se-inscrever.ghtml,Gestão e RH,Imprensa (Nacional),Geral / Não Especificado,curadoria_dicom,correta
2021-05-31,IF Baiano oferece mais de 7 mil vagas para cursos técnicos em toda a Bahia; veja como se inscrever,G1,https://news.google.com/rss/articles/CBMi-AFBVV95cUxPTkxoM0tzYjU5blNsX0VYdWJEY04taFJESC05aTdqY25XZ29nb20ybmstdktnRlk2TWFPbF9RVXRFWFc3c084bTIyTjVHcGw4cUIwTnhnek9FVHNTY3lIa1pZMm04bS1TVVRMOVFUMXJuTzZuU0RoUUlPcG8zWm41aWdUclBORkVaVUV0T1YxQl9TdUdIQ054eVBxNzdKOUhLTG5sZHdZODE5cjZMN0drNzFaZzhIM0d0QmYtcEdqYW5reGFSRWdwVmZncWM0enZVWV9XUk1iWERZUF9mQUU5ZklTTjZQTE9kQ2ZENGlNUUd2UUVQeHI2YdIBhwJBVV95cUxOYVR3YVdnZnY1SEVxeW9fektsQzR5OURCM0dOdGtJZ0VuVG5pZlVyb1J5ZjdxdlA5VUFpcWhLVVJmVVo2WWhLdTNySTlOeUJjS3pUb2Yzcm9yUXViU2tHRmYwVE9QWWJhLWtQZE5YRnA0ZlR1Sm56dFQtMEtLUVplRy1aVEJsQjlnQ1lfY21QcVU1cndKMlBjYjZvM1JTN1hBRWJxVl9JNFJTQXFLX2ktbGhNRUU0WGlUdEZwT2lKQmprbVJNc0NCREliMks0WklFREJmZURaSGVVZ2kwejA5dTlldVJqRUxBbXR2TGo1ek5OVmRySUFkSXNuUjNlem41SDZYbXdjOA?oc=5&hl=en-US&gl=US&ceid=US:en,Gestão e RH,Imprensa (Nacional),Geral / Não Especificado,busca_automatica,correta
2021-05-31,IF Baiano abre seleção com mais de sete mil vagas em cursos técnicos,Agência Sertão,https://news.google.com/rss/articles/CBMiqgFBVV95cUxNUjFmS1JraTh5OHFfZEJhWnJlU3owOUFrUzM2WGNURlptUVRyTlFkeVdxREdRa2JzbFN0THFhSHpiRk5nanFuNFljQll3QUFjWHZPYXRBaEs4M2tfXzBnRWpGd3lCUXl2OERkQ0dvQXRMWXZ6eDYwWUpwU2Q0ekNoSnY0cjZ1YVBUU0QzRExmYjJTWlFHRWJBVjJsbFpfU2NoN09NYmFsUXBXUdIBqgFBVV95cUxNUjFmS1JraTh5OHFfZEJhWnJlU3owOUFrUzM2WGNURlptUVRyTlFkeVdxREdRa2JzbFN0THFhSHpiRk5nanFuNFljQll3QUFjWHZPYXRBaEs4M2tfXzBnRWpGd3lCUXl2OERkQ0dvQXRMWXZ6eDYwWUpwU2Q0ekNoSnY0cjZ1YVBUU0QzRExmYjJTWlFHRWJBVjJsbFpfU2NoN09NYmFsUXBXUQ?oc=5&hl=en-US&gl=US&ceid=US:en,Gestão e RH,Imprensa Local,Geral / Não Especificado,busca_automatica,correta
2021-05-31,Processo Seletivo Governador Mangabeira (Professor),Notícias Concursos,https://noticiasconcursos.com.br/if-baiano-anuncia-novo-processo-seletivo-no-campus-governador-mangabeira/,Gestão e RH,Especializados (Nichos),Governador Mangabeira,curadoria_dicom,correta
2021-05-27,Vagas cursos técnicos Uruçuca,SulBahia1,https://www.sulbahia1.com.br/noticia/11631/instituto-federal-baiano-campus-urucuca-lanca-editais-de-cursos-tecnicos-com-385-vagas-para-urucuca-e-regiao,Gestão e RH,Imprensa Local,Uruçuca,curadoria_dicom,correta
2021-05-24,Cicatribio,Universo Notícias,https://universonoticias.com.br/latex-do-pe-da-mangaba-ajuda-na-cicatrizaca,Institucional,Imprensa Local,Geral / Não Especificado,curadoria_dicom,correta
2021-05-22,Projeto Cicatribio,Revista Galileu,https://revistagalileu.globo.com/Ciencia/noticia/2021/05/alunos-do-ensino-medio-da-ba-criam-produto-de-cicatrizacao-para-diabeticos.html,Extensão,Imprensa Local,Geral / Não Especificado,curadoria_dicom,correta
2021-05-20,Maratona territórios do Brasil,Fala Você,https://falavoce.com.br/entrevistas/professor-do-if-baiano-convoca-a-populacao-para-participar-da-maratona-territorios-do-brasil-r10-mil-reais-em-premios/,Institucional,Imprensa Local,Geral / Não Especificado,curadoria_dicom,correta
2021-05-09,Primeira patente do IF Baiano,Fapesb,http://www.fapesb.ba.gov.br/pesquisador-baiano-desenvolve-nova-forma-de-extrair-amido-da-pupunheira/,Pesquisa,Imprensa Local,Geral / Não Especificado,curadoria_dicom,correta
2021-05-07,Maratona territórios do Brasil,F5 News,https://www.f5news.com.br/cotidiano/maratona-territorios-do-brasil-premiara-ideias-inovadoras-na-ufs-sertao.html,Institucional,Imprensa Local,Geral / Não Especificado,curadoria_dicom,correta
2021-05-05,Vagas OciosasCampusUruçuca,A Gazeta Bahia,https://agazetabahia.com/noticias/geral/29676/instituto-federal-baiano-campus-urucuca-abre-131-vagas-para-cursos-de-graduacao-gratuitos-05-05-2021/,Gestão e RH,Imprensa Local,Geral / Não Especificado,curadoria_dicom,correta
2021-05-05,Maratona territórios do Brasil,Faxaju,https://www.faxaju.com.br/index.php/2021/05/05/maratona-territorios-do-brasil-premiara-ideias-inovadoras-na-ufs-sertao/,Institucional,Imprensa Local,Geral / Não Especificado,curadoria_dicom,correta
2021-05-05,Kits alimentares,Itaberaba Notícias,https://www.itaberabanoticias.com.br/itaberaba/if-baiano-abre-inscricoes-para-recebimento-de-kits-alimentares-do-campus-itaberaba,Institucional,Imprensa Local,Itaberaba,curadoria_dicom,correta
2021-05-04,Vacinação,UFRB,https://ufrb.edu.br/cecult/noticias/1054-ufrb-define-acao-conjunta-com-outras-ipes-sobre-vacinacao-do-covid-19,Institucional,Outras Instituições de Ensino,Geral / Não Especificado,curadoria_dicom,correta
2021-05-04,Vagas ociosas campus Uruçuca,Estado da Bahia,https://www.estadodabahia.com.br/noticia/11570/campus-de-urucuca-do-if-baiano-abre-131-vagas-para-cursos-de-graduacao-gratuitos,Gestão e RH,Imprensa Local,Uruçuca,curadoria_dicom,correta
2021-05-03,"Contratação de um professor substituto, Santa Inês",PCI Concursos,https://www.pciconcursos.com.br/noticias/if-baiano-ba-anuncia-processo-seletivo-para-professor-substituto,Gestão e RH,Especializados (Nichos),Santa Inês,curadoria_dicom,correta
2021-05-01,Famif,Blog Ivan Silva,https://ivansilvanoticia.com.br/2021/05/prorrogada-as-inscricoes-do-festival-de-arte-e-musica-do-instituto-federal-baiano/,Institucional,Imprensa Local,Geral / Não Especificado,curadoria_dicom,correta
2021-04-23,"Empresa Júnior oferta serviços de análise de água, alimentos e solos em Guanambi",Agência Sertão,https://agenciasertao.com/2021/04/23/empresa-junior-do-if-baiano-oferta-servicos-de-analise-de-agua-alimentos-e-solos-em-guanambi/,Institucional,Imprensa Local,Guanambi,curadoria_dicom,correta
2021-04-23,"Empresa Júnior do IF Baiano oferta serviços de análise de água, alimentos e solos em Guanambi",Agência Sertão,https://news.google.com/rss/articles/CBMiygFBVV95cUxQaEpUcFRkdlI4TnR1U2JfcFhEUjU4NFJJeW5vM3RLQi1kN2dZZzloWnhaSDk2c0lLSGNoLUZHTmRxSVdiUXBkbXFIRXpJaVNXMjRXS2h6WGdlYTFfNXlweFJiYmZKUFBJUkYzVExEN0d3YW1FTFhmUU5SYXp6aHhLSFZISXVxdHRjRjB4ZWlOUml2WHBOb2ZCdHVOMTMzQ2xGR3NyR040eTlNOWp6V0xtYUhQNmprSzlDZFc3YzlFZjUtNkRwbEwyajBB0gHKAUFVX3lxTFBoSlRwVGR2UjhOdHVTYl9wWERSNTg0Ukl5bm8zdEtCLWQ3Z1lnOWhaeFpIOTZzSUtIY2gtRkdOZHFJV2JRcGRtcUhFeklpU1cyNFdLaHpYZ2VhMV81eXB4UmJiZkpQUElSRjNUTEQ3R3dhbUVMWGZRTlJhenpoeEtIVkhJdXF0dGNGMHhlaU5SaXZYcE5vZkJ0dU4xMzNDbEZHc3JHTjR5OU05anpXTG1hSFA2amtLOUNkVzdjOUVmNS02RHBsTDJqMEE?oc=5&hl=en-US&gl=US&ceid=US:en,Institucional,Imprensa Local,Guanambi,busca_automatica,correta
2021-04-20,Vagas cursos técnicos em Agricultura e Zootecnia em Guanambi,Agência Sertão,https://agenciasertao.com/2021/04/20/if-baiano-oferta-vagas-nos-cursos-tecnicos-em-agricultura-e-zootecnia-em-guanambi/,Gestão e RH,Imprensa Local,Guanambi,curadoria_dicom,correta
2021-04-15,CULTURA E HISTÓRIA AFRO-BRASILEIRAS E FORMAÇÃO CONTINUADA NO IF BAIANO - CAMPUS URUÇUCA,Revista de Extensão Trilhas,https://news.google.com/rss/articles/CBMigAFBVV95cUxOQnlQYWlHMzFoYmJtSG5hTjBwWVlGcHZ5N0I1TEhyQUptSGdRWDE3RVdoRVE1MGk3WTFPU1lvXzdLLVY0d0RHd1d4YlhrcGpEQnVkVlJWM1pGVFZILTJ3TGl2Q2s5NEhIUjN2U0hCbHlUV19nOS0ybDc4a0ZxY0RmWg?oc=5&hl=en-US&gl=US&ceid=US:en,Institucional,Imprensa Local,Uruçuca,busca_automatica,correta
2021-04-14,Cicatrização de Feridas em Diabéticos (Catu),Ecoa / Uol,https://www.uol.com.br/ecoa/ultimas-noticias/2021/04/14/com-avo-diabetica-aluno-da-ba-cria-produto-de-latex-que-ajuda-cicatrizacao.htm,Institucional,Imprensa (Nacional),Catu,curadoria_dicom,correta
2021-04-11,Aplicativo polícia militar,Academia de Ciências da Bahia,http://cienciasbahia.org.br/vernoticias?id=974,Institucional,Imprensa Local,Geral / Não Especificado,curadoria_dicom,correta
2021-04-11,Aplicativo polícia militar,Secti,http://www.secti.ba.gov.br/2021/04/2010/Aplicativo-auxilia-policiais-militares-a-otimizarem-o-tempo-de-registro-de-ocorrencia.html,Institucional,Imprensa Local,Geral / Não Especificado,curadoria_dicom,correta
2021-04-07,Maratona Norte-Nordeste,Instituto Federal de Pernambuco,https://www.ifpe.edu.br/noticias/inscricoes-abertas-para-maratona-norte-nordeste-de-inovacao-on-line/view,Institucional,Outras Instituições de Ensino,Geral / Não Especificado,curadoria_dicom,correta
2021-04-05,Vagas IF Baiano Sisu,Correio\*,https://www.correio24horas.com.br/noticia/nid/bahia-tera-mais-de-136-mil-vagas-no-sisu-2021-saiba-o-que-esperar-da-selecao/,Gestão e RH,Imprensa Regional (Bahia),Geral / Não Especificado,curadoria_dicom,correta
2021-04-01,Vagas Guanambi IF Baiano,Agência Sertão,https://agenciasertao.com/2021/04/01/if-baiano-oferta-200-vagas-em-guanambi-pelo-sisu-e-nova-opcao-de-curso-superior/,Gestão e RH,Imprensa Local,Guanambi,curadoria_dicom,correta
2021-03-29,Patente para método inovador para extrair amido  da pupunha,Conif,https://portal.conif.org.br/br/component/content/article/162-rede-federal/4145-if-baiano-conquista-sua-primeira-patente-com-metodo-inovador-para-extrair-amido-da-pupunha?Itemid=609,Pesquisa,Governamental,Geral / Não Especificado,curadoria_dicom,correta
2021-03-29,IF Baiano fortalece cadeia de valor do cacau-chocolate na Bahia,Conif,https://portal.conif.org.br/br/component/content/article/162-rede-federal/4146-dia-do-cacau-if-baiano-fortalece-cadeia-de-valor-do-cacau-chocolate-na-bahia?Itemid=609,Institucional,Governamental,Geral / Não Especificado,curadoria_dicom,correta
2021-03-28,Patente para método inovador para extrair amido  da pupunha,Academia de Ciências da Bahia,http://www.cienciasbahia.org.br/vernoticias.php?id=959,Pesquisa,Imprensa Local,Geral / Não Especificado,curadoria_dicom,correta
2021-03-25,Patente para método inovador para extrair amido  da pupunha,Ilhéus.net,https://www.ilheus.net/2021/03/if-baiano-conquista-sua-primeira-patente-com-metodo-inovador-para-extrair-amido-da-pupunha.html,Pesquisa,Imprensa Local,Geral / Não Especificado,curadoria_dicom,correta
2021-03-24,IFBaiano obtém a carta-patente da extração de amido da pupunheira,Blog do Mário,http://www.mariobittencourt.com.br/ifbaiano-obtem-a-carta-patente-da-extracao-de-amido-da-pupunheira/,Pesquisa,Imprensa Local,Geral / Não Especificado,curadoria_dicom,correta
2021-03-24,Vagas Eng. Agronômica em Bom Jesus da Lapa e Teixeira de Freitas,Agência Sertão,https://agenciasertao.com/2021/03/24/if-baiano-tem-vagas-no-curso-de-engenharia-agronomica-em-bom-jesus-da-lapa-e-teixeira-de-freitas/,Gestão e RH,Imprensa Local,Bom Jesus da Lapa,curadoria_dicom,correta
2021-03-24,IF Baiano tem vagas no curso de Engenharia Agronômica em Bom Jesus da Lapa e Teixeira de Freitas,Agência Sertão,https://news.google.com/rss/articles/CBMizwFBVV95cUxPa0E2cXJlZVYtM3hUMG9WYjFSM000ODhXNmRLdmVjRnZkWHBnQ3lzbWdIV3JwT2o4OGVVczI5WlgyYjB3WG1sUjNkaG1zODVndGFuZHRtT21GcXpkbkEzOUEtaGFJNUt6V0xsaHZXWFoweTlRa3NsV1RvNGMwUHpRcEE5REZBSHBLcjVxN3VEWG5Ua3g0SkhhUHJBWXlKSnQ3NTZMdmFrU1MzckQ5UFhNNTJFY0puVjJ4YW8zRmZhWEZreGxsMXhibDlXdXEzb3PSAc8BQVVfeXFMT2tBNnFyZWVWLTN4VDBvVmIxUjNNNDg4VzZkS3ZlY0Z2ZFhwZ0N5c21nSFdycE9qODhlVXMyOVpYMmIwd1htbFIzZGhtczg1Z3RhbmR0bU9tRnF6ZG5BMzlBLWhhSTVLeldMbGh2V1haMHk5UWtzbFdUbzRjMFB6UXBBOURGQUhwS3I1cTd1RFhuVGt4NEpIYVByQVl5Skp0NzU2THZha1NTM3JEOVBYTTUyRWNKblYyeGFvM0ZmYVhGa3hsbDF4Ymw5V3VxM29z?oc=5&hl=en-US&gl=US&ceid=US:en,Gestão e RH,Imprensa Local,Bom Jesus da Lapa,busca_automatica,correta
2021-03-24,Vagas de graduação em Engenharia AgronômicaCampusLapa,Notícias da Lapa,https://www.bomjesusdalapanoticias.com.br/bom-jesus-da-lapa/if-baiano-abre-14-vagas-de-graduacao-em-engenharia-agronomica-para-bom-jesus-da-lapa/,Gestão e RH,Imprensa Local,Bom Jesus da Lapa,curadoria_dicom,correta
2021-03-24,Patente para método inovador de extração de amido  da pupunha,Pimenta.Blog,https://www.pimenta.blog.br/2021/03/24/metodo-inovador-de-extracao-de-amido-da-pupunha-garante-1a-patente-do-if-baiano/,Pesquisa,Imprensa Local,Geral / Não Especificado,curadoria_dicom,correta
2021-03-23,MestradoProfissional de Produção Vegetal no Semiárido em Guanambi,Agência Sertão,https://agenciasertao.com/2021/03/23/mestrado-profissional-de-producao-vegetal-no-semiarido/,Institucional,Imprensa Local,Guanambi,curadoria_dicom,correta
2021-03-23,IF baiano divulga edital de renovação de matrícula do curso de Bacharelado em Engenharia Agronômica,SulBahiaNews,https://news.google.com/rss/articles/CBMizAFBVV95cUxPdmFZbkREdFJ6UXdYbWlna2ZpRkVfSkxNQjZsaVAxT3lUc1lKbUdjN2JYazJ2SVhld2Q5T0lYZmJGdEEyM2k5S1pOWHRiMzM1M0NuNWpZcEotenQyYUZFQWVOcmx2UFJOc1dCQkg4aWtvQ1NReGVOMjdxYkxmOFJmaEQxTlktTTVWbTVBN1puTW5BNXFoLThpOEhiZ3BRUGFISU9hZFVTOVpzYXFOazUwcDdwWm0xemNxdkhuNlctUXMzY3d0VUp0Y2xTQjA?oc=5&hl=en-US&gl=US&ceid=US:en,Gestão e RH,Imprensa Local,Geral / Não Especificado,busca_automatica,correta
2021-03-23,Renovação de Matrícula do curso de Engenharia Agronômica,Sul Bahia News,https://www.sulbahianews.com.br/if-baiano-divulga-edital-de-renovacao-de-matricula-do-curso-de-bacharelado-em-engenharia-agronomica/,Ensino,Imprensa Local,Geral / Não Especificado,curadoria_dicom,correta
2021-03-18,Cicatrização de Feridas em Diabéticos (Catu),Academia de Ciências da Bahia,http://www.cienciasbahia.org.br/vernoticias?id=949,Institucional,Imprensa Local,Catu,curadoria_dicom,correta
2021-03-16,Cicatrização de Feridas em Diabéticos (Catu),SECTI,http://www.secti.ba.gov.br/2021/03/2000/Estudante-utiliza-arvore-da-mangaba-para-criar-substancia-que-auxilia-na-cicatrizacao-de-feridas-em-diabeticos.html,Institucional,Imprensa Local,Catu,curadoria_dicom,correta
2021-03-15,Cicatrização de Feridas em Diabéticos (Catu),Bahia Notícias,https://www.bahianoticias.com.br/municipios/noticia/24828-catu-pesquisa-de-if-baiano-usa-arvore-de-mangaba-para-sarar-feridas-de-diabeticos.html?tw,Institucional,Imprensa Regional (Bahia),Catu,curadoria_dicom,correta
2021-03-10,Novo curso de graduação em Guanambi,Agência Sertão,https://agenciasertao.com/2021/03/10/if-baiano-vai-ofertar-novo-curso-superior-em-guanambi/,Ensino,Imprensa Local,Guanambi,curadoria_dicom,correta
2021-03-09,Livro Cultura da Banana (Guanambi),Agência Sertão,https://agenciasertao.com/2021/03/09/livro-sobre-cultivo-da-bananeira-sera-lancado-pela-epamig-if-baiano-e-ufv/,Institucional,Imprensa Local,Guanambi,curadoria_dicom,correta
2021-03-08,Curso de Produção Orgânica,Agência Sertão,https://agenciasertao.com/2021/03/08/curso-de-producao-organica/,Ensino,Imprensa Local,Geral / Não Especificado,curadoria_dicom,correta
2021-03-05,Vagas Sisu,FDR,https://fdr.com.br/2021/03/05/calendario-sisu-2021-quando-comecam-as-inscricoes/,Gestão e RH,Imprensa Local,Geral / Não Especificado,curadoria_dicom,correta
2021-02-16,Processo Seletivo,Agência Sertão,https://agenciasertao.com/2021/02/16/processo-seletivo-do-if-baiano-sera-iniciado-em-maio/,Gestão e RH,Imprensa Local,Geral / Não Especificado,curadoria_dicom,correta
2021-02-16,Processo Seletivo do IF Baiano será iniciado em maio,Agência Sertão,https://news.google.com/rss/articles/CBMilAFBVV95cUxNV2d0UExEVDg3Y1lwd1VCaU9GSFlDekhrY045RUlsNVExcndfQXlrbk15WkRqN2J4aDNDNldZRmRuYnZDTGdxRjhXLVp3VWZ0Z1NTNnBfNlUzaEpwQWZtZy1rOHJOc3o3NjdDNUVwbWotMTJfR0lsVldIeklNbHBpejBkSHg5aUo5UXhTaF9xVVhTTDJS0gGUAUFVX3lxTE1XZ3RQTERUODdjWXB3VUJpT0ZIWUN6SGtjTjlFSWw1UTFyd19BeWtuTXlaRGo3YnhoM0M2V1lGZG5idkNMZ3FGOFctWndVZnRnU1M2cF82VTNoSnBBZm1nLWs4ck5zejc2N0M1RXBtai0xMl9HSWxWV0h6SU1scGl6MGRIeDlpSjlReFNoX3FVWFNMMlI?oc=5&hl=en-US&gl=US&ceid=US:en,Gestão e RH,Imprensa Local,Geral / Não Especificado,busca_automatica,correta
2021-02-14,Sisu 2021,FDR - Terra,https://fdr.com.br/2021/02/14/sisu-2021-tudo-que-voce-precisa-saber-para-estudar-nas-universidades-publicas/,Ensino,Imprensa (Nacional),Geral / Não Especificado,curadoria_dicom,correta
2021-02-13,Vagas Sisu 2021,InfoSaj,https://infosaj.com.br/ufba-oferta-mais-de-6-mil-vagas-pelo-sisu-em-2021-veja-vagas-em-outras-universidades-baianas/,Gestão e RH,Imprensa Local,Geral / Não Especificado,curadoria_dicom,correta
2021-02-12,Sisu 2021,Bahia.ba,https://bahia.ba/bahia/universidades-baianas-ofertam-mais-de-12-mil-vagas-pelo-sisu-2021/,Ensino,Imprensa Regional (Bahia),Geral / Não Especificado,curadoria_dicom,correta
2021-02-12,Vagas_Sisu_Federais,Correio,https://www.correio24horas.com.br/noticia/nid/ufba-oferta-mais-de-6-mil-vagas-para-o-sisu-em-2021/,Gestão e RH,Imprensa Regional (Bahia),Geral / Não Especificado,curadoria_dicom,correta
2021-02-11,Professor do IF Baiano é contemplado em chamada do CNPq de Produtividade em Pesquisa,Agência Sertão,https://news.google.com/rss/articles/CBMivwFBVV95cUxQRnA5akxTcjFaQWozUzhfdEkxaHR0TU1HeHRPOEpIM0hiTkF1QWlEU0RmODZpVGN5MFJCSEE4V2pjM3pNMU5RdTJzWDZHdV95UE1RTktYSDVHSlc2R2JDdjRKb2RkcHpVUHFRbHhzZnNfLXg3VGhLbVI3QUh2cWtkb1NianpTelNFU3dZNTR6UmtJUm5QUTNwMWpfenBvaENCOGlmUnlTczlwdnVuWTBsWHAwZUJUbU1xbVV1dVVfQdIBvwFBVV95cUxQRnA5akxTcjFaQWozUzhfdEkxaHR0TU1HeHRPOEpIM0hiTkF1QWlEU0RmODZpVGN5MFJCSEE4V2pjM3pNMU5RdTJzWDZHdV95UE1RTktYSDVHSlc2R2JDdjRKb2RkcHpVUHFRbHhzZnNfLXg3VGhLbVI3QUh2cWtkb1NianpTelNFU3dZNTR6UmtJUm5QUTNwMWpfenBvaENCOGlmUnlTczlwdnVuWTBsWHAwZUJUbU1xbVV1dVVfQQ?oc=5&hl=en-US&gl=US&ceid=US:en,Gestão e RH,Imprensa Local,Geral / Não Especificado,busca_automatica,correta
2021-02-08,Retorno presencial,Correio da Bahia,https://www.correio24horas.com.br/noticia/nid/aulas-presenciais-serao-retomadas-no-if-baiano-no-dia-7-de-marco/,Institucional,Imprensa Regional (Bahia),Geral / Não Especificado,curadoria_dicom,correta
2021-02-06,Projeto de ex-aluno aprovado na categoria Inovação da Fapesb,G1,https://g1.globo.com/ba/bahia/noticia/2021/02/06/baiano-autodidata-e-aprovado-em-edital-de-inovacao-ao-criar-sorvete-de-fruta-tipica-do-nordeste-sem-acucar-e-sem-lactose.ghtml,Ensino,Imprensa (Nacional),Geral / Não Especificado,curadoria_dicom,correta
2021-02-03,Livro “Banana: do plantio à colheita”,Agrolink,https://www.agrolink.com.br/noticias/mg--epamig-publica-livro-sobre-cultivo-de-banana_445584.html,Institucional,Especializados (Nichos),Geral / Não Especificado,curadoria_dicom,correta
2021-01-13,Aplicativo para 17° BPM - Campus Guanambi,Conif,https://portal.conif.org.br/br/component/content/article/162-rede-federal/4032-if-baiano-desenvolve-app-de-registro-de-ocorrencias-em-parceria-com-a-pm?Itemid=609,Institucional,Governamental,Guanambi,curadoria_dicom,correta
2021-01-11,Aplicativo para 17° BPM - Campus Guanambi,O Tabuleiro,"https://www.otabuleiro.com.br/blog/if-baiano-desenvolve-app-que-otimiza-trabalho-da-pm-na-regiao-sudoeste#:~:text=O%20projeto%20surgiu%20a%20partir,3%20de%20setembro%20de%202020.",Institucional,Imprensa Local,Guanambi,curadoria_dicom,correta
2021-01-10,Aplicativo para 17° BPM - Campus Guanambi,Blog do Latinha,http://blogdolatinha.blogspot.com/2021/01/a-tarde-tempo-presente-if-baiano-campus.html,Institucional,Imprensa Local,Guanambi,curadoria_dicom,correta
2021-01-10,Aplicativo para 17° BPM - Campus Guanambi,A Tarde,https://atarde.uol.com.br/coluna/tempopresente/2153357-teleorientacao-sobre-covid-atende-milhares-de-pessoas-premium,Institucional,Imprensa Regional (Bahia),Guanambi,curadoria_dicom,correta
2021-01-06,Aplicativo para 17° BPM - Campus Guanambi,Agência Sertão,https://agenciasertao.com/2021/01/06/if-baiano-entrega-aplicativo-de-registro-de-ocorrencias-para-policia-militar-de-guanambi/,Institucional,Imprensa Local,Guanambi,curadoria_dicom,correta
2021-01-06,Aplicativo para 17° BPM - Campus Guanambi,Folha do Vale,https://folhadovale.net/if-baiano-entrega-aplicativo-de-registro-de-ocorrencias-para-o-17o-bpm-de-guanambi.html,Institucional,Imprensa (Nacional),Guanambi,curadoria_dicom,correta
2021-01-06,IF Baiano Uruçuca lança plataforma You Chocolatier,Site Cacau e Chocolate,https://www.cacauechocolate.com.br/v1/2021/01/06/if-baiano-urucuca-lanca-plataforma-you-chocolatier/,Institucional,Imprensa Local,Uruçuca,curadoria_dicom,correta
2021-01-01,IF Mais Empreendedor,Itapetinga News,https://itapetinganews.com/inicio/if-baiano-auxilia-empreendedores-a-potencializar-negocios-afetados-pela-pandemia/,Institucional,Imprensa Local,Itapetinga,curadoria_dicom,correta
2021-01-01,Aulas presenciais,midiabahia.com.br,https://midiabahia.com.br/estudantes-do-if-baiano-campus-santa-ines-se-mobilizam-por-aulas-presenciais/,Ensino,Imprensa Local,Geral / Não Especificado,curadoria_dicom,correta
2021-01-01,Simpósio,bomjesusdalapanoticias.com.br,https://www.bomjesusdalapanoticias.com.br/bom-jesus-da-lapa/campus-do-if-baiano-de-bom-jesus-da-lapa-realiza-o-ii-simposio-de-ensino-pesquisa-e-extensao/,Institucional,Imprensa Local,Geral / Não Especificado,curadoria_dicom,correta
2021-01-01,Apoio enchentes Bahia,Portal IFRR,https://www.ifrr.edu.br/reitoria/nota-de-solidariedade-as-vitimas-da-enchente-no-sul-e-sudoeste-baiano,Institucional,Imprensa Local,Geral / Não Especificado,curadoria_dicom,correta
2020-12-11,2º lugar na proposta biblioteca criativa,Recode,https://recode.org.br/bibliotecas-mostram-criatividade-durante-a-pandemia-em-desafio-da-recode/,Institucional,Imprensa Local,Geral / Não Especificado,curadoria_dicom,correta
2020-11-30,Estudantes do Paraná tem projeto aprovado no IF Baiano,IF Paraná,https://assis.ifpr.edu.br/noticias/estudantes-do-curso-tecnico-em-eletromecanica-integrado-tem-projeto-aprovado-no-simposio-de-ensino-pesquisa-e-extensao-2020-do-if-baiano-campus-bom-jesus-da-lapa/,Ensino,Imprensa Local,Geral / Não Especificado,curadoria_dicom,correta
2020-11-23,Projeto para pessoas tetraplégicas acessarem o computador - Valença,Tudo Bahia,https://www.tudobahia.com.br/saude/2020/11/23/estudante-desenvolve-prototipo/,Extensão,Imprensa Local,Valença,curadoria_dicom,correta
2020-11-22,Projeto para pessoas tetraplégicas acessarem o computador - Valença,G1,https://g1.globo.com/ba/bahia/noticia/2020/11/22/estudante-desenvolve-prototipo-para-possibilitar-acesso-ao-computador-por-pessoas-com-tetraplegia.ghtml,Extensão,Imprensa (Nacional),Valença,curadoria_dicom,correta
2020-11-11,Projeto para pessoas tetraplégicas acessarem o computador - Valença,Metrópoles,https://www.metropoles.com/brasil/prototipo-de-estudante-permite-que-pessoas-tetraplegicas-acessem-computador,Extensão,Imprensa (Nacional),Valença,curadoria_dicom,correta
2020-11-10,Programação do IF Baiano para Dia da Consciência Negra,Diga Bahia,https://www.digabahia.com.br/confira-a-programacao-do-if-baiano-no-mes-da-consciencia-negra/,Pesquisa,Imprensa Local,Geral / Não Especificado,curadoria_dicom,correta
2020-11-10,I Simpósio de Internacionalização do IF Baiano,UEPG \- Universidade Estadual de Ponta Grossa,https://www2.uepg.br/eri/professora-da-uepg-discute-internacionalizacao-no-if-baiano/,Institucional,Outras Instituições de Ensino,Geral / Não Especificado,curadoria_dicom,correta
2020-11-09,Estudantes do IF Baiano conquistam medalhas na OMIF 2020,Conif,https://portal.conif.org.br/br/component/content/article/162-rede-federal/3981-estudantes-do-if-baiano-conquistam-medalhas-na-omif-2020?Itemid=609,Ensino,Governamental,Geral / Não Especificado,curadoria_dicom,correta
2020-11-02,Ex-estudante do IF Baiano desenvolve projeto para tratamento do câncer de próstata,G1,https://g1.globo.com/ba/bahia/noticia/2020/11/02/na-alemanha-cientista-baiano-trabalha-no-desenvolvimento-de-tratamentos-para-cancer-de-prostata-area-desafiadora.ghtml,Ensino,Imprensa (Nacional),Geral / Não Especificado,curadoria_dicom,correta
2020-11-01,Vítima de acidente de moto em frente ao IF Baiano em Teixeira é identificada no IML,liberdadenews.com.br,https://news.google.com/rss/articles/CBMixAFBVV95cUxNZWhlakJ3Q1R1bzJkejE5em1PMDNxS3UyODNFS2FmY1BSdFY3QjlfdElRQ21CZWFEWHA1cWlONFJKTUxVdWlKUTNQS1F5YUFBYWQtRnBGUkFGUzR0WTZzNGRwX1ZndUtMaXJ0bTlydjhDNzN4OHBnVW5FMzJQQ0RIWnZ4MF9QelRGS1VhMEJYaFA3ODNXVXFfSUEzY2xPaEFYeUp2MW9fRktqR0VGRXYyOXJ3VDJ2RG5wUmtLbHE0NU5kMFRa?oc=5&hl=en-US&gl=US&ceid=US:en,Institucional,Imprensa Local,Teixeira de Freitas,busca_automatica,correta
2020-10-24,IV Semana Nacional de Ciência e Tecnologia - Campus Uruçuca,Portal A Tarde,https://atarde.uol.com.br/coluna/tempopresente/2143407-tribunais-promovem-semana-de-conciliacao,Pesquisa,Imprensa Regional (Bahia),Uruçuca,curadoria_dicom,correta
2020-10-23,Evento Internacional sobre games -,Conif,https://portal.conif.org.br/br/component/content/article/162-rede-federal/3884-grupo-comunidades-virtuais-do-if-baiano-realiza-evento-internacional-sobre-games?Itemid=609,Extensão,Governamental,Geral / Não Especificado,curadoria_dicom,correta
2020-10-09,Projeto aprovado na ABPN,Portal IFBA,https://portal.ifba.edu.br/noticias/2020/projeto-desenvolvido-por-pesquisadores-de-tres-campi-do-ifba-e-do-if-baiano-itaberaba-e-aprovado-em-edital-da-associacao-brasileira-de-pesquisadores-negros,Extensão,Outras Instituições de Ensino,Geral / Não Especificado,curadoria_dicom,correta
2020-10-03,Testes de resistência de bananas a doenças- Guanambi,Agência Sertão,https://agenciasertao.com/2020/10/03/epamig-e-if-baiano-campus-guanambi-testam-variedades-de-bananas-com-maior-resistencia-a-doencas/,Institucional,Imprensa Local,Guanambi,curadoria_dicom,correta
2020-09-22,Notas Altas no IDEB,Agência Sertão,https://agenciasertao.com/2020/09/22/ensino-medio-do-if-baiano-e-colegio-modelo-atingiram-avaliacoes-mais-altas-no-ideb-em-guanambi/,Institucional,Imprensa Local,Geral / Não Especificado,curadoria_dicom,correta
2020-09-22,Ensino Médio do IF Baiano e do Colégio Modelo atingiu avaliações mais altas no Ideb em Guanambi,Agência Sertão,https://news.google.com/rss/articles/CBMizAFBVV95cUxPMm0wYXVtbGNrYXFPVzJTT2RqSDV5cXJ4dXotenNsZFRXTlM1R0xlOFR0WFpuc2YyM2dOdmpNTTVTVWdZdU1lSDN4ODI0M2Rwa01laFA0b1ljREZfc1RiR2pPa2pKQVl5X1d4MmVXU0poeE1OQk1VTmpCakxRaTZHd0QtOFpOaGtKNENqNHA0M3RTYUkyN2o4NTZuVk4wcDlZRTIwalRSQlBMYUxRVGM2Q3pOM3dMcjduNjZMTzFfN2pwa3J6eWF3VDY5elnSAcwBQVVfeXFMTzJtMGF1bWxja2FxT1cyU09kakg1eXFyeHV6LXpzbGRUV05TNUdMZThUdFhabnNmMjNnTnZqTU01U1VnWXVNZUgzeDgyNDNkcGtNZWhQNG9ZY0RGX3NUYkdqT2tqSkFZeV9XeDJlV1NKaHhNTkJNVU5qQmpMUWk2R3dELThaTmhrSjRDajRwNDN0U2FJMjdqODU2blZOMHA5WUUyMGpUUkJQTGFMUVRjNkN6TjN3THI3bjY2TE8xXzdqcGtyenlhd1Q2OXpZ?oc=5&hl=en-US&gl=US&ceid=US:en,Ensino,Imprensa Local,Guanambi,busca_automatica,correta
2020-09-20,Recuperação de animais,Agência Sertão,https://agenciasertao.com/2020/09/20/operacao-desmonta-rinha-de-galos-e-prende-63-pessoas-na-regiao-de-paulo-afonso/,Institucional,Imprensa Local,Geral / Não Especificado,curadoria_dicom,correta
2020-09-08,Aplicativo para 17° BPM - Campus Guanambi,Vilson Nunes,https://vilsonnunes.com.br/guanambi-estudantes-do-if-baiano-desenvolvem-aplicativo-de-registro-de-ocorrencias-para-a-policia-militar/,Institucional,Imprensa Local,Guanambi,curadoria_dicom,correta
2020-09-04,Aplicativo de registro de ocorrências,Agência Sertão,https://agenciasertao.com/2020/09/04/estudantes-do-if-baiano-desenvolvem-aplicativo-de-registro-de-ocorrencias-para-a-policia-militar-em-guanambi/,Institucional,Imprensa Local,Geral / Não Especificado,curadoria_dicom,correta
2020-09-04,Aplicativo para 17° BPM - Campus Guanambi,Farol da Cidade,https://faroldacidade.com.br/noticias/abrir/Estudantes-do-IF-Baiano-desenvolvem-aplicativo-de-registro-de-ocorrencias-para-a-Policia-Militar-em-Guanambiabrir/1790/,Institucional,Imprensa Local,Guanambi,curadoria_dicom,correta
2020-09-04,Estudantes do IF Baiano desenvolvem aplicativo de registro de ocorrências para a Polícia Militar em Guanambi,Agência Sertão,https://news.google.com/rss/articles/CBMi3wFBVV95cUxQMURnbVVzSmZVVmFraEVGQ2lBWTl2cDQycnE0NV83dFltOEhNQS1pbDQ5bGFQSDJyaWdlX2pBanVxMHA3SDhsS1ZvNEZzZnVyenZrSjBqZVFpN3RST2J4bURTQWZ6UjcyUklxek1FLTdWdENDcXV4MzdFSHZmSmZFalFuUEFkSEkweDQ3TU56emtENG5FUUVlLUpGMWtEaGExd2pHSUdZQS1QYlFZN3pYNEd4dGdubUwyc3d5VHVTX1otUVVhNy1vVEQ5dHRFMUsybEZKclNUR0p5X1Nmc0Fz0gHfAUFVX3lxTFAxRGdtVXNKZlVWYWtoRUZDaUFZOXZwNDJycTQ1Xzd0WW04SE1BLWlsNDlsYVBIMnJpZ2VfakFqdXEwcDdIOGxLVm80RnNmdXJ6dmtKMGplUWk3dFJPYnhtRFNBZnpSNzJSSXF6TUUtN1Z0Q0NxdXgzN0VIdmZKZkVqUW5QQWRISTB4NDdNTnp6a0Q0bkVRRWUtSkYxa0RoYTF3akdJR1lBLVBiUVk3elg0R3h0Z25tTDJzd3lUdVNfWi1RVWE3LW9URDl0dEUxSzJsRkpyU1RHSnlfU2ZzQXM?oc=5&hl=en-US&gl=US&ceid=US:en,Ensino,Imprensa Local,Guanambi,busca_automatica,correta
2020-08-20,Previsão de cortes nas universidades e institutos federais,G1,https://g1.globo.com/ba/bahia/noticia/2020/08/20/universidades-baianas-preveem-corte-de-r-72-milhoes-nas-verbas-com-projeto-de-lei-orcamentaria-de-2021.ghtml,Pesquisa,Imprensa (Nacional),Geral / Não Especificado,curadoria_dicom,correta
2020-08-19,Distribuição de Álcool em gel em Guanambi,Agência Sertão,https://agenciasertao.com/2020/08/19/projeto-do-if-baiano-leva-alcool-70oc-para-profissionais-de-saude-e-seguranca/,Institucional,Imprensa Local,Guanambi,curadoria_dicom,correta
2020-08-14,Corte de verbas institutos e universidades federais,FM News,https://fmnews.com.br/2020/08/14/corte-de-verba-de-universidades-e-institutos-federais-da-ba-para-2021-sera-de-r-725-milhoes-diz-ufba/,Pesquisa,Imprensa Local,Geral / Não Especificado,curadoria_dicom,correta
2020-08-13,Corte de verbas institutos e universidades federais,Bahia.Ba,https://bahia.ba/bahia/instituicoes-federais-devem-perder-r-725-milhoes-com-cortes-de-verba-aponta-a-ufba/,Pesquisa,Imprensa Regional (Bahia),Geral / Não Especificado,curadoria_dicom,correta
2020-08-13,Corte de verbas institutos e universidades federais,G1,https://g1.globo.com/ba/bahia/noticia/2020/08/13/corte-de-verba-de-universidades-e-institutos-federais-da-ba-para-2021-sera-de-r-725-milhoes-diz-ufba.ghtml,Pesquisa,Imprensa (Nacional),Geral / Não Especificado,curadoria_dicom,correta
2020-08-11,Seminário virtual REAFRO CONECTA – Baixo Sul,Tv Prefeito - Valença,https://tvprefeito.com/if-baiano-campus-valenca-promove-seminario-virtual-reafro-conecta-baixo-sul-territorio-educacao-e-identidades/,Extensão,Imprensa Local,Valença,curadoria_dicom,correta
2020-08-06,Aulas remotas para nível médio,Bahia Notícias,https://www.bahianoticias.com.br/noticia/251432-ifba-e-if-baiano-decidem-neste-mes-sobre-oferta-de-aulas-remotas-para-nivel-medio.html,Ensino,Imprensa Regional (Bahia),Geral / Não Especificado,curadoria_dicom,correta
2020-08-05,Seminário de Linguagens do IF Baiano (I SELIF),UFSBA Universidade Federal do Sul da Bahia,https://www.ufsba.ufba.br/extensao/noticias/2543-i-seminario-de-linguagens-do-if-baiano-i-selif,Extensão,Outras Instituições de Ensino,Geral / Não Especificado,curadoria_dicom,correta
2020-08-04,Plataforma de atendimento a surdos,Sistema RNP,https://www.rnp.br/noticias/if-baiano-cria-plataforma-que-melhora-o-atendimento-pacientes-surdos,Institucional,Imprensa Local,Geral / Não Especificado,curadoria_dicom,correta
2020-07-29,I Seminário de Linguagens do IF Baiano,Plataforma 9,https://plataforma9.com/congressos/i-seminario-de-linguagens-do-ifbaiano,Extensão,Imprensa Local,Geral / Não Especificado,curadoria_dicom,correta
2020-07-21,Seminário de Agroecologia e produção orgânica,Agência Sertão,https://agenciasertao.com/2020/07/21/if-baiano-realiza-seminario-de-agroecologia-e-producao-organica-a-partir-desta-quarta-feira/,Extensão,Imprensa Local,Geral / Não Especificado,curadoria_dicom,correta
2020-07-15,Ordem de serviço de ampliação do refeitório do IF Baiano,IGuanambi,https://iguanambi.com.br/diretor-do-if-baiano-assina-ordem-de-servico-para-ampliacao-e-reforma-do-refeitorio/,Institucional,Imprensa Local,Geral / Não Especificado,curadoria_dicom,correta
2020-07-08,Trabalho de pesquisa divulgado - Campus Catu,Fapesb,http://www.fapesb.ba.gov.br/serie-bahia-faz-ciencia-comemora-um-ano-de-apoio-a-divulgacao-cientifica/,Pesquisa,Imprensa Local,Catu,curadoria_dicom,correta
2020-07-07,Vagas Engenharia Agronômica pelo Sisu,Notícias da Lapa,https://www.bomjesusdalapanoticias.com.br/bom-jesus-da-lapa/campus-do-if-baiano-de-bom-jesus-da-lapa-abre-40-vagas-para-o-curso-de-bacharelado-em-engenharia-agronomica-via-sisu/,Gestão e RH,Imprensa Local,Geral / Não Especificado,curadoria_dicom,correta
2020-06-29,Vagas para curso de libras,Agência Sertão,https://agenciasertao.com/2020/06/29/if-baiano-inscreve-ate-terca-feira-para-600-vagas-de-cursos-gratuitos-de-libras-ead/,Gestão e RH,Imprensa Local,Geral / Não Especificado,curadoria_dicom,correta
2020-06-29,IF Baiano inscreve até terça-feira para 600 vagas de cursos gratuitos de Libras EaD,Agência Sertão,https://news.google.com/rss/articles/CBMivgFBVV95cUxPLXI1cTgweUpXSDhNSlhSUkVKZmx5RUdla2Y3cFR0QmZPcWRpalZILWYtNFNfVEczUFJJNHkwYzhLU2ZGaFJ0S2VWV0hGdmVlU2RlQV84TDViRU5INTVwZlg2emVneDM3Zms0YjBuWTRQaGlYbWtqdVZlSzBiSDNqVGZlQzhDeFVIbVZfZzhtMGFfU3IzYzY0TTdpMTI2c2VsVkY4NWgxQVQ1aDFmZXRrR3QwaDVoQmpKRXdudk5B0gG-AUFVX3lxTE8tcjVxODB5SldIOE1KWFJSRUpmbHlFR2VrZjdwVHRCZk9xZGlqVkgtZi00U19URzNQUkk0eTBjOEtTZkZoUnRLZVZXSEZ2ZWVTZGVBXzhMNWJFTkg1NXBmWDZ6ZWd4MzdmazRiMG5ZNFBoaVhta2p1VmVLMGJIM2pUZmVDOEN4VUhtVl9nOG0wYV9TcjNjNjRNN2kxMjZzZWxWRjg1aDFBVDVoMWZldGtHdDBoNWhCakpFd252TkE?oc=5&hl=en-US&gl=US&ceid=US:en,Gestão e RH,Imprensa Local,Geral / Não Especificado,busca_automatica,correta
2020-06-20,Curso - Programa Novos Caminhos,InfoEscola,https://www.infoescola.com/noticias/ifac-e-if-baiano-oferecem-cursos-de-qualificacao-por-meio-do-programa-novos-caminho/,Ensino,Imprensa Local,Geral / Não Especificado,curadoria_dicom,correta
2020-06-19,Vagas para curso de Libras,Blog do Vestibular,https://www.blogdovestibular.com/noticias/programa-novos-caminhos-1350-vagas-ifce-e-ifbaiano.html,Gestão e RH,Especializados (Nichos),Geral / Não Especificado,curadoria_dicom,correta
2020-06-19,Vagas para curso de Libras,Ministério da Educação,https://www.gov.br/mec/pt-br/assuntos/noticias/programa-oferece-mais-1-350-vagas-em-cursos-de-qualificacao-profissional-a-distancia,Gestão e RH,Governamental,Geral / Não Especificado,curadoria_dicom,correta
2020-06-15,Mulheres na Ciência,Bahia Online,http://www.jornalbahiaonline.com.br/noticia/39252/Mulheres-cientistas-estudam-m%C3%A9todo-alternativo-para-detectar-Coronav%C3%ADrus-na-Ba.html,Pesquisa,Imprensa Local,Geral / Não Especificado,curadoria_dicom,correta
2020-06-15,Mulheres estuda método de identificar corona,Secti,http://www.secti.ba.gov.br/2020/06/1889/Mulheres-cientistas-estudam-metodo-alternativo-para-detectar-Coronavirus-na-Bahia.html,Institucional,Imprensa Local,Geral / Não Especificado,curadoria_dicom,correta
2020-06-15,Seminário de Agroecologia,IGuanambi,https://iguanambi.com.br/if-baiano-sediara-o-iv-seminario-de-agroecologia-e-producao-organica-do-territorio-sertao-produtivo/,Extensão,Imprensa Local,Geral / Não Especificado,curadoria_dicom,correta
2020-06-08,Câmeras de Higienização - Campus Catu,Atualiza Bahia,http://www.atualizabahia.com.br/pesquisadores-da-area-de-robotica-criam-camaras-de-higienizacao-para-a-covid-19-na-bahia/#.XuE91UVKjIU,Institucional,Imprensa Local,Catu,curadoria_dicom,correta
2020-06-08,Câmeras de Higienização - Campus Catu,Jornal Correio,https://www.correio24horas.com.br/noticia/nid/pesquisadores-criam-camaras-de-higienizacao-para-a-covid-19-na-bahia/,Institucional,Imprensa Regional (Bahia),Catu,curadoria_dicom,correta
2020-06-03,Plataforma de combate à Covid-19 para surdos,CONFAP,https://confap.org.br/news/pesquisador-cria-plataforma-de-combate-ao-coronavirus-voltada-para-pessoas-surdas-na-bahia/,Institucional,Imprensa Local,Geral / Não Especificado,curadoria_dicom,correta
2020-06-01,Plataforma de combate à Covid-19 para surdos,Atualiza Bahia,http://www.atualizabahia.com.br/pesquisador-cria-plataforma-de-combate-ao-coronavirus-voltada-para-pessoas-surdas-na-bahia/#.XuE6yUVKjIU,Institucional,Imprensa Local,Geral / Não Especificado,curadoria_dicom,correta
2020-06-01,Plataforma de combate à Covid-19 para surdos,Agência Sertão,https://agenciasertao.com/2020/06/01/pesquisador-cria-plataforma-de-combate-a-covid-19-para-pessoas-surdas-na-bahia/,Institucional,Imprensa Local,Geral / Não Especificado,curadoria_dicom,correta
2020-05-25,Agência Sertão,agenciasertao.com,https://agenciasertao.com/2020/05/25/if-baiano-promovera-debate-online-sobre-questoes-ambientais-em-meio-a-pandemia/,Institucional,Imprensa Local,Guanambi,curadoria_dicom,correta
2020-05-19,Projetos aprovados no Conif,Jornal A Tarde,http://atarde.uol.com.br/tempopresente/noticias/2127814-agrobr-tenta-retomar-negocios-com-a-china-premium,Extensão,Imprensa Regional (Bahia),Geral / Não Especificado,curadoria_dicom,correta
2020-05-18,Professora Jeane Saskya (CCS/UFRB) participa de Live no Instagram do IFBaiano (@ifbaiano),UFRB – Universidade Federal do Recôncavo da Bahia,https://news.google.com/rss/articles/CBMiwwFBVV95cUxQRnBhLXBDdnJBQ3ZrR0gwMGhDUmpyNVN3ejBLZjhTU0hhT2dvM2VlZDZQc2Y2QkY2ZnhwRklfdmpSMUd0bXpMRTZhYVBMYzdfWHBjaHBfZU5uZnBMVlpJVmg5bDhzMkp6M01KVFV3cGhzSlhmYUhTdjV0Ujl5RnYzRlVaR3Vvb2FNUzhiZW41bVBNZnNGdXl1YTdtLWEtXzBtYjlaeURKRmJucDc0WVQxNGI2VnRPRzNLQktBT3hTZjFSQms?oc=5&hl=en-US&gl=US&ceid=US:en,Gestão e RH,Outras Instituições de Ensino,Geral / Não Especificado,busca_automatica,correta
2020-05-08,Produção de kits e sabão no Campus Santa Inês,Ministério da Educação,http://portal.mec.gov.br/component/content/index.php?option=com_content&view=article&id=88841:instituto-federal-baiano-produz-sabao-liquido-e-kits-de-protecao-para-doacao&catid=12&Itemid=86,Institucional,Governamental,Santa Inês,curadoria_dicom,correta
2020-05-05,Monitoramento de Casos da Covid,Ministério da Educação,http://portal.mec.gov.br/component/content/index.php?option=com_content&view=article&id=89341:instituto-federal-baiano-divulga-mapeamento-diario-de-casos-de-coronavirus&catid=12&Itemid=86,Institucional,Governamental,Geral / Não Especificado,curadoria_dicom,correta
2020-05-02,Ações em parceria com a UEBS,Jornal A Tarde,http://atarde.uol.com.br/portalmunicipios/municipios/noticias/2126517-uesb-lidera-rede-de-combate-ao-coronavirus-no-interior-baiano,Institucional,Imprensa Regional (Bahia),Geral / Não Especificado,curadoria_dicom,correta
2020-04-28,Monitoramento de Casos da Covid pelo Campus Santa Inês,Blog Criativa,https://criativaonline.com.br/grupo-de-estudos-divulga-mapeamento-diario-de-casos-de-covid-19-na-bahia/,Institucional,Imprensa Local,Santa Inês,curadoria_dicom,correta
2020-04-23,Campanha Costura Solidária - Santa Inês,Rede Globo,https://redeglobo.globo.com/redebahia/umaredeportodos/noticia/campanha-costura-solidaria-doa-mascaras-para-moradores-de-ubaira-e-santa-ines.ghtml,Institucional,Imprensa (Nacional),Santa Inês,curadoria_dicom,correta
2020-04-22,Produção de sabão em Santa Inês,Conif,http://portal.conif.org.br/br/component/content/article/162-rede-federal/3394-if-baiano-produz-sabao-liquido-e-kits-de-protecao-para-doar-a-comunidade?Itemid=609,Institucional,Governamental,Santa Inês,curadoria_dicom,correta
2020-04-18,Premiados na Febrace 2020,Academia de Ciências da Bahia,http://cienciasbahia.org.br/vernoticias?id=644,Institucional,Imprensa Local,Geral / Não Especificado,curadoria_dicom,correta
2020-04-18,Edital apoio a projetos - coronavírus,iGuanambi,https://iguanambi.com.br/if-baiano-lanca-edital-para-incentivar-projetos-de-pesquisa-e-extensao-relacionados-a-prevencao-e-ao-combate-do-coronavirus/,Gestão e RH,Imprensa Local,Geral / Não Especificado,curadoria_dicom,correta
2020-04-17,Carta aberta IF Baiano Itaberaba,Chapada Notícias,https://chapadanoticias.com.br/educacao/carta-aberta-da-comunidade-do-if-baiano-campus-itaberaba/,Institucional,Imprensa Local,Itaberaba,curadoria_dicom,correta
2020-04-03,Entrega de Álcool em gel,Agência Sertão,https://agenciasertao.com/2020/04/03/if-baiano-entrega-alcool-70o-para-servicos-de-saude-em-guanambi-e-pindai/,Institucional,Imprensa Local,Geral / Não Especificado,curadoria_dicom,correta
2020-03-31,Suspensão de aulas,Portal PNE,https://portalpne.com/enem/covid-19-acompanhe-a-situacao-real-de-cada-estado-sobre-a-suspensao-das-aulas/,Ensino,Imprensa Local,Geral / Não Especificado,curadoria_dicom,correta
2020-03-30,Professores confeccionam máscaras,Conif,http://portal.conif.org.br/br/component/content/article/162-rede-federal/3343-coronavirus-servidores-do-if-baiano-colaboram-com-confeccao-de-mascaras-de-epi-em-guanambi-ba?Itemid=609,Gestão e RH,Governamental,Geral / Não Especificado,curadoria_dicom,correta
2020-03-26,Professores confeccionam máscaras,Agência Sertão,https://agenciasertao.com/2020/03/26/professores-e-profissionais-de-saude-confeccionam-mascaras-para-doacao-em-guanambi/,Gestão e RH,Imprensa Local,Geral / Não Especificado,curadoria_dicom,correta
2020-03-20,Controlador carrapaticida,"Secretaria da Ciência, Tecnologia, e Inovação do Estado",http://www.secti.ba.gov.br/2020/03/1858/Estudante-baiana-utiliza-plantas-para-criar-produto-capaz-de-controlar-carrapatos.html,Institucional,Governamental,Geral / Não Especificado,curadoria_dicom,correta
2020-03-16,Suspensão de aulas em Santa Inês,Blog Criativa,https://criativaonline.com.br/if-baiano-campus-de-santa-ines-suspende-aulas-por-causa-do-coronavirus/,Ensino,Imprensa Local,Santa Inês,curadoria_dicom,correta
2020-03-16,"Em meio à coronavírus, IF Baiano Campus de Santa Inês suspende aulas",Mídia Bahia,https://news.google.com/rss/articles/CBMimgFBVV95cUxOZTdjZ1JCSzZyRW5LUW50UEROUm9UUEJDNHR2eTc1VDdINmdkNVFlMTRyaDhZUU1oQkRNT2FWcFZFVkZPVDJsSURnYzc3YUVGdU44ZlgwNnN5UGQwTGZqZHMyblphbWpSUVpLWXAzaEV3TjZPRnByVnZ5cWI2Wm8xYVhqcVUtemZoN1U1cVFDbEpyQVQ0NGxXZGF3?oc=5&hl=en-US&gl=US&ceid=US:en,Ensino,Imprensa Local,Santa Inês,busca_automatica,correta
2020-03-15,Estratégias para Bananicultura,Agência Sertão,https://agenciasertao.com/2020/03/15/if-baiano-difunde-estrategias-de-cultivo-para-bananicultores-em-ceraima/,Institucional,Imprensa Local,Geral / Não Especificado,curadoria_dicom,correta
2020-03-15,Suspensão de Aulas em Itaberaba,Chapada Notícias,https://chapadanoticias.com.br/educacao/if-baiano-campus-itaberaba-suspende-aulas-devido-a-pandemia-do-covid-19/,Ensino,Imprensa Local,Itaberaba,curadoria_dicom,correta
2020-03-13,Suspensão das aulas,Agência Sertão,https://agenciasertao.com/2020/03/13/if-baiano-decide-suspender-atividades-academicas-e-administrativas-de-14-a-20-de-marco/,Ensino,Imprensa Local,Geral / Não Especificado,curadoria_dicom,correta
2020-02-07,Campus do IF Baiano do Bom Jesus da Lapa inicia atividades letivas com o ingresso de 197 novos estudantes,Notícias de Bom Jesus da Lapa,https://news.google.com/rss/articles/CBMi7gFBVV95cUxPNVI1Z0g2aDlxcUNRMmtKdHdpTGNVdlFkbThjLXZvUzVuVlA3bW9NQ1ZTZ2V3YnBaNk9XbDA1NWlhd0FnRFVUU2c2ZXpSUlJob1BxM0MyWlpPS2JUTjRrbFc3b2x3OTdFc1JVaUVVeF82NWRGWlBLbjdWWVZveXhFeFN0MXJaTjBHRW9fd0ozLUhyaGpyS2ZRUm9fMl9Dd1JqTFJXRUk5LS1uYkdCczVIejJpQldwUk1aQXUwd255bzNLMEo1LXlUYkFTNk1VaTV2Qmd3TXdtNlEtTUdXSEhtb3RlOHRxOE1HZ1BFNW5n?oc=5&hl=en-US&gl=US&ceid=US:en,Ensino,Imprensa Local,Bom Jesus da Lapa,busca_automatica,correta
2020-01-27,Chapada: Estudantes da Escola Municipal Novo Tempo em Itaberaba são aprovados no IF Baiano; confira relação,Jornal da Chapada,https://news.google.com/rss/articles/CBMi4gFBVV95cUxNREJlalBtdUt6Z2g2bjRzVktQMjNPWWY5aEFxTk93aGR3U2FaWUEyLTdHM0gxUklvOEd6TmZ5LWVTUGowd3l6dW5zT3ZjcTY0aVZjREx1cVdEX3YtakJ5Qml0NHh0QWJsczlBWlY3azNwRXRWNEJKSktVVzRPZXJzYzBpTldmam9YRk96dTZqNXppd25ZNjFiS1pEb0xVMV9NOU5GTXZOeDVGS0ZoUWkzNW1TdG0zOV9qc3B5NWJzRVZWYnR3dnY5b3lrb3A4eVFaMmFscE9KMzBzaEhCMi1IaWZR0gHnAUFVX3lxTE5JazJ5LUJoRTZPeFVrMS1peXVlZUU5S2ZNcC1kQjFTT3ZrQXM1Rmo2b25IbmZETXh5bW1lc0trVk96Q0FlaW1CaEtGRXNLTzlTT0V3TmVsaHJicTdaX21pTWJ4WWE1MExzVnByOUh4NUk1OUNRM1JVMHhKaVo4R3pWWTBvZ3ZoNlBLcHJyMmZHbmJNcjNfV1ZSbUhvNmJjSjNyYko4c3VYU3FVZmlyMVY1dzNqWDY0Yk1kaUdmXzdRemxWcm1fdjNnS01FdTAyOWtuZ3NXMFdpZldJNGN0ZHBISjVKbFpMSQ?oc=5&hl=en-US&gl=US&ceid=US:en,Ensino,Imprensa Local,Itaberaba,busca_automatica,correta
2019-12-19,"Morre em Salvador o ex-diretor do IF Baiano de Senhor do Bonfim, Professor João Batista",Blog do Eloilton Cajuhy,https://news.google.com/rss/articles/CBMixwFBVV95cUxQdVRfQ0Q0TFg5MTgxdTJXOXZ1MjdoRUU2bVdOaFRaQ0psYkVIYUx6cXcwREV6VnJEXy0xYWNlRlcwaGFxckFwU2F0Z09ZbTBsOXNRVHBvVEtranZJS3VkMGdaQ2FzdkxvUzdxelllckhrRmdNc2hGcjg2RDBXQlk3NmRDQ1p0bFp0a3Zjcm9sVjB3Q1BsWFhYbllkb25KdHNZcU9UM05yLTVmZDV2WlduWVhyakFuWnh0dmZ1c0l0ZU1kaEhScWtZ?oc=5&hl=en-US&gl=US&ceid=US:en,Gestão e RH,Imprensa Local,Senhor do Bonfim,busca_automatica,correta
2019-12-15,Observatório Espacial do INPE é instalado no Campus do IF Baiano de Bom Jesus da Lapa,Notícias da Lapa,https://news.google.com/rss/articles/CBMi1AFBVV95cUxQMGJGZVh0RkVhSVExd0RPNlA2dFUtb0lJNHhSM1dPM0FVLVFxdDR1ek9TMUgzb0hEZTNZa1FEQ2RzS185YnN4Y2VJUTZYVzBlM1J2bHBFX2tUWUx0Z09BV1ZTQU1JUVhkaGVWMmFCT01FbFRGV1pNYnN6eHlfc3pFZ1c0ZlhMUUs0TXhSU1NtM2NNU3hodHM5UXR0N091aUQ0bS00bVlWV0hSVlBDOWxBXy1zWi1kZXdhbXdzUUJNRmF4RWxYTWE3VDFPVGNhVHU0cUVmNA?oc=5&hl=en-US&gl=US&ceid=US:en,Institucional,Imprensa Local,Bom Jesus da Lapa,busca_automatica,correta
2019-11-28,Campus Teixeira de Freitas participa dos Jogos Estudantis do IF Baiano,SulBahiaNews,https://news.google.com/rss/articles/CBMipgFBVV95cUxQdXNiUFlLRVlmal9IczVkTTBkM0tVSGxESkp1WkFkYXFDRWVqQXVxMEE3VHVudVZhWUQxd2sxWi1Cd2ZlbTAwclU1Nk5vcmFqb2N1d1FwN2ZSTlJQaFJmNUJ4MmdhSl95ZmhsYUlZY2xPZ0h2eGt3aGVick1JVV96enM1TTg1UktqYTQ0cGJfS09LRnpxek1rVUlGX2ROZmxXazh1Rm9B?oc=5&hl=en-US&gl=US&ceid=US:en,Institucional,Imprensa Local,Teixeira de Freitas,busca_automatica,correta
2019-11-26,IF Baiano leva tema da Indicação Geográfica para o azeite de dendê para festival na praça,Valença Agora -,https://news.google.com/rss/articles/CBMitgFBVV95cUxQNzVleWNGbGdsb05MUGpqaUlfUTZUVjMxU0w4QWwwSHNPV0VMQ2w2VEtWQ3dSYzhwb2JaQ09UV3J0Qnh2TW9PaDE3SGIwQ2lQZ1dhczV2OWRwb0FZLUJwR2JTZlBVaFduRkI5RklLNENYbkF1WFExc1hwOTVnRWdjTzZJbXlpQ3UzQl92OHJRUkloNGNNNnFLWmlMZXRncDFEVVhreEVONFdYZ1hjZklZR2Y3WXo5dw?oc=5&hl=en-US&gl=US&ceid=US:en,Institucional,Imprensa Local,Valença,busca_automatica,correta
2019-11-11,Motociclista perde controle em moto de 650 cilindradas e morre em frente ao IF Baiano em Teixeira,Liberdade News,https://news.google.com/rss/articles/CBMiYkFVX3lxTE9CWmFEUkRzaVl4aWtsY0tfS2ZacXQtSEtLOUZ6clpFUFdveGdXZm52RGhNZHA2ekhrTVQ0OU9jclVZa1huSEI2REFZX25ralFYaGJIcElaRFVpa3ZCQWtvSkh3?oc=5&hl=en-US&gl=US&ceid=US:en,Institucional,Imprensa Local,Teixeira de Freitas,busca_automatica,correta
2019-11-05,Projeto do IF Baiano integra alunos e comunidade,CONIF,https://news.google.com/rss/articles/CBMiwwFBVV95cUxNeXFtNnRDYXk4dFF5Wlg2ZnBGTFhYVjJwdXRsZk4zSzdITTk4NWdiS3VEYXNxU0hKMnFVMFNYOFdRa0lBTzB6R2NiazFZRVhQSGNiVG9ZRE9sS1hxRW1ua2NINk10dVozNi1hcVZ0QlpUY2x0eXpMQkZPb1F6dEtaX2JDdTdLVkNlMTlKODhHVjNCVEtyOElvbUZVdnNUOURwMmhNY2ZKcjZFaGYtQjc0SXdDd0Z2NXE1b0tRSXFsMDlsUFU?oc=5&hl=en-US&gl=US&ceid=US:en,Ensino,Governamental,Geral / Não Especificado,busca_automatica,correta
2019-10-25,IF Baiano difunde tecnologias de produção de palma forrageira há 10 anos,Agência Sertão,https://news.google.com/rss/articles/CBMirwFBVV95cUxOcWh2blROck5NWEdURGloZXJJTmNuanFJalEwMlIwc3lKS0d5WTVtZHJhQl9YMXQ3NjRyYkE1Ui1WVHlVeWdFZ0xaSzB2eFNack8xQ3hCMWRGNGdLQjVqUGdtcUdGd3VEUk1VOGFCc3haam1qaGZHYmhrckYzcHlISmJDNDFEMFBSbmtIRzhtT0gwV1FPUUJNZUlpelN1eXFfVmgxTkJhNUx2NTNFSnNr0gGvAUFVX3lxTE5xaHZuVE5yTk1YR1REaWhlcklOY25qcUlqUTAyUjBzeUpLR3lZNW1kcmFCX1gxdDc2NHJiQTVSLVZUeVV5Z0VnTFpLMHZ4U1pyTzFDeEIxZEY0Z0tCNWpQZ21xR0Z3dURSTVU4YUJzeFpqbWpoZkdiaGtyRjNweUhKYkM0MUQwUFJua0hHOG1PSDBXUU9RQk1lSWl6U3V5cV9WaDFOQmE1THY1M0VKc2s?oc=5&hl=en-US&gl=US&ceid=US:en,Pesquisa,Imprensa Local,Geral / Não Especificado,busca_automatica,correta
2019-10-07,Inscrições do processo para ingresso de estudantes em 2020 no IF Baiano vai até o próximo mês - iGuanambi,iGuanambi,https://news.google.com/rss/articles/CBMi6gFBVV95cUxNZlh1RjJPZUVwRUJBWTdiZ2Vfa3dpUVU5V3JqNHZWQnhxUHZxdHlvQnhmeUNVejlHcVNJWnlHMmFIUXJiSmRiMXFhMzBfRnByVFVLN1MwRUlYWUstb2M5RzQ2OTNpb1FlTE1mT0tkVmVvbmlUaVJLbHVyNXBmUTRjNV9HeEY0X1pVaHVLTXQ0VlE3a0JuTjdEY3dLM05KZmZvdEk5bmIwRWR6YzdEUjBscHh5Mkh0U1VHZENNQkFiUnF1bmR0cURVbzBJckw3SnJBUDNrazQ3OUxDR09NQ3JjTWEtY2x6NVdCQXfSAeMBQVVfeXFMTVoyLW1fU2pEbGhwRGEta0VIOUpiUnNWZHJINzVRNEhXTk1hV0dKMGR6bVN4Uk5hSEk3T1RWNl9hcVhVNVdqLTV1Z2FDb19RVVk2UmV4QU5BTEZDT1lpVXJTeEhrNlNfRTRvUUd4QnRiRDJZSHdiSFFwYjB2MVZiTVB3NWZCNG9xXzlSTm1pci1peHpscnE1WnhSenZjTTJpRWV4VkRRMnBfRnVtbFZYQXRsRkptSjZJY0pZenllUTIyZU54cGR3dWRaRE1Zb1h1cWxKcFpNalhCcGdzUDVkUmRNSGc?oc=5&hl=en-US&gl=US&ceid=US:en,Ensino,Imprensa Local,Geral / Não Especificado,busca_automatica,correta
2019-09-23,IF Baiano abre inscrições para 3.625 vagas em cursos técnicos,A TARDE,https://news.google.com/rss/articles/CBMinAFBVV95cUxQblE3dHZyTUhZZC1XbW9sOVJCQmNVbXpNQlBjSEtIMzJkR0thSTJLbEJwNTdRTFpxWkhyOHlwSzI0ejZmS1pNSHJoX0prT1pQMVhlejNVX0c0bDc3YmxIQW5CWlhuWEFfWDBSdXBjYkVUeWJoRUxJai0zSkdEclRoRlh2em1qX3BHd1daLXNOdjJ4YWJmZFg1TV9EZUrSAaQBQVVfeXFMT1JqSWZVQzFQc3phRWtvdUQ0Z1p3X3BqRGFrWlZ1MlJkYWxWS1ZjcThxVEY3TnNhNzdfWkFLbDctUlBaQk5RWWEyOE9OdVBOV1g4Yk85dzFqbWRSQV9RYS10bkxGVXByQjlhVWt0WFpHeUlEM1NfRkxlMmtrRTdlQ2xjeG5ialpWajJrTjFJMS1JczVSeWEtaGxpYWdXTmx1UEpkTDc?oc=5&hl=en-US&gl=US&ceid=US:en,Gestão e RH,Imprensa Regional (Bahia),Geral / Não Especificado,busca_automatica,correta
2019-09-22,Gabarito do concurso IF Baiano 2019 sai pelo Idecan na terça-feira,Ache Concursos,https://news.google.com/rss/articles/CBMitAFBVV95cUxORWdSX2xrNmVYMnFpTGJCaWQ0Y0JNRWZ5NGNUZ0hKSGQzWjY0dExFQWtCeFA2NzRIUjIyTm5oU1kyOGItTWhTRUpwSWoyZU9qWnhhT1FuNnpTYUZxSERnYk83d2ZLRE9MMVpHdHk0UFFpcGwxbDUxNXUwNEUxYkJTRUlFZXJ1QVZTdjRyRlc3UGJHN1FNMkhVMVNqaEx2TUwzZ2VqNTR1djRRdFZidGZsd3U5UGzSAboBQVVfeXFMTS1rWERSTXpFcTFETkpTcEtIZEwwbjdjY0hwODZuWjlvVGZFZ2RsOGZrV0llQV9wRHRQY0xDajlYdWhjNllROE1ZQVpEbmtFRWh5ZDhhbjI3b0NGb1V6RnpFM3BGa00tY2drcURqM1k2VW9uRWl0amYyRDdjcUQ3czN1Q1lUUXlIaDc5VTE3WHFhQUJYSmhMbDZENzNyeUI0b3dDanJINWFCV184TGlUSXVOd3IxYUVVZkdB?oc=5&hl=en-US&gl=US&ceid=US:en,Gestão e RH,Especializados (Nichos),Geral / Não Especificado,busca_automatica,correta
2019-09-09,IF Baiano terá processo seletivo com 3.625 vagas para cursos técnicos,G1,https://news.google.com/rss/articles/CBMiwAFBVV95cUxOVDlhY2dfV3hIMDFod3QzVkNqeFdiZ2lrTUxKTUlQSjh1eE5Ea2pIc0thY1RjYWVfNzIxSXU3Yk5jcEhvMkI2RVc5TnowQk1wZjhOY29jSFFvalBXazJUMi1pNWtGREtyNThmTjd2Q1FuUkoxMlhZMy1ReS1SVVJNSWw5bzZmYUhsMTZSQm1heWhGMVp3SFAxUVpFYk9LajI4ZFplMWk4ZWlOUGVFa29zamZMR0MyQkdLUTJGZlVOdkHSAc8BQVVfeXFMT00xMjQzRDktUEM5S0VPTFpRcko5dGJXdWg5emZVZWs1RlRVVDdlVGRNcjE4Y0lSd2NjcGpIQU1PV1Q1SlhPX3E0ZTBsTi1KVHZld2ZPRlpfN1JVNi16d0JxSHVidGJWdkYxdkxHN3M4VFByYklhY2xDTF8yYkJQcDc2Z2tzWklLb1NUUmtxMkV0ZjBmNUl1VGlBUVBVbmxJQ0l3WUVKeVNibzlpNW96LVFxWkx2RllGUFEwZkttYzR3ajhyM3VualZEYzMxQ2VJ?oc=5&hl=en-US&gl=US&ceid=US:en,Gestão e RH,Imprensa (Nacional),Geral / Não Especificado,busca_automatica,correta
2019-08-29,Receber bolsa de Pesquisa - IF BAIANO,GOV.BR,https://news.google.com/rss/articles/CBMieEFVX3lxTFBVNG5NUEpldGN1c0dZY08wcVhCcGVOYlMydzI3Wkw5TG1DcWNhYW9odHdVb1IxQVNQWmZxU3JBLVplRDd0cm9pazI3dkVaMC1lMzJYYllMMHdENE9PMVktbWJVVDZwRVI2WEIyRC10VDYtQ2ZNaDVMaQ?oc=5&hl=en-US&gl=US&ceid=US:en,Ensino,Governamental,Geral / Não Especificado,busca_automatica,correta
2019-08-25,"Matricular-se em curso de Educação Superior de Graduação (Licenciatura, Tecnologia e Bacharelado) - IF BAIANO",GOV.BR,https://news.google.com/rss/articles/CBMi1AFBVV95cUxQRnlXT1NldWhiYzgyY1VsZ3Zsa3NuWXN1dnlEeWlSNU9wejhZdzhYWjltN1UxZVBGUVk5NnFIbnVJY2YzVFdsQjNZdjZva3k5aGI1S2ZkSmgxNHhyVEZ4aTFCaUdyT1FHbEdfTk04VVRfNXJjTXRiOWI5dEYwWENfUlVrUkxaTTFqWUtkWm05YTRmdjdxRy1vMDVnQ01Nd0NlcTVYYm1TUklQZkN6OHd3clhIcFNvWklDMUdlRHFyU0l0WGtlYkRXODd2SmljdVVTVzdIRA?oc=5&hl=en-US&gl=US&ceid=US:en,Ensino,Governamental,Geral / Não Especificado,busca_automatica,correta
2019-08-15,IF Baiano promove IV Encontro sobre Caprinos e Ovinos em Guanambi,Agência Sertão,https://news.google.com/rss/articles/CBMifkFVX3lxTE5yQ1FOcnRwTS1aQWxmb0hYN19KTEcxYUhuTHprRDhBOUVpUXN6TEprT1V6LWI0T3NZLWFBNjFaZkZ0Nmg0WWJwSEJlemp5X2UyVmx0bmhLQjQ5Z0dlRjFFYklPeXJtNEtkbDU3RjVjcDdlVUxwbXlidjZIeXpLZ9IBfkFVX3lxTE5yQ1FOcnRwTS1aQWxmb0hYN19KTEcxYUhuTHprRDhBOUVpUXN6TEprT1V6LWI0T3NZLWFBNjFaZkZ0Nmg0WWJwSEJlemp5X2UyVmx0bmhLQjQ5Z0dlRjFFYklPeXJtNEtkbDU3RjVjcDdlVUxwbXlidjZIeXpLZw?oc=5&hl=en-US&gl=US&ceid=US:en,Institucional,Imprensa Local,Guanambi,busca_automatica,correta
2019-08-15,Matricular-se em curso de Formação Inicial e Continuada - IF BAIANO,GOV.BR,https://news.google.com/rss/articles/CBMioAFBVV95cUxQclZodjN1aXpLenNkWXBrRG9jdE9kU2t3QmR0MlJCN0ZBT2hUODlPakU5RzlSMGhVcHBCMDN2S1EyaXlvX0xrRGcyck92WjFaZ01nWWtfOERfTDlnbDRwSXBWajRVRDVRRDFiVjlZZzhST0paSE4xSWkteVlFMzhTWGZMN3MzTzgwbXZxd1BBOEt3RTluQ2MzVzBaeGFlMGdP?oc=5&hl=en-US&gl=US&ceid=US:en,Ensino,Governamental,Geral / Não Especificado,busca_automatica,correta
2019-08-12,"Projeto Formoso: DIF realiza trabalho de recuperação do canal do Setor 19, ao lado do IF Baiano",Notícias da Lapa,https://news.google.com/rss/articles/CBMi-gFBVV95cUxQRS1Zak9qeXJ6ZVMzRVpCLXR6Y0t1TU4tZlVUaFhvMEZWMWIyQnQ0cmxsN1drN01UNzFmTXA5Slp5RkF6QlVXNEhCSWtPa0FHaGFhcnZwNWxOdWltSVZ4WFI4SG9kcGhQWDkzTmUyNFRGa2NxejVCVGZ2NmswTTFfckJlMGdZZ0RoSmxLeDRVNEFhN3dLNGQ0UUNOVGtvNmNrempsZjBrUnhFUnd4VmswSWRQdnNHems5b2NvTDFtVlpDSnF2aV9jVG90WjQydFd1SVhFcEp2Rk9xeGNmWlF1bWFTV1c3V0VOdE1OOEhoZHpEZ0wzYjhnVVJB?oc=5&hl=en-US&gl=US&ceid=US:en,Extensão,Imprensa Local,Geral / Não Especificado,busca_automatica,correta
2019-08-12,Receber bolsa de Extensão - IF BAIANO,GOV.BR,https://news.google.com/rss/articles/CBMieEFVX3lxTFBnYnVwQnFXel9NLWQ4MnVIbmNsdFpIRjhqRjlORnEtb2R4cFJ3UmJval9pM2tpMl9GQTgyakJqNm96cG5PcFh4MC1TZGxFamphN0JmV3RuQXhFSEJMVHVnTEx0Q3JST3JsbDI4QUFpNllEbUxPclRNcw?oc=5&hl=en-US&gl=US&ceid=US:en,Ensino,Governamental,Geral / Não Especificado,busca_automatica,correta
2019-08-11,Obter diploma ou 2ª via de diploma - IF BAIANO,GOV.BR,https://news.google.com/rss/articles/CBMihAFBVV95cUxPMWtzemhfaU9KZU9ibG9XZ25jcmdZUkJpanhfazJ0YXEzcTR3UkNSWElXRUZLal9pek1hbFJlZHk0YnRmOVl6dERxeTdmTXN6NTNpdDl5NmpWRzVpc3hRVGM0SHBIanU3TEhheU8zc0FjMHZyV3hpN1pkMThGWWlzd1kzanY?oc=5&hl=en-US&gl=US&ceid=US:en,Institucional,Governamental,Geral / Não Especificado,busca_automatica,correta
2019-08-08,"Instituto Federal de Educação, Ciência e Tecnologia Baiano (IF BAIANO)",GOV.BR,https://news.google.com/rss/articles/CBMipwFBVV95cUxPMGlSQUFzTXFXZXdkTXJtMWpCZHMyWW80REhveTlkZkhzLUMtbUFvNVJUVDYwYWE2bkNuSUxwZDVUdUVsN1p0NWJZTVFsOENNdW5ycUJJeXZrTUw0UlRwZWJpWk92QVFWUmF4ZWpMaGd0YjFuNU1SSFZVZmRmVFNQeURXX1M3N3B0T3dIMWZkYWxCLUVPUmdpUzJGei0xUkFhQy1hejFKOA?oc=5&hl=en-US&gl=US&ceid=US:en,Pesquisa,Governamental,Geral / Não Especificado,busca_automatica,correta
2019-07-22,Campus do IF Baiano de Bom Jesus da Lapa abre vagas para cursos profissionalizantes de curta duração,Notícias de Bom Jesus da Lapa,https://news.google.com/rss/articles/CBMi5wFBVV95cUxOYTBpaGFpYmdkeUFXTDVtdUxQb3Y1cDc3UVFWcWpjT0NPT0ZmYmtBdHVVb3NONUVZQ0lMaTZYVXhFNXg1YnRRQ0dHVVV5ZUlRcWkzbk9faFBMdHdqcU1lbTFNV1Q3anM0Y1pVS3VaQnFRREZDRjJ2dHdraGVwWjhiczdINUwwS3I5WDV1eWlkcnBPWkVWdTRzUEFKWGoxM1p4cS1Cd1ZwTEQxd2xwdnRnQkEyZWxoOXQwek9OTndQVndzcjh5MlFhUmZwSXFxay05MnFvRmhidWMzT3hIR3puNkd4YjhLS2M?oc=5&hl=en-US&gl=US&ceid=US:en,Gestão e RH,Imprensa Local,Bom Jesus da Lapa,busca_automatica,correta
2019-06-30,"IF Baiano divulga concurso com vagas para docentes e técnicos, inclusive para Bom Jesus da Lapa",Notícias de Bom Jesus da Lapa,https://news.google.com/rss/articles/CBMi2wFBVV95cUxQQjA2bEFIbVJoZlRWVVNpTzVoU3RuaXVUQW5BcjN2ck02aXFNakRFd2V0ajRfWUt0S0RSeTk0M2dLTU1TaGMySTBlck45YUR2YmVEVlAySGNlbmVDSDZrb3VQazdIeVJIS2RVSVZpMzhGTnRZcXlmb1pUWEtNTE5Yb2wtRmFRQnpLM0EwbHBVUkZmdGFKMGZuc1BKVkhnNHhGTHBvb3NHZU96S192ME9SdnBWNEZHd2pJdlVBM1JocXJleDMxeGF4clVvR1p0d2N1a2ZmMUNYWHRwNUU?oc=5&hl=en-US&gl=US&ceid=US:en,Gestão e RH,Imprensa Local,Bom Jesus da Lapa,busca_automatica,correta
2019-06-14,Concurso IFBaiano sofre retificações e altera vagas e cargos,Estratégia Concursos,https://news.google.com/rss/articles/CBMiqAFBVV95cUxPM1E5WF95QWQzNzVmSjJUVHNRSU1TR2Y2azVsbHFJWUx4dVFzelkxNnJUZWh2WVhvTE13V3dzX1ZTT1Zac0pvMFdjT19icVdUbGlrbTJzYmUwNFpHeDZ2OUJaZ28yQmhzRzJfYS1rWFBoM3NxOTRNZ2tNemR0b0R5SU9QUEo2SG1CSGxCSmdlRUZIRXBNRXF0TFhlRC1QalVPNXE2YzFlS3M?oc=5&hl=en-US&gl=US&ceid=US:en,Gestão e RH,Especializados (Nichos),Geral / Não Especificado,busca_automatica,correta
2019-06-09,Instituto Federal Baiano divulga concurso com 72 vagas,Infonet,https://news.google.com/rss/articles/CBMinAFBVV95cUxOOGc1bnluWGNDN1BvUXlYd0hCN0JhWVp1SVBpQ0dvNFJVOWZoRFc3WXhER3F3LXBvWU9ZdjlMZ3Q5Z2xqeDVDdEJsTzBTUHpLS05NdTdoMjBhRkVtRDNPbnFuemVVVTgyZFhMS3EyYTZzTWVTV05sY3FmNWQtdWdrWHFNMWV4NW9fZlNsajBWN1pDOGF6MHBVYnFnYUM?oc=5&hl=en-US&gl=US&ceid=US:en,Gestão e RH,Imprensa Local,Geral / Não Especificado,busca_automatica,correta
2019-06-06,Concurso IF Baiano Educação: vagas para professor,Blog Gran Cursos Online,https://news.google.com/rss/articles/CBMic0FVX3lxTFBqNFFaT3dBYmx1MTNBd3RRTkFxVm5tWkttRXdBMmpuMGNOaWZhc0EtMGMwYVRHbVRJWkFiNU5INVhJbEJYZFNvMzZOM2xJZ01RTmdndTQ5UERaVUpMSzk1ajhLV2txTXJUVV9JNGU0Szl0SW8?oc=5&hl=en-US&gl=US&ceid=US:en,Gestão e RH,Especializados (Nichos),Geral / Não Especificado,busca_automatica,correta
2019-05-31,"Com apoio da Prefeitura, 1ª turma do curso de Técnico em Vendas campus Alagoinhas cola grau no IF Baiano",Prefeitura de Alagoinhas,https://news.google.com/rss/articles/CBMi4AFBVV95cUxQVWRmS1FPY2Z6MVJ0VXVYSEdUMEpyLXBUakZLdnVLdEl2UFZDRVdMU1JuQ3ZkS3ljUFhobmIxNFVINDgyR0RfN21IREI0WHI2X0VCS1E5RGExRTVVeW1ZR21jcEZlMUI0MlgxcW83d2ZtUzNCaDFnSEZ1UERvTWJiY3AzVjRWU0ktUS0wZ1hybnRHN2QyMlFza1V4WG96bTItcm52OUJNcFBILXF5Tk1fY3k4R1Y3V0o5Y21ITjVackpMcHRzb2dVemZOb1RycUhENDE1ald1REYzbWV0WFd1Mg?oc=5&hl=en-US&gl=US&ceid=US:en,Ensino,Governamental,Alagoinhas,busca_automatica,correta
2019-05-20,IF Baiano promoveu I Dia de Campo da Bovinocultura de Leite em Guanambi,Sudoeste Bahia,https://news.google.com/rss/articles/CBMiuwFBVV95cUxNaEtxUFVwZ0VUVnhKbDZsWWlhbEZKWlNpYlJxMEQtTTZfNVdmRktwZy1fdFh1MzR1SWRNX0pOa0trSGtqODR0aHhQUzVvdFBmV2MzMUVkWGphaG90aEVzbkJicG1pckJfNDRfZU9oRDlodjhyak84a3pPZ3ZiczVZTUN0ekRVZ3oyX25waXJXcE1PMWxnR3pxeEk1Q3dNU0luZ3ZCNGtIcDdvN29fcXdOMHNhMjdqYTFtMnkw?oc=5&hl=en-US&gl=US&ceid=US:en,Institucional,Imprensa Local,Guanambi,busca_automatica,correta
2019-05-03,"Com corte de R$ 24 milhões do MEC, Ifba só tem como pagar contas até setembro",Notícias de Bom Jesus da Lapa,https://news.google.com/rss/articles/CBMiwgFBVV95cUxQMUt6ZDdaYTNSQmd0Zm5COEM5Qk1mM3pSZmVkMWN0UEFETEtOUDdYT3djek1pWnp2X0ZDNTNldjJ4X25Jd3BMOXpvQlZQTHkyMktTMmhlamVmTU5GMWhwaWNPVW42eDd4SzhXSXU0RG1FWkFySEkzQ3J6SjJmelc1VkxlYXI4MTVmc25oekhWcUhRbjVRUl90TXZwYmgxdTAtTEp4T0U4SDdldllranlDUGdKemFiS3pUbjM3dDl0RWNpQQ?oc=5&hl=en-US&gl=US&ceid=US:en,Institucional,Imprensa Local,Bom Jesus da Lapa,busca_automatica,correta
2019-04-17,IFBaiano propõe parceria para fortalecimento do Água Doce na região | Sema - Secretaria do Meio Ambiente,ba.gov.br,https://news.google.com/rss/articles/CBMiwAFBVV95cUxPVFRMM2cteXVoMGJRMk5CUFEzNzgyaXpGZk5LWmNmTWc1UTBMNTNLc2t1TjJ2YjA2OWQ5Q09aa1BpekJmdE1ncmcwWjd0WmtaTVUybElGUHRUZ1ZTaklKYlNhQUNUbVhXbXRYZkEzZ3BqazdIVWVsbmV3eUhqOXM4TlkzejJjNGJEZ3pnVXBES2xwNjBjdXNvLUxuOXZiNnl3eFRTQ2xtMWhZNVJaRWFKaEs2V1BZbG9IdlpYSWlrWnE?oc=5&hl=en-US&gl=US&ceid=US:en,Institucional,Governamental,Geral / Não Especificado,busca_automatica,correta
2019-04-11,IF Baiano oferece 540 vagas para cursos técnicos em 7 cidades do estado,Mídia Externa,https://g1.globo.com/ba/bahia/noticia/2019/04/12/if-baiano-oferece-540-vagas-para-cursos-tecnicos-em-7-cidades-do-estado.ghtml,Gestão e RH,Imprensa Local,Geral / Não Especificado,busca_automatica,correta
2019-04-07,IF Baiano realiza pesquisa de demanda para novos cursos,Siga a Notícia,https://news.google.com/rss/articles/CBMijwFBVV95cUxOYk1wLWpraGh4V1hPRDhSRkdVcjVnR2VGR29DOVdQUVMwQ2x0dkE5dktmY3N5YlBoMGY4enVUZHhrYl9ycUZYTDBaRDVkUVEydmZDRWV2SzY0MFhaTHViam5jVENXRVNxNThaTEw5c19md2x2LTZLZlhMaEhXWDF5TmhvVXM5VTl0X3k3Y3R1aw?oc=5&hl=en-US&gl=US&ceid=US:en,Ensino,Imprensa Local,Geral / Não Especificado,busca_automatica,correta
2019-01-30,IF Baiano abre processo seletivo para Teixeira de Freitas,SulBahiaNews,https://news.google.com/rss/articles/CBMilAFBVV95cUxPR1NpYkRmU0RsNEc0UTQ2bER3aHFJSm11QUNOSHNCSTlPWEZhWE1IME1qVHZqdFZraXZHZ2ZJeWpQWDNRNVlDNlFjYWpOZkdFVmJaYUlGRUx1RkxobFNDTGR3YWRzNVFKd0IxYTJ4aUdQbTh6X2w3VkNMLUlRdDFSZnd3bE5hZ1lzcVc4bFJWc21MRGNZ?oc=5&hl=en-US&gl=US&ceid=US:en,Gestão e RH,Imprensa Local,Teixeira de Freitas,busca_automatica,correta
2018-11-29,II Encontro de Diversidade e Inclusão é aberto no IF Baiano – Campus Guanambi,Agência Sertão,https://news.google.com/rss/articles/CBMiswFBVV95cUxQUWw5QVVwbWctNjY4ZERXclJ6aDluS2tjWjBjbm5GWnl6Z2dCOUJmX1d4eFQ3dmZzT1c4Ny1lUmgzRmFkRVJtSEpnUnBrMVl6VzIzWTBWVnJ0dmNtY0xqMWxVYVRNUUlNLUFzOVI2TldJRHpHbkRWbWkxalMtTFNhbG5WeXZRUFhtRjItNHhoZ1lmVlh0bl9KbFlvRDRzT2JFc0VhbHd3M3NhWUJuRFh3Slp5Y9IBswFBVV95cUxQUWw5QVVwbWctNjY4ZERXclJ6aDluS2tjWjBjbm5GWnl6Z2dCOUJmX1d4eFQ3dmZzT1c4Ny1lUmgzRmFkRVJtSEpnUnBrMVl6VzIzWTBWVnJ0dmNtY0xqMWxVYVRNUUlNLUFzOVI2TldJRHpHbkRWbWkxalMtTFNhbG5WeXZRUFhtRjItNHhoZ1lmVlh0bl9KbFlvRDRzT2JFc0VhbHd3M3NhWUJuRFh3Slp5Yw?oc=5&hl=en-US&gl=US&ceid=US:en,Institucional,Imprensa Local,Guanambi,busca_automatica,correta
2018-10-17,Semana Nacional de Ciência e Tecnologia é realizada no campus de Alagoinhas do IF Baiano,G1,https://news.google.com/rss/articles/CBMi2wFBVV95cUxQNXh4Z1dIWngyajZ3dDRnZFhvRGRWR3l1ek9sQl95cGtuSTdXOUh1MlFlVHRjRjJhUkhLODNaWG50UnNTdTZVdXZoeWg2azg0UTVFcWFycWJxaUlqWmNYaURFRk5mR1ZaYjFkVmlGWGtIU2YtTDVwVFJnQ0Y3X1FuVjJfd1V0TW16RVhiaHdzZFB5bXNFcDNhdGtMbzd6MVVlYkJEZGdTTGRQdUdWamRkVUhzcF9GamlXOGV2d0ZXNXBHWUJiaWhiUk9mcUotUzQyS0ZhWk96YWl2WjTSAeoBQVVfeXFMTzRIZWRRb2tHcDRNNVdRQlo2QnVlUUljNnI3eWxFRml0ckhHczBhVzFaLXdQMktVZkNZYjRtTXhEQUJzQzg4U2NSQlh3UUlRMEw2eDN0dHE3RlV1ckhRdDhSZzJZRWExdlBtN3hwMVVEeTZ6LU9rVFZMVUtFLTBrbjZ1TzVvLTI3aTQ4RkpCQkpnbVNZSlJ0VG0xaFFYX2FUd2RVQmlsaEVSNlg1OGtnQlg0Y1Rha2hnRm1jZ3Znekl1RXh5dnZkalpBU1RSMnlCTW1sak52aVJ3X1ZCME1XU19KT0s5OG51cC1n?oc=5&hl=en-US&gl=US&ceid=US:en,Pesquisa,Imprensa (Nacional),Alagoinhas,busca_automatica,correta
2018-10-15,Professor do IF Baiano é denunciado por doutrinação e recebe manifestação de apoio de alunos,avoador.com.br,https://news.google.com/rss/articles/CBMitwFBVV95cUxQMVRkczlGTkdSY1RBdDFOWGMzVllmanZJWHN4LTdGcGNWMGZPWEo1b09iLWlmdzU3TlVaYjgzTHR1NUdSa0hyLWUwV2N0Q1hybGY5OHpOcHBJZzFuMmVveFBZLS1zWHlKY2pQcTFrb0MxRUNvQmJuR0xQZHM2bWtaenpaQWlDcmNWd0xYVDVla2ZqRElsNldXZi1jVks5QTVYLTd6VEdhUXA0eVRlSjBRT2xLY1RxWjg?oc=5&hl=en-US&gl=US&ceid=US:en,Gestão e RH,Imprensa Local,Geral / Não Especificado,busca_automatica,correta
2018-09-15,DSpace da UNEB - Saber Aberto: Sequências Didáticas no Processo de Ensino-Aprendizagem das Quatro Habilidades de Espanhol: uma Experiência No Proeja do Ifbaiano- Campus Catu,saberaberto.uneb.br,https://news.google.com/rss/articles/CBMiZEFVX3lxTFBPcUZEaE8xMGJmTlBUUGZSSTRRM2gxM3FUa29YWFZlanp3bDk0czdOLVE5UGEyY0U2bUtkeTRONkRERXpINk9XdktmSTBwU3RXdzJnSHZpdl9CSF9TQlVvWnRqQTE?oc=5&hl=en-US&gl=US&ceid=US:en,Ensino,Imprensa Local,Catu,busca_automatica,correta
2018-08-28,Prefeitura promove homenagem aos feirantes com programação no IF Baiano,Prefeitura de Alagoinhas,https://news.google.com/rss/articles/CBMitgFBVV95cUxPR1pFSTBkYjRWSXA0MTFEVE50cXNNZzdJTk9GelhZUEptNFhhdlpyNmt2UjVwZGpHUUI4MU85WThZMkVxaDZpMVh1REVIdzhjajFEZFhFYlBXQVJQLWU2TGQxaFpYOExITkl1UjZ2bnByQ1gzVnpRZlpNTFE5OW4tYURlNlAxamdpaG9nZHFNenA1WHZBUGlXcmVHUjFKYTRlMVZEYUVGQ0VySDRfQUlzOFBaRElaQQ?oc=5&hl=en-US&gl=US&ceid=US:en,Extensão,Governamental,Alagoinhas,busca_automatica,correta
2018-08-23,IF Baiano tem 2.895 vagas para processo seletivo de cursos técnicos gratuitos em 14 cidades da Bahia,Mídia Externa,https://g1.globo.com/ba/bahia/noticia/2018/08/24/if-baiano-tem-2855-vagas-para-processo-seletivo-de-cursos-tecnicos-gratuitos-em-14-cidades-da-bahia.ghtml,Gestão e RH,Imprensa Local,Geral / Não Especificado,busca_automatica,correta
2018-08-13,Pesquisas do IF Baiano sobre cultivo de mamona são destaques na SBPC,Agência Sertão,https://news.google.com/rss/articles/CBMiqgFBVV95cUxOSGZ5UnVIT0dCYWtzOF8xSHFyNlJCTDByeVd0eVBsUWdPbTZGcHBtN0FJN2kwZTZpQ1c5NzNjeTdtME8tc25hVXNpTXpKdFBfV3VQdWt4QlQtcVQ2SnRjamdHZl95STFkREM3RHB5RjZPeGl0QVdnWmRWdmpRUXhZdEVnNUtGUXVFV3ZYc3dRcVlla0Q4aDk4WjNzZzRnM0xUVGFsSEJFTWdDUdIBqgFBVV95cUxOSGZ5UnVIT0dCYWtzOF8xSHFyNlJCTDByeVd0eVBsUWdPbTZGcHBtN0FJN2kwZTZpQ1c5NzNjeTdtME8tc25hVXNpTXpKdFBfV3VQdWt4QlQtcVQ2SnRjamdHZl95STFkREM3RHB5RjZPeGl0QVdnWmRWdmpRUXhZdEVnNUtGUXVFV3ZYc3dRcVlla0Q4aDk4WjNzZzRnM0xUVGFsSEJFTWdDUQ?oc=5&hl=en-US&gl=US&ceid=US:en,Pesquisa,Imprensa Local,Geral / Não Especificado,busca_automatica,correta
2018-07-13,"Por meio da parceria da CODEVASF e IF Baiano, Núcleo Embrapa Gado de Leite vai ser implantado em Bom Jesus da Lapa",Notícias da Lapa,https://news.google.com/rss/articles/CBMi8wFBVV95cUxNdm5JVGh3cHBDYkpiVnNXTHExeDV1cG0xSzk1WVk1SDBsbE0yX3NTRDdveTh1OHpsSnBCYU9KaGtOeC16OW9TcWM5cVVlRktFaTVPbnNScWV6bzdNSnhHWnhwY0hscDJnaTNjdjgxcUN5V19CMEdPbkx6SGZhckJmbjFhVmpId1J6QTd3TWhOeFJwREtkZVNsMTd6eXpnSnR3VGFBM1Z0anA3UXFWbWF0MGY3VUtPT2d2bWd3SEc4ck9fWmJKN0JDRG1QaWFDLVhjeGp6VzNUUUU2SjRfczZDUnBoRVUyQlVOSGRYM1BOZDRWNnc?oc=5&hl=en-US&gl=US&ceid=US:en,Institucional,Imprensa Local,Bom Jesus da Lapa,busca_automatica,correta
2018-06-18,Valença: MEC avalia unificar campus de Ifba e Ifbaiano no município,Bahia Notícias,https://news.google.com/rss/articles/CBMiwgFBVV95cUxPbGlySndtdE15bkRxZWJCU1RzeXNmeHZvMlVROTZHU2tBR0xLdUlKNnZNOTIzUEQ0QWlxV3J5RUdfTFRHSE5pYjZkS0Q0TldoYThubS1WMjF6S3o4Q0FrMzBaYk5sQjRsWGI5TnlJSlNvcEs2ZWNoSVhGVTlyNkljc0FiMno0MUJmQnFBZDA2YV9BSkdYUUV0ZnptMXk3OHN6dHVib0FFWW9HWlE3dHpieTFodWlQSE1XellReVVvTUpTUQ?oc=5&hl=en-US&gl=US&ceid=US:en,Institucional,Imprensa Regional (Bahia),Valença,busca_automatica,ambos_citados
2018-06-06,ANÁLISE DA MATEMATIZAÇÃO DA FÍSICA NA CONCEPÇÃO DOS PROFESSORES DE FÍSICA DO IFBAIANO - GUANAMBI.,uesb.br,https://news.google.com/rss/articles/CBMimAFBVV95cUxQclFWdW00Z0V3ellhS1VwOW5zOHA3YjlEODY4UElkTi11SG1idGVtQWlkUlR6VGFSQTd2a1A4UWxJMnZJZFAxUnJoaUV3Nm4zcHJ1NnN4MndNQ0s4a3lJRGN6b0d2SjdkOG5kN3F6SUhzenJxbk5QSTRvNEpTY0JsQUF6eVM0SVdVUE82SmV0S042RkNsOTRqUg?oc=5&hl=en-US&gl=US&ceid=US:en,Gestão e RH,Outras Instituições de Ensino,Guanambi,busca_automatica,correta
2018-05-21,Estudantes do IF Baiano de Bom Jesus da Lapa participaram da VIII SEMANA DE ZOOTECNIA em Santa Inês,Notícias de Bom Jesus da Lapa,https://news.google.com/rss/articles/CBMi5gFBVV95cUxPSjB4SmVDOWJBSlhCVVJRWmVPdWdDQjE2REduLWM5LUUwVUdFNmVPWVI5SG1CYTFQLUhpbUY4UTd2U0JBbXpuOUFHM25qS0hYbnk1VUxsY05mSDBJRDByOEJ1MWxOQjJOSElkYmo2MVIyb1paellDOWQ0R3JQbDB2V2ZhWTYzcWdwMEJmWXNtZ0FaSnA0TmprQkJlS1VEUG11eHpxZkJSeHRMOWFob21tM1FOR0hSWEdkOUN3UHNPcTlON2JMQ2VaZTYyTm1DazFYN3JreUVwOXg0X3Z1V1VDTzZ0eEdKQQ?oc=5&hl=en-US&gl=US&ceid=US:en,Ensino,Imprensa Local,Bom Jesus da Lapa,busca_automatica,correta
2018-04-12,Estudantes e servidores do IF Baiano realizam protesto nesta sexta (13) contra restruturação da rede,Agência Sertão,https://news.google.com/rss/articles/CBMi0gFBVV95cUxOc0RRZ3FwRDBPMHkydk5ENDdPLVpqVW9CQjg5WDhfdVRaR3NFZnBHTkxNOHdYWXZhRkxqNXhUTTRiRkxFVmJUbmF3TmVTcDBYOFpVdGxfa0hHX3p1aFBtV2JmcTg0TUlFakFaVlV3ektqWkZ3elZtVDcyMmpZZVJGX25KVXZNZGQwT0RleWhmOFBKWTRLa1RwbGlyR1R1SFdmRk5ka2VabDIyUzZtVWpZTW5HMWlfeHp6N0RiT3k2UFo5UXhGYTVDMGFPUGpXUFR3SGfSAdIBQVVfeXFMTnNEUWdxcEQwTzB5MnZORDQ3Ty1aalVvQkI4OVg4X3VUWkdzRWZwR05MTTh3WFl2YUZMajV4VE00YkZMRVZiVG5hd05lU3AwWDhaVXRsX2tIR196dWhQbVdiZnE4NE1JRWpBWlZVd3pLalpGd3pWbVQ3MjJqWWVSRl9uSlV2TWRkME9EZXloZjhQSlk0S2tUcGxpckdUdUhXZkZOZGtlWmwyMlM2bVVqWU1uRzFpX3h6ejdEYk95NlBaOVF4RmE1QzBhT1BqV1BUd0hn?oc=5&hl=en-US&gl=US&ceid=US:en,Gestão e RH,Imprensa Local,Geral / Não Especificado,busca_automatica,correta
2018-03-27,"Alagoinhas recebe ministro da Educação, Mendonça Filho, para a inauguração oficial do Instituto Federal Baiano e da Faculdade Estácio de Medicina",Prefeitura de Alagoinhas,https://news.google.com/rss/articles/CBMilgJBVV95cUxOUUV1ZERNU1htSGJNVUlZNlF5Vkl3eDRtNFg2T0NBYXVPWDdtXzVTTjdIZjJELTJNYnQyZWVsVUp0SExDbkQxY0RDdnROd0NPU1lCMEUweU5BM0c0Q2xPU3FCMzZkdm9oeDllM0dzcXFPc3BpMldUQW9TYWhPYi1KN1l0V0VFSUdhMnAwNHEwVkJXSXhKVHZyOU14Mmthd2h0WXNHdmo3Vm1aSUhwRS1iVGxOWmRBQzFlNVpvS3lkYkRncmthOTJYSmUxVlBjNzNUVUpaNDBPYmdjMXhqYVdzRWMxNjhnZnI0a3NjRWZxYk50ZTJOM09mbklxTkprU0NTTXhnbHl3R1pSZkIxUTlNT0RqeFc4dw?oc=5&hl=en-US&gl=US&ceid=US:en,Institucional,Governamental,Alagoinhas,busca_automatica,correta
2018-03-13,IF Baiano realiza II Ciclo de Palestras sobre cultivo de Mandioca,Agência Sertão,https://news.google.com/rss/articles/CBMiUEFVX3lxTE5CcndudmY2NzVNOC1jZ0RndnczTjhMeW5JaXZYUHJGS2pCcmNzWkxGN2JtbEhmNVZ5aWQ4aTJUZWl6SWQ5STB3ZVBNbmNoaS1S?oc=5&hl=en-US&gl=US&ceid=US:en,Institucional,Imprensa Local,Geral / Não Especificado,busca_automatica,correta
2018-03-07,reitoria do IF Baiano,Jornal da Chapada,https://news.google.com/rss/articles/CBMiY0FVX3lxTE54cUZGZDAwWEgwY3pYdDc0SDYxam9aSkxFQUp0TTBZSFZCMzhjVUtUN2dlVHJpYlJjOTRsWGhiendweEFpYUEwdXRlbklyZW9OdTN0YTJnV01EYVQySjBTYmpLb9IBaEFVX3lxTE1QTEJnTUNHTXJEVldxcGJsM1JVRDZlZzBXU2N1emp6OUJZbk9TOTNNN2pGVXpoRHY2RC16cnk5WGVSdEQ0RC1icUZYYzI5QlJXbmFWZFl2N185b0NSSHdBQjE3dlM3YUxn?oc=5&hl=en-US&gl=US&ceid=US:en,Institucional,Imprensa Local,Reitoria (Salvador),busca_automatica,correta
2017-12-07,Carlito Barros será o novo diretor do IF Baiano – Campus Guanambi,Agência Sertão,https://news.google.com/rss/articles/CBMiowFBVV95cUxOYWhWRU55Wkl2RkhDMkg0dXlzQzZqY3dYVHpub1hxVERCMlp0Sk5hNjlKZkF0OGhNQkdaY3ZOMUZGbXVrVE1QWUlFQ09zTzU0NGtHXzB3dkIwanVVR0JXZm1SX3N0U0dyalFTTTZoU3YzNE4wTzlQTE1LUWRTOUU2ZFQ1WFRBb1ZvZm9EbDctVmdZSjIzU2xFT09XUVdZOUFNUjgw0gGjAUFVX3lxTE5haFZFTnlaSXZGSEMySDR1eXNDNmpjd1hUem5vWHFUREIyWnRKTmE2OUpmQXQ4aE1CR1pjdk4xRkZtdWtUTVBZSUVDT3NPNTQ0a0dfMHd2QjBqdVVHQldmbVJfc3RTR3JqUVNNNmhTdjM0TjBPOVBMTUtRZFM5RTZkVDVYVEFvVm9mb0RsNy1WZ1lKMjNTbEVPT1dRV1k5QU1SODA?oc=5&hl=en-US&gl=US&ceid=US:en,Institucional,Imprensa Local,Guanambi,busca_automatica,correta
2017-11-27,IF Baiano sedia primeiro ‘ADM IF WEEK’ em Teixeira de Freitas,SulBahiaNews,https://news.google.com/rss/articles/CBMilwFBVV95cUxNUnNjOXhzY3FYLW95akNsVUNtdW94SkZYQ2V0dnFHMEtGeW1Ra0NKRE9TdnE5cU00SE9fWDlrQ0hXSjlTb1h4OFgzbWhRX05ZU25SUnRVX3lvYzNlbGdVZExPdW96a25pb2hGZ0VFVjN0OW9iZFhWZmZWZUxLMHNaamlRVjg5WmpvSE1EVlI3Sks0cjU4T05j?oc=5&hl=en-US&gl=US&ceid=US:en,Institucional,Imprensa Local,Teixeira de Freitas,busca_automatica,correta
2017-11-07,Prefeitura de Alagoinhas participa da I Feira de Agroindústria e Meio Ambiente do IF Baiano,Prefeitura de Alagoinhas,https://news.google.com/rss/articles/CBMi0AFBVV95cUxONUJQN2JiVDZad3R1R3Q3QjY2RXZRdUwxd2ZKc1ZDcExwZnFSa05PRU5QcHAyME5tZTNRNm56UG80TzBEbFVrUmd5bmV1dG9Pb3IxbGFRN0s4WUdTVlVrbjBOdVVqV0V3UHpSTG94c2VxWTk4el83R3dObDJtbUJ5cmExQ2tkdmFLTUhSbUVyRjU3WmxtYk9jTndVSTA4YW1XbHlzai00S1N1dVl6NUh6T3MzREZFSExSUzlqcHk4QmtYN2h1dkFkSjJBVnV4Y0RC?oc=5&hl=en-US&gl=US&ceid=US:en,Extensão,Governamental,Alagoinhas,busca_automatica,correta
2017-10-25,"Prefeitura, UNEB, IFBaiano e FSSS discutem formação de rede de inovação em Alagoinhas",Prefeitura de Alagoinhas,https://news.google.com/rss/articles/CBMixAFBVV95cUxOVlotVTkzTGtVUjFTNjZabzllV1F2M3o2R0NBcTg5Z200dWgwVVZnNkxLVFFhWW1IM0NjZEIwblk3TFVmM1ZmdUNGX3kyQldxY0ZhazN6Mjh6cWEyQ1A0MGdEQkFPYVpmMnN4cll5VzZ1ZXFadHVqY3NfUVhjUUlOMWZ6RV8xLUhFWDUtbFZzbFJtRU1EQXMySldVQTRFVjJGbERxRERnaEdwZ2tSMndMRFhEcXpJWTFVbHlJZG80UjBDQUdS?oc=5&hl=en-US&gl=US&ceid=US:en,Pesquisa,Governamental,Alagoinhas,busca_automatica,correta
2017-10-11,IF Baiano prorroga inscrições para cursos técnicos em Teixeira,SulBahiaNews,https://news.google.com/rss/articles/CBMimwFBVV95cUxQZkRrLVR3MkVNMzhCRWl2Q1FsRnhiVEVjQnIxWEJFbjl3SHFUYVV0WllHNTdGelhVZ0lNMzBBVjk1dlAxUTNZSTVRWTZKWElVME1xemlLcTJ1Ykg5WGlrQkNfME8zR3FmMHd1a2VsbmQ5d2d1YVgtQzNGLV9vSEJvOGZQZkZENktpVTFsTTNNV1hMS3B4ZTMxLU1mdw?oc=5&hl=en-US&gl=US&ceid=US:en,Ensino,Imprensa Local,Geral / Não Especificado,busca_automatica,correta
2017-10-03,IF Baiano de Uruçuca abriu seleção para professor,Ilhéus Net,https://news.google.com/rss/articles/CBMigwFBVV95cUxOa3R1bXZJRUxtd1ZfQlJ5dktnVFZTdnlVTmlTZzZ6UHZzRXRVWl9wWDJBV1FBckRNNFNHTWpUcnRfb3AyQUNXTmszR2lyODRqRmJrd3BvN0tLR1JydWJEbW9WVG9zdFZQb0REOUZGUFRocnYza2traDNfNXp0SnB6ZjV1Zw?oc=5&hl=en-US&gl=US&ceid=US:en,Gestão e RH,Imprensa Local,Uruçuca,busca_automatica,correta
2017-09-28,Prefeitura viabiliza inauguração de campus do IF Baiano em Alagoinhas em outubro,Prefeitura de Alagoinhas,https://news.google.com/rss/articles/CBMiwgFBVV95cUxOaUFNM2tlYTNCNHdmd0otb3k3MWxlUk93MDdsZFhEMndYOUJFX3Q2eUdLRi1GVXhxczZjRUkzNmgtbDNfV3ZzbkRTNHBYejZlT0c5cXNDTk05Mm9BS1EwZWh4VVVxQ0ZUeHo0clRBVjNsWE13Zk1DYU0xbnRodzZKQTFpclY0Z1RtYW84dnNRX2ZrMk5GVmRQWlpRWkFIcGhJaDE2eVVTc2xUSGhzeDZqeV9rSnozZl9wWlkxaGRmdnhqQQ?oc=5&hl=en-US&gl=US&ceid=US:en,Institucional,Governamental,Alagoinhas,busca_automatica,correta
2017-09-20,"Em parceria com o IF Baiano, Epamig lança informe sobre Palma Forrageira",Agência Sertão,https://news.google.com/rss/articles/CBMirgFBVV95cUxONTV0WE10RDVtZ3RlUFNYcFJteU1OcHZNNnRLWGxLTjlFdjN6WlotdDhvMzZwYk1hYmdGdWRObXVaQTZOdDVTNG9wX29LaHBNTWxfYldkeGphS01vcjVfUlRTeXRYNUpHTktDQ1llNUZPeVo5d25xV2hwX2g4RVBWMjNQS2pjR21kZkFMVmNIWHFseVJMQUI4Nk44bms1Q2oxdEM2LTNyTVNFUWZSYmfSAa4BQVVfeXFMTjU1dFhNdEQ1bWd0ZVBTWHBSbXlNTnB2TTZ0S1hsS045RXYzelpaLXQ4bzM2cGJNYWJnRnVkTm11WkE2TnQ1UzRvcF9vS2hwTU1sX2JXZHhqYUtNb3I1X1JUU3l0WDVKR05LQ0NZZTVGT3laOXducVdocF9oOEVQVjIzUEtqY0dtZGZBTFZjSFhxbHlSTEFCODZOOG5rNUNqMXRDNi0zck1TRVFmUmJn?oc=5&hl=en-US&gl=US&ceid=US:en,Institucional,Imprensa Local,Geral / Não Especificado,busca_automatica,correta
2017-09-17,IF Baiano – Campus Catu oferece 305 vagas para cursos técnicos,Se Liga Alagoinhas,https://news.google.com/rss/articles/CBMirgFBVV95cUxQS2hSbUN0N1UxQnFfTU5BNHdTckh5Yng2ZlNDU1pma3RQY2IwZVdSdkVINllaVGpPX3MyaVhtWUttYWw2V1oyMHAwWVg2U0dfZ0EyTzNFeUNNbFdTQTJiTTVKRDhmWUItZUI3a0w2bDJxQXU5SFBnOVVzeDR5RUdWelJRckpzdFEtLW9YamdubWUzNzBXOUxXU2tuaUlfR1AtZ2hpZnR6Q2Iwd1hqVnc?oc=5&hl=en-US&gl=US&ceid=US:en,Gestão e RH,Imprensa Local,Catu,busca_automatica,correta
2017-09-13,Arquivo de IF Baiano,Agência Sertão,https://news.google.com/rss/articles/CBMiZEFVX3lxTE5iX2tXbmh5UkNPQVZPbFVrM1hHZlplMnJJdnRoNjJNRlRxMHZfMUk3OG95aktHTFNULXF4b3N6d1EyMmNZaVdRR2ZvZDdtbkdUQUdUbm1nWWZ3ZlpJQ2w3eTlqbHc?oc=5&hl=en-US&gl=US&ceid=US:en,Institucional,Imprensa Local,Geral / Não Especificado,busca_automatica,correta
2017-09-09,IF Baiano oferece mais de 2 mil vagas para o Processo Seletivo 2018,InfoEscola,https://news.google.com/rss/articles/CBMipwFBVV95cUxOY3JnMXpuaGduWHRKcnQzSW0zTTFzNmxOZ2lDSC1nX051blpNcWl4V3NLUUxNZEVfb09VeEViSmpYaVRaV212OGFlbmlpUVFKOEp3Sm8wQ3o2RW9IUFkyLUxadTJ2RVJrS0tuMjBhQkZLcG54ZkFyNjVPRGROSmFqeFZDMVZIVEd4UEM4WVBxcjJLLVJhUUNLYlJ5RnpBN2pCRDZrWGlTSQ?oc=5&hl=en-US&gl=US&ceid=US:en,Gestão e RH,Imprensa Local,Geral / Não Especificado,busca_automatica,correta
2017-09-03,IF Baiano – Campus Bom Jesus da Lapa oferta 120 vagas para ingresso de estudantes,Notícias de Bom Jesus da Lapa,https://news.google.com/rss/articles/CBMi1gFBVV95cUxOTU1hNmw3LU90U3k4NEFsNl9lMnBIMVhsQi0yZjZJVGZRR284VnZfLWN1V3ZEZ2hpNUExR0plNTFpRm9wcjM3THRvNjlmOVZFUUwxQ3gzOXlRdF9vdDIyeGNkSWRhd21qTnZJWjlLU2U4ZWMzb0d0aE8xNW50ZVJUc1lqa2tSd3YtUm9CYkwydnJZVkxzUFBoNEN3SnRsNURaUVVrR1RWc2dyTTFHeGZUWU96VHhhZENuMnlWSzRBbm05eGpFV05rbjR0cEVuaW54cVBlaWxn?oc=5&hl=en-US&gl=US&ceid=US:en,Gestão e RH,Imprensa Local,Bom Jesus da Lapa,busca_automatica,correta
2017-07-23,IF Baiano divulga gabarito das provas de concurso na terça-feira,Ache Concursos,https://news.google.com/rss/articles/CBMirwFBVV95cUxNeUUxMUxtbk9HMU85cGpSNWhxaVdjX0lKRzdsMVJiYWJ3N0RMR0ZrQ0dpRTZuSnJXbGJkN2FzcW1hckpvdGg1ajViVG4wY0xRNWkzMmVVMGV3dUkzWHhXRzI1QnhKVXp6eFZzQkd1Wm43cXBxNFBIVjA3V3lST1cyNWE0ZVEtalNNUU1fMElSLUYxb014a3pJZm9jZ01GTnBRb3JpMkk4T21qdUNfa1Iw0gG0AUFVX3lxTE1xejZ1ZXZrSW52aVNjN0IxaC1Rc204aU9QcmRMS0lYMEZpQmZhTmw1U0Z0bFU2SEd4Q2stcU55c2NiODEzb09hR2dqR180WHA3MGlHMWVWWjZrRk9BbmJIZ1ltdUVCWkVTYmdGTkdsVVdxMzBTUmdUTTNjZ051RjBSVGxORUtQZ1ZuWjhub002Q2hfSjhIV0IyNGZNZGtNZ09ZSXBabUJfUlZrOVM2RzNEejFyZg?oc=5&hl=en-US&gl=US&ceid=US:en,Gestão e RH,Especializados (Nichos),Geral / Não Especificado,busca_automatica,correta
2017-06-27,IF Baiano abre seleção para cursos técnicos nos campi Valença e Teixeira,Valença Agora -,https://news.google.com/rss/articles/CBMinwFBVV95cUxQd05WM1RIUkstZWhVRkNneHdJUGw5WUlMdkd0cUZDUkpoMldaUU9HM1JpenFabGhvU2Q1SDNSWm1fZ1IyanlPbk02d3FSS3Bub1NEb1lUOUU5UFNYNF9CWVFETTNsZEtucnFtVjFtSFlXLWVtSTBDTDhZZndzZjd6WG1CemdieWpLRWxoOUFjN0NkTF83QXQyQkpmeWNvbkU?oc=5&hl=en-US&gl=US&ceid=US:en,Gestão e RH,Imprensa Local,Valença,busca_automatica,correta
2017-06-21,IF Baiano realiza Dia de Campo Sobre Cultivo de Mamona,Agência Sertão,https://news.google.com/rss/articles/CBMilwFBVV95cUxNVXlndVllWWZkRHMzZW1Nc0tkQ0xpZUp2LTZpazFOWlpzM1NRRFIybGF4cENONW9RZjAyclJIU2dIYmxWZ2ZnbnA5M0RZZ2NsTU0wdXpzaEpGWVphdFlGTXlFUXEwZl9EY1hBVWhsZnlob0RjVXdVVVZjX29udzNGZXc2VEtxVU1FMTBJVDFwdFV0MExLOGlF0gGXAUFVX3lxTE1VeWd1WWVZZmREczNlbU1zS2RDTGllSnYtNmlrMU5aWnMzU1FEUjJsYXhwQ041b1FmMDJyUkhTZ0hibFZnZmducDkzRFlnY2xNTTB1enNoSkZZWmF0WUZNeUVRcTBmX0RjWEFVaGxmeWhvRGNVd1VVVmNfb253M0ZldzZUS3FVTUUxMElUMXB0VXQwTEs4aUU?oc=5&hl=en-US&gl=US&ceid=US:en,Pesquisa,Imprensa Local,Geral / Não Especificado,busca_automatica,correta
2017-06-01,IF Baiano promove II Encontro do Ovinocaprinocultura no próximo dia 10,Agência Sertão,https://news.google.com/rss/articles/CBMirAFBVV95cUxOMmhha2wtZXdtQTN2NHJ1RUg1YTVLSjcxODV3UlBmSG9uZWQweUVJRDZPOHBKbDBGVEluY0JFWTZCYm9MMjREc0Mybm00enRIcFkwR25idFJrYmIxU1NUZE5nWTJIRFlkWGNHSjNwY0JRRmJCeGRxWHJ5ZXQ4Zkd4aWZ3eGozS0tOSlBKMjRGOVJuVTRMZk13aGU2Znh2VkU4QW5VcEE1QzFOUjhC0gGsAUFVX3lxTE4yaGFrbC1ld21BM3Y0cnVFSDVhNUtKNzE4NXdSUGZIb25lZDB5RUlENk84cEpsMEZUSW5jQkVZNkJib0wyNERzQzJubTR6dEhwWTBHbmJ0UmtiYjFTU1RkTmdZMkhEWWRYY0dKM3BjQlFGYkJ4ZHFYcnlldDhmR3hpZnd4ajNLS05KUEoyNEY5Um5VNExmTXdoZTZmeHZWRThBblVwQTVDMU5SOEI?oc=5&hl=en-US&gl=US&ceid=US:en,Institucional,Imprensa Local,Geral / Não Especificado,busca_automatica,correta
2017-05-26,Instituto Federal Baiano - Alagoinhas divulga resultado final do Processo Seletivo para cursos de Qualificação Profissional,InfoEscola,https://news.google.com/rss/articles/CBMi7wFBVV95cUxNTFpicGw0MnhQNzdYalVwSlMzNkxjYVdSeGc2LXp3TV9hbTlpUi0tS3A4bEVvaFQ1VVQ4dkI4NmVhLV9Bd0NFVzVqODFuNTlOZnFwUUtueG5LNXFpRWU0Y3MwX0RQMlh2dzVpTE9STDcyQloxQVluSS1xRFN6bldONnJuS1VOUmVPZVlNNEFEd2xMZWFra3FUSEs5anhfSi1JdmFybGJJX0pyTWNrcThodzh4RVJXS1dVMENMWGdvSHB5MzhvVlpnaTd2bVl4S3JtckJSVUdWUFBpNVRQZktqUU1qY21ic2g3enpxVlQ2bw?oc=5&hl=en-US&gl=US&ceid=US:en,Gestão e RH,Imprensa Local,Alagoinhas,busca_automatica,correta
2017-05-18,IF Baiano - Câmpus Alagoinhas oferece diversos cursos gratuitos de Qualificação Profissional,InfoEscola,https://news.google.com/rss/articles/CBMixgFBVV95cUxQejRMYWtCcWRIUXhBTEpxQXVNZUlZdVJjekJNWl9jZzVuV0o1X2pfQjFCOElSdERfRWx5NWd6LWx1RG9iM3g0a1psUElfS3BTR291UW1rVlEteDNfMUNiQU5adlZfcmhtN2g4aHRWX3IzdE9QUGxhYVdyMVB1bmtDbmhTSENNVjFPRGp4c3BxaThmQXQyYVlrVEM4c3F6RzlZeW0wZ2oydmdSR2pqZnJoZ2JoM3MtdkFPNF9jS3pkX0NuWFd6aVE?oc=5&hl=en-US&gl=US&ceid=US:en,Ensino,Imprensa Local,Alagoinhas,busca_automatica,correta
2017-02-06,IF Baiano em Senhor do Bonfim faz 1ª chamada de matrícula 2017,Blog do Eloilton Cajuhy,https://news.google.com/rss/articles/CBMipwFBVV95cUxNRmItWjFBU0FDZDhKbklvZWRkV28zVGZDdVdaSnlvbGlxN25QWlRPU1RxN2NBd2d0MVVYVEluSElQNWlCZHhDWXl2ZGUtbnd1aWF3MDl4WENoWi1NcWJjRUlXbndjSzloVno4VjBaY21IaDJfbF8yWlg5Q2pvaXlTUkNRb2djWWIwMzRGVXNpM2pJajhnTlBnSDNBWlU0Qnl1ZlRPbEJkcw?oc=5&hl=en-US&gl=US&ceid=US:en,Ensino,Imprensa Local,Senhor do Bonfim,busca_automatica,correta
2017-01-23,IF Baiano altera cronograma para 65 vagas,Folha PE,https://news.google.com/rss/articles/CBMipAFBVV95cUxOeHpGMmF2SE1rVFEwcGp5aHZwZ1JLZWxvcl9IZXFVYm41b0RnQU5OWDNnckxjTnBob3A3R1hRRGZzSGZtcUsyanQybHZ5WUhJX3RrRzN4UXEwdkF1c2o5XzVYMVE0NlpVM21SSWVZSGliNEpGdmFVVW5GSHVVZEF1cDFxMDZwcW1vV1NicUlFaHFpWXd0SW1MSENlT2lLUjU3WGpwcA?oc=5&hl=en-US&gl=US&ceid=US:en,Gestão e RH,Imprensa (Nacional),Geral / Não Especificado,busca_automatica,correta
2016-12-23,Concurso IF Baiano: Inscrições começam HOJE. Vagas para nível médio e superior. Saiba mais!,Estratégia Concursos,https://news.google.com/rss/articles/CBMiekFVX3lxTFBQOHdjTWkwSzhVTnltbF92LWVvZ1pIaU55aEZaQi1TMm5Ed0hIRzhsaXU1Z3BScHhSZjNQM3JnZF83STUzY3VScDNDMDNSMWtlWDVvMVRqN284ZFlTT1RyMUc0d285eDZ3X0Nzc2NudGozT09JaFhhekN30gF_QVVfeXFMTkY1OHJmdFlQbWhfZ1hQaWUzU052X3ZNdlJidzduVWhnYU1Xc0h3NkU4eVpxcTl6T2pHVEQtTVNJeWE5NWM4TTRBdl9IMlRxVWR6X2QwalB0V2MxcjAyQW1RNG1TWGZrd3ZrMWY4LUE2NkI1S3ZrTTE3aHRlT004OA?oc=5&hl=en-US&gl=US&ceid=US:en,Gestão e RH,Especializados (Nichos),Geral / Não Especificado,busca_automatica,correta
2016-12-22,Vídeo: Estudante do IF Baiano apresenta trabalho sobre Internet das Coisas,Agência Sertão,https://news.google.com/rss/articles/CBMisAFBVV95cUxNbVFjYkhSSnpEQjlIVVJ1bm12ZFRlNDNaQzNNY0IxdjUwUU50WEQ3ck84WE9PdFFRRHRsZVpMWFVNTXlRN1pTNThMZ0JMOXpVSEt1MnZ5UXZzcVE2VHJxUV9JY3k3YlJPa2lDdVVDbDhyYW5jeFFaMVhvSkliQzJacFB3bXRTZFJ0WFhrWjRTQmZfdW5ldF9mZU1NajRuLTZ3dl9fR19wYktyNUpjblRhddIBsAFBVV95cUxNbVFjYkhSSnpEQjlIVVJ1bm12ZFRlNDNaQzNNY0IxdjUwUU50WEQ3ck84WE9PdFFRRHRsZVpMWFVNTXlRN1pTNThMZ0JMOXpVSEt1MnZ5UXZzcVE2VHJxUV9JY3k3YlJPa2lDdVVDbDhyYW5jeFFaMVhvSkliQzJacFB3bXRTZFJ0WFhrWjRTQmZfdW5ldF9mZU1NajRuLTZ3dl9fR19wYktyNUpjblRhdQ?oc=5&hl=en-US&gl=US&ceid=US:en,Ensino,Imprensa Local,Geral / Não Especificado,busca_automatica,correta
2016-11-27,Aulas do IF Baiano Campus Guanambi serão retomadas nesta quarta-feira (30),Agência Sertão,https://news.google.com/rss/articles/CBMiowFBVV95cUxPc082VGhnd2Q3eVVoemNKOFNaTmljQ2FRTHdST2VIbVhQckc2bG41XzNVTGVRMldXSWRwelU4X19PQ2NPX21RQ1pIdUFpNWNSQXRBVF8ydXpnRkVKSjloSk03Y09nbnZmRTk2SlItSzZ1bE1nazlKVVI3Q2g4QVByX1F3X0VyaElHcVZ6VFBUeDFPTXNYRzdqd3hsbWNDS3RUcExR0gGjAUFVX3lxTE9zTzZUaGd3ZDd5VWh6Y0o4U1pOaWNDYVFMd1JPZUhtWFByRzZsbjVfM1VMZVEyV1dJZHB6VThfX09DY09fbVFDWkh1QWk1Y1JBdEFUXzJ1emdGRUpKOWhKTTdjT2dudmZFOTZKUi1LNnVsTWdrOUpVUjdDaDhBUHJfUXdfRXJoSUdxVnpUUFR4MU9Nc1hHN2p3eGxtY0NLdFRwTFE?oc=5&hl=en-US&gl=US&ceid=US:en,Ensino,Imprensa Local,Guanambi,busca_automatica,correta
2016-11-09,"IF Baiano abre concurso com 65 vagas de até R$ 9,1 mil",Folha PE,https://news.google.com/rss/articles/CBMisgFBVV95cUxQUHQ3ankyQkZNU05fRGdqem92X0MwVVl6S1RlMjhwSG5vSmlLd213TUR4MDJOVzBOQi04N2d0M2J3TlA5WlF6TWxCNGFRcjZ3NlJqY2htaF9RemlnMy11ZmprLWw2ZEdHXzZ0VlVCZ21OdXViZVh2c1puTVNlVDVkS294THNieHBodW1qNllXaGloRmVCbTg1SWFwZmUyR2gwMUpjU0hjSUNzUlJyVVctempR?oc=5&hl=en-US&gl=US&ceid=US:en,Gestão e RH,Imprensa (Nacional),Geral / Não Especificado,busca_automatica,correta
2016-11-08,"IF Baiano abre concurso com 65 vagas de até R$ 9,1 mil",Mídia Externa,https://www.folhape.com.br/colunistas/geral/2421-IF-BAIANO-ABRE-CONCURSO-COM-VAGAS-ATE-MIL/883,Gestão e RH,Imprensa Local,Geral / Não Especificado,busca_automatica,correta
2016-10-18,Estado de greve: professores do IF Baiano podem paralisar atividades na sexta,SulBahiaNews,https://news.google.com/rss/articles/CBMirgFBVV95cUxNMjlKdERTLUFoVkRIMFBfQWE1RHE4YVlJVEZ5SHJqUHBwbjBSb0g0dnBUdUZjRGV5cHZDME5ZMThDcE9YYlE1eHRVYXc0VWItajRqWFY1aDNnek03bUxzaDQzNTh4U2pab1BvNE1rMmFHZEhITllTTTJZbTFCUW1kZXl6UTgxQUhrQThaUkNObUp2ZVdhUng2ejZFN3NraTBPTGlQdXVYc0tGQUM1dFE?oc=5&hl=en-US&gl=US&ceid=US:en,Gestão e RH,Imprensa Local,Geral / Não Especificado,busca_automatica,correta
2016-10-08,IF Baiano termina segunda-feira as inscrições do Processo Seletivo 2017,InfoEscola,https://news.google.com/rss/articles/CBMirAFBVV95cUxPVm5YWFFPNTROWllFQTViYk9oUl9NMkpoT1BVR0VOaUJFWlBpelU0U1A1T05tdDZ1eW9vRk9pUU1iYmdCazFwcVlxLUpRTWxEYXVZUE1WcFY1SkxrTThmTDN3d3dtZU1nbEZJLXZkdGw3bk9XWURjOTBUYVlqcXhEb3puejNaQXJNSHRiQWFSRGpldzBKZGlKQm9CeFN6Y05zRmNMRExmanlQcHpv?oc=5&hl=en-US&gl=US&ceid=US:en,Gestão e RH,Imprensa Local,Geral / Não Especificado,busca_automatica,correta
2016-09-01,Concurso IF Baiano: órgão lança novos editais para preenchimento de 65 vagas,Agência Sertão,https://news.google.com/rss/articles/CBMiswFBVV95cUxNcDBLcV81TTcweHR2QV9SeGlzYlppekFDT2x5dlRjdlY5ZFFtU2hJRk56cW94YzBUd2xCV091MTVzcDgxeE1zZWhHWERxdnZzSE4xYS1jTFBGOUJGQ0d4WWpjdXFOdW9HMUtPSkQxdVpNUmtZSU5fTm5RY1lWX3htY1RzcHFKUWNzZHowVUtZak4zeVZIZktNRHpjc0NlMnd2Z0ZYaElEWXpoblVVNWdsSGdwTdIBswFBVV95cUxNcDBLcV81TTcweHR2QV9SeGlzYlppekFDT2x5dlRjdlY5ZFFtU2hJRk56cW94YzBUd2xCV091MTVzcDgxeE1zZWhHWERxdnZzSE4xYS1jTFBGOUJGQ0d4WWpjdXFOdW9HMUtPSkQxdVpNUmtZSU5fTm5RY1lWX3htY1RzcHFKUWNzZHowVUtZak4zeVZIZktNRHpjc0NlMnd2Z0ZYaElEWXpoblVVNWdsSGdwTQ?oc=5&hl=en-US&gl=US&ceid=US:en,Gestão e RH,Imprensa Local,Geral / Não Especificado,busca_automatica,correta
2016-08-03,IF Baiano Campus Guanambi abre seleção com sete vagas para professor substituto,Agência Sertão,https://news.google.com/rss/articles/CBMiuAFBVV95cUxOSDRrM2pBb2FZYVoxanFGaFUwQnAzOThHS2tFeW9Nek1ONTB0b1BmSkZLYV9xMklBamlRQmc1clM1QjByVC1kdURvTFoyamhtYUFIUDBEQUVvdDFtWXgwQml1U2JiSk1nYXNaNkhacWdQOUtDazEtM0pzV0lZWEhNc25GX25BTi1ha1E2bGNlZ0MxemtBblBuYkhUek0yX3RiZDFQTFF2ZU54QlkwTFZpUDdqR3RQYjNW0gG4AUFVX3lxTE5INGszakFvYVlhWjFqcUZoVTBCcDM5OEdLa0V5b016TU41MHRvUGZKRkthX3EySUFqaVFCZzVyUzVCMHJULWR1RG9MWjJqaG1hQUhQMERBRW90MW1ZeDBCaXVTYmJKTWdhc1o2SFpxZ1A5S0NrMS0zSnNXSVlYSE1zbkZfbkFOLWFrUTZsY2VnQzF6a0FuUG5iSFR6TTJfdGJkMVBMUXZlTnhCWTBMVmlQN2pHdFBiM1Y?oc=5&hl=en-US&gl=US&ceid=US:en,Gestão e RH,Imprensa Local,Guanambi,busca_automatica,correta
2016-07-31,IF Baiano terá Núcleo de Estudos em Agroecologia e Produção Orgânica do Território Sertão Produtivo,Agência Sertão,https://news.google.com/rss/articles/CBMi0wFBVV95cUxQQ2dnZWZLYjFWZXRBN2Y3dDd2YnB0bUJ6bWUzUHdrRXBxZ0JidmhZRVJDSG1XS0tkb0M4ekVTdWVuSWd6b3BkUFBUa0xheENXVjlObTdjcC1menJwcmtFRjloQkRzdi1yTC12NjNrak51N3NOSjlHcFd6bUdhaWloaC14Y2dDYmpBVW1Gd2cxUzZfaGVTRF83RVBkRVBhc0hBZG40Ykd0WlBtdFZvSEN2QzE4R2lSRkpmSnBVWmQ3YmRfeXhqZTl3eFNKZnpYUVU2Rmlz0gHTAUFVX3lxTFBDZ2dlZktiMVZldEE3Zjd0N3ZicHRtQnptZTNQd2tFcHFnQmJ2aFlFUkNIbVdLS2RvQzh6RVN1ZW5JZ3pvcGRQUFRrTGF4Q1dWOU5tN2NwLWZ6cnBya0VGOWhCRHN2LXJMLXY2M2tqTnU3c05KOUdwV3ptR2FpaWhoLXhjZ0NiakFVbUZ3ZzFTNl9oZVNEXzdFUGRFUGFzSEFkbjRiR3RaUG10Vm9IQ3ZDMThHaVJGSmZKcFVaZDdiZF95eGplOXd4U0pmelhRVTZGaXM?oc=5&hl=en-US&gl=US&ceid=US:en,Institucional,Imprensa Local,Geral / Não Especificado,busca_automatica,correta
2016-07-01,IF Baiano abre seleção para bolsistas na Educação a Distância,Agência Sertão,https://news.google.com/rss/articles/CBMingFBVV95cUxOSWwwUGNTWUZnTjRFMGpEc2kzQTdhbjZuaTk1dHF4amE4N1FqdUVTcWl2VFFNa0RhZjU5cHI1LXNSV3c0eFc0aGxFQ3RmSVpPZzcxTU10OHpSSlV4aGxHdDhtVjloeEotM1UtVlR0M2hkX2ppNkxXTlBhWS1OVS1MVlhOQU9LNkZLdDYxUmYzVUR2T3lNN25hQ3hYQWlBZ9IBngFBVV95cUxOSWwwUGNTWUZnTjRFMGpEc2kzQTdhbjZuaTk1dHF4amE4N1FqdUVTcWl2VFFNa0RhZjU5cHI1LXNSV3c0eFc0aGxFQ3RmSVpPZzcxTU10OHpSSlV4aGxHdDhtVjloeEotM1UtVlR0M2hkX2ppNkxXTlBhWS1OVS1MVlhOQU9LNkZLdDYxUmYzVUR2T3lNN25hQ3hYQWlBZw?oc=5&hl=en-US&gl=US&ceid=US:en,Gestão e RH,Imprensa Local,Geral / Não Especificado,busca_automatica,correta
2016-05-24,EDITAL DE SELEÇÃO DINTER UFRB/IFBaiano 2015,UFRB – Universidade Federal do Recôncavo da Bahia,https://news.google.com/rss/articles/CBMixwFBVV95cUxOaVk2bzdVclFtY0daSVJDZUx6ME41d1RDRFg3UUdsV2c0TGNXVVBsb3dEdE9SYlhYcFZqTXpoNExuU1NaaVZPanZFdkZRbW1TaWxwN0lNZFRIU0swbk9pSDFuTXlSbVBzU2M3ZXFaWVhjekM2RUk2b05nVW9vRWtxcVIxLVlJN0h0Y3lnZHJhMkFuWHRkSThlUTVnNE03Y09tYkNIZzZVMlo1SVEyUVpGUlA5b3VHUDBPSFprUm40WFRyQWljajRv?oc=5&hl=en-US&gl=US&ceid=US:en,Gestão e RH,Outras Instituições de Ensino,Geral / Não Especificado,busca_automatica,correta
2016-04-11,IF Baiano selecionará até 60 propostas de Pesquisa,InfoEscola,https://news.google.com/rss/articles/CBMiVkFVX3lxTE9hWGxUcmxDMi0tbllGcWRiSUNxVjZjaHBlYnJjLVB6cVVmeVU1OVhaQ2NOUmYweURsLTF4U25MVzFGbXI2Q3pQOV9QWHBibGNhSXNnS0tR?oc=5&hl=en-US&gl=US&ceid=US:en,Pesquisa,Imprensa Local,Geral / Não Especificado,busca_automatica,correta
2016-03-16,IF Baiano Campus Guanambi mantem acervo de umbuzeiros e umbucajazeiras,Agência Sertão,https://news.google.com/rss/articles/CBMingFBVV95cUxOalBGVU4zSGdzTEs2WEJYUkFRTEFHOEFCVW5PMWZKMWlMZFNDVXllaTYzNmcyb3NGY0U2N2hBZlB0VDFQOWk5OXVURlZqVWRMN2tyVzFQYmZHa0h3eWk2TmhDZHE4di16MzczMkhOZ0FKV1lnMHpsVGlRT1k5RHR6TzBZMzhvY2ZmZVY3MDdZQ0dfOUlkNW5CWEN4SXJaQdIBngFBVV95cUxOalBGVU4zSGdzTEs2WEJYUkFRTEFHOEFCVW5PMWZKMWlMZFNDVXllaTYzNmcyb3NGY0U2N2hBZlB0VDFQOWk5OXVURlZqVWRMN2tyVzFQYmZHa0h3eWk2TmhDZHE4di16MzczMkhOZ0FKV1lnMHpsVGlRT1k5RHR6TzBZMzhvY2ZmZVY3MDdZQ0dfOUlkNW5CWEN4SXJaQQ?oc=5&hl=en-US&gl=US&ceid=US:en,Institucional,Imprensa Local,Guanambi,busca_automatica,correta
2016-02-19,Concurso Instituto Federal Baiano: 10 dicas para o cargo de técnico-administrativo!,Blog Gran Cursos Online,https://news.google.com/rss/articles/CBMiuwFBVV95cUxPN1NESzlNVzVTclVxTm41NXdFcHhxdUhwY0lYazltRlV1ZXhPc2JEb1RMUm14N3V0aklmeWtyaW5OVGFLS2N1UWxYYWJlanhHSXAzMmItaVdkNW1aUHNwcHZXQk9PZmtKVjVxeTYtdzVDQmhXdlhaTXl1dmNiUEtXcU9JZHdfVV80djFXcTVYbjZVNzdxZFFLRk9sc04ycUMzYjJwc2hUbU9xZE9DZ21YelkzWnJEQ05kMHFB?oc=5&hl=en-US&gl=US&ceid=US:en,Gestão e RH,Especializados (Nichos),Geral / Não Especificado,busca_automatica,correta
2016-01-28,IF Baiano – Seleção: Abertas inscrições para professor substituto em Bom Jesus da Lapa,Agência Sertão,https://news.google.com/rss/articles/CBMivgFBVV95cUxNVjNxZjJRTy1ETzc2emJWRkplc29xZ3p4a1dyT3FiVWkxS01FQWVNQld6NHFYaDJuZGszUlpvTVRKSzlKSUUzU2RGRkQ0eWs4NTR1cGRtZjhfck1DLWwzZzQ3OUVFUXo0cXJiUnMxanhFUk1kTW1ZT2p0cjBYS0t3c3hyNjg3YU44NzdWZkN1Z3ZOMmRxOEhkLThXb3Z1ZzlBZGRaelVZUlc1RG05M0RtdHM0SzgtSTI3RWgxN29n0gG-AUFVX3lxTE1WM3FmMlFPLURPNzZ6YlZGSmVzb3FnenhrV3JPcWJVaTFLTUVBZU1CV3o0cVhoMm5kazNSWm9NVEpLOUpJRTNTZEZGRDR5azg1NHVwZG1mOF9yTUMtbDNnNDc5RUVRejRxcmJSczFqeEVSTWRNbVlPanRyMFhLS3dzeHI2ODdhTjg3N1ZmQ3Vndk4yZHE4SGQtOFdvdnVnOUFkZFp6VVlSVzVEbTkzRG10czRLOC1JMjdFaDE3b2c?oc=5&hl=en-US&gl=US&ceid=US:en,Gestão e RH,Imprensa Local,Bom Jesus da Lapa,busca_automatica,correta
2015-11-27,Instituto Federal Baiano reabre inscrições para todos os níveis e adia provas! Novo prazo segue até dia 11!,Blog Gran Cursos Online,https://news.google.com/rss/articles/CBMi2gFBVV95cUxPcTVIcm1QRHFVQ2FkdkVNLUF1LUl0d0R1U1h0UGZ3OU1PbE5JTmFvOXh1OFlHQ0ZqdEtFUmpCY1hNdUViaS1fVjZ2SG9SMHM1QlJUMjZ4UFhtbF9UeVNUNG1VMEFaVjhFUXQ5TGFjQ0lPcmV5TnZVaGtBcVI1VGRFblN6QUZaX2p1NWdwWnFMdlRpNlVhMnZVYU5NVVNudnk4aXh3ZTN5NkpSMkJnZmFkSzdoLVRaUlZfVm03a3BJdFliekVDWlNEX2pVa1d5Y2Rvb1MyT1FSYmhoZw?oc=5&hl=en-US&gl=US&ceid=US:en,Institucional,Especializados (Nichos),Geral / Não Especificado,busca_automatica,correta
2015-11-27,Concurso IF Baiano 2015,Ache Concursos,https://news.google.com/rss/articles/CBMifEFVX3lxTE0tSzJlVVpqMFZUMUx6Q2dUTXdvQzZZc0hSQ3ZiWEFkUlM5YWRGTUs0czZwVUNvaUw1VTBCM0xNVzAybmlGSm1nOFRqT0p6UGFHdjh5cGhiaTRkZkF2SFQ0cTJjVkl1MTY5Vk1qa0xIMXpLV0s3RWdISUw4Y1bSAYIBQVVfeXFMTUJZcUpuNXd4VXZkUEtYbjNWNlItZmo5azhWNjd3R1dXM0pUYUNPS1lZa2Q5WHpTb3d0M1dJenRjZVBKUXdYLWtmaWlyX2VuLW9qSEpBV0cxZVRMRVRxWEMxNFo4ZDhXQ3o5NnVCanNFamF0XzZEcjlQZTdrX3RiZWNtUQ?oc=5&hl=en-US&gl=US&ceid=US:en,Gestão e RH,Especializados (Nichos),Geral / Não Especificado,busca_automatica,correta
2015-10-23,"Últimas horas de inscrição para o concurso do IF Baiano, aproveite!",Nova Concursos,https://news.google.com/rss/articles/CBMiwAFBVV95cUxPVVdKYXVHaHhHTmVwaVRNYkQzY1ppdV9TR25jUW16V19YcjBxN2Y3RUVyVnk4aUI1UWxfaEh6a0dZZWJVU0VLQWtWY255UmNHMW9fZTlBOWVDdEtTdWROdzZYcVVCM2xQOG9IaEVmWDhpaTFlVV9BMmJVLXBNNG1VSWRlRTBJZHo0QVRCTTE5dVBGUFdfeFhzSzVyMnlBZmRjZFktQW9fZjRYRVVQQ05nWk9hdFJ4dFlUTFZoZ3A4bV8?oc=5&hl=en-US&gl=US&ceid=US:en,Gestão e RH,Especializados (Nichos),Geral / Não Especificado,busca_automatica,correta
2015-10-19,Última semana de inscrição para o concurso do IF Baiano,Agência Sertão,https://news.google.com/rss/articles/CBMimAFBVV95cUxPYk1Sck1DencxdnZOUk5SYnNrTEsxUDM5ZHBaYTcwX2hwX0lJelJ5Z25FYjhraEJXYzBTWHlyWGtGb1N6TVAyTGwzeVlBdnJKdTl5dXdBaDRLVEFaTGY1ZlhqNXc5ekQ4ZjRkZ2R1WTZmU2NvdzltM0hXTTJhdXNYZ3drNzBHNDhwM1E3RXpLUExIQWpxLVRvQ9IBmAFBVV95cUxPYk1Sck1DencxdnZOUk5SYnNrTEsxUDM5ZHBaYTcwX2hwX0lJelJ5Z25FYjhraEJXYzBTWHlyWGtGb1N6TVAyTGwzeVlBdnJKdTl5dXdBaDRLVEFaTGY1ZlhqNXc5ekQ4ZjRkZ2R1WTZmU2NvdzltM0hXTTJhdXNYZ3drNzBHNDhwM1E3RXpLUExIQWpxLVRvQw?oc=5&hl=en-US&gl=US&ceid=US:en,Gestão e RH,Imprensa Local,Geral / Não Especificado,busca_automatica,correta
2015-07-07,Estudantes do IF Baiano serão monitores do Projeto Mão na Horta,Prefeitura de Alagoinhas,https://news.google.com/rss/articles/CBMiqwFBVV95cUxQYldEZ2s1LXEtTmt6aWlTeTljTFVsc3VqWkF3VzhSeF83VDdxOS1CM1VWWk55QTRtYmdsTmdUVWZLdzE1dXlNRTdlc04xTDFZWldjU0NZU3Jfc285eU11M0c2Vm93Q3FTX284YmRXWjZ0R0VrV3RORm9ZOEFjQjE3SjRfOV9RZjIxeFFnLVdPbkpPOE05WnlXbVpaTGVQVy1FV2doXzA0Y3ZYS3c?oc=5&hl=en-US&gl=US&ceid=US:en,Ensino,Governamental,Alagoinhas,busca_automatica,correta
2015-01-12,IF Baiano: Campus Senhor do Bonfim abre concurso para professor,Jornal da Chapada,https://news.google.com/rss/articles/CBMiqAFBVV95cUxQMWxQNEhfSDJlUUw1U2VMNUpkaXlBQUFuMFdBeWRYc3JweDVvRWhBV3NWTUowZEI3aGEtYTh0bVdRWVJvYzVlOFNvNnZtbkI0dlZTMmZMbnZmU1llQkM0LVNFaDBfYmRSbzJhQ3lrOURSN2hZaTh2ODhZaUhOejJOYXpMTUlfYjZib3lHUm82T2U0TS1VNzgwUUo4Q3JBNXdXY21aT3dTV0bSAa4BQVVfeXFMUEtxYUNOX2x4YTU1LWdIamN6ZjR6OXJ3NHI4Z3owbjlScHNLbUNNYVRoMUhhTW5vRnpaNXhVOU9fcEpZU3F6UVpxVGowVUtXMjRobHhkRmZSd2NYcU9ELUtGTXM4Z1d1d0JTajVGSkN1cHJrVDE2Y0NGSmNxY2t2Z3ZpMWllbHMtTWlLczI3TWlsMlVMR2xZWTBfdDl2TUJqOG03TXpjbnNTMmowS3ZR?oc=5&hl=en-US&gl=US&ceid=US:en,Gestão e RH,Imprensa Local,Senhor do Bonfim,busca_automatica,correta
2014-11-27,"IF BAIANO, CAMPUS ITAPETINGA, ABRE VAGAS PARA PROFESSORES SUBSTITUTO E TEMPORÁRIO.",ITAPETINGA AGORA,https://news.google.com/rss/articles/CBMilAFBVV95cUxOeWFQY05OaldxR1hZOFBQY2FEVFhMeU95V3BOeHJRX0NFR2VIYTNFZlh6V0hyWEQ1UE9JV1FuSlVWVS1OWk1NcUJ0U3hkajVJQ1BaZ3JTbWFUTmxkWXltaGVWTjJFanVJaFZKMlFkdHh5dG5RZDBNZmotYU84QUtZcGZvNnNCbGU3VUE1UU52T2o4MUgx?oc=5&hl=en-US&gl=US&ceid=US:en,Gestão e RH,Imprensa Local,Itapetinga,busca_automatica,correta
2013-12-19,Acidente em frente ao IF Baiano na BR-101 mata senhora de 70 anos,SulBahiaNews,https://news.google.com/rss/articles/CBMinwFBVV95cUxQakZOOWZhQTV2b1YzQzBVeGRDOFlMbUl3elZPbW9OSTVjbE1JQjhXU3VsWXN1LWxCZXJPYkRicUpZVDZaOUwyYkJOdjM0Y2o2bndRcnJ0anpiM2o5YVZsS1l1UkFfclJaQUNKY2VhNkNRZkxEUHB2Q0wyQ3dRQUc5dXJ2YjhYY3ZmSU1PWVR6UVVRRHZCUjRrTks0bFhtQ0E?oc=5&hl=en-US&gl=US&ceid=US:en,Institucional,Imprensa Local,Geral / Não Especificado,busca_automatica,correta
2012-11-05,IF Baiano reabre inscrições para processo seletivo no dia 12,Mídia Externa,https://www.correio24horas.com.br/educacao/if-baiano-reabre-inscricoes-para-processo-seletivo-no-dia-12-1112,Gestão e RH,Imprensa Local,Geral / Não Especificado,busca_automatica,correta
2012-10-22,IF Baiano Campus Governador Mangabeira seleciona estagiários,Universidade Federal do Recôncavo da Bahia (UFRB),https://news.google.com/rss/articles/CBMipAFBVV95cUxQdFdvZ1hwUDRnVWlSZlJnX2xRTTJPX29qSkV0aUNRMmFocHZnZTNmV2lOeFE2dEswOV9Vc21QZGVrM0tLSndtWXJORlc5TWx0ZC1sQ2dYX2ROYW95RVpHZUVHcjBNV0l3SUtLNUdOQ0dobnZWaUp3Ym9GTnM4Rk1VeDVRSU1yNUZSLW9IOUpJRVM0LXVacnRfaEstemZueVREMEsxTw?oc=5&hl=en-US&gl=US&ceid=US:en,Institucional,Outras Instituições de Ensino,Governador Mangabeira,busca_automatica,correta
2012-01-04,"Baiana que entrará no BBB 12 é feirense, estuda zootecnia no IFBA de Santa Inês e quer ficar magra",Bahia Notícias,https://news.google.com/rss/articles/CBMi6AFBVV95cUxONmlDdDF5UE02NVFVSUdYbjE2X3k2Rk9OQkU5QU1oNFFhcU9idmNXdThDYktaZ3BvX2hBYnFVX1Bhd29MQ0wzNEx0dmRxMk0tWlQxQXdEZEIyUGVfT2ctMExRNkxVMWNpcGVXTk1PNzdfdGVTOFByQk9hOElhRU5YYXFyMnBmUUNxT3F0ZUxuYzV3YkNHbXZCWEFuOEpucEhCSU5HZnBuLXNzalFNc3JDUTV0dHNwUUNUUUUtS3ZIRnhOeml3TTVOTlNkVDBlbVpPSVJHU2wtVUxaNE41UERMalZ1T3ZzVHpw?oc=5&hl=en-US&gl=US&ceid=US:en,Institucional,Imprensa Regional (Bahia),Santa Inês,busca_automatica,ifba_no_lugar_do_ifbaiano
2011-12-01,Seagri firma acordo de cooperação técnica com o Instituto Federal Baiano,Revista Cultivar,https://news.google.com/rss/articles/CBMitwFBVV95cUxNX0pHcFNOS2I3RTJjWER1aWM5ZUxrN2RiRFhaMW8xbloxbE1aNUxycEphdlA2ZGxRY1NsR2c0S2x2S2N1VHQxTzVPV2VmNFJfZ25BMi1IQk44dkZpaGZZTnM3NldMd0VmSFl6SVBfZjh5Zm1jaXNZRTJWWWdNeXpnRjZDWUVVc08tU2xHMk9jVVczTE5BQWlEc0pxRWZaRWE1R2JXdjVfSXRGcTB5R3d3SW82Zk82NjA?oc=5&hl=en-US&gl=US&ceid=US:en,Institucional,Imprensa Local,Geral / Não Especificado,busca_automatica,correta
2009-07-16,1 vaga para Professor de Língua Portuguesa no Instituto Federal Baiano - BA,PCI Concursos,https://news.google.com/rss/articles/CBMitAFBVV95cUxPVC1Wb1J2VTNqZFFaQXZsSXIyeG5aS1ZFOEM5XzVMakxvSnhDRzVKYy1ReE03SlEyU3paOXFydXFfTXl6cFUxdVBxel9SVlpsci1RTUZZMzkzRXNqdXhEcGV2Q0lWM2M5Ui13NHJPbU5nZHQ4d08xdEc4akJJYm82cHFWM0lNR3MxQnhrSzFPdFJlOTA1OTBwXzlsMjBVS3dtR3NMWkFVam01TENaRU5SRDlUQTg?oc=5&hl=en-US&gl=US&ceid=US:en,Gestão e RH,Especializados (Nichos),Geral / Não Especificado,busca_automatica,correta
