data,assunto,veiculo,link,eixo_institucional,abrangencia,campus,origem,tipo_mencao
2026-10-04,Prosel 2026,Bahia na Política,https://bahianapolitica.com.br/if-baiano-anuncia-mais-1-405-vagas-para-cursos-subsequentes-em-cinco-unidades/,Ensino,Imprensa Local,Alagoinhas,curadoria_dicom,correta
2026-10-02,Concurso IF Baiano: Edital publicado com 26 Vagas,https://concursos.estrategia.com/portal/concurso-if-baiano-edital/amp/,https://concursos.estrategia.com/portal/concurso-if-baiano-edital/amp/,Gestão e RH,Especializados (Nichos),Geral / Não Especificado,busca_automatica,correta
2026-10-02,Especialização gratuita em Metodologia Contemporânea do Ensino e da Pesquisa em Educação abre vagas para 2027,InfoEducação,https://infoeducacao.com.br/especializacao-gratuita-em-metodologia-contemporanea-do-ensino-e-da-pesquisa-em-educacao-abre-vagas-para-2027/,Gestão e RH,Especializados (Nichos),Geral / Não Especificado,busca_automatica,correta
2026-10-01,IF Baiano abre seleção para pós-graduação em ...,https://bahianapolitica.com.br/if-baiano-abre-selecao-para-pos-graduacao-em-metodologia-contemporanea-do-ensino-e-da-pesquisa-em-educacao/,https://bahianapolitica.com.br/if-baiano-abre-selecao-para-pos-graduacao-em-metodologia-contemporanea-do-ensino-e-da-pesquisa-em-educacao/,Gestão e RH,Especializados (Nichos),Governador Mangabeira,curadoria_dicom,correta
2026-10-01,Instituto Federal abre inscrições para pós-graduação gratuita em Educação e Interdisciplinaridade,PEBSP - Portal de Educação,https://www.pebsp.com/instituto-federal-abre-inscricoes-para-pos-graduacao-gratuita-em-educacao-e-interdisciplinaridade-dcs/,Ensino,Especializados (Nichos),Geral / Não Especificado,busca_automatica,correta
2026-10-01,Pós-Graduação em Educação: IF Baiano abre vagas na Especialização em Metodologia Contemporânea do Ensino,PEBSP - Portal de Educação,https://www.pebsp.com/pos-graduacao-em-educacao-if-baiano-abre-vagas-gratuitas-na-especializacao-em-metodologia-contemporanea-do-ensino-dcs/,Gestão e RH,Especializados (Nichos),Geral / Não Especificado,busca_automatica,correta
2026-09-30,IF Baiano inicia atividades acadêmicas em Santo Estêvão ...,https://jornalgrandebahia.com.br/2026/09/if-baiano-inicia-atividades-academicas-em-santo-estevao-com-curso-de-geoprocessamento-do-pronatec-e-84-vagas/,https://jornalgrandebahia.com.br/2026/09/if-baiano-inicia-atividades-academicas-em-santo-estevao-com-curso-de-geoprocessamento-do-pronatec-e-84-vagas/,Institucional,Especializados (Nichos),Santo Estêvão,curadoria_dicom,correta
2026-09-30,Formação de docentes moçambicanos,Portal Conif,https://portal.conif.org.br/comunicacao/gerais/docentes-mocambicanos-chegam-ao-brasil-para-formacao-em-14-campi-da-rede-federal,Gestão e RH,Governamental,Guanambi,curadoria_dicom,correta
2026-09-29,WAGNER E RUI EXALTAM CHEGADA DE POLICLÍNICA E IF BAIANO: ‘PARCERIA ENTRE LULA E JERÔNIMO’,- Bahia Economica,https://bahiaeconomica.com.br/wp/2026/09/28/wagner-e-rui-exaltam-chegada-de-policlinica-e-if-baiano-parceria-entre-lula-e-jeronimo/,Institucional,Imprensa Local,Geral / Não Especificado,busca_automatica,correta
2026-09-29,Projeto de biomonitoramento de ambientes aquáticos,Funcern,https://funcern.br/noticias/funcern-fortalece-pesquisa-do-if-baiano-para-preservacao-da-lagoa-de-itaparica/,Extensão,Imprensa Local,Xique-Xique,curadoria_dicom,correta
2026-09-29,Salvador: Santuário do Bonfim abre vendas de camisas para caminhada de 2027; renda apoia Projeto Bom Samaritano,Jornal Grande Bahia,https://jornalgrandebahia.com.br/2026/09/salvador-santuario-do-bonfim-abre-vendas-de-camisas-para-caminhada-de-2027-renda-apoia-projeto-bom-samaritano/,Extensão,Imprensa Regional (Bahia),Reitoria (Salvador),busca_automatica,correta
2026-09-29,Formadores de Moçambique participam de formação na Rede ...,https://www.gov.br/mec/pt-br/assuntos/noticias/2026/setembro/formadores-de-mocambique-participam-de-formacao-na-rede-federal,https://www.gov.br/mec/pt-br/assuntos/noticias/2026/setembro/formadores-de-mocambique-participam-de-formacao-na-rede-federal,Institucional,Governamental,Geral / Não Especificado,busca_automatica,correta
2026-09-28,Wagner e Rui exaltam Policlínica e IF Baiano: ‘Parceria Lula-Jerônimo’,bahia.ba,https://bahia.ba/politica/wagner-e-rui-exaltam-policlinica-e-if-baiano-parceria-lula-jeronimo/,Institucional,Imprensa Regional (Bahia),Geral / Não Especificado,busca_automatica,correta
2026-09-28,Últimos dias para inscrições na seleção do IF-Baiano,Bahia na Política,https://bahianapolitica.com.br/ultimos-dias-para-inscricoes-na-selecao-do-if-baiano-ha-520-vagas-no-campus-de-urucuca/,Gestão e RH,Imprensa Local,Reitoria (Salvador),curadoria_dicom,correta
2026-09-28,"Em Remanso, Wagner e Rui exaltam chegada de Policlínica e IF Baiano: ‘Parceria entre Lula e Jerônimo’",Classe Politica,https://classepolitica.com.br/noticia/em-remanso-wagner-e-rui-exaltam-chegada-de-policlinica-e-if-baiano-parceria-entre-lula-e-jeronimo,Institucional,Imprensa Local,Remanso,busca_automatica,correta
2026-09-28,"Em Remanso, Wagner e Rui exaltam chegada de Policlínica e IF Baiano: ‘Parceria entre Lula e Jerônimo’",News BA,https://newsba.com.br/2026/09/28/em-remanso-wagner-e-rui-exaltam-chegada-de-policlinica-e-if-baiano-parceria-entre-lula-e-jeronimo/,Institucional,Imprensa Local,Remanso,busca_automatica,correta
2026-09-28,Wagner e Rui destacam Policlínica e IF Baiano em Remanso,https://panoramadabahia.com.br/wagner-e-rui-destacam-policlinica-e-if-baiano-em-remanso-parceria-entre-lula-e-jeronimo/,https://panoramadabahia.com.br/wagner-e-rui-destacam-policlinica-e-if-baiano-em-remanso-parceria-entre-lula-e-jeronimo/,Institucional,Governamental,Remanso,busca_automatica,correta
2026-09-27,ÚLTIMOS DIAS PARA INSCRIÇÕES NA SELEÇÃO DO IF-BAIANO; HÁ 520 VAGAS NO CAMPUS DE URUÇUCA,Pimenta Blog,https://pimenta.blog.br/2026/09/27/ultimos-dias-para-inscricoes-na-selecao-do-if-baiano-ha-520-vagas-no-campus-de-urucuca/,Gestão e RH,Imprensa Local,Uruçuca,busca_automatica,correta
2026-09-27,Estudante do IF Baiano em Guanambi morre aos 14 anos,Achei Sudoeste,https://www.acheisudoeste.com.br/noticias/guanambi/estudante-do-if-baiano-em-guanambi-morre-aos-14-anos,Ensino,Especializados (Nichos),Guanambi,busca_automatica,correta
2026-09-27,Imprimir - Estudante do IF Baiano em Guanambi morre aos 14 anos,Achei Sudoeste,https://www.acheisudoeste.com.br/noticias/guanambi/estudante-do-if-baiano-em-guanambi-morre-aos-14-anos/imprimir,Ensino,Especializados (Nichos),Guanambi,busca_automatica,correta
2026-09-25,IF BAIANO seleciona assistentes pedagógicos UAB,https://vagastutor.com.br/if-baiano-seleciona-assistentes-pedagogicos-uab/,https://vagastutor.com.br/if-baiano-seleciona-assistentes-pedagogicos-uab/,Institucional,Imprensa Local,Geral / Não Especificado,busca_automatica,correta
2026-09-25,Pós-graduação Metodologia Contemporânea do Ensino e da Pesquisa em Educação,Fala Você Notícias,https://www.falavoce.com.br/noticias/9816-2026/09/25/if-baiano-oferece-35-vagas-em-pos-graduacao-na-area-de-educacao,Ensino,Imprensa Local,Governador Mangabeira,curadoria_dicom,correta
2026-09-24,"E vento “Diálogo sobre Ciência, Tecnologia e Educação",Blog do Gusmão,https://blogdogusmao.com.br/2026/09/24/magno-lavigne-mira-qualificacao-profissional-e-defende-ampliacao-do-programa-manuel-querino/,Pesquisa,Imprensa Local,Reitoria (Salvador),curadoria_dicom,correta
2026-09-24,Pavimentação de avenida,Jornal Grande Bahia,https://jornalgrandebahia.com.br/2026/09/santo-estevao-prefeito-tiago-dias-autoriza-pavimentacao-da-avenida-passos-ferreira-com-r-41-milhoes-e-emenda-de-dal-barreto/,Institucional,Imprensa Regional (Bahia),Santo Estêvão,curadoria_dicom,correta
2026-09-24,"Evento “Diálogo sobre Ciência, Tecnologia e Educação",Pimenta Blog,https://pimenta.blog.br/tag/programa-manuel-querino/,Pesquisa,Imprensa Local,Reitoria (Salvador),curadoria_dicom,correta
2026-09-24,II Seminário de Agroindústria da Agricultura Familiar,Prefeitura de Senhor do Bonfim,https://senhordobonfim.ba.gov.br/ii-seminario-fortalece-agroindustria-e-abre-novas-oportunidades-para-agricultores-familiares-de-senhor-do-bonfim/,Extensão,Governamental,Senhor do Bonfim,curadoria_dicom,correta
2026-09-24,Magno apresenta avanços do Programa Manuel Querino em diálogo com professores do IFBA e IF Baiano,agravo.blog.br,https://www.agravo.blog.br/blog/2026/09/24/magno-apresenta-avancos-do-programa-manuel-querino-em-dialogo-com-professores-do-ifba-e-if-baiano/,Gestão e RH,Imprensa Local,Geral / Não Especificado,busca_automatica,ambos_citados
2026-09-24,"Evento “Diálogo sobre Ciência, Tecnologia e Educação",Bahia sem Fronteiras,https://www.bahiasemfronteiras.com.br/magno-lavigne-mira-qualificacao-profissional-e-defende-ampliacao-do-programa-manuel-querino/,Pesquisa,Imprensa Local,Reitoria (Salvador),curadoria_dicom,correta
2026-09-24,IF Baiano realiza palestra sobre avaliação biopsicossocial de pessoas com deficiência,Fala Você Notícias,https://www.falavoce.com.br/noticias/9783-2026/09/23/if-baiano-realiza-palestra-sobre-avaliacao-biopsicossocial-de-pessoas-com-deficiencia,Pesquisa,Imprensa Local,Geral / Não Especificado,busca_automatica,correta
2026-09-24,IF Baiano realiza palestra sobre avaliação biopsicossocial de pessoas com deficiência,falavoce.com.br,https://www.falavoce.com.br/noticias/9783-2026/09/24/if-baiano-realiza-palestra-sobre-avaliacao-biopsicossocial-de-pessoas-com-deficiencia,Pesquisa,Imprensa Local,Reitoria (Salvador),curadoria_dicom,correta
2026-09-23,Programa de Intercâmbio Acadêmico Latino-Americano,IFCE,https://portal.ifce.edu.br/noticias/ifce-seleciona-alunos-para-programa-de-intercambio-academico-latino-americano/,Institucional,Outras Instituições de Ensino,Reitoria (Salvador),curadoria_dicom,correta
2026-09-22,IF Baiano abre seleção para intercâmbio com bolsa de estudos na Argentina,Fala Você Notícias,https://www.falavoce.com.br/noticias/9744-2026/09/22/if-baiano-abre-selecao-para-intercambio-com-bolsa-de-estudos-na-argentina,Gestão e RH,Imprensa Local,Reitoria (Salvador),curadoria_dicom,correta
2026-09-22,Pós-graduação Meio Ambiente e Agroecologia,PEBSP,https://www.pebsp.com/insituto-federal-abre-vagas-em-pos-graduacao-em-meio-ambiente-para-graduados-de-qualquer-area-dcs/,Ensino,Imprensa Local,Valença,curadoria_dicom,correta
2026-09-21,IF Baiano anuncia cinco cursos EAD com 150 vagas para moradores de Jaguaripe,Blog do Valente,https://blogdovalente.com.br/destaque/2026/09/if-baiano-anuncia-cinco-cursos-ead-com-150-vagas-para-moradores-de-jaguaripe/,Gestão e RH,Imprensa Local,Valença,curadoria_dicom,correta
2026-09-21,Jaguaripe amplia parceria com IF Baiano e anuncia 150 vagas em cursos EAD,Voz da Bahia,https://vozdabahia.com.br/jaguaripe-amplia-parceria-com-if-baiano-e-anuncia-150-vagas-em-cursos-ead/,Gestão e RH,Imprensa Local,Valença,curadoria_dicom,correta
2026-09-18,Seleção docente,Atlas Público,https://atlaspublico.com.br/boletins/as-inscricoes-para-11-concursos-e-processos-seletivos-88083,Gestão e RH,Imprensa Local,Reitoria (Salvador),curadoria_dicom,correta
2026-09-18,Prefeitura de Nazaré amplia parceria com IF Baiano e anuncia 150 vagas em cinco cursos gratuitos,Criativa On Line,https://criativaonline.com.br/prefeitura-de-nazare-amplia-parceria-com-if-baiano-e-anuncia-150-vagas-em-cinco-cursos-gratuitos/,Gestão e RH,Imprensa Local,Valença,curadoria_dicom,correta
2026-09-18,Implantação de polo de Educação a Distância,Portal Bahia.Ba,https://portalbahia.ba/noticia/6332/jaguaripe-amplia-oferta-de-cursos-ead-em-parceria-com-if-baiano,Institucional,Imprensa Regional (Bahia),Valença,curadoria_dicom,correta
2026-09-18,IF Baiano abre 30 vagas para Tecnologia em Agroindústria em Governador Mangabeira,Tribuna do Recôncavo,https://tribunadoreconcavo.com/if-baiano-abre-vagas-tecnologia-agroindustria-governador-mangabeira/,Gestão e RH,Imprensa Local,Governador Mangabeira,busca_automatica,correta
2026-09-18,2º Fórum Náutico Internacional da ANB,Tribuna da Bahia,https://www.trbn.com.br/materia/I163604/forum-nautico-termina-com-acordo-para-gestao-sustentavel-de-praias-baianas,Institucional,Imprensa Regional (Bahia),Reitoria (Salvador),curadoria_dicom,correta
2026-09-17,Prosel graduação,Bahia Recôncavo,https://bahiareconcavo.com.br/2026/09/17/inscricoes-abertas-para-o-curso-de-tecnologia-em-agroindustria-no-campus-governador-mangabeira/,Ensino,Imprensa Local,Governador Mangabeira,curadoria_dicom,correta
2026-09-17,2º Fórum Náutico Internacional da ANB,Itamaraju Notícias,https://itamarajunoticias.com.br/editorial/economia/qualidade-do-mar-e-destaque-no-encerramento-do-ii-forum-nautico-internacional/,Institucional,Imprensa Local,Reitoria (Salvador),curadoria_dicom,correta
2026-09-17,FAMIF 2026 define finalistas para etapa no Campus Guanambi,falavoce.com.br,https://www.falavoce.com.br/noticias/9628-2026/09/17/famif-2026-define-finalistas-para-etapa-no-campus-guanambi,Institucional,Imprensa Local,Reitoria (Salvador),curadoria_dicom,correta
2026-09-15,Avião com deputado federal baiano faz pouso forçado no aeroporto de Irecê,Acesse Política,https://acessepolitica.com.br/noticia/181416/aviao-com-deputado-federal-baiano-faz-pouso-forcado-no-aeroporto-de-irece,Institucional,Imprensa Local,Geral / Não Especificado,busca_automatica,correta
2026-09-15,Escolas de Alagoinhas recebem oficinas inspiradas em Pierre Verger,A TARDE,https://atarde.com.br/educacao/escolas-de-alagoinhas-recebem-oficinas-inspiradas-em-pierre-verger-1402133,Extensão,Imprensa Regional (Bahia),Alagoinhas,busca_automatica,correta
2026-09-15,Escolas de Alagoinhas recebem oficinas inspiradas em Pierre Verger,atarde.com.br,https://atarde.com.br/educacao/escolas-de-alagoinhas-recebem-oficinas-inspiradas-em-pierre-verger-1402133?_=amp,Extensão,Imprensa Local,Alagoinhas,busca_automatica,correta
2026-09-15,Pós-graduação Meio Ambiente e Agroecologia,PEBSP,https://www.pebsp.com/if-baiano-abre-30-vagas-em-pos-graduacao-gratuita-de-meio-ambiente-e-agroecologia-sem-prova/,Ensino,Imprensa Local,Valença,curadoria_dicom,correta
2026-09-14,I Semana da Biologia do IF Baiano,Agência Sertão,https://agenciasertao.com/2026/09/14/i-semana-da-biologia-do-if-baiano-comeca-nesta-segunda-feira-em-guanambi/,Institucional,Imprensa Local,Guanambi,curadoria_dicom,correta
2026-09-14,Pós-graduação em Educação do Campo,Atlas Público,https://atlaspublico.com.br/boletins/as-inscricoes-para-36-concursos-e-processos-seletivos-se-87189,Ensino,Imprensa Local,Serrinha,curadoria_dicom,correta
2026-09-14,Deputado Federal baiano está entre alvos de operação que apura corrupção e tráfico de influência em tribunais,Acorda Cidade,https://www.acordacidade.com.br/politica/deputado-federal-baiano-esta-entre-alvos-de-operacao-que-apura-corrupcao-e-trafico-de-influencia-em-tribunais/,Institucional,Imprensa Regional (Bahia),Geral / Não Especificado,busca_automatica,correta
2026-09-14,Parceria com o CEPEDI,Fala Você Notícias,https://www.falavoce.com.br/noticias/9540-2026/09/13/if-baiano-guanambi-fortalece-parceria-com-cepedi-em-projetos-de-inovacao,Institucional,Imprensa Local,Guanambi,curadoria_dicom,correta
2026-09-14,IF Baiano Guanambi fortalece parceria com CEPEDI em projetos de inovação,falavoce.com.br,https://www.falavoce.com.br/noticias/9540-2026/09/14/if-baiano-guanambi-fortalece-parceria-com-cepedi-em-projetos-de-inovacao,Pesquisa,Imprensa Local,Guanambi,busca_automatica,correta
2026-09-14,Capacitação de professores moçambicanos,Gov.br,https://www.gov.br/mec/pt-br/assuntos/noticias/2026/setembro/mec-participa-de-abertura-virtual-de-formacao-de-mocambicanos,Gestão e RH,Governamental,Guanambi,curadoria_dicom,correta
2026-09-14,Prosel 2027,"Uruçuca, Teixeira de Freitas, Governador Mangabeira e Xique-Xique",https://www.pebsp.com/if-baiano-1600-vagas-cursos-tecnicos-ead/,Ensino,Imprensa Local,Governador Mangabeira,curadoria_dicom,correta
2026-09-12,Seleção docente,PEBSP,https://www.pebsp.com/4-editais-abertos-para-trabalhar-como-tutor-e-professor-na-ead-instituicoes-publicas-oferecem-bolsas-de-ate-r-1-850/,Gestão e RH,Imprensa Local,Reitoria (Salvador),curadoria_dicom,correta
2026-09-11,"Bahia Golden Bee Experience 2026 reúne apicultores e produtores no IF Baiano, em Alagoinhas",Bahia Comenta,https://bahiacomenta.com.br/noticia/53648/bahia-golden-bee-experience-2026-reune-apicultores-e-produtores-no-if-baiano-em-alagoinhas,Institucional,Imprensa Local,Alagoinhas,busca_automatica,correta
2026-09-11,"Bahia Golden Bee Experience 2026 reúne apicultores e produtores no IF Baiano, em Alagoinhas",Alta Pressão Online,https://www.apo.com.br/noticia/alagoinhas/bahia-golden-bee-experience-2026-reune-apicultores-e-produtores-no-if-baiano-em-alagoinhas/,Institucional,Imprensa Local,Alagoinhas,curadoria_dicom,correta
2026-09-11,Bahia Golden Bee Experience 2026,GiroES,https://www.giroes.com.br/noticia/40600/bahia-golden-bee-experience-2026-reune-apicultores-e-produtores-no-if-baiano-em-alagoinhas,Institucional,Imprensa Local,Alagoinhas,curadoria_dicom,correta
2026-09-11,"Bahia Golden Bee Experience 2026 reúne apicultores e produtores no IF Baiano, em Alagoinhas",PÁGINA DE POLÍCIA,https://www.paginadepolicia.com.br/noticia/120712/bahia-golden-bee-experience-2026-reune-apicultores-e-produtores-no-if-baiano-em-alagoinhas/amp,Institucional,Imprensa Local,Alagoinhas,busca_automatica,correta
2026-09-10,IF Baiano abre seleção para 13 vagas de professores em pós-graduação EaD,Fala Você Notícias,https://www.falavoce.com.br/noticias/9471-2026/09/10/if-baiano-abre-selecao-para-13-vagas-de-professores-em-pos-graduacao-ead,Gestão e RH,Imprensa Local,Reitoria (Salvador),curadoria_dicom,correta
2026-09-08,Guanambi lidera taxa de crescimento populacional na região entre 2022 e 2026,Classe Politica,https://classepolitica.com.br/noticia/guanambi-lidera-taxa-de-crescimento-populacional-na-regiao-entre-2022-e-2026,Institucional,Imprensa Local,Guanambi,busca_automatica,correta
2026-09-07,Comemoração 7 de Setembro,Notícias da Lapa,https://www.bomjesusdalapanoticias.com.br/bom-jesus-da-lapa/bom-jesus-da-lapa-homenageia-suas-raizes-durante-desfile-de-7-de-setembro/,Institucional,Imprensa Local,Bom Jesus da Lapa,curadoria_dicom,correta
2026-09-07,IF Baiano seleciona professores para especialização EaD,PEBSP,https://www.pebsp.com/if-baiano-seleciona-professores-para-especializacao-ead/,Gestão e RH,Imprensa Local,Reitoria (Salvador),curadoria_dicom,correta
2026-09-06,"Catu realiza Desfile Cívico de 7 de Setembro com escolas, fanfarras e instituições",Catu Acontece,https://www.catuacontece.com.br/catu-realiza-desfile-civico-de-7-de-setembro-com-escolas-fanfarras-e-instituicoes/,Institucional,Imprensa Local,Catu,busca_automatica,correta
2026-09-06,Prosel 2027,seligaalagoinhas.com.br,https://www.seligaalagoinhas.com.br/noticia/73246/oportunidade-no-if-baiano-campus-alagoinhas-abre-180-vagas-para-novos-estudantes,Ensino,Imprensa Local,Alagoinhas,curadoria_dicom,correta
2026-09-04,Prosel 2027,Jornal Valença Agora,https://valencaagora.com/if-baiano-abre-inscricoes-para-cursos-tecnicos-ead-gratuitos-em-valenca-camamu-e-nazare/,Ensino,Imprensa Local,Valença,curadoria_dicom,correta
2026-09-04,Prosel 2027,PEBSP,https://www.pebsp.com/instituto-federal-abre-360-vagas-em-5-cursos-tecnicos-ead/,Ensino,Imprensa Local,Valença,curadoria_dicom,correta
2026-09-03,Conselho Tutelar promove reunião intersetorial em defesa dos direitos de crianças e adolescentes em Santo Estêvão,página da notícia,https://paginadanoticia.com.br/noticia/35449/conselho-tutelar-promove-reuniao-intersetorial-em-defesa-dos-direitos-de-criancas-e-adolescentes-em.html,Institucional,Imprensa Local,Santo Estêvão,busca_automatica,correta
2026-09-03,IF Baiano abre seleção para intercâmbio de estudantes no Canadá,Fala Você Notícias,https://www.falavoce.com.br/noticias/9295-2026/09/03/if-baiano-abre-selecao-para-intercambio-de-estudantes-no-canada,Gestão e RH,Imprensa Local,Reitoria (Salvador),curadoria_dicom,correta
2026-09-02,João Filho anuncia convênio com planos odontológicos para servidores de Itaberaba,Chapada Notícias,https://chapadanoticias.com.br/cidades/joao-filho-anuncia-convenio-com-planos-odontologicos-para-servidores-de-itaberaba/,Gestão e RH,Imprensa Local,Itaberaba,busca_automatica,correta
2026-09-02,Programa Vendo e Aprendendo é lançado em Alagoinhas para ampliar cuidado com a saúde ocular de estudantes,:: Bahia Jornal ::,https://www.bahiajornal.com.br/noticia/179441/programa-vendo-e-aprendendo-e-lancado-em-alagoinhas-para-ampliar-cuidado-com-a-saude-ocular-de-estudantes,Ensino,Imprensa Local,Alagoinhas,busca_automatica,correta
2026-09-02,Audiência Pública em Catu debaterá política municipal para manejo populacional de cães e gatos em situação de rua,Ministério Público do Estado da Bahia. |,https://www.mpba.mp.br/noticia/83691,Institucional,Governamental,Catu,busca_automatica,correta
2026-09-02,Servidora do IF Baiano é demitida após processo administrativo disciplinar,O TEMPO,https://www.otempo.com.br/politica/2026/9/2/servidora-do-if-baiano-e-demitida-apos-processo-administrativo-disciplinar.amp,Gestão e RH,Imprensa (Nacional),Reitoria (Salvador),curadoria_dicom,correta
2026-09-01,Programa Vendo e Aprendendo é lançado em Alagoinhas para ampliar cuidado com a saúde ocular de estudantes,Alagonews,https://alagonews.com.br/noticia/29035/programa-vendo-e-aprendendo-e-lancado-em-alagoinhas-para-ampliar-cuidado-com-a-saude-ocular-de-estudantes,Ensino,Imprensa Local,Alagoinhas,busca_automatica,correta
2026-09-01,IF Baiano abre 160 vagas para cursos técnicos em Itaberaba,Chapada Notícias,https://chapadanoticias.com.br/educacao/if-baiano-abre-160-vagas-para-cursos-tecnicos-em-itaberaba/,Gestão e RH,Imprensa Local,Itaberaba,busca_automatica,correta
2026-09-01,Programa Vendo e Aprendendo é lançado em Alagoinhas para ampliar cuidado com a saúde ocular de estudantes,Prefeitura de Alagoinhas,https://www.alagoinhas.ba.gov.br/index.php/programa-vendo-e-aprendendo-e-lancado-em-alagoinhas-para-ampliar-cuidado-com-a-saude-ocular-de-estudantes/,Ensino,Governamental,Alagoinhas,busca_automatica,correta
2026-09-01,IF Baiano abre inscrições para Exame de Proficiência em Língua Inglesa; prazo vai até 21 de setembro,Fala Você Notícias,https://www.falavoce.com.br/noticias/9245-2026/09/01/if-baiano-abre-inscricoes-para-exame-de-proficiencia-em-lingua-inglesa-prazo-vai-ate-21-de-setembro,Pesquisa,Imprensa Local,Reitoria (Salvador),curadoria_dicom,correta
2026-09-01,"Seguem até 16 de outubro as inscrições para mais de 1000 vagas em cursos técnicos gratuitos oferecidos pelo Instituto Federal Baiano, o IF Baiano. As oportunidades estão distribuídas em diversas cidades do estado. Os cursos são voltados para quem tem",instagram.com,https://www.instagram.com/p/DcvZcR8AeOg/,Gestão e RH,Imprensa Local,Geral / Não Especificado,busca_automatica,correta
2026-09-01,Programa Vendo e Aprendendo é lançado em Alagoinhas para ampliar cuidado com a saúde ocular de estudantes,seligaalagoinhas.com.br,https://www.seligaalagoinhas.com.br/noticia/73166/programa-vendo-e-aprendendo-e-lancado-em-alagoinhas-para-ampliar-cuidado-com-a-saude-ocular-de-estudantes,Ensino,Imprensa Local,Alagoinhas,busca_automatica,correta
2026-09-01,Programa Vendo e Aprendendo é lançado em Alagoinhas para ampliar cuidado com a saúde ocular de estudantes,Se Liga Alagoinhas,https://www.seligaalagoinhas.com.br/noticia/73170/programa-vendo-e-aprendendo-e-lancado-em-alagoinhas-para-ampliar-cuidado-com-a-saude-ocular-de-estudantes/amp,Ensino,Imprensa Local,Alagoinhas,busca_automatica,correta
2026-08-31,IF Baiano abre inscrições para 1.875 vagas em cursos técnicos gratuitos,Stift Melk,http://www.tribunadabahia.com.br/materia/I162334/if-baiano-abre-inscricoes-para-1-875-vagas-em-cursos-tecnicos-gratuitos-1,Gestão e RH,Imprensa Local,Geral / Não Especificado,busca_automatica,correta
2026-08-31,Inscrições no IF Baiano começam com 1.875 vagas gratuitas para cursos técnicos; confira,Aratu On,https://aratuon.com.br/educacao/inscricoes-no-if-baiano-comecam-com-1-875-vagas-gratuitas-para-cursos-tecnicos-confira/,Gestão e RH,Imprensa Regional (Bahia),Geral / Não Especificado,busca_automatica,correta
2026-08-31,"IF Baiano abre inscrições para 1,8 mil vagas em cursos técnicos gratuitos",A TARDE,https://atarde.com.br/bahia/if-baiano-abre-inscricoes-para-18-mil-vagas-em-cursos-tecnicos-gratuitos-1400271,Gestão e RH,Imprensa Regional (Bahia),Reitoria (Salvador),curadoria_dicom,correta
2026-08-31,"IF BAIANO OFERECE 1,8 MIL VAGAS EM CURSOS TÉCNICOS GRATUITOS -",- Bahia Economica,https://bahiaeconomica.com.br/wp/2026/08/31/if-baiano-oferece-18-mil-vagas-em-cursos-tecnicos-gratuitos/,Gestão e RH,Imprensa Local,Reitoria (Salvador),curadoria_dicom,correta
2026-08-31,Prosel 2027,Blog do Eloilton Cajuhy,https://blogdoeloiltoncajuhy.com.br/site/if-baiano-abre-inscricoes-para-155-vagas-em-cursos-tecnicos-gratuitos-em-senhor-do-bonfim/,Ensino,Imprensa Local,Senhor do Bonfim,curadoria_dicom,correta
2026-08-31,"IF Baiano abre inscrições para mais de 1,8 mil vagas em cursos técnicos gratuitos na Bahia",Empregos na Bahia,https://empregosnabahia.com.br/if-baiano-cursos-tecnicos-gratuitos-bahia/,Gestão e RH,Imprensa Local,Geral / Não Especificado,busca_automatica,correta
2026-08-31,"IF Baiano abre inscrições para mais de 1,8 mil vagas em cursos técnicos gratuitos",G1,https://g1.globo.com/google/amp/ba/bahia/videos-jornal-da-manha/video/if-baiano-abre-inscricoes-para-mais-de-18-mil-vagas-em-cursos-tecnicos-gratuitos-14916100.ghtml,Gestão e RH,Imprensa (Nacional),Geral / Não Especificado,busca_automatica,correta
2026-08-31,"IF Baiano abre inscrições para mais de 1,8 mil vagas em cursos técnicos gratuitos",Grupo Lomes de Comunicação,https://glomes.com.br/if-baiano-abre-inscricoes-para-mais-de-18-mil-vagas-em-cursos-tecnicos-gratuitos/,Gestão e RH,Imprensa Local,Geral / Não Especificado,busca_automatica,correta
2026-08-31,IF Baiano abre nesta segunda-feira (31) 1.875 vagas em cursos técnicos gratuitos para 2027,Portal N1N,https://n1n.com.br/bahia/109182/if-baiano-abre-nesta-segunda-feira-31-1-875-vagas-em-cursos-tecnicos-gratuitos-para-2027/,Gestão e RH,Imprensa Local,Geral / Não Especificado,busca_automatica,correta
2026-08-31,IF Baiano abre 1.875 vagas gratuitas em cursos técnicos; inscrições começam nesta segunda,otrombone.com.br,https://otrombone.com.br/if-baiano-abre-1-875-vagas-gratuitas-em-cursos-tecnicos-inscricoes-comecam-nesta-segunda/,Gestão e RH,Imprensa Local,Geral / Não Especificado,busca_automatica,correta
2026-08-31,Jovem de 22 anos foi executado a tiros na porta de casa em Santo Estêvão,paginadanoticia.com.br,https://paginadanoticia.com.br/noticia/35444/jovem-de-22-anos-foi-executado-a-tiros-na-porta-de-casa-em-santo-estevao.html,Institucional,Imprensa Local,Santo Estêvão,busca_automatica,correta
2026-08-31,IF Baiano abre 1.875 vagas gratuitas para cursos técnicos com ingresso em 2027,salvadornoticia.com,https://salvadornoticia.com/if-baiano-abre-1-875-vagas-gratuitas-para-cursos-tecnicos-com-ingresso-em-2027/,Gestão e RH,Imprensa Local,Geral / Não Especificado,busca_automatica,correta
2026-08-31,IF Baiano abre nesta segunda 1.875 vagas em cursos técnicos gratuitos,sulbahia1.com.br,https://sulbahia1.com.br/if-baiano-abre-nesta-segunda-1-875-vagas-em-cursos-tecnicos-gratuitos/,Gestão e RH,Imprensa Local,Geral / Não Especificado,busca_automatica,correta
2026-08-31,IF Baiano abre 1.875 vagas em cursos técnicos gratuitos com oportunidades para Nazaré e Valença,Voz da Bahia,https://vozdabahia.com.br/if-baiano-abre-1-875-vagas-em-cursos-tecnicos-gratuitos-com-oportunidades-para-nazare-e-valenca/,Gestão e RH,Imprensa Local,Valença,busca_automatica,correta
2026-08-31,Últimas Notícias sobre #vozdabahia #IFBaiano #Valença #Nazaré #CursosGratuitos,Voz da Bahia,https://vozdabahia.com.br/tag/vozdabahia-ifbaiano-valenca-nazare-cursosgratuitos/,Ensino,Imprensa Local,Valença,busca_automatica,correta
2026-08-31,"IF Baiano abre inscrições para mais de 1,8 mil vagas em cursos técnicos gratuitos",Achei Sudoeste,https://www.acheisudoeste.com.br/noticias/educacao/if-baiano-abre-inscricoes-para-mais-de-1-8-mil-vagas-em-cursos-tecnicos-gratuitos,Gestão e RH,Especializados (Nichos),Reitoria (Salvador),curadoria_dicom,correta
2026-08-31,IF Baiano abre 1.875 vagas em cursos técnicos gratuitos para 2027,correio24horas.com.br,https://www.correio24horas.com.br/bahia/if-baiano-abre-1875-vagas-em-cursos-tecnicos-gratuitos-para-2027-0826,Gestão e RH,Imprensa Regional (Bahia),Reitoria (Salvador),curadoria_dicom,correta
2026-08-31,IF Baiano abre 1.875 vagas gratuitas em cursos técnicos para quem já concluiu o Ensino Médio,deolhonacidade.net,https://www.deolhonacidade.net/if-baiano-abre-1-875-vagas-gratuitas-em-cursos-tecnicos-para-quem-ja-concluiu-o-ensino-medio,Gestão e RH,Imprensa Local,Reitoria (Salvador),curadoria_dicom,correta
2026-08-31,"IF Baiano abre inscrições para mais de 1,8 mil vagas em cursos grátis - iBahia",iBahia,https://www.ibahia.com/noticias/educacao/if-baiano-abre-inscricoes-para-mais-de-18-mil-vagas-em-cursos-gratis-390272,Gestão e RH,Imprensa Regional (Bahia),Geral / Não Especificado,busca_automatica,correta
2026-08-31,IF Baiano abre inscrições para 1.875 vagas em cursos técnicos gratuitos; confira,Rádio Metrópole,"https://www.metro1.com.br/noticias/bahia/187554,if-baiano-abre-inscricoes-para-1875-vagas-em-cursos-tecnicos-gratuitos-confira",Gestão e RH,Imprensa Local,Reitoria (Salvador),curadoria_dicom,correta
2026-08-31,IF Baiano abre inscrições para 1.875 vagas em cursos técnicos gratuitos,Tribuna da Bahia,https://www.trbn.com.br/materia/I162334/if-baiano-abre-inscricoes-para-1-875-vagas-em-cursos-tecnicos-gratuitos-1,Gestão e RH,Imprensa Regional (Bahia),Geral / Não Especificado,busca_automatica,correta
2026-08-30,"Com mais de 1,8 mil vagas, IF Baiano abre inscrições para cursos técnicos gratuitos nesta segunda (31)",Acorda Cidade,https://www.acordacidade.com.br/educacao/com-mais-de-18-mil-vagas-if-baiano-abre-inscricoes-para-cursos-tecnicos-gratuitos-nesta-segunda-31/,Gestão e RH,Imprensa Regional (Bahia),Reitoria (Salvador),curadoria_dicom,correta
2026-08-29,IF Baiano abre inscrições nesta segunda (31) para 1.875 vagas em cursos técnicos gratuitos,Bahia Na Política,https://bahianapolitica.com.br/if-baiano-abre-inscricoes-nesta-segunda-31-para-1-875-vagas-em-cursos-tecnicos-gratuitos/,Gestão e RH,Imprensa Local,Geral / Não Especificado,busca_automatica,correta
2026-08-29,"No Sertão Produtivo, Wagner destaca Policlínica, IF Baiano, hospitais e adutora como símbolos do avanço da região",Classe Politica,https://classepolitica.com.br/noticia/no-sertao-produtivo-wagner-destaca-policlinica-if-baiano-hospitais-e-adutora-como-simbolos-do-avanco-da-regiao,Institucional,Imprensa Local,Geral / Não Especificado,busca_automatica,correta
2026-08-29,"IF Baiano abre inscrições para mais de 1,8 mil vagas em cursos técnicos gratuitos; saiba mais",G1,https://g1.globo.com/ba/bahia/noticia/2026/08/28/inscricoes-para-cursos-gratuitos-na-bahia.ghtml,Gestão e RH,Imprensa (Nacional),Reitoria (Salvador),curadoria_dicom,correta
2026-08-29,IF Baiano abre inscrições para 440 vagas em cursos técnicos gratuitos em Bom Jesus da Lapa,Notícias de Bom Jesus da Lapa,https://www.bomjesusdalapanoticias.com.br/bom-jesus-da-lapa/if-baiano-abre-inscricoes-para-440-vagas-em-cursos-tecnicos-gratuitos-em-bom-jesus-da-lapa/,Gestão e RH,Imprensa Local,Bom Jesus da Lapa,busca_automatica,correta
2026-08-29,"Pindaí confirma ordem de serviço para pavimentação de trecho entre Guirapá, Tanque e IF Baiano - iGuanambi",iGuanambi,https://www.iguanambi.com.br/noticias/2026/08/28/pindai-confirma-ordem-de-servico-para-pavimentacao-de-trecho-entre-guirapa-tanque-e-if-baiano/,Institucional,Imprensa Local,Geral / Não Especificado,busca_automatica,correta
2026-08-28,IF Baiano abre inscrições para 1.875 vagas em cursos técnicos gratuito,avozdocampo.com,https://avozdocampo.com/bahia/if-baiano-abre-inscricoes-para-1-875-vagas-em-cursos-tecnicos-gratuito/,Gestão e RH,Imprensa Local,Reitoria (Salvador),curadoria_dicom,correta
2026-08-28,IF Baiano abre inscrições nesta segunda-feira (31) para 1.875 vagas em cursos técnicos gratuitos para 2027,Portal N1N,https://n1n.com.br/bahia/108794/if-baiano-abre-inscricoes-nesta-segunda-feira-31-para-1-875-vagas-em-cursos-tecnicos-gratuitos-para-2027/,Gestão e RH,Imprensa Local,Geral / Não Especificado,busca_automatica,correta
2026-08-28,IF Baiano oferece oportunidades em cursos técnicos,Sociedade ON,https://sociedadeonline.com/if-baiano-oferece-oportunidades-em-cursos-tecnicos,Ensino,Imprensa Local,Geral / Não Especificado,busca_automatica,correta
2026-08-28,IF Baiano abre inscrições para 1.875 vagas em cursos técnicos gratuitos,Tribuna do Recôncavo,https://tribunadoreconcavo.com/if-baiano-1875-vagas-cursos-tecnicos-gratuitos/,Gestão e RH,Imprensa Local,Geral / Não Especificado,busca_automatica,correta
2026-08-28,IF Baiano abre 1.875 vagas em cursos técnicos gratuitos; inscrições começam nesta segunda (31),Jornal Correio,https://www.correio24horas.com.br/educacao/if-baiano-abre-1875-vagas-em-cursos-tecnicos-gratuitos-inscricoes-comecam-nesta-segunda-31-0826,Gestão e RH,Imprensa Regional (Bahia),Geral / Não Especificado,busca_automatica,correta
2026-08-28,IF Baiano oferece 1.875 vagas em cursos técnicos gratuitos para 2027,Fala Você Notícias,https://www.falavoce.com.br/noticias/9149-2026/08/28/if-baiano-oferece-1-875-vagas-em-cursos-tecnicos-gratuitos-para-2027,Gestão e RH,Imprensa Local,Geral / Não Especificado,busca_automatica,correta
2026-08-27,"Lembrança de infância de estudante de 17 anos leva pesquisadores a um córrego de Xique-Xique, na Bahia, e termina na identificação de sítio arqueológico inédito com pinturas rupestres, polidor de pedra e cerâmica pré-colonial já registrado pelo Iphan",CPG Click Petróleo e Gás,https://clickpetroleoegas.com.br/lembranca-de-infancia-de-estudante-de-17-anos-leva-pesquisadores-a-um-corrego-de-xique-xique-na-bahia-e-termina-na-identificacao-de-sitio-arqueologico-inedito-com-pinturas-rupestres-p-asaf04/,Ensino,Imprensa Local,Xique-Xique,busca_automatica,correta
2026-08-27,Prefeitura de Teixeira de Freitas e IF Baiano promovem formação sobre transtornos do neurodesenvolvimento,Itamaraju Notícias,https://www.itamarajunoticias.com.br/editorial/prefeitura-de-teixeira-de-freitas-e-if-baiano-promovem-formacao-sobre-transtornos-do-neurodesenvolvimento/,Institucional,Imprensa Local,Teixeira de Freitas,busca_automatica,correta
2026-08-27,Teixeira: Prefeitura e IF Baiano promovem formação sobre transtornos do neurodesenvolvimento,SulBahiaNews,https://www.sulbahianews.com.br/teixeira-prefeitura-e-if-baiano-promovem-formacao-sobre-transtornos-do-neurodesenvolvimento/,Institucional,Imprensa Local,Geral / Não Especificado,busca_automatica,correta
2026-08-27,Uesb inicia Feira das Profissões 2026 no centro de Itapetinga,uesb.br,https://www.uesb.br/noticias/uesb-inicia-feira-das-profissoes-2026-no-centro-de-itapetinga/,Extensão,Outras Instituições de Ensino,Itapetinga,busca_automatica,correta
2026-08-26,"IF Baiano oferta 510 vagas em cursos técnicos EaD para Guanambi, Iuiu, Caculé e Caetité",93 Notícias,https://93noticias.com.br/if-baiano-oferta-510-vagas-em-cursos-tecnicos-ead-para/,Gestão e RH,Imprensa Local,Guanambi,busca_automatica,correta
2026-08-26,"IF Baiano oferece 510 vagas em cursos técnicos EaD para Guanambi, Iuiu, Caculé e Caetité",Agência Sertão,https://agenciasertao.com/2026/08/26/if-baiano-oferece-510-vagas-em-cursos-tecnicos-ead-para-guanambi-iuiu-cacule-e-caetite/,Gestão e RH,Imprensa Local,Guanambi,curadoria_dicom,correta
2026-08-26,Prefeitura de Teixeira de Freitas e IF Baiano promovem formação sobre transtornos do neurodesenvolvimento,PrimeiroJornal,https://primeirojornal.com.br/2026/08/prefeitura-de-teixeira-de-freitas-e-if-baiano-promovem-formacao-sobre-transtornos-do-neurodesenvolvimento-prefeitura-de-teixeira-de-freitas-bahia/,Institucional,Imprensa Local,Teixeira de Freitas,busca_automatica,correta
2026-08-26,IF Baiano abre seleção para cursos técnicos EaD com 400 vagas em Bom Jesus da Lapa e Santa Maria da Vitória,Notícias de Bom Jesus da Lapa,https://www.bomjesusdalapanoticias.com.br/bom-jesus-da-lapa/171115/,Gestão e RH,Imprensa Local,Bom Jesus da Lapa,curadoria_dicom,correta
2026-08-26,Descoberta de sítio arqueológico,Diário do Litoral,https://www.diariodolitoral.com.br/variedades/jovem-de-17-anos-brincava-em-local-secreto-na-infancia-descobre-que-o-lugar-guardava-tesouro-arqueologico-e-revela-achado-para-cientistas/,Institucional,Imprensa Local,Xique-Xique,curadoria_dicom,correta
2026-08-26,IF Baiano abre 510 vagas para cursos técnicos EaD em Guanambi e região,Fala Você Notícias,https://www.falavoce.com.br/noticias/9097-2026/08/26/if-baiano-abre-510-vagas-para-cursos-tecnicos-ead-em-guanambi-e-regiao,Gestão e RH,Imprensa Local,Guanambi,curadoria_dicom,correta
2026-08-26,Formação sobre transtornos do neurodesenvolvimento,Prefeitura de Teixeira de Freitas,https://www.teixeiradefreitas.ba.gov.br/prefeitura-de-teixeira-de-freitas-e-if-baiano-promovem-formacao-sobre-transtornos-do-neurodesenvolvimento/,Institucional,Governamental,Teixeira de Freitas,curadoria_dicom,correta
2026-08-23,Comício em Ribeira do Pombal,Grupo Lomes de Comunicação,https://glomes.com.br/candidato-a-reeleicao-jeronimo-rodrigues-encerra-agenda-de-sabado-22-com-comicio-em-ribeira-do-pombal/,Institucional,Imprensa Local,Ribeira do Pombal,curadoria_dicom,correta
2026-08-23,"Em Ribeira do Pombal, Jerônimo afirma que o L ‘é um projeto do Brasil’",MundoBA,https://mundoba.com.br/eleicoes/em-ribeira-do-pombal-jeronimo-afirma-que-o-l-e-um-projeto-do-brasil/,Extensão,Imprensa Local,Ribeira do Pombal,curadoria_dicom,correta
2026-08-23,Comício em Ribeira do Pombal,Panorama da Bahia,https://panoramadabahia.com.br/jeronimo-reune-forca-politica-no-semiarido-com-10-mil-pessoas-e-apoio-de-prefeitos-da-regiao/,Institucional,Imprensa Local,Ribeira do Pombal,curadoria_dicom,correta
2026-08-19,IF Baiano de Valença abre inscrições para vagas remanescentes do curso técnico em Meio Ambiente,Jornal Valença Agora,https://valencaagora.com/if-baiano-de-valenca-abre-inscricoes-para-vagas-remanescentes-do-curso-tecnico-em-meio-ambiente/,Gestão e RH,Imprensa Local,Valença,curadoria_dicom,correta
2026-08-19,Alagoinhas participa da Jornada Formativa do Sistema Nacional de Cultura em Salvador,Prefeitura de Alagoinhas,https://www.alagoinhas.ba.gov.br/index.php/alagoinhas-participa-da-jornada-formativa-do-sistema-nacional-de-cultura-em-salvador/,Extensão,Governamental,Alagoinhas,busca_automatica,correta
2026-08-19,Entrevista com o secretário de Educação da Bahia,Bahia Notícias,https://www.bahianoticias.com.br/noticia/320157-secretario-da-educacao-da-bahia-detalha-ensino-tecnico-e-qualificacao-para-novo-polo-automotivo,Institucional,Imprensa Regional (Bahia),Reitoria (Salvador),curadoria_dicom,correta
2026-08-19,Alagoinhas participa da Jornada Formativa do Sistema Nacional de Cultura em Salvador,Se Liga Alagoinhas,https://www.seligaalagoinhas.com.br/noticia/72952/alagoinhas-participa-da-jornada-formativa-do-sistema-nacional-de-cultura-em-salvador,Extensão,Imprensa Local,Alagoinhas,busca_automatica,correta
2026-08-18,Corpo encontrado próximo ao campus,Caririceara,https://caririceara.com/2026/08/18/vendedor-de-joias-e-semijoias-residente-em-juazeiro-do-norte-e-encontrado-morto-e-enterrado-em-area-de-mata-na-bahia/,Institucional,Imprensa Local,Itapetinga,curadoria_dicom,correta
2026-08-18,Corpo encontrado próximo ao campus,Itapetinga,https://caririceara.com/2026/08/18/vendedor-de-joias-e-semijoias-residente-em-juazeiro-do-norte-e-encontrado-morto-e-enterrado-em-area-de-mata-na-bahia/Nota,Institucional,Imprensa Local,Itapetinga,busca_automatica,correta
2026-08-18,IF BAIANO ABRE 625 VAGAS EM CURSOS TÉCNICOS NO CAMPUS URUÇUCA PARA INGRESSO EM 2027,ILHÉUS 24H,https://ilheus24h.com.br/if-baiano-abre-625-vagas-em-cursos-tecnicos-no-campus-urucuca-para-ingresso-em-2027/,Gestão e RH,Imprensa Local,Uruçuca,curadoria_dicom,correta
2026-08-18,22ª edição do Dia Nacional do Campo Limpo,Nidde Digital,https://niddedigital.com/bom-jesus-da-lapa-celebra-o-dia-nacional-do-campo-limpo-com-acao-que-reune-mais-de-2-mil-pessoas-em-tres-municipios-baianos/,Institucional,Imprensa Local,Bom Jesus da Lapa,curadoria_dicom,correta
2026-08-18,Tragédia em Itapetinga | vendedor de joias cearense é encontrado morto após nove dias desaparecido,Blog Anderson,https://www.blogdoanderson.com/2026/08/17/uootig/,Institucional,Imprensa Local,Itapetinga,busca_automatica,correta
2026-08-18,IF Baiano abre vagas de monitoria com apoio financeiro em Bom Jesus da Lapa,Notícias de Bom Jesus da Lapa,https://www.bomjesusdalapanoticias.com.br/bom-jesus-da-lapa/if-baiano-abre-vagas-de-monitoria-com-apoio-financeiro-em-bom-jesus-da-lapa/,Gestão e RH,Imprensa Local,Bom Jesus da Lapa,curadoria_dicom,correta
2026-08-18,"IF Baiano investe R$ 11,6 mil em alimentos da agricultura familiar para merenda escolar",O TEMPO,https://www.otempo.com.br/politica/2026/8/18/if-baiano-investe-r-116-mil-em-alimentos-da-agricultura-familiar-para-merenda-escolar.amp,Extensão,Imprensa (Nacional),Geral / Não Especificado,busca_automatica,correta
2026-08-18,Corpo encontrado próximo ao campus,Blog do Marcelo,https://www.vitoriadaconquistanoticias.com.br/v2/2026/08/17/urgente-foi-encontrado-nesta-segunda-feira-o-corpo-do-comerciante-jailton-nergino-desaparecido-ha-9-dias/,Institucional,Imprensa Local,Itapetinga,curadoria_dicom,correta
2026-08-17,Prosel monitoria,Fala Você Notícias,https://www.falavoce.com.br/noticias/8899-2026/08/17/if-baiano-abre-7-vagas-de-monitoria-com-bolsa-de-r-250-em-bom-jesus-da-lapa,Ensino,Imprensa Local,Bom Jesus da Lapa,curadoria_dicom,correta
2026-08-16,IF Baiano Guanambi realiza 10º Seminário de Agroecologia em agosto,Fala Você Notícias,https://www.falavoce.com.br/noticias/8875-2026/08/16/if-baiano-guanambi-realiza-10-ordm-seminario-de-agroecologia-em-agosto,Extensão,Imprensa Local,Guanambi,busca_automatica,correta
2026-08-14,IF Baiano abre inscrições para curso gratuito de Auxiliar de Geoprocessamento na Bahia,G1,https://g1.globo.com/ba/feira-de-santana-regiao/noticia/2026/08/14/inscricoes-vagas-bahia.ghtml,Ensino,Imprensa (Nacional),Santo Estêvão,curadoria_dicom,correta
2026-08-14,IF Baiano abre 625 vagas gratuitas para cursos técnicos em Uruçuca,Ilhéus Eventos,https://ilheuseventos.com.br/noticias/educacao/if-baiano-abre-625-vagas-gratuitas-para-cursos-tecnicos-em-urucuca/,Gestão e RH,Imprensa Local,Uruçuca,busca_automatica,correta
2026-08-14,IF Baiano oferece 84 vagas em curso gratuito de Auxiliar de Geoprocessamento,Panorama da Bahia,https://panoramadabahia.com.br/if-baiano-oferece-84-vagas-em-curso-gratuito-de-auxiliar-de-geoprocessamento/,Gestão e RH,Imprensa Local,Santo Estêvão,curadoria_dicom,correta
2026-08-14,Vagas para professores em institutos federais,IFPE,https://portal.ifpe.edu.br/noticias/portaria-distribui-937-novos-cargos-em-institutos-federais/,Gestão e RH,Outras Instituições de Ensino,Reitoria (Salvador),curadoria_dicom,correta
2026-08-14,IF Baiano oferece vagas em curso gratuito de Geoprocessamento; saiba como se inscrever,Se Ligue Bahia,https://seliguebahia.com.br/bahia/if-baiano-oferece-vagas-em-curso-gratuito-de-geoprocessamento-saiba-como-se-inscrever/,Gestão e RH,Imprensa Local,Santo Estêvão,curadoria_dicom,correta
2026-08-14,IF Baiano abre inscrições para curso de Auxiliar de Geoprocessamento em Santo Estêvão,Acorda Cidade,https://www.acordacidade.com.br/educacao/if-baiano-abre-inscricoes-para-curso-em-santo-estevao/,Ensino,Imprensa Regional (Bahia),Santo Estêvão,curadoria_dicom,correta
2026-08-14,IF Baiano abre 84 vagas para curso gratuito de Auxiliar de Geoprocessamento,Jornal Correio,https://www.correio24horas.com.br/minha-bahia/if-baiano-abre-84-vagas-para-curso-gratuito-de-auxiliar-de-geoprocessamento-0826,Gestão e RH,Imprensa Regional (Bahia),Santo Estêvão,curadoria_dicom,correta
2026-08-14,IF Baiano oferece 84 vagas gratuitas em curso de Geoprocessamento em Santo Estêvão,deolhonacidade.net,https://www.deolhonacidade.net/if-baiano-oferece-84-vagas-gratuitas-em-curso-de-geoprocessamento-em-santo-estevao,Gestão e RH,Imprensa Local,Santo Estêvão,curadoria_dicom,correta
2026-08-14,IF Baiano abre 625 vagas gratuitas para cursos técnicos em Uruçuca,Ilhéus Net,https://www.ilheus.net/2026/08/if-baiano-abre-625-vagas-gratuitas-para-cursos-tecnicos-em-urucuca.html,Gestão e RH,Imprensa Local,Uruçuca,curadoria_dicom,correta
2026-08-14,Univerciência- Projeto Educa Drones,Jornal O Candeeiro,https://www.jornalocandeeiro.com.br/noticia-53370-educacaocomdronesdeteccaodemetanolembebidasdesigninclusivoepesquisasobreenxaquecanounivercienciadatve,Pesquisa,Imprensa Local,Guanambi,curadoria_dicom,correta
2026-08-13,IF BAIANO OFERECE 625 VAGAS EM CURSOS TÉCNICOS NO CAMPUS URUÇUCA PARA 2027,Ipolitica,https://ipolitica.blog.br/if-baiano-oferece-625-vagas-em-cursos-tecnicos-no-campus-urucuca-para-2027/,Gestão e RH,Imprensa Local,Uruçuca,curadoria_dicom,correta
2026-08-13,#Chapada: Ruy Barbosa reforça ações de inclusão e prepara programação para ‘Semana da Pessoa com Deficiência’,jornaldachapada.com.br,https://jornaldachapada.com.br/2026/08/12/chapada-ruy-barbosa-reforca-acoes-de-inclusao-e-prepara-programacao-para-semana-da-pessoa-com-deficiencia/,Pesquisa,Imprensa Local,Ruy Barbosa,busca_automatica,correta
2026-08-13,Prosel cursos FIC,Página da Notícia,https://paginadanoticia.com.br/noticia/35439/if-baiano-abre-inscricoes-para-curso-de-auxiliar-de-geoprocessamento-em-santo-estevao-bolsa-mensal-r.amp,Ensino,Imprensa Local,Santo Estêvão,curadoria_dicom,correta
2026-08-13,IF Baiano abre inscrições para curso de Auxiliar de Geoprocessamento em Santo Estêvão; bolsa mensal R$ 250,página da notícia,https://paginadanoticia.com.br/noticia/35439/if-baiano-abre-inscricoes-para-curso-de-auxiliar-de-geoprocessamento-em-santo-estevao-bolsa-mensal-r.html,Ensino,Imprensa Local,Santo Estêvão,busca_automatica,correta
2026-08-13,IF Baiano Campus Valença contrata serviços de engenharia por R$ 355 mil,O TEMPO,https://www.otempo.com.br/politica/2026/8/13/if-baiano-campus-valenca-contrata-servicos-de-engenharia-por-r-355-mil,Institucional,Imprensa (Nacional),Valença,busca_automatica,correta
2026-08-13,IF Baiano destina R$ 355 mil para manutenção predial no campus de Valença,O TEMPO,https://www.otempo.com.br/politica/2026/8/13/if-baiano-destina-r-355-mil-para-manutencao-predial-no-campus-de-valenca,Institucional,Imprensa (Nacional),Valença,busca_automatica,correta
2026-08-13,IF Baiano destina R$ 355 mil para manutenção predial no campus Valença,O TEMPO,https://www.otempo.com.br/politica/2026/8/13/if-baiano-destina-r-355-mil-para-manutencao-predial-no-campus-valenca.amp,Institucional,Imprensa (Nacional),Valença,busca_automatica,correta
2026-08-13,IF Baiano destina R$ 355 mil para serviços de manutenção no campus Valença,O TEMPO,https://www.otempo.com.br/politica/2026/8/13/if-baiano-destina-r-355-mil-para-servicos-de-manutencao-no-campus-valenca.amp,Institucional,Imprensa (Nacional),Valença,busca_automatica,correta
2026-08-12,Homem é morto a tiros e tem corpo parcialmente carbonizado em Santo Estêvão,Acorda Cidade,https://www.acordacidade.com.br/policia/homem-e-morto-a-tiros-e-tem-corpo-parcialmente-carbonizado-em-santo-estevao/,Institucional,Imprensa Regional (Bahia),Santo Estêvão,busca_automatica,correta
2026-08-12,IF Baiano abre 1.568 vagas em cursos técnicos EaD gratuitos sem prova,Hora Brasil,https://www.horabrasil.com.br/2026/08/12/if-baiano-cursos-tecnicos-ead-gratuitos/,Gestão e RH,Imprensa Local,Governador Mangabeira,curadoria_dicom,correta
2026-08-11,Urgente: Polícia Civil prende grupo suspeito de tentar matar mulher em Teixeira de Freitas,SulBahiaNews,https://www.sulbahianews.com.br/urgente-policia-civil-prende-grupo-suspeito-de-tentar-matar-mulher-em-teixeira-de-freitas/,Institucional,Imprensa Local,Teixeira de Freitas,busca_automatica,correta
2026-08-10,IF Baiano abre 4.451 vagas em cursos técnicos gratuitos para 2027,horabrasil.com.br,https://www.horabrasil.com.br/2026/08/10/if-baiano-cursos-tecnicos-gratuitos-2027/,Gestão e RH,Imprensa Local,Reitoria (Salvador),curadoria_dicom,correta
2026-08-09,Dia dos Pais: Radiovaldo Costa relembra trajetória e destaca importância do pai em sua formação,Catu Acontece,https://www.catuacontece.com.br/dia-dos-pais-radiovaldo-costa-relembra-trajetoria-e-destaca-importancia-do-pai-em-sua-formacao/,Institucional,Imprensa Local,Catu,busca_automatica,correta
2026-08-09,Prosel 2027,"Governador Mangabeira, Teixeira de Freitas, Uruçuca e Xique-Xique",https://www.pebsp.com/if-baiano-abre-1-568-vagas-em-cursos-tecnicos-gratuitos-e-a-distancia-em-quatro-polos-dcs/,Ensino,Imprensa Local,Governador Mangabeira,curadoria_dicom,correta
2026-08-07,Vagas para professores em institutos federais,Concursos no Brasil,https://concursosnobrasil.com/noticia/2026/08/07/mec-distribui-937-cargos-para-institutos-federais-e-abre-caminho-para-novos-concursos/,Gestão e RH,Especializados (Nichos),Reitoria (Salvador),curadoria_dicom,correta
2026-08-07,IF Baiano abre seleção para Assistente Pedagógico com bolsa de R$ 1.550,Fala Você Notícias,https://www.falavoce.com.br/noticias/8641-2026/08/07/if-baiano-abre-selecao-para-assistente-pedagogico-com-bolsa-de-r-1-550,Gestão e RH,Imprensa Local,Geral / Não Especificado,busca_automatica,correta
2026-08-07,Pesquisa sobre mamonas,O Candeeiro,https://www.jornalocandeeiro.com.br/noticia-53258-univercienciamostraargilamodificadacarpintarianavalmonitoramentodoaremamonanatve,Pesquisa,Imprensa Local,Guanambi,curadoria_dicom,correta
2026-08-07,IF Baiano formaliza termo aditivo para contrato de professora substituta no campus Valença,O TEMPO,https://www.otempo.com.br/politica/2026/8/7/if-baiano-formaliza-termo-aditivo-para-contrato-de-professora-substituta-no-campus-valenca,Gestão e RH,Imprensa (Nacional),Valença,busca_automatica,correta
2026-08-07,IF Baiano prorroga contrato de docente substituta para o campus de Valença,O TEMPO,https://www.otempo.com.br/politica/2026/8/7/if-baiano-prorroga-contrato-de-docente-substituta-para-o-campus-de-valenca,Gestão e RH,Imprensa (Nacional),Valença,busca_automatica,correta
2026-08-07,IF Baiano prorroga contrato de professora substituta para o campus Valença,O TEMPO,https://www.otempo.com.br/politica/2026/8/7/if-baiano-prorroga-contrato-de-professora-substituta-para-o-campus-valenca,Gestão e RH,Imprensa (Nacional),Valença,busca_automatica,correta
2026-08-07,Prosel 2027,PEBSP,https://www.pebsp.com/if-baiano-abre-centenas-de-vagas-em-cursos-tecnicos-ead-em-informatica-rede-de-computadores-e-mais-dcs/,Ensino,Imprensa Local,Xique-Xique,curadoria_dicom,correta
2026-08-06,Vagas para professores em institutos federais,DOL,https://dol.com.br/concursos/federais/959091/concursos-mec-redistribui-937-vagas-para-institutos-federais-no-brasil?d=1,Gestão e RH,Imprensa Local,Reitoria (Salvador),curadoria_dicom,correta
2026-08-06,Descoberta feita por estudante de 17 anos leva à identificação de sítio arqueológico inédito em Xique-Xique (BA),Edenevaldo Alves,https://edenevaldoalves.com.br/descoberta-feita-por-estudante-de-17-anos-leva-a-identificacao-de-sitio-arqueologico-inedito-em-xique-xique-ba/,Ensino,Imprensa Local,Xique-Xique,curadoria_dicom,correta
2026-08-06,Vagas para professores em institutos federais,Estratégia Concursos,https://www.estrategiaconcursos.com.br/blog/concurso-professor-ebtt/,Gestão e RH,Especializados (Nichos),Reitoria (Salvador),curadoria_dicom,correta
2026-08-06,Vagas para professores em institutos federais,Gov.br,https://www.gov.br/mec/pt-br/assuntos/noticias/2026/agosto/portaria-distribui-937-novos-cargos-em-institutos-federais,Gestão e RH,Governamental,Reitoria (Salvador),curadoria_dicom,correta
2026-08-06,Vagas para professores em institutos federais,PEBSP,https://www.pebsp.com/mec-libera-937-cargos-para-professores-em-institutos-federais-confira-as-vagas-por-instituto/,Gestão e RH,Imprensa Local,Reitoria (Salvador),curadoria_dicom,correta
2026-08-06,Vagas para professores em institutos federais,Terra,"https://www.terra.com.br/noticias/educacao/carreira/mec-autoriza-937-vagas-para-professores-e-institutos-federais-devem-abrir-concursos,9ef5447a6993858bf25e9093eb72697b1u4aqotj.html",Gestão e RH,Imprensa (Nacional),Reitoria (Salvador),curadoria_dicom,correta
2026-08-05,Vagas para professores em institutos federais,Primeira Página,https://primeirapagina.com.br/emprego-e-concursos/mec-anuncia-937-vagas-para-professores-em-63-intitutos-federais-distruidos-pelo-brasil/,Gestão e RH,Imprensa Local,Reitoria (Salvador),curadoria_dicom,correta
2026-08-05,"Mais de 270 estudantes de Alagoinhas ganham espaço de leitura que une literatura, ciência, tecnologia e sustentabilidade",estadodabahia.com.br,https://www.estadodabahia.com.br/noticia/49481/mais-de-270-estudantes-de-alagoinhas-ganham-espaco-de-leitura-que-une-literatura-ciencia-tecnologia-e-sustentabilidade,Ensino,Imprensa Local,Alagoinhas,busca_automatica,correta
2026-08-05,Descoberta de sítio arqueológico,Fala Você Notícias,https://www.falavoce.com.br/noticias/8581-2026/08/05/estudante-de-17-anos-ajuda-a-descobrir-sitio-arqueologico-inedito-no-interior-da-bahia,Institucional,Imprensa Local,Xique-Xique,curadoria_dicom,correta
2026-08-05,Vagas para professores em institutos federais,Rádio Itatiaia,https://www.itatiaia.com.br/educacao/educacao-educacao/mec-autoriza-937-vagas-para-professores-em-28-institutos-federais-veja-lista/,Gestão e RH,Imprensa Local,Reitoria (Salvador),curadoria_dicom,correta
2026-08-05,"Escolha do vice de Flávio é sinal que segurança pública será prioridade, afirma deputado federal baiano",portalsalvadorfm.com.br,https://www.portalsalvadorfm.com.br/politica/eleicoes/escolha-do-vice-de-flavio-e-sinal-que-seguranca-publica-sera-prioridade-afirma-deputado-federal-baiano/,Institucional,Imprensa Local,Geral / Não Especificado,busca_automatica,correta
2026-08-05,Hub Bahia Games,Tribuna da Bahia,https://www.trbn.com.br/materia/I160683/hub-bahia-games-e-lancado-oficialmente-durante-o-gamepolitan-e-marca-nova-fase,Institucional,Imprensa Regional (Bahia),Reitoria (Salvador),curadoria_dicom,correta
2026-08-05,Pesquisa sobremamonas,UESB,https://www.uesb.br/noticias/univerciencia-apresenta-pesquisas-sobre-construcao-naval-qualidade-do-ar-e-mamona/,Pesquisa,Outras Instituições de Ensino,Guanambi,curadoria_dicom,correta
2026-08-04,Descoberta de sítio arqueológico,Voz no Campo,https://avozdocampo.com/bahia/sitio-arqueologico-na-bahia-e-descoberto-por-estudante-de-17-anos/,Institucional,Imprensa Local,Xique-Xique,curadoria_dicom,correta
2026-08-04,Descoberta de sítio arqueológico,G1,https://g1.globo.com/ba/bahia/noticia/2026/08/04/descoberta-feita-por-estudante-da-bahia-leva-a-identificacao-de-sitio-arqueologico.ghtml,Institucional,Imprensa (Nacional),Xique-Xique,curadoria_dicom,correta
2026-08-04,IF Baiano abre vagas para cursos técnicos,G1,https://g1.globo.com/ba/bahia/videos-jornal-da-manha/video/if-baiano-abre-vagas-para-cursos-tecnicos-14837216.ghtml,Gestão e RH,Imprensa (Nacional),Reitoria (Salvador),curadoria_dicom,correta
2026-08-04,#Chapada: Descoberta de estudante leva à identificação de sítio arqueológico inédito em Xique-Xique,jornaldachapada.com.br,https://jornaldachapada.com.br/2026/08/04/chapada-descoberta-de-estudante-leva-a-identificacao-de-sitio-arqueologico-inedito-em-xique-xique/amp/,Ensino,Imprensa Local,Reitoria (Salvador),curadoria_dicom,correta
2026-08-04,#Chapada: Descoberta de estudante leva à identificação de sítio arqueológico inédito em Xique-Xique,Jornal da Chapada,https://news.google.com/rss/articles/CBMi3AFBVV95cUxNaGNiWTNxdTBBcmZCS1haSlJUTC1rQ0RibTFLTHVNLVVZTnZkd1ZzcWdkNW1QdWMyMmNLZTU4NDJ4NnBvYUI1WE9RLVY3ejJnbkt4YTIwOExiWUFQemxxVktuNGxldXB0VkFWM2xUdXV5ekRoRmd4aFVNZEdmdFpKVVlQSk5pODljSHU0MlkwXzVGRUhyV1hmWEdJcnU1SHhwTVdvU1dDYmt2MHgwb1JSLW5EWDNZSVQ1czRPTzhwSmYtQ01ETEpnZGxDbnZXdzlEbzZGMXhEeERYeFh40gHcAUFVX3lxTE1oY2JZM3F1MEFyZkJLWFpKUlRMLWtDRGJtMUtMdU0tVVlOdmR3VnNxZ2Q1bVB1YzIyY0tlNTg0Mng2cG9hQjVYT1EtVjd6MmduS3hhMjA4TGJZQVB6bHFWS240bGV1cHRWQVYzbFR1dXl6RGhGZ3hoVU1kR2Z0WkpVWVBKTmk4OWNIdTQyWTBfNUZFSHJXWGZYR0lydTVIeHBNV29TV0Nia3YweDBvUlItbkRYM1lJVDVzNE9POHBKZi1DTURMSmdkbENudld3OURvNkYxeER4RFh4WHg,Ensino,Imprensa Local,Xique-Xique,busca_automatica,correta
2026-08-04,Estudante de 17 anos ajuda a descobrir sítio arqueológico com pinturas rupestres em Xique-Xique,bahianoticias.com.br,https://news.google.com/rss/articles/CBMi4AFBVV95cUxPX2FsS0NJME1JdWVvMUM4VkctZUh0OXBNbnc2UFVYc3FKUVdlLVN1TVJsQ2hXajJJWVVZemtiUXZ0R2t3bUFnOXJpNFFKbklfYllESnVWT1RkQzhkMExIV0oyQU1MLVpoaEo3c2NsUHM4N2tLWTdTOVNhYmxmaFlmSXlQOVlacGxWd0UybWFwc1VrNkdNWEhVNElLMmNsS0hxblpqRG9EOGkxWWRJZW15d29Hd2ktUU52S2JpaDhoeVhsbmVyMWJTLWd2TmtNdjVybmR6QTlqcGJLR05XczlxNQ,Ensino,Imprensa Local,Xique-Xique,busca_automatica,correta
2026-08-04,Estudante de 17 anos leva à identificação de sítio arqueológico inédito em Xique-Xique,Mais Oeste,https://news.google.com/rss/articles/CBMiSEFVX3lxTE5pUmF6U0dRdWotSE10SW1qZGNsRHFQNlBkQ2VuNDRDUGJxV09XTm1NNTROZ2ctOTZ0dzhDUWFaME5oYy1hM1lRWg,Ensino,Imprensa Local,Xique-Xique,busca_automatica,correta
2026-08-04,Estudante baiano ajuda a descobrir sítio arqueológico inédito em Xique-Xique,Portal do Cerrado,https://news.google.com/rss/articles/CBMid0FVX3lxTE5ERkRFQm8yQVhROW96bVpBcm1YVklYZUw0dGxtM2JLa1Rnc0tMUjF2bjNxNEpUM2h0UUZuNFVrOHF4NVlqTmJsSDUtOHNJNlFCVlVVMFNoOHZoS3p1ZkZDMk5GSFlMQmMyb29fb3NGYnlwdjBNRGxF,Ensino,Imprensa Local,Xique-Xique,busca_automatica,correta
2026-08-04,"Com mais de 4 mil vagas, IF Baiano lança edital para cursos técnicos gratuitos presenciais e EAD",pebsp.com,https://news.google.com/rss/articles/CBMivwFBVV95cUxNT2xSZzBnc1VVSFJtZmc5Mi1SM2hvWGp3elR0dGtPbmRlZkUtdnREbDJfRi1SZk9rMEE3el9yNl8wbVhCTjJpTUhkT1cwVktId0xLTkZZaXZnNjYxMHRwd01aS05qSVRjeHBrUGU1SmphM1RiSHNNQ1JPQi1pMlFWSzRuc3Z3dVBEa0VlVzJrQjdMZzBjSVJWZmlGQUFnZGs3OEFwbkpSbDR6bmdaS2F0cWE1YkdTdjEycjFZaWFBcw,Gestão e RH,Imprensa Local,Geral / Não Especificado,busca_automatica,correta
2026-08-04,Descoberta de sítio arqueológico,Portal do Cerrado,https://portaldocerrado.com/sitio-arqueologico-em-xique-xique-bahia/,Institucional,Imprensa Local,Xique-Xique,curadoria_dicom,correta
2026-08-04,Arquivamento de procedimento preparatório,Achei Sudoeste,https://www.acheisudoeste.com.br/noticias/bom-jesus-da-lapa/mpf-arquiva-investigacao-sobre-suposta-fraude-em-selecao-do-if-baiano-em-bom-jesus-da-lapa,Institucional,Especializados (Nichos),Bom Jesus da Lapa,curadoria_dicom,correta
2026-08-04,MPF arquiva investigação sobre suposta fraude em seleção do IF Baiano em Bom Jesus da Lapa,Achei Sudoeste,https://www.acheisudoeste.com.br/noticias/bom-jesus-da-lapa/mpf-arquiva-investigacao-sobre-suposta-fraude-em-selecao-do-if-baiano-em-bom-jesus-da-lapa/imprimir,Gestão e RH,Especializados (Nichos),Bom Jesus da Lapa,busca_automatica,correta
2026-08-04,Estudante de 17 anos ajuda a descobrir sítio arqueológico com pinturas rupestres em Xique-Xique,Bahia Notícias,https://www.bahianoticias.com.br/municipios/noticia/51944-estudante-de-17-anos-ajuda-a-descobrir-sitio-arqueologico-com-pinturas-rupestres-na-bahia,Ensino,Imprensa Regional (Bahia),Xique-Xique,curadoria_dicom,correta
2026-08-04,Descoberta de aluno do IF Baiano leva à identificação de sítio arqueológico inédito na Bahia,Notícias da Lapa,https://www.bomjesusdalapanoticias.com.br/ultimas-noticias/descoberta-de-aluno-do-if-baiano-leva-a-identificacao-de-sitio-arqueologico-inedito-na-bahia/,Ensino,Imprensa Local,Xique-Xique,curadoria_dicom,correta
2026-08-04,"Com mais de 4 mil vagas, IF Baiano lança edital para cursos técnicos gratuitos presenciais e EAD",PEBSP,https://www.pebsp.com/com-mais-de-4-mil-vagas-if-baiano-lanca-edital-para-cursos-tecnicos-gratuitos-presenciais-e-ead-dcs/,Gestão e RH,Imprensa Local,Reitoria (Salvador),curadoria_dicom,correta
2026-08-04,Descoberta de sítio arqueológico,Terra,"https://www.terra.com.br/byte/um-estudante-brasileiro-de-apenas-17-anos-forca-a-ciencia-a-reescrever-o-passado-apos-descobrir-um-sitio-arqueologico-historico-na-bahia-que-escondia-segredos-milenares,c1cb758270a58fa3d1fa8cd983b1ead8lt4t9gr7.html",Institucional,Imprensa (Nacional),Xique-Xique,curadoria_dicom,correta
2026-08-04,Descoberta de sítio arqueológico,Xataka Brasil,https://www.xataka.com.br/diversos/um-estudante-brasileiro-apenas-17-anos-forca-a-ciencia-a-reescrever-passado-apos-descobrir-um-sitio-arqueologico-historico-na-bahia-que-escondia-segredos-milenares,Institucional,Imprensa Local,Xique-Xique,curadoria_dicom,correta
2026-08-03,Hub Bahia Games,BA de Valor,https://badevalor.com.br/if-baiano-e-cepedi-criam-hub-bahia-games-para-impulsionar-industria-de-jogos-digitais-no-estado/,Institucional,Imprensa Local,Reitoria (Salvador),curadoria_dicom,correta
2026-08-03,Hub Bahia Games,Negócios BA,https://negociosba.com.br/noticias/criacao-do-hub-bahia-games-e-oficializada-durante-o-gamepolitan/,Institucional,Imprensa Local,Reitoria (Salvador),curadoria_dicom,correta
2026-08-03,IF Baiano abre mais de 4 mil vagas em cursos técnicos em toda a Bahia,Tribuna da Bahia,https://news.google.com/rss/articles/CBMirgFBVV95cUxQM0Q2c3I2QTVoTXJTQ2s0ZmlTWjFXRlhXUkhoMjZOdUxkTEVza2hOU0VkUU1TUGNmTlh3OUhzTWRzMnZBT0NteGwxNFhMWGotczU1N2otTkp5NGx2OF9SLXZJbk93cno2bkV6V0tIeURJU3BxeFc3NElPaG1CWFMyTjU3SWJGYkFUSUdRWjQyLXBZNkxVY05xWnlFN2l5ZW9WVTZaeElOWTNKM0FxaGc?oc=5&hl=en-US&gl=US&ceid=US:en,Gestão e RH,Imprensa Regional (Bahia),Geral / Não Especificado,busca_automatica,correta
2026-08-03,IF Baiano e CEPEDI criam Hub Bahia Games para impulsionar indústria de jogos digitais no estado,BA de Valor,https://news.google.com/rss/articles/CBMivgFBVV95cUxPR0JjcDZUTFFJS01lWUl1aHk5Z2tYQzIxV2duUmctQkVxeUp6LW4xaXdueEJkeml3N1BuSzhiM3QwNURlZ2FnbFpwSXNjd0JHSk5tLWVjUUljMUJYM0h2LVo0RUdhX0hDZFY4NVZuTkEzOVlic3hBaFhlY0JUUVFnVWROQVZycGprUnFGeHBJelV0c1A5ajFyYTZ6X0hDLVhfMllMcnl1Tjk2M1FvV1VfcTdic1IyMnpab1IyYmJR?oc=5&hl=en-US&gl=US&ceid=US:en,Institucional,Imprensa Local,Geral / Não Especificado,busca_automatica,correta
2026-08-01,Hub Bahia Games,Alô Alô Bahia,https://aloalobahia.com/noticias/2026/08/01/salvador-ganhara-hub-para-formacao-e-empreendedorismo-na-industria-de-games/,Institucional,Imprensa Local,Reitoria (Salvador),curadoria_dicom,correta
2026-08-01,Prosel 2027,Bahia na Política,https://bahianapolitica.com.br/if-baiano-abre-mais-de-4-mil-vagas-em-cursos-tecnicos-em-toda-a-bahia-para-ingresso-em-2027/,Ensino,Imprensa Local,Reitoria (Salvador),curadoria_dicom,correta
2026-08-01,IF Baiano oferece mais de 4 mil vagas em cursos técnicos; inscrições começam em agosto,Atualiza Bahia,https://news.google.com/rss/articles/CBMitgFBVV95cUxPb0pTNmpGYnM3WUZsSFVlRURNVG5XTFpyV2piU3JZTWl3WlBOenVodEp2b0lsVWZRd0Nla3FZUFNRWmhfb1dWRVZ1cUktMEE4M0JhTlMxaERhbWRvdWJwM1E3QlBJc3BKbDBNdjlIUEpMZUhTUVloSGJZUF94bTlFRXhvSmV5UWJBMDZXb3JfUWpyaTNxX0NFcGxpQkhvQVNOUHpfRDVqUm52TnpMeFlVSVRFMnpQQQ?oc=5&hl=en-US&gl=US&ceid=US:en,Gestão e RH,Imprensa Local,Geral / Não Especificado,busca_automatica,correta
2026-08-01,"IF Baiano abre mais de 4,4 mil vagas para cursos técnicos na Bahia; veja como se inscrever",seliguebahia.com.br,https://news.google.com/rss/articles/CBMiwAFBVV95cUxNZ081YW9SRUdTNVQ1YW1kckc0TEZJR1NWdTdRa2lsdktlSWZlRXk3LW03QnpySHA4UWVHc191Q0R0Zng0dlJsdS1NY2szZVgyNkZCYjMxanF1TEpSX2U4dTgzS0tnajBNb2xEaFZQV3VOZlBvNHJLckJiV1g3NzJxWVNxa094WkYxSkhyVy1qNXdNaW1mcEVpRVFUVWZhQWdES0NrdGNOS3FMb3VBQ2NmUmhxdi04N2g1UHJVLUh5cVU,Gestão e RH,Imprensa Local,Geral / Não Especificado,busca_automatica,correta
2026-08-01,"IF Baiano abre mais de 4,4 mil vagas para cursos técnicos na Bahia; veja como se inscrever",Se Ligue Bahia,https://news.google.com/rss/articles/CBMiwAFBVV95cUxNZ081YW9SRUdTNVQ1YW1kckc0TEZJR1NWdTdRa2lsdktlSWZlRXk3LW03QnpySHA4UWVHc191Q0R0Zng0dlJsdS1NY2szZVgyNkZCYjMxanF1TEpSX2U4dTgzS0tnajBNb2xEaFZQV3VOZlBvNHJLckJiV1g3NzJxWVNxa094WkYxSkhyVy1qNXdNaW1mcEVpRVFUVWZhQWdES0NrdGNOS3FMb3VBQ2NmUmhxdi04N2g1UHJVLUh5cVU?oc=5&hl=en-US&gl=US&ceid=US:en,Gestão e RH,Imprensa Local,Geral / Não Especificado,busca_automatica,correta
2026-08-01,IF Baiano abre mais de 4 mil vagas em cursos técnicos em toda a Bahia para ingresso em 2027,Bahia Na Política,https://news.google.com/rss/articles/CBMiwAFBVV95cUxNaGNiSW1rbnBIQlNzck1jVEswNWRiOVdqTGJxd2c4TGpxbjB5eE5qWF9tQzJUWWR2Ni0tQ1lET1p3bkxsdktJMWRlU1VyQkUyNmVmenpRZlY4cGhGTGE3dlJZT0dvNldXWF9RMFIyeHFqVGdWcUZCTzNtYW9aRGZFUW9PUGpWNHV1VXVMaWhTdEZySDh4TDdpd2M5WkhZVjRoYzRRbjZWQVJJRHgzZGxxdV9UVFFqLUdEY0ZVOFR1aWw,Gestão e RH,Imprensa Local,Geral / Não Especificado,busca_automatica,correta
2026-08-01,IF Baiano abre mais de 4 mil vagas em cursos técnicos em toda a Bahia para ingresso em 2027,bahianapolitica.com.br,https://news.google.com/rss/articles/CBMiwAFBVV95cUxNaGNiSW1rbnBIQlNzck1jVEswNWRiOVdqTGJxd2c4TGpxbjB5eE5qWF9tQzJUWWR2Ni0tQ1lET1p3bkxsdktJMWRlU1VyQkUyNmVmenpRZlY4cGhGTGE3dlJZT0dvNldXWF9RMFIyeHFqVGdWcUZCTzNtYW9aRGZFUW9PUGpWNHV1VXVMaWhTdEZySDh4TDdpd2M5WkhZVjRoYzRRbjZWQVJJRHgzZGxxdV9UVFFqLUdEY0ZVOFR1aWw?oc=5&hl=en-US&gl=US&ceid=US:en,Gestão e RH,Imprensa Local,Geral / Não Especificado,busca_automatica,correta
2026-08-01,IF Baiano abre concurso de redação com notebooks e smartphones como prêmio,falavoce.com.br,https://news.google.com/rss/articles/CBMixgFBVV95cUxNQ002LVdzSUlLSTU0bzRQN2EwMWhKS3RJelNEd1B0M2FhTGFNMmhZZFdVVGhDMGxDRzMza29pTEJ0c3V2d2NJQmtMbURmSmpfaV9Xd3ZEZTlDZERDRlhraDlXanRkNDlGVnd3Zzh1NGdmbllidDFzeURDNGp2d1BiT19kSVFhZ3BEVmwtZU1qVVVnREVYLUpmWC1OdzRWZnUyT0xYNnBnQlZyN2o1X1ZEWUY4THpYb1BzQWdHWDYzZHdlcEdKanc,Gestão e RH,Imprensa Local,Geral / Não Especificado,busca_automatica,correta
2026-08-01,IF Baiano abre concurso de redação com notebooks e smartphones como prêmio,Fala Você Notícias,https://news.google.com/rss/articles/CBMixgFBVV95cUxNQ002LVdzSUlLSTU0bzRQN2EwMWhKS3RJelNEd1B0M2FhTGFNMmhZZFdVVGhDMGxDRzMza29pTEJ0c3V2d2NJQmtMbURmSmpfaV9Xd3ZEZTlDZERDRlhraDlXanRkNDlGVnd3Zzh1NGdmbllidDFzeURDNGp2d1BiT19kSVFhZ3BEVmwtZU1qVVVnREVYLUpmWC1OdzRWZnUyT0xYNnBnQlZyN2o1X1ZEWUY4THpYb1BzQWdHWDYzZHdlcEdKanc?oc=5&hl=en-US&gl=US&ceid=US:en,Gestão e RH,Imprensa Local,Geral / Não Especificado,busca_automatica,correta
2026-08-01,Prosel 2027,Se Ligue Bahia,https://seliguebahia.com.br/bahia/if-baiano-abre-mais-de-44-mil-vagas-para-cursos-tecnicos-n,Ensino,Imprensa Local,Reitoria (Salvador),curadoria_dicom,correta
2026-08-01,Hub Bahia Games,Bahia sem Fronteiras,https://www.bahiasemfronteiras.com.br/criacao-do-hub-bahia-games-e-oficializada-no-gamepolitan/,Institucional,Imprensa Local,Reitoria (Salvador),curadoria_dicom,correta
2026-08-01,Concurso de redação 2026,Fala Você Notícias,https://www.falavoce.com.br/noticias/8488-2026/08/01/if-baiano-abre-concurso-de-redacao-com-notebooks-e-smartphones-como-premio,Gestão e RH,Imprensa Local,Reitoria (Salvador),curadoria_dicom,correta
2026-07-31,Prosel 2027,Aratu On,https://aratuon.com.br/educacao/if-baiano-abre-selecao-com-mais-4-mil-vagas-para-cursos-tecnicos-em-2027/,Ensino,Imprensa Regional (Bahia),Reitoria (Salvador),curadoria_dicom,correta
2026-07-31,Prosel 2027,Chapada Notícias,https://chapadanoticias.com.br/geral/if-baiano-abre-mais-de-44-mil-vagas-para-cursos-tecnicos-em-2027/,Ensino,Imprensa Local,Reitoria (Salvador),curadoria_dicom,correta
2026-07-31,Prosel 2027,Correio do Estado da Bahia,https://correiodoestadobahia.com.br/?p=18855,Ensino,Imprensa Regional (Bahia),Reitoria (Salvador),curadoria_dicom,correta
2026-07-31,Prosel 2027,Ilhéus Eventos,https://ilheuseventos.com.br/noticias/educacao/if-baiano-abre-785-vagas-em-cursos-tecnicos-gratuitos-em-urucuca-e-cidades-da-regiao/,Ensino,Imprensa Local,Uruçuca,curadoria_dicom,correta
2026-07-31,"IF Baiano abre 4,4 mil vagas para cursos técnicos na Bahia com ingresso em 2027",bahianoticias.com.br,https://news.google.com/rss/articles/CBMi0gFBVV95cUxPbkRsUXpkWU1oQjRCczNwVFM2ZWdhQkZkbi04ZG1TajlFckVaNDhzNkZxQ3BEUjJOYW85cmNPNkMteElpUzNRTFF0RVR4OFpxQjdVZlZPeTg5WF9Ib2ZWUG1pbERNOU9nS0pfSVFmejV4T0hJMmZmQ0ZnUTVhZFRTOFIzR2lIYnpPQ3ZDUUl5WWVKWE1EVDBzaFV2SmhXa1l6dWoxUFhkNHNTbDFGZ09wdlBuV2FwLW9KTDUxamM0WVhKSUxLYnN0aERHVV9KbkIzQ2c,Gestão e RH,Imprensa Local,Geral / Não Especificado,busca_automatica,correta
2026-07-31,"IF Baiano abre 4,4 mil vagas para cursos técnicos na Bahia com ingresso em 2027",Bahia Notícias,https://news.google.com/rss/articles/CBMi0gFBVV95cUxPbkRsUXpkWU1oQjRCczNwVFM2ZWdhQkZkbi04ZG1TajlFckVaNDhzNkZxQ3BEUjJOYW85cmNPNkMteElpUzNRTFF0RVR4OFpxQjdVZlZPeTg5WF9Ib2ZWUG1pbERNOU9nS0pfSVFmejV4T0hJMmZmQ0ZnUTVhZFRTOFIzR2lIYnpPQ3ZDUUl5WWVKWE1EVDBzaFV2SmhXa1l6dWoxUFhkNHNTbDFGZ09wdlBuV2FwLW9KTDUxamM0WVhKSUxLYnN0aERHVV9KbkIzQ2c?oc=5&hl=en-US&gl=US&ceid=US:en,Gestão e RH,Imprensa Regional (Bahia),Geral / Não Especificado,busca_automatica,correta
2026-07-31,IF Baiano abre mais de 4 mil vagas para cursos técnicos na Bahia,SulBahiaNews,https://news.google.com/rss/articles/CBMingFBVV95cUxOTzRzU3NkNjBpUUFBVTg4aVZja3BQSWJUdkZUSU5YN0RhVzJHSlR3TmdhRDNIRGRYRjVqZGhhVVEzc212QzY4LUlNQlNHQTZTSUt2ZWswNW9oVGNmZTBGbWN1TC1vWU1hdFoxS1hZdFZYZnA5M2lpaU1ZMGNhR1dXOGh1OF93NFVQYV8wbjAxUzJKZTRlRVNNcHA1WWFIQQ,Gestão e RH,Imprensa Local,Geral / Não Especificado,busca_automatica,correta
2026-07-31,"IF Baiano abre mais de 4,4 mil vagas para cursos técnicos em 2027",Chapada Notícias,https://news.google.com/rss/articles/CBMipAFBVV95cUxOd0hiUEg4ZjZkV2Q0WmpBZHlvazkyUkd5Y1h0NWRWVW5BRFJHdEEwLXdQbG9nc3g5ZnlmemVacWx3MmI2a0ZZNGJONXVTeGlOVG9nRXFrY0NDMHJ0S2lwVDU4Q3RxRXRseDFUWGIwblNoTmp0cmx3c3ZlRGpuZ1g0UEk3akp4bTNwY3RqdGlQcW5PbnF3UU14RkJWZndnc18xeHpoQw?oc=5&hl=en-US&gl=US&ceid=US:en,Gestão e RH,Imprensa Local,Geral / Não Especificado,busca_automatica,correta
2026-07-31,Como se inscrever nas 4 mil vagas do IF Baiano para 2027? Confira,Aratu On,https://news.google.com/rss/articles/CBMiqAFBVV95cUxQb0w0UWxvcnlRZmpRdmZMNEw3NGhUQlpneV9zX1dUYktvVWxJcGhyQVNPaXY2YU9kcnU0dXhjQVMzRjZvUnQzZVFpSFFsXzlBc3hLUjFsc1A2UU1uTk9jWUV5M2Ffb2t0TWhMWFRaVU4telUtQjVaX1FjeTRWblB0MUxFRmRZcWVCR3RUWWZMb2xrVjNQc0hEbzZMTHIxY0dEcjdabVFiaks?oc=5&hl=en-US&gl=US&ceid=US:en,Gestão e RH,Imprensa Regional (Bahia),Geral / Não Especificado,busca_automatica,correta
2026-07-31,Defensoria Pública destaca papel na proteção do meio ambiente durante palestra no IF Baiano,Valença Agora -,https://news.google.com/rss/articles/CBMiuAFBVV95cUxOZlQyR0xBcUQ2TE9fampZbTJUaGNXM2plTVQ5aWZ4elk3dnFlcWxZYzNQQ3VrZWdZWXk2R3ZDUHl2cVBHV3ZDRm1FNVNBeTMtT014V2YzbmRCODRWMEgzMDhNNXBKNURLY2VxbEhhcG9abzZoZGJFaFFWSTZiVjRGRW9WN2NzYjEzWEdtemo3NW5NenNDNzNEY1ZyX0R1Ykl1QUdxTG8tWGFpdWJ3YzNrbnBQdGZxSnkx?oc=5&hl=en-US&gl=US&ceid=US:en,Institucional,Imprensa Local,Valença,busca_automatica,correta
2026-07-31,"IF Baiano abre seleção com mais de 4,4 mil vagas para cursos técnicos na Bahia",falavoce.com.br,https://news.google.com/rss/articles/CBMiywFBVV95cUxQRWYtQzBaTlMxU0VUM2tOdlpoY0JzemhkSDc2ZVdiRTdBeGk4X3ZCQkhkTUZyejhraGJjMXVrYXlwNFFIZEl6eGxmQUtRdUFmZllWWkN2OTBhN05mMExpSXJQMDh0NlJNdHYxa1dkUmVTU1Q3cnNwbm1leGxRRHUxa0g2MDR3UXpOdWVKSEVmeXBGdGNWbmQ0bmlvQW95YUxlXzFjME5aMFhyaXJuSGg4cTBUUlF4WHV2RTJkdVVLSzBocUdVTDFrSG1lQQ,Gestão e RH,Imprensa Local,Geral / Não Especificado,busca_automatica,correta
2026-07-31,"IF Baiano abre seleção com mais de 4,4 mil vagas para cursos técnicos na Bahia",Fala Você Notícias,https://news.google.com/rss/articles/CBMiywFBVV95cUxQRWYtQzBaTlMxU0VUM2tOdlpoY0JzemhkSDc2ZVdiRTdBeGk4X3ZCQkhkTUZyejhraGJjMXVrYXlwNFFIZEl6eGxmQUtRdUFmZllWWkN2OTBhN05mMExpSXJQMDh0NlJNdHYxa1dkUmVTU1Q3cnNwbm1leGxRRHUxa0g2MDR3UXpOdWVKSEVmeXBGdGNWbmQ0bmlvQW95YUxlXzFjME5aMFhyaXJuSGg4cTBUUlF4WHV2RTJkdVVLSzBocUdVTDFrSG1lQQ?oc=5&hl=en-US&gl=US&ceid=US:en,Gestão e RH,Imprensa Local,Geral / Não Especificado,busca_automatica,correta
2026-07-31,IF Baiano abre 785 vagas em cursos técnicos gratuitos em Uruçuca e cidades da região,ilheuseventos.com.br,https://news.google.com/rss/articles/CBMizAFBVV95cUxPOFp5LVJzSm00eDVwNlBQWlRUY2I4WjlleWZMX3Q2azR2QThMN1hfZjA2cHJzek1tcWJpT2I2Y3RDOTd6Vm1FOWlMVWVmLXZPYkhKZGFjdUk1a1hYWjBvR1FabDd1UHBLRUpUWjBQLUxwaHFOMTVvWExGTFFDSWJOcFdlNE5aeWN4MlZ2d3dWYWZMV0pNOFdVWUJkUzNiSDYyVzl6Y2s0bkVBa2IwZXFmV1FEUlYtUlJqWkN1LW9neVJqZGRfa0VEYVlaclY,Gestão e RH,Imprensa Local,Uruçuca,busca_automatica,correta
2026-07-31,IF Baiano abre 785 vagas em cursos técnicos gratuitos em Uruçuca e cidades da região,Ilhéus Eventos,https://news.google.com/rss/articles/CBMizAFBVV95cUxPOFp5LVJzSm00eDVwNlBQWlRUY2I4WjlleWZMX3Q2azR2QThMN1hfZjA2cHJzek1tcWJpT2I2Y3RDOTd6Vm1FOWlMVWVmLXZPYkhKZGFjdUk1a1hYWjBvR1FabDd1UHBLRUpUWjBQLUxwaHFOMTVvWExGTFFDSWJOcFdlNE5aeWN4MlZ2d3dWYWZMV0pNOFdVWUJkUzNiSDYyVzl6Y2s0bkVBa2IwZXFmV1FEUlYtUlJqWkN1LW9neVJqZGRfa0VEYVlaclY?oc=5&hl=en-US&gl=US&ceid=US:en,Gestão e RH,Imprensa Local,Uruçuca,busca_automatica,correta
2026-07-31,Projeto de mapeamento de lavouras,O Presente Rural,https://opresenterural.com.br/projeto-aposta-em-inteligencia-artificial-para-aprimorar-mapeamento-de-lavouras-no-brasil/,Extensão,Especializados (Nichos),Reitoria (Salvador),curadoria_dicom,correta
2026-07-31,Prosel 2027,Revista Metropolitana,https://revistametropolitana.com.br/noticia/58875/if-baiano-oferece-4-4-mil-vagas-em-cursos-tecnicos-para-2027-inscricoes-comecam-em-agosto,Ensino,Imprensa Local,Reitoria (Salvador),curadoria_dicom,correta
2026-07-31,Palestra sobre meio ambiente,valencaagora.com,https://valencaagora.com/defensoria-publica-destaca-papel-na-protecao-do-meio-ambiente-durante-palestra-no-if-baiano/,Institucional,Imprensa Local,Valença,curadoria_dicom,correta
2026-07-31,Prosel 2027,Bahia Notícias,https://www.bahianoticias.com.br/municipios/noticia/51887-if-baiano-abre-44-mil-vagas-para-cursos-tecnicos-na-bahia-com-ingresso-em-2027,Ensino,Imprensa Regional (Bahia),Reitoria (Salvador),curadoria_dicom,correta
2026-07-31,Prosel 2027,Fala Você Notícias,https://www.falavoce.com.br/noticias/8454-2026/07/31/if-baiano-abre-selecao-com-mais-de-4-4-mil-vagas-para-cursos-tecnicos-na-bahia,Ensino,Imprensa Local,Reitoria (Salvador),curadoria_dicom,correta
2026-07-31,Prosel 2027,iBahia,https://www.ibahia.com/noticias/educacao/ifba-oferece-mais-de-4-mil-vagas-para-cursos-tecnicos-na-bahia-368842,Ensino,Imprensa Regional (Bahia),Reitoria (Salvador),curadoria_dicom,correta
2026-07-31,Prosel 2027,Metro1,"https://www.metro1.com.br/noticias/bahia/186195,if-baiano-oferece-mais-de-4-mil-vagas-em-cursos-tecnicos-inscricoes-comecam-em-agosto",Ensino,Imprensa Local,Reitoria (Salvador),curadoria_dicom,correta
2026-07-31,Prosel 2027,Sul Bahia News,https://www.sulbahianews.com.br/if-baiano-abre-mais-de-4-mil-vagas-para-cursos-tecnicos-na-bahia/,Ensino,Imprensa Local,Reitoria (Salvador),curadoria_dicom,correta
2026-07-30,Prosel 2027,Agência Sertão,https://agenciasertao.com/2026/07/30/if-baiano-abre-4-451-vagas-para-cursos-tecnicos-em-14-cidades/,Ensino,Imprensa Local,Reitoria (Salvador),curadoria_dicom,correta
2026-07-30,Prosel 2027,Voz no Campo,https://avozdocampo.com/bahia/if-baiano-abre-mais-de-4-mil-vagas-para-cursos-tecnicos-na-bahia/,Ensino,Imprensa Local,Reitoria (Salvador),curadoria_dicom,correta
2026-07-30,Prosel 2027,Bahia Econômica,https://bahiaeconomica.com.br/wp/2026/07/30/if-baiano-abre-selecao-com-mais-de-44-mil-vagas-em-cursos-tecnicos-para-2027/,Ensino,Imprensa Local,Reitoria (Salvador),curadoria_dicom,correta
2026-07-30,Prosel 2027,Blog do Eloilton Cajuhy,https://blogdoeloiltoncajuhy.com.br/site/if-baiano-abre-vagas-para-cursos-tecnicos-em-senhor-do-bonfim-e-outras-cidades-da-bahia/,Ensino,Imprensa Local,Reitoria (Salvador),curadoria_dicom,correta
2026-07-30,Prosel 2027,Criativa Online,https://criativaonline.com.br/if-baiano-abre-mais-de-4-mil-vagas-em-cursos-tecnicos-em-toda-a-bahia-para-ingresso-em-2027/,Ensino,Imprensa Local,Reitoria (Salvador),curadoria_dicom,correta
2026-07-30,Prosel 2027,G1,https://g1.globo.com/ba/bahia/blogdoemprego/noticia/2026/07/30/if-baiano-abre-mais-de-4-mil-vagas-para-cursos-tecnicos-na-bahia.ghtml,Ensino,Imprensa (Nacional),Reitoria (Salvador),curadoria_dicom,correta
2026-07-30,IF Baiano abre seleção para cursos técnicos integrados ao Ensino Médio com 120 vagas em Bom Jesus da Lapa,Notícias da Lapa,https://news.google.com/rss/articles/CBMi-gFBVV95cUxQdGo5TF9rYnZUU3NMUXp4NWF3aVh4N24yNGVWRFVXX1pvZnN2VTZSa0EtblpBWFVocmY2RjR5NEYzeE5HbjdxVE42V2o4aG9qU2k4OHZsZjRBSVByX0djOTVmOGlZaVIyODdpOFFnNnhmcXRwaVUtQUk0Ylh0a1BaeFlqREVDdkFCcHFUeVBhNjNZbWZzOVZXendva1l1OXZBWHUzT2ltd185eEc2aXVQalpuR2NqWHEtTmR0OWNqRnpVb2UtUG1UQmgwN1YtSGJZRDJWRDQxVHNwSG5QdURFNTlIWENsdV91MUhsbFNtSUhYRUh5NUUzVkhn?oc=5&hl=en-US&gl=US&ceid=US:en,Gestão e RH,Imprensa Local,Bom Jesus da Lapa,busca_automatica,correta
2026-07-30,Iniciação em extensão como um caminho para o processo formativo do estudante do Ensino Médio Integrado do IF Baiano,IFRN,https://news.google.com/rss/articles/CBMicEFVX3lxTFBWMDFwNzV3b01SU2FwUmhzM0RJMjRTQ0ZWQ2k0UlBGX1ZqMmh5R1Rua2ZrNV9GNlNCdERCUUVIQ1FOS3BINlQxQzQ4b2NzQW9YMm45RGR1OWVxLW5pQlpzZG9kTlVpSjZ6ZHA5cmcyQVM?oc=5&hl=en-US&gl=US&ceid=US:en,Ensino,Outras Instituições de Ensino,Geral / Não Especificado,busca_automatica,correta
2026-07-30,IF Baiano abre mais de 4 mil vagas em cursos técnicos em toda a Bahia,acordacidade.com.br,https://news.google.com/rss/articles/CBMisAFBVV95cUxOMlJDMDB2RlNxcWNhYkV4SXVGNlE3VWdxQzlDWlFaZ1BnYW5ubVBzVWs2RHJoTE5oX0g1TElBbFFrSzhCcEl0YWNaT0RCRVRBTng3RWFMVmtUVTRpWllXaERpM2dBOG50YlRhVjhMdUgtS0ZrQmtTOXc5RmdfRjhCVElFSlFXVXkzQkVFcm4yQ1lZYlpERTBYSUE2WE1LWjF5Y3RndjZiMWxQLTgyVEg3Mw,Gestão e RH,Imprensa Local,Geral / Não Especificado,busca_automatica,correta
2026-07-30,IF Baiano abre mais de 4 mil vagas em cursos técnicos em toda a Bahia,Acorda Cidade,https://news.google.com/rss/articles/CBMisAFBVV95cUxOMlJDMDB2RlNxcWNhYkV4SXVGNlE3VWdxQzlDWlFaZ1BnYW5ubVBzVWs2RHJoTE5oX0g1TElBbFFrSzhCcEl0YWNaT0RCRVRBTng3RWFMVmtUVTRpWllXaERpM2dBOG50YlRhVjhMdUgtS0ZrQmtTOXc5RmdfRjhCVElFSlFXVXkzQkVFcm4yQ1lZYlpERTBYSUE2WE1LWjF5Y3RndjZiMWxQLTgyVEg3Mw?oc=5&hl=en-US&gl=US&ceid=US:en,Gestão e RH,Imprensa Regional (Bahia),Geral / Não Especificado,busca_automatica,correta
2026-07-30,"IF BAIANO ABRE SELEÇÃO COM MAIS DE 4,4 MIL VAGAS EM CURSOS TÉCNICOS PARA 2027 -",- Bahia Economica,https://news.google.com/rss/articles/CBMivgFBVV95cUxPUWxsaXp4cWJIemR6THlwcmhic3dDLUJyVFIySW9VY0MwYWxhbWxkby1tanRCWUhlVjMwN1hYZWZQOG5aMWpmWTQyNWNjRXptVnR3SkRlNWNqdXFNSjdldzlES20zMWZ3Q1EycW9kMmtsT0s4QW44aXdHcHREUG96SFZGMzZHNC1mUS1nVVVhcV9oeENFaDE1amp2TEliLTY5ckNQb0FlZHFzTTR2Vk9LWWZTbDNJSTgyS2duYnVn,Gestão e RH,Imprensa Local,Geral / Não Especificado,busca_automatica,correta
2026-07-30,"IF BAIANO ABRE SELEÇÃO COM MAIS DE 4,4 MIL VAGAS EM CURSOS TÉCNICOS PARA 2027",bahiaeconomica.com.br,https://news.google.com/rss/articles/CBMivgFBVV95cUxPUWxsaXp4cWJIemR6THlwcmhic3dDLUJyVFIySW9VY0MwYWxhbWxkby1tanRCWUhlVjMwN1hYZWZQOG5aMWpmWTQyNWNjRXptVnR3SkRlNWNqdXFNSjdldzlES20zMWZ3Q1EycW9kMmtsT0s4QW44aXdHcHREUG96SFZGMzZHNC1mUS1nVVVhcV9oeENFaDE1amp2TEliLTY5ckNQb0FlZHFzTTR2Vk9LWWZTbDNJSTgyS2duYnVn?oc=5&hl=en-US&gl=US&ceid=US:en,Gestão e RH,Imprensa Local,Geral / Não Especificado,busca_automatica,correta
2026-07-30,IF Baiano abre vagas para cursos técnicos em Senhor do Bonfim e outras cidades da Bahia,Blog do Eloilton Cajuhy,https://news.google.com/rss/articles/CBMiyAFBVV95cUxNbkNZczRGc2ctQmFiYXZFanlqT1piT24wYmdFY09ibnFVUVUxeW5HaE15UHZHY0g2OVVoczdoUXk0b1BBeWJBU2lpdlIxcGJJZnowSURGMmI3ME85blZTS1V1dDBoV3FSc2xmcHJVWTF5QV9TZzRCTlVoRGNuMHFmcDEyYWVSdjRHOG9DRjdLLTQtWW5RUmxZOVZaNW82WTJFd0ZDaVJtZFpUQnRnX2lZbFZiMWZjMFhuT2JCVE9EWVlCR0Z5STNGLQ?oc=5&hl=en-US&gl=US&ceid=US:en,Gestão e RH,Imprensa Local,Senhor do Bonfim,busca_automatica,correta
2026-07-30,"IF Baiano oferece mais de 4,4 mil vagas em cursos técnicos para ingresso em 2027",Fala Você Notícias,https://news.google.com/rss/articles/CBMizgFBVV95cUxNZzJJV3ZUYWRxaDJZWFN1QTJqbzBwVXczUnpVQ2loRXZDekdlT0RfVkJfREYxUV9hTXpWY0ZKYkpZMkphYm05VnUwTTNLVmtCVHM3VHpERjlUektLLWtpb1N0SUZPSkQ5YUQ5R2RUOGNhb3hSTF96YVBDcGViTXU5TUN6R05HckpKQlY0VGdkakFLV1ZoVGg4d3JzVWpxbUpTSFlMUzU2aEtqTUNvZGxiZ1dfY0VYSnBnSk1VVjQ3LU5LQ3pzZ1VnSHZWVXRnUQ?oc=5&hl=en-US&gl=US&ceid=US:en,Gestão e RH,Imprensa Local,Geral / Não Especificado,busca_automatica,correta
2026-07-30,IF Baiano abre mais de 4 mil vagas para cursos técnicos na Bahia,G1,https://news.google.com/rss/articles/CBMizgFBVV95cUxObnJsTnJlSVl3ei05T2I2QWdNSVlydDRXbURMUnVKbG9hR0ZQcjZpbmFSQjlzNDZzbXVROWE3cTdvWFZ3VTNuVG9KcTRiM0cxZTlhSmJVUzlsOTZGWlNPX3JmSG1RTHVfN1lqQS1wd0tpRkpQZUVWTDAyU1NIeGR1aDJwY2tnWU9NNGRUZGlvalpnS1BGTE5feXVRUFJlOXhMdGZDMjBFandGTmYxblFhdENRR2lzcG01RmlNbTlzVW1yR0Ftblh0MEtaeEV2UdIB3AFBVV95cUxNS21ueldmMnZTdFpwNXlPc2tMUnF2SHpPbFE1dUI4Q0NpYlVkZWUxTU9udjVNdnl0WTAtMFY1X0NISU1BTTZSMEJBa3JWMkl3OS1FYkZDRkxadE1BeGNnYWNZLVRHTlRvdHp0bDdLdFlaUnhfLUxQY21SaDJadUhpdzhRdnpuMW1kV0YxZmxSN1FOSVY2UXlCbjZLTUxlM05DNEpDaklBX0poakFOY0d5ellDOGYxblZGMHBjZnY1em9DTHB6OFYxY0djTkdXeGFHNWF0ZWZqdmxJbVp3?oc=5&hl=en-US&gl=US&ceid=US:en,Gestão e RH,Imprensa (Nacional),Geral / Não Especificado,busca_automatica,correta
2026-07-30,Prosel 2027,Pimenta Blog,https://pimenta.blog.br/2026/07/30/urucuca-if-baiano-oferta-vagas-em-sete-cursos-tecnicos-gratuitos/,Ensino,Imprensa Local,Uruçuca,curadoria_dicom,correta
2026-07-30,Prosel 2027,Voz da Bahia,https://vozdabahia.com.br/if-baiano-abre-selecao-cursos-tecnicos-2027/,Ensino,Imprensa Local,Reitoria (Salvador),curadoria_dicom,correta
2026-07-30,Prosel 2027,Acorda Cidade,https://www.acordacidade.com.br/educacao/if-baiano-abre-mais-de-4-mil-vagas-em-cursos-tecnicos-em-toda-a-bahia/,Ensino,Imprensa Regional (Bahia),Reitoria (Salvador),curadoria_dicom,correta
2026-07-30,Prosel 2027,Notícias da Lapa,https://www.bomjesusdalapanoticias.com.br/bom-jesus-da-lapa/if-baiano-abre-selecao-para-cursos-tecnicos-integrados-ao-ensino-medio-com-120-vagas-em-bom-jesus-da-lapa/,Ensino,Imprensa Local,Bom Jesus da Lapa,curadoria_dicom,correta
2026-07-30,Prosel 2027,De Olho na Cidade,https://www.deolhonacidade.net/if-baiano-abre-selecao-para-mais-de-4-mil-vagas-em-cursos-tecnicos-com-ingresso-em-2027,Ensino,Imprensa Local,Reitoria (Salvador),curadoria_dicom,correta
2026-07-30,Prosel 2027,Fala Você Notícias,https://www.falavoce.com.br/noticias/8434-2026/07/30/if-baiano-oferece-mais-de-4-4-mil-vagas-em-cursos-tecnicos-para-ingresso-em-2027,Ensino,Imprensa Local,Reitoria (Salvador),curadoria_dicom,correta
2026-07-30,Prosel 2027,Portal RCD,https://www.portalrcd.com/post/if-baiano-oferece-mais-de-4-mil-vagas-em-cursos-t%C3%A9cnicos-para-2027,Ensino,Imprensa Local,Reitoria (Salvador),curadoria_dicom,correta
2026-07-30,Prosel 2027,Tribuna da Bahia,https://www.trbn.com.br/materia/I160222/if-baiano-abre-mais-de-4-mil-vagas-em-cursos-tecnicos-em-toda-a-bahia,Ensino,Imprensa Regional (Bahia),Reitoria (Salvador),curadoria_dicom,correta
2026-07-29,Prosel 2027,Click Petróleo e Gás,https://clickpetroleoegas.com.br/instituto-federal-abre-120-vagas-em-cursos-tecnicos-gratuitos-de-agricultura-e-zootecnia-veja-como-se-inscrever-para-ser-aluno-do-if-baiano-ama01/,Ensino,Imprensa Local,Guanambi,curadoria_dicom,correta
2026-07-29,Prosel 2027,Fala Você Notícias,https://www.falavoce.com.br/noticias/8411-2026/07/29/if-baiano-de-guanambi-abre-selecao-com-200-vagas-para-cursos-tecnicos-integrados-em-2027,Ensino,Imprensa Local,Guanambi,curadoria_dicom,correta
2026-07-28,IF Baiano abre inscrições para o X Seminário de Agroecologia e Produção Orgânica em Guanambi,Fala Você Notícias,https://news.google.com/rss/articles/CBMi3gFBVV95cUxPbmhONjluemNJSzBLVWlDNzZ3WGU3Sm1yd1pTeWxvcmJPWmoxalVOYXhYdXpTYWpjOERHUEVtTjdjZDdyU3NCcHBOeFNIQktxZjgxVnYwZjRjMXhmcDdtMGxiTWJVd2RuZGR6S0ptWjhjQW5Ua3g5dHpvTTk5NEczZ2hRQ0lmcWNPNThPRFdtMUQ5Wk9JUG84XzJLcDZCUHZtZ0lfdEtIWUw3ZFFfajhwVm1TRmFfcHBOLWNOOHRaVzIwUTZTcGpyb3E1bDFJdE5lTllpaFFQYzlHRW1wc3c?oc=5&hl=en-US&gl=US&ceid=US:en,Extensão,Imprensa Local,Guanambi,busca_automatica,correta
2026-07-28,X Seminário de Agroecologia e Produção Orgânica,Fala Você Notícias,https://www.falavoce.com.br/noticias/8382-2026/07/28/if-baiano-abre-inscricoes-para-o-x-seminario-de-agroecologia-e-producao-organica-em-guanambi,Extensão,Imprensa Local,Guanambi,curadoria_dicom,correta
2026-07-27,Prosel cursos subsequentes,Fala Oeste,https://falabarreiras.com/na-bahia/concursos-na-bahia-tem-vagas-e-inscricoes-abertas/,Ensino,Imprensa Local,Guanambi,curadoria_dicom,correta
2026-07-27,X Seapo será realizado em agosto no IF Baiano em Guanambi; veja programação,Agência Sertão,https://news.google.com/rss/articles/CBMisgFBVV95cUxNeTZ5TVBnVmNic2NVX01oTFd1aGNyWDFkb3dEQ01IMW1GMXdENC1VNmU2QVRrVU5jSUQ2OGNycnpxaFExZ1RnSWd4ZUYzSGMwWXR5cDNWWHBtb083Um5TMGlzVHhYMDNNRWZJUEtZUE9aeUpKTGZZZDBlQzV3cFgxY3pQek5Lbkhfb1Z3Qkk2SmhWd3NCSDhESUdkWFVBSjJZY0xmMUVYbm1Lc3RZM1Z5QjVR0gGyAUFVX3lxTE15NnlNUGdWY2JzY1VfTWhMV3VoY3JYMWRvd0RDTUgxbUYxd0Q0LVU2ZTZBVGtVTmNJRDY4Y3JyenFoUTFnVGdJZ3hlRjNIYzBZdHlwM1ZYcG1vTzdSblMwaXNUeFgwM01FZklQS1lQT1p5SkpMZllkMGVDNXdwWDFjelB6TktuSF9vVndCSTZKaFZ3c0JIOERJR2RYVUFKMlljTGYxRVhubUtzdFkzVnlCNVE?oc=5&hl=en-US&gl=US&ceid=US:en,Institucional,Imprensa Local,Guanambi,busca_automatica,correta
2026-07-27,Prosel cursos subsequentes,Hora Brasil,https://www.horabrasil.com.br/2026/07/27/if-baiano-cursos-tecnicos-gratuitos-sem-prova/,Ensino,Imprensa Local,Guanambi,curadoria_dicom,correta
2026-07-26,Prosel cursos subsequentes,PEBSP,https://www.pebsp.com/if-baiano-abre-120-vagas-em-cursos-tecnicos-gratuitos-em-agricultura-e-zootecnia-dcs/,Ensino,Imprensa Local,Guanambi,curadoria_dicom,correta
2026-07-25,Prosel cursos subsequentes,Agência Sertão,https://agenciasertao.com/2026/07/25/ultima-semana-para-se-inscrever-em-120-vagas-de-cursos-tecnicos-do-if-baiano-em-guanambi/,Ensino,Imprensa Local,Guanambi,curadoria_dicom,correta
2026-07-25,Prosel vagas remanescentes,Bahia na Política,https://bahianapolitica.com.br/if-baiano-campus-serrinha-abre-selecao-para-21-vagas-remanescentes-no-curso-tecnico-em-agropecuaria/,Gestão e RH,Imprensa Local,Serrinha,curadoria_dicom,correta
2026-07-24,Prosel vagas remanescentes,A Voz do Campo,https://avozdocampo.com/feira-de-santana/if-baiano-abre-vagas-gratuitas-em-curso-tecnico-de-agropecuaria-an-ba/,Gestão e RH,Imprensa Local,Serrinha,curadoria_dicom,correta
2026-07-24,Prosel vagas remanescentes,G1,https://g1.globo.com/ba/feira-de-santana-regiao/noticia/2026/07/24/vagas-instituto-bahia.ghtml,Gestão e RH,Imprensa (Nacional),Serrinha,curadoria_dicom,correta
2026-07-24,IF Baiano abre vagas gratuitas em curso técnico de Agropecuária no interior da Bahia,G1,https://news.google.com/rss/articles/CBMimgFBVV95cUxPeUlWVmp0TlhldENaMDZRbGxqcWE3d2ViX2xPdGM1UHUyU0dVM1BYMUJpWV91RTZ4MjM4enVlMWJfY2VuNlI3WEJfbnlfMy1lSkF5ZFVnUm1WS0R3cFFOdWpCOE5YNTVDTnhuMDBTd01GbklrMlhBXzBsank1RkNrZ3gzRDBKazRqeEpPN1NtX2Jhek9Oa3JrdGhB0gGoAUFVX3lxTE5kSG9kV1BZZU1XR0lmZldXNklNOHIxdXhFVDJYbm1namRSTGk0Q3lqNGdiSV9Kb29GMGI1WmFkUmg0a210YzhZQTczYWdTR1NnMTNGcGRabEU3LWN4bk9Oc0lJdGtwTmJyQ1N6RXlrVmNzcHg1dmltMjZsVmJ6VWZCN082N2RQQ2RnTEQwVUFqV1pJZ2QwUUNTVFdNXzJ1X2R5NUZoalkzdA?oc=5&hl=en-US&gl=US&ceid=US:en,Gestão e RH,Imprensa (Nacional),Geral / Não Especificado,busca_automatica,correta
2026-07-24,IF Baiano abre vagas gratuitas em curso técnico de Agropecuária an BA,avozdocampo.com,https://news.google.com/rss/articles/CBMisAFBVV95cUxQNVBlWHVVdWI5VWRvY2dOR3poZ2xjVGxqMGE2MVZiVWs0c2hwTUkxQnFYanFCVV8zc1FCaU1HNERwZFpKWVRzenJEOXR2WURhWEctTHRmWHVmS0I2a1h6OWdGbHNrM05FeEdrRHVaTGtlZlFpcWh6Mk5qbEdpTXdkS2hMdnpoLUZJdE1qaHM1RmMtdnFiS3Bhb01RQ2tZbWJsMVhNVGhyNGtPMmhCMGZQeQ?oc=5&hl=en-US&gl=US&ceid=US:en,Gestão e RH,Imprensa Local,Geral / Não Especificado,busca_automatica,correta
2026-07-24,Prosel vagas remanescentes,Acorda Cidade,https://www.acordacidade.com.br/educacao/if-baiano-abre-selecao-para-vagas-remanescentes-no-curso-tecnico-em-agropecuaria/#goog_rewarded,Gestão e RH,Imprensa Regional (Bahia),Serrinha,curadoria_dicom,correta
2026-07-24,Plataforma Aquilombando-se,O Candeeiro,https://www.jornalocandeeiro.com.br/noticia-52988-univercienciadestacaestudossobreimpactoambientaldoturismoeousodetecnologiasnamedicinaenapreservacaodaculturaquilombola,Institucional,Imprensa Local,Reitoria (Salvador),curadoria_dicom,correta
2026-07-24,Prosel vagas remanescentes,Líder FM 96.5,https://www.liderfm965.com.br/noticiaatual/ba_if-baiano-abre-vagas-gratuitas-em-curso-tecnico-de-agropecuaria-no-interior-da-bahia,Gestão e RH,Imprensa Local,Serrinha,curadoria_dicom,correta
2026-07-24,Prosel vagas remanescentes,Sociedade On,https://www.sociedadeon.com.br/if-baiano-abre-selecao-para-curso-tecnico,Gestão e RH,Imprensa Local,Serrinha,curadoria_dicom,correta
2026-07-23,UNEB abre seleção para vagas remanescentes; Bom Jesus da Lapa oferece 89 oportunidades em cursos presenciais e EaD,Notícias da Lapa,https://news.google.com/rss/articles/CBMihAJBVV95cUxNMG1HQjdRbThkTUppSDJhTTlfTkppN2hDOUExTFNnaU83T0hHMlYwVTdqdjN6dGx6dHhvTThBd0JWRzZjWWZDekRGTGE5cWtZS1FDQ2lfOTlHTmJhenJHaTc1ME5jTHh5WTBLNThkdnFiTE1WeWpLdFVXb0dhR28yTzBrTEMyWnVIUXFFMUpxaXNqbml6S2FBM0NXMzYyd3RCdTQ1VnMxUzA3QWRaUXRueDdyYndjNHZ5Nno0R3BFUXBCWmFxVC1fa25LVW4wOVJXOXNZZUhnOEtwV3RBQm5NN1pIUWRrUjVRUXBvSEh1LVRkRVZOMC1POW02Q29hTlZReEI4ZQ,Gestão e RH,Imprensa Local,Bom Jesus da Lapa,busca_automatica,correta
2026-07-23,Workshop sobre atendimento no serviço público,Prefeitura São Francisco do Conde,https://novo.saofranciscodoconde.ba.gov.br/noticia/escola-de-governo-promove-workshop-sobre-atendimento-no-servico-publico-e-diversidades,Institucional,Governamental,Guanambi,curadoria_dicom,correta
2026-07-22,Prosel vagas remanescentes,Calila Notícias,https://calilanoticias.com/2026/07/if-baiano-campus-serrinha-abre-selecao-para-21-vagas-remanescentes-no-curso-tecnico-em-agropecuaria,Gestão e RH,Imprensa Local,Serrinha,curadoria_dicom,correta
2026-07-22,Prosel vagas remanescentes,Portal Cival Anjos,https://civalanjos.blogspot.com/2026/07/if-baiano-campus-serrinha-abre-selecao.html,Gestão e RH,Imprensa Local,Serrinha,curadoria_dicom,correta
2026-07-22,Prosel vagas remanescentes,Ichu Notícias,https://www.ichunoticias.com.br/2026/07/if-baiano-campus-serrinha-abre-selecao.html?m=0,Gestão e RH,Imprensa Local,Serrinha,curadoria_dicom,correta
2026-07-22,Prosel vagas remanescentes,Infonotícias,https://www.infonoticias.com.br/noticia/if-baiano-campus-serrinha-abre-selecao-para-21-vagas-remanescentes-no-curso-tecnico-em-agropecuaria,Gestão e RH,Imprensa Local,Serrinha,curadoria_dicom,correta
2026-07-22,Prosel vagas remanescentes,serrinhafm.com.br,https://www.serrinhafm.com.br/,Gestão e RH,Imprensa Local,Serrinha,curadoria_dicom,correta
2026-07-21,Seminários Pibid,Fala Você Notícias,https://www.falavoce.com.br/noticias/8211-2026/07/21/if-baiano-campus-guanambi-promove-seminarios-do-pibid-nos-dias-21-e-22-de-julho,Extensão,Imprensa Local,Guanambi,curadoria_dicom,correta
2026-07-20,Prosel vagas remanescentes,Netdados,https://www.netdados.com.br/2026/07/20/if-baiano-selecao-de-21-vagas-para-tecnico-em-agropecuaria-em-serrinha/,Gestão e RH,Imprensa Local,Serrinha,curadoria_dicom,correta
2026-07-18,Auxilio,Net Dados,https://www.netdados.com.br/2026/07/18/if-baiano-disponibiliza-auxilios-para-estudantes-em-quatro-unidades/,Institucional,Imprensa Local,Reitoria (Salvador),curadoria_dicom,correta
2026-07-17,Obras de pavimentação asfáltica,Agência Sertão,https://agenciasertao.com/2026/07/17/nova-ligacao-asfaltica-entre-guanambi-e-pindai-tem-investimento-previsto-de-quase-r-32-milhoes/,Institucional,Imprensa Local,Guanambi,curadoria_dicom,correta
2026-07-16,Obras de pavimentação asfáltica,Jornal Grande Bahia,https://jornalgrandebahia.com.br/2026/07/governo-jeronimo-abre-licitacao-para-pavimentar-1949-km-entre-guirapa-e-if-baiano-obra-em-apora-avanca-em-processo-anterior/,Institucional,Imprensa Regional (Bahia),Guanambi,curadoria_dicom,correta
2026-07-16,"Governo Jerônimo abre licitação para pavimentar 19,49 km entre Guirapá e IF Baiano; obra em Aporá avança em processo anterior",Jornal Grande Bahia,https://news.google.com/rss/articles/CBMi-AFBVV95cUxOZVc1SkVhaEZrazQ5WU5Fc0REaWI4VFdoWFdjSUZ6aGpnR25NMDFTMk0yMWVkRmpHNENBSXozZFFLQjZwX1NZejNELXBqYWxJZUNYeHdudHpOQjVRQUlySVpTVU0wampsVDZIZjhDME5NLVBSTHN0aTFIV1pKQU9oNjBlTFdXRzluQXY4cG04VDZ1MUhYaGNzU3ktQjk1Qi05ckh1U0hZZWRXMS1lb0ZDYVdobFcteTV4SDAzMzhDUDlUbkFfWUE0Y0puYXJhd1NPN1A0WnpKMU4tYVZTT0RXMVNSNWxPYjNTNzZKZ2diLVJJWWYtcTJPbQ?oc=5&hl=en-US&gl=US&ceid=US:en,Institucional,Imprensa Regional (Bahia),Geral / Não Especificado,busca_automatica,correta
2026-07-16,"Seinfra publica aviso de licitação para pavimentação entre Guirapá, em Pindaí, e IF Baiano, em Guanambi -",iGuanambi,https://news.google.com/rss/articles/CBMi6gFBVV95cUxPcWNrSzhKc1FFb3RpU0VqR3FLdVFFV3RwSTVvRFdfVTVzOC1ZZWlla3p4R3podnN1TU5yeU5PWmZneGxpTE01dFNELUsxOFlFZVItdnlPS2FBV0VCcGFvSnZSTHkzcTlJS2RHT1dxeUdYN3pUS1k2Si1URzZHYUNhRHFfODBoOUFUUWdIRndmaGhKZDhOMlhUcGxhdTh4RkpyQXlOSnNOTGFidkNqc3pTQUtzZTkyRlcxYTlFbjFYTEZWUXhhSEppcGExOHdVMmxHR3hpUm9Nd3hGOFFVcktXeEFJdVJsd3o2THfSAeoBQVVfeXFMT3Fja0s4SnNRRW90aVNFakdxS3VRRVd0cEk1b0RXX1U1czgtWWVpZWt6eEd6aHZzdU1OcnlOT1pmZ3hsaUxNNXRTRC1LMThZRWVSLXZ5T0thQVdFQnBhb0p2Ukx5M3E5SUtkR09XcXlHWDd6VEtZNkotVEc2R2FDYURxXzgwaDlBVFFnSEZ3ZmhoSmQ4TjJYVHBsYXU4eEZKckF5TkpzTkxhYnZDanN6U0FLc2U5MkZXMWE5RW4xWExGVlF4YUhKaXBhMTh3VTJsR0d4aVJvTXd4RjhRVXJLV3hBSXVSbHd6Nkx3?oc=5&hl=en-US&gl=US&ceid=US:en,Institucional,Imprensa Local,Guanambi,busca_automatica,correta
2026-07-16,IF Baiano atualiza quadro de docentes em oito campi no interior da Bahia,O TEMPO,https://news.google.com/rss/articles/CBMiuAFBVV95cUxNSVBYZDFIcDZYWTlOWU5RMllOb0VaaGplVTktSVN0bnplZDgzQWlYY0k4SXJDZTllSnZKMlVOYm4zY0hMd25DcXNfRllBdENvamdzNWozR0pBcXRDNXo3MVhfYW10M1Y4UFYtNHFaY1pfenhpOFY0ckNKTGFxaHJLTUc1R3VVVHlHMWpCUEYwYjJLNVV5eDJhSGhBaENsTG1HdGp1bEpjYXlyRTI1X1B3anlTRUhnUUNz0gG-AUFVX3lxTE1MNkxoZlU3VlZTMFZRd0FOZzFRalNlVWFuMGtUTVZESUVFUjVVQmR2aVNuOVJOYWc1VHYzcGluTk9HVnZtYjdncG5WTVhZUVU1S3BUVlZtWFpLdW1sSHEwSEdWa3pzdmlvRHhfLTRFa1A3YmhfSkpfdkphaVBoejFlbU83QlRKWVFuYjRmNlEzSFg2dWhEZ3FEMDRUWWVPSi1wV2RvTWE2ZFZ0OFBqY3pldWlCbkhXNTk3VkhYeVE?oc=5&hl=en-US&gl=US&ceid=US:en,Gestão e RH,Imprensa (Nacional),Geral / Não Especificado,busca_automatica,correta
2026-07-16,Contratos professor substituto,O Tempo,https://www.otempo.com.br/politica/2026/7/16/if-baiano-atualiza-quadro-de-docentes-em-oito-campi-no-interior-da-bahia,Gestão e RH,Imprensa (Nacional),Reitoria (Salvador),curadoria_dicom,correta
2026-07-15,Obras de pavimentação asfáltica,93 Notícias,https://93noticias.com.br/licitacao-para-pavimentacao-de-195-km-entre-guirapa-e/,Institucional,Imprensa Local,Guanambi,curadoria_dicom,correta
2026-07-15,Feira Orgânica,Agência Sertão,https://agenciasertao.com/2026/07/15/parque-da-cidade-recebe-feira-organica-nesta-quarta-feira-em-guanambi/,Extensão,Imprensa Local,Guanambi,curadoria_dicom,correta
2026-07-15,Obras de pavimentação asfáltica,Agência Sertão,https://agenciasertao.com/2026/07/15/seinfra-abre-licitacao-para-pavimentar-195-km-entre-if-baiano-de-guanambi-e-guirapa-em-pindai/,Institucional,Imprensa Local,Guanambi,curadoria_dicom,correta
2026-07-15,Capacitação sobre CAR/CEFIR,Alagonews,https://alagonews.com.br/noticia/28059/capacitacao-sobre-car-cefir-fortalece-o-acesso-do-credito-rural-aos-agricultores-familiares-de-alagoinhas/amp,Institucional,Imprensa Local,Catu,curadoria_dicom,correta
2026-07-15,IF Baiano formaliza contratação de novos professores substitutos em três campi,O TEMPO,https://news.google.com/rss/articles/CBMixgFBVV95cUxPam1sUTFKSTJyNENuVEhEUHhhdzQwVGNlNlFPMkdyZGlQRlVSTkR2TGFMWGVXeG05ZlZWcW41M3pmUENHVVZRNjdVQUZYY0stTkszem9FMVJVMUZuQkJNdmllWlZWZ09OSWJ5SVlnQngtWEVVVE9fNUxObEZuVGVBLTg4RWg0UzZoTmdjdWJhY1ZtOWQyVDlsRHhQQS1aR25oZ0NTRmFySXlIZUd4SDQtQnl0aV9ZZGxncU42dkd3djkxZE1lUVHSAcYBQVVfeXFMT2ptbFExSkkycjRDblRIRFB4YXc0MFRjZTZRTzJHcmRpUEZVUk5EdkxhTFhlV3htOWZWVnFuNTN6ZlBDR1VWUTY3VUFGWGNLLU5LM3pvRTFSVTFGbkJCTXZpZVpWVmdPTklieUlZZ0J4LVhFVVRPXzVMTmxGblRlQS04OEVoNFM2aE5nY3ViYWNWbTlkMlQ5bER4UEEtWkduaGdDU0Zhckl5SGVHeEg0LUJ5dGlfWWRsZ3FONnZHd3Y5MWRNZVFR?oc=5&hl=en-US&gl=US&ceid=US:en,Gestão e RH,Imprensa (Nacional),Geral / Não Especificado,busca_automatica,correta
2026-07-15,Capacitação sobre CAR/CEFIR,alagoinhas.ba.gov.br,https://www.alagoinhas.ba.gov.br/index.php/capacitacao-sobre-carcefir-fortalece-o-acesso-do-credito-rural-aos-agricultores-familiares-de-alagoinhas/,Institucional,Governamental,Catu,curadoria_dicom,correta
2026-07-15,Plataforma Aquilombando-se,Gov.ba,https://www.ba.gov.br/irdeb/noticias/2026-07/796/univerciencia-destaca-estudos-sobre-impacto-ambiental-do-turismo-e-o-uso-de,Institucional,Imprensa Local,Reitoria (Salvador),curadoria_dicom,correta
2026-07-15,Obras de pavimentação asfáltica,iGuanambi,https://www.iguanambi.com.br/noticias/2026/07/15/seinfra-publica-aviso-de-licitacao-para-pavimentacao-entre-guirapa-em-pindai-e-if-baiano-em-guanambi/,Institucional,Imprensa Local,Guanambi,curadoria_dicom,correta
2026-07-15,Contratos professor substituto,"Itaberaba, Senhor do Bonfim, Xique-Xique, Governador Mangabeira",https://www.otempo.com.br/politica/2026/7/15/if-baiano-formaliza-contratacao-de-novos-professores-substitutos-em-tres-campi.amp,Gestão e RH,Imprensa Local,Governador Mangabeira,curadoria_dicom,correta
2026-07-13,INSTITUTO FEDERAL BAIANO – CAMPUS SANTA INÊS LICENCIATURA EM GEOGRAFIA DISCIPLINA: TRABALHO DE CAMPO INTERDISCIPLINAR IV FICH,Portal eduCapes,https://news.google.com/rss/articles/CBMiogFBVV95cUxOQm50MnRWSkFrekl6dDNpZlk5ZThKTHQ2d3VEZ0x5Ri1pYkpvZ3QzTUFfMDVadDJFNUYwQktFRzFiN3R6Qk1vSl9PcF9KR1ZVMjliZ1lfNTN5TDJ1b1k0bjNxV1JmX0I4TU5IcEFaeklDRG8yS01sUzMzRERtZjVxZDRmVzBwRGNfY1k1bVBFeWRmNW0zRzhyLVp1ZFU0UzR6eWc?oc=5&hl=en-US&gl=US&ceid=US:en,Institucional,Imprensa Local,Santa Inês,busca_automatica,correta
2026-07-12,Renovação de matrícula,Fala Você Notícias,https://www.falavoce.com.br/noticias/7967-2026/07/12/if-baiano-guanambi-abre-renovacao-de-matricula-para-o-semestre-2026-2,Ensino,Imprensa Local,Guanambi,curadoria_dicom,correta
2026-07-11,"GESTÃO DA QUALIDADE DE VIDA NO TRABALHO: PRÁTICAS ATUAIS E PERSPECTIVAS FUTURAS DO IF BAIANO, NA ÓTICA DA LEI 14.681/2023",Portal de Periódicos da UNEB,https://news.google.com/rss/articles/CBMickFVX3lxTFBqdVpWbS1tNW5fVWl4b25GZDBvSTNfM25TVzNHbFB6U3FzOFlNd3RBRDF3bjJiNEhoNHhpRHZWVG1NX3NZbl94X2xhOVE0UmtXY0tGS0k5dkFFeFNabFVEaTlZbmpFX29mWUJhUThBcENRQQ?oc=5&hl=en-US&gl=US&ceid=US:en,Institucional,Imprensa Local,Geral / Não Especificado,busca_automatica,correta
2026-07-11,Univerciência - Samu,Nidde Digital,https://niddedigital.com/neste-sabado-11-na-tve-bahia-o-programa-univerciencia-destaca-tecnologia-em-urgencias-medicas-e-em-dados-sobre-mortalidade-infantil-e-a-saude-do-rio-catole/,Pesquisa,Imprensa Local,Guanambi,curadoria_dicom,correta
2026-07-10,36ª ExpoBonfim,Prefeitura de Senhor do Bonfim,https://senhordobonfim.ba.gov.br/36a-expobonfim-movimenta-senhor-do-bonfim-de-16-a-19-de-julho-no-parque-de-exposicoes/,Institucional,Governamental,Senhor do Bonfim,curadoria_dicom,correta
2026-07-10,Univerciência -Samu,Jornal O Candeeiro,https://www.jornalocandeeiro.com.br/noticia-52751-univercienciadestacatecnologiaemurgenciasmedicaseemdadossobremortalidadeinfantileasaudedoriocatole,Pesquisa,Imprensa Local,Guanambi,curadoria_dicom,correta
2026-07-09,Prosel cursos subsequentes,Tribuna do Recôncavo,https://tribunadoreconcavo.com/if-baiano-valenca-curso-tecnico-meio-ambiente/,Ensino,Imprensa Local,Valença,curadoria_dicom,correta
2026-07-07,"Prefeito João Veiga comemora autorização para pavimentação entre Guirapá e IF Baiano, em Guanambi - iGuanambi",iGuanambi,https://news.google.com/rss/articles/CBMi3wFBVV95cUxOOVZMbW9vdmg2ekp3bW9HUUIwbFBzVjNnbUJUTTZyYU1OZ3FMa0hycGtPOUJoQTA2SndTWWhKQ0xUUWw5VEpPeU0wcEtMakZFcEE3T0pYdnFXeEVlWVFKek5paFVnaDN6N0JidEZCZ1FZcnBaeWlVc3ZwMk9YcWppdnpHMzJyM1loNDNoZ3YxbmYwc0psNTA2bERVR0NhN1hFM0g5WGUyVW43OTdlTzRIZFFsXzc0Z1lNLVg5X19iVDY1S2JSQWtKWXRwTjFHUkNQOUpzT3gyTGQ3b09GMXlz0gHkAUFVX3lxTE53T1RUNFVJUHJSX3hCNkNsd1VRUXk0R0VlLXNfRjNBTVZ6dUs0Yzd1QjJFd3NSUUNNU2IzVGdEekZJMV8zRWxhaS01eEV1SF91ZFdBTDhxQkFNUmJzRDV6NmE3VjlVcktVY0lwT0JkN3hsX3hQMXpVazUzWFZQR2tubVYyUFF6cHE1c1gzVnZqaXVYM1I4Y1JTYlI0cTI3NG15eXd6WGZYdDZXSHdUN0JMZFpWNWY4TEtsQ3ZYYmRISk5MdUR6UWpSTWhnSjM2T3FmM21QZk50T3pkaW10dldhLUpTdg?oc=5&hl=en-US&gl=US&ceid=US:en,Institucional,Imprensa Local,Guanambi,busca_automatica,correta
2026-07-07,Oportunidades e Projetos,Fala Você Notícias,https://www.falavoce.com.br/bate-papo/7832-2026/07/07/if-baiano-guanambi-abre-novas-oportunidades-e-reforca-protagonismo-em-ensino-inovacao-e-formacao-profissional,Extensão,Imprensa Local,Guanambi,curadoria_dicom,correta
2026-07-07,Obras de pavimentação asfáltica,iGuanambi,https://www.iguanambi.com.br/noticias/2026/07/07/prefeito-joao-veiga-comemora-autorizacao-para-pavimentacao-entre-guirapa-e-if-baiano-em-guanambi/,Institucional,Imprensa Local,Guanambi,curadoria_dicom,correta
2026-07-05,Prosel cursos subsequentes,Curso grátis com certificado,https://cursogratiscomcertificado.com.br/if-baiano-abre-120-vagas-em-cursos-tecnicos-subsequentes-presenciais-em-guanambi-selecao-e-por-ordem-de-inscricao-e-matricula-sem-taxa-com-agricultura-e-zootecnia/,Ensino,Imprensa Local,Guanambi,curadoria_dicom,correta
2026-07-03,Desenvolvimento de Drones,Conexão Notícias,https://conexaodenoticias.com.br/drones-desenvolvidos-no-if-baiano-transformam-tecnologia-em-ferramenta-para-agricultura-e-meio-ambiente/,Institucional,Imprensa Local,Guanambi,curadoria_dicom,correta
2026-07-01,Obras de pavimentação asfáltica,Agência Sertão,https://agenciasertao.com/2026/07/01/prefeitura-de-guanambi-anunciou-pavimentacoes-de-mais-de-tres-quilometros-de-acessos-em-ceraima/,Institucional,Imprensa Local,Guanambi,curadoria_dicom,correta
2026-07-01,Projeto Bioluz,Click Petróleo e Gás,https://clickpetroleoegas.com.br/jovens-baianos-usam-garrafas-pet-cobre-e-zinco-para-criar-projeto-que-produz-eletricidade-a-partir-das-raizes-de-plantas-e-microrganismos-do-solo-conheca-o-projeto-bioluz-ama01/#goog_rewarded,Extensão,Imprensa Local,Alagoinhas,curadoria_dicom,correta
2026-07-01,Desenvolvimento de Drones,Conectado News,https://conectadonews.com.br/noticia/8077/drones-desenvolvidos-no-if-baiano-transformam-tecnologia-em-ferramenta-para-agricultura-e-meio-ambiente,Institucional,Imprensa Local,Reitoria (Salvador),curadoria_dicom,correta
2026-06-30,Desenvolvimento de Drones,Agência Sertão,https://agenciasertao.com/2026/06/30/if-baiano-desenvolve-drones-para-agricultura-ensino-e-monitoramento-ambiental-em-guanambi/,Institucional,Imprensa Local,Reitoria (Salvador),curadoria_dicom,correta
2026-06-30,Campus Santo Estevão,Jornal Grande Bahia,https://jornalgrandebahia.com.br/2026/06/if-baiano-informa-que-inauguracao-do-campus-de-santo-estevao-ainda-nao-tem-data-confirmada/,Institucional,Imprensa Regional (Bahia),Santo Estêvão,curadoria_dicom,correta
2026-06-30,"IF Baiano em Santo Estêvão tem inauguração adiada por pendências de infraestrutura, mas implantação segue em andamento",Jornal Grande Bahia,https://news.google.com/rss/articles/CBMi8AFBVV95cUxOQWI2T3I2b2ZkZ24zUDFIcGZiYVRFeVdTRGVjLUVYRTNicG1nY1VhVjlnb3VwWUltMXNvRjEyOGMxUjJNcG9jRDl4ZkkxbGJzazlDZWxLXzZRbFdzTHVJVzRiVEhOSnNOdXNMRzFVeTI3Ujk5dFNMMFpEYjVaRmpQc1lJc2tJd1h1OThyN2xiUUk5N2g1Y0JpZTRiXzVpUWtKM25KUmlUSklvcWY2NFJmcndickd5NHYyWHNmYUFVYS12d0NlSHlINEw4Y0h5Nzk3a1ByTFpCYnhieGV3anl1SjhBb0dCYk13UWJTZzl3ano?oc=5&hl=en-US&gl=US&ceid=US:en,Institucional,Imprensa Regional (Bahia),Santo Estêvão,busca_automatica,correta
2026-06-30,"IF Baiano desenvolve drones para agricultura, ensino e monitoramento ambiental em Guanambi",Agência Sertão,https://news.google.com/rss/articles/CBMixgFBVV95cUxOb1pIXzVKTGpTSXJPLUZEdmZWTmZ3UnNQZ3JaSTh3aW1HV09fcWRGMEZSNU5hX1c5SnZQMU5KYWpMb1U5S1NDdlRBNng3ZDNSTllLUDR0YVFhZTlYeHc3dGRhV1lOZHRMMmRxZjNNSkYxLWJuajAyNGViUS1UZ1lBelVPNGJWVWNkMWdNSjVYQTlWTGY2aW5Ha2psbXZ0ZjIzZWNFYTZuU3BialN2NmY4ZjFnVFhnVGR4M2hfa2FwVS16Z0tiZnfSAcYBQVVfeXFMTm9aSF81SkxqU0lyTy1GRHZmVk5md1JzUGdyWkk4d2ltR1dPX3FkRjBGUjVOYV9XOUp2UDFOSmFqTG9VOUtTQ3ZUQTZ4N2QzUk5ZS1A0dGFRYWU5WHh3N3RkYVdZTmR0TDJkcWYzTUpGMS1ibmowMjRlYlEtVGdZQXpVTzRiVlVjZDFnTUo1WEE5VkxmNmluR2tqbG12dGYyM2VjRWE2blNwYmpTdjZmOGYxZ1RYZ1RkeDNoX2thcFUtemdLYmZ3?oc=5&hl=en-US&gl=US&ceid=US:en,Ensino,Imprensa Local,Guanambi,busca_automatica,correta
2026-06-30,IF Baiano informa que inauguração do campus de Santo Estêvão ainda não tem data confirmada,Jornal Grande Bahia,https://news.google.com/rss/articles/CBMizAFBVV95cUxOMVotZTYxTlJFMmlFUTA4S2FyY0VmY0F5eTFpakVvZHJCYWxXcG02U1J0NU85bGZEVkhPZHJfYk9OcFdRTUhrNG12bkJJcmhyQ0tSQnZoNnczeXpkNFNOc2JDLVVPSS1SYWt4ZXdDREVOZl9GZVBwcGROMHhCOFJqQTNZTjJvd2phNE5ibkpzNVI2RGlYT3pQWk5LbHpZNFE2YlRhZUxrZHpfaHZyWHdMX3c2ZS01elpsLWRUbUR6QXMtelBvVFpZMW5FWVo?oc=5&hl=en-US&gl=US&ceid=US:en,Institucional,Imprensa Regional (Bahia),Santo Estêvão,busca_automatica,correta
2026-06-30,Desenvolvimento de Drones,Fala Você Notícias,https://www.falavoce.com.br/noticias/7701-2026/06/30/if-baiano-desenvolve-drones-para-impulsionar-agricultura-sustentavel-no-semiarido-baiano,Institucional,Imprensa Local,Reitoria (Salvador),curadoria_dicom,correta
2026-06-30,Pavimentação asfáltica em Ceraíma,Fala Você Notícias,https://www.falavoce.com.br/noticias/7710-2026/06/30/prefeitura-autoriza-analise-para-pavimentacao-de-mais-de-3-km-de-vias-em-ceraima,Institucional,Imprensa Local,Guanambi,curadoria_dicom,correta
2026-06-28,IF Baiano abre seleção para cadastro de reserva de equipe do PRONATEC em Santo Estêvão,página da notícia,https://news.google.com/rss/articles/CBMi0gFBVV95cUxQY295VzZwYkVXdVh5R0ZEZ2prOUdwcXY4UFNhS3hVQ3RJckxrOHFlN1dJSmVDV1k0SElHWlh1eDhDbWZJWmJVNXcxTWFKaEY4NG5IS1M4OGdNZEp5dHdzWFdJcmlkY0ExRTVCTHJiaEpvYmF5X01ja1YzQTBWbHFFWUZXVFhSX1pCRUlqSjhDUnVFMnM2eEdZUlJzZ3RhQkRhMXc0bFNyeUZSU3c1NXhudTVnZ05UQm1RN21JOTJLT2dGTUdxLW10LVpvaFlyQkNZb0HSAdABQVVfeXFMUHpXTldaM1o4NVVrTGszTFJJTEZJT3ZPaDRiUjdmbHc4eHRVeXplalRpZlg0S3VVMGNELU9PeW5oMzVtMU1pX3BuM1Bka2R1M1Y1RzNMdUxrZEx0S3BDdlJ2LWdOVzBQV3BFNUhJa3hCc05vTUQ2NHppbjVBQ1VzVGFBSjJrM0g2Uk1HMUx1Ukl4N3BFMVdEYjRYajhnQktMR01LSnNQTjI2Q0RDZmt5cG5OODI3Q0V1VHdPOVlXaDdwdW1xZHNNUXpQV2wwMlRUNA?oc=5&hl=en-US&gl=US&ceid=US:en,Gestão e RH,Imprensa Local,Santo Estêvão,busca_automatica,correta
2026-06-25,Posse dos conselhos diretor e fiscal da ABAF,Bahia Econômica,https://bahiaeconomica.com.br/wp/2026/06/25/abaf-empossa-conselhos-diretor-e-fiscal-para-o-bienio-2026-2028/,Institucional,Imprensa Local,Reitoria (Salvador),curadoria_dicom,correta
2026-06-25,Reunião com a COOPERC,IGuanambi,https://www.iguanambi.com.br/noticias/2026/06/25/deputado-charles-fernandes-cobra-providencias-urgentes-para-vazamentos-na-barragem-de-ceraima/amp/,Institucional,Imprensa Local,Guanambi,curadoria_dicom,correta
2026-06-22,"Codevasf, MIDR e IF Baiano firmam parceria para instalação de centro de transferência de tecnologia no Projeto Baixio de Irecê (BA)",www.gov.br,https://news.google.com/rss/articles/CBMikwJBVV95cUxPdzFPT21jdGhFS25BUlZNY0FlTG1aRHdfV1U3eWF2dlU4TDN2bmszUDlRdjFSR29xLVQ4Qk5OWnhNZkV0SlFXWWs3ajFWbng5SHQwbmhiM0J2b2wxdXVRbXVnczRiTHpRZTg2bzZkMC1Dal81SzM0eF9HSWZlTE1UOGpUR3Q4eE9RWDRBa0ZnLU1aVjJ1Q2xUYU5jbXlCdXpRWnVfQzZUaWZxWEluZGo2T2wyZlBLVUdIQUpST2U4MmZaa3k5dFFZcDVzUjJKMkJyT2pkcG93dS1kazQtbkJTZUdlZ1JHLXlxRlRFM2lXNXhGRDlvaVhiVjF2SnB0bEM1S285RUxCaXNHS2FpRExNYW1Gdw?oc=5&hl=en-US&gl=US&ceid=US:en,Pesquisa,Governamental,Geral / Não Especificado,busca_automatica,correta
2026-06-19,Parceria institucional,Classe Política,https://classepolitica.com.br/noticia/prefeitura-de-alagoinhas-e-if-baiano-firmam-parceria-para-impulsionar-educacao-inovacao-e-desenvolvimento-social,Institucional,Imprensa Local,Alagoinhas,curadoria_dicom,correta
2026-06-19,"Prefeitura de Alagoinhas e IF Baiano firmam parceria para impulsionar educação, inovação e desenvolvimento social",Se Liga Alagoinhas,https://news.google.com/rss/articles/CBMi9AFBVV95cUxONGI5YjYxOE9pdnVFWVdYa1E5SEhPdGlKdDMta3pmQjZHTUtXcnpPTHJidlp0MjN1TWxRWDUtVTE1RGI4cDdHRDYzSExuaGRnMTZwZGZwX3hCaHN0MlVfc1VRNDlPZnRuTjZsRzRHYXpUS2NzYmptYi1FVHdXSnVmM3dtWHhQOU9wbjNvNEdPbURXbWFvdmRtQjd5ek1hYTZiWUZMMnhPZDBJUm9ZbVJNU011dkRDTzQ2cW9CQ18xd2tsbC0xbTRNb1FPUGxFQ0xLQTBYcGtsY3BNcHo3LXZvbGRYbXRRcVlKcG1kYkZGQ1gzU0Zr?oc=5&hl=en-US&gl=US&ceid=US:en,Pesquisa,Imprensa Local,Alagoinhas,busca_automatica,correta
2026-06-19,"Prefeitura de Alagoinhas e IF Baiano firmam parceria para impulsionar educação, inovação e desenvolvimento social",Prefeitura de Alagoinhas,https://news.google.com/rss/articles/CBMiywFBVV95cUxPVWpqNThXM0U4dFZxaDRRNlpwN3hBMmdNVkMyZ1JGWHRUMG9Ca2U3WmZNYmdiSlhLQXh4YVU2YXVtSktmT3dXSGhMcFNyY193dmxIV1MzLU9PZjNDeDllb3Axb2tydm96cmN3bHZUazRsbk94Q2pycGxjQUdqbUVCZXNpeFlBUzNGZzlzR1hTaW9GY0phMWZzV1Q3QXdwWFphUzd6SXB6U2M0cWloZGRQR25sTGR0QjlrNWJsNks5QklSZ3pXeFhmT1JPSQ?oc=5&hl=en-US&gl=US&ceid=US:en,Pesquisa,Governamental,Alagoinhas,busca_automatica,correta
2026-06-19,Desenvolvimento de plataforma de turismo,Jornal Valença Agora,https://valencaagora.com/prefeitura-de-valenca-e-if-baiano-desenvolvem-plataforma-digital-para-impulsionar-o-turismo-local/,Institucional,Imprensa Local,Valença,curadoria_dicom,correta
2026-06-19,Parceria institucional,alagoinhas.ba.gov.br,https://www.alagoinhas.ba.gov.br/index.php/prefeitura-de-alagoinhas-e-if-baiano-firmam-parceria-para-impulsionar-educacao-inovacao/,Institucional,Governamental,Alagoinhas,curadoria_dicom,correta
2026-06-19,Parceria institucional,Bahia Jornal,https://www.bahiajornal.com.br/noticia/173662/prefeitura-de-alagoinhas-e-if-baiano-firmam-parceria-para-impulsionar-educacao-inovacao-e-desenvolvimento-social,Institucional,Imprensa Local,Alagoinhas,curadoria_dicom,correta
2026-06-19,Parceria institucional,seligaalagoinhas.com.br,https://www.seligaalagoinhas.com.br/noticia/71635/prefeitura-de-alagoinhas-e-if-baiano-firmam-parceria-para-impulsionar-educacao-inovacao-e-desenvolvimento-social/amp,Institucional,Imprensa Local,Alagoinhas,curadoria_dicom,correta
2026-06-16,Reitora do IF Baiano retifica portarias de nomeação e afastamento de servidores,O TEMPO,https://news.google.com/rss/articles/CBMiwgFBVV95cUxQTGlNQnhsSXlESXJDY1lzV0FGbEFVNHFhR3B5WGtrdmdYNlBfd1BqZExuY0I0M0c0NFZ2MjYxcHc0anhPVFk3dTVJVUM1dEtBTE1qU2M1cUt3UW11Nkwyd053ZFpzLWJicjI4QTJfNFEzd1p1TkdjZFZqd3pyLVAtOVpIeG1qMExDbHY1T18tOGxOekV1TkRBMTlKVElwaDZYQ0J3VjJhZVo5b0xybndYODk1bFZQNVhhdE1xTGQwRWxrQdIBxwFBVV95cUxNZWFQdV8td2o4RWVyUEdGaktiWUVBQlZtQ2hlX01GbFA5bEZ5ckxNRVY2MkVvdHRGVm5EZVlKLUk1S3FxVExTVEdsMU5TRXZsOUlpWklJdHZUQXdIcDhGak9yVTlMV2Fsa3hEUjlEUEZCeUN3SzgwWVFJN0hkSklEUmgweU1DSTN2RWdzb2ppdWZYVzQ2ZUF6bnR1eEFjTWpSMFMwQ1lJc1BMQVdUcUFhOW1wOWxnSnhoQ1pBV1FuTmhqQmg4cmVV?oc=5&hl=en-US&gl=US&ceid=US:en,Gestão e RH,Imprensa (Nacional),Geral / Não Especificado,busca_automatica,correta
2026-06-16,Retificação de portarias de pessoal,O Tempo,https://www.otempo.com.br/politica/2026/6/16/reitora-do-if-baiano-retifica-portarias-de-nomeacao-e-afastamento-de-servidores,Institucional,Imprensa (Nacional),Reitoria (Salvador),curadoria_dicom,correta
2026-06-14,IFAUNA,Jornal Grande Bahia,https://jornalgrandebahia.com.br/2026/06/projeto-do-if-baiano-identifica-quase-30-especies-da-mata-atlantica-e-aponta-importancia-de-fragmento-florestal-em-teixeira-de-freitas/,Institucional,Imprensa Regional (Bahia),Teixeira de Freitas,curadoria_dicom,correta
2026-06-13,Feira Orgânica,Agência Sertão,https://agenciasertao.com/2026/06/13/parque-da-cidade-recebe-feira-organica-neste-sabado-em-guanambi/,Extensão,Imprensa Local,Guanambi,curadoria_dicom,correta
2026-06-12,IFAUNA,Conif,https://portal.redefederal.org.br/noticias/noticias/p3/projeto-ifauna-revela-riqueza-da-fauna-em-fragmento-de-mata-atlantica-e-contribui-para-a-conservacao-ambiental,Institucional,Governamental,Teixeira de Freitas,curadoria_dicom,correta
2026-06-11,IFAUNA,Oliveira Dimas,https://oliveiradimas.blogspot.com/2026/06/projeto-do-if-baiano-revela-riqueza-da.html,Institucional,Imprensa Local,Teixeira de Freitas,curadoria_dicom,correta
2026-06-11,Série Indicações Geográficas - Ep Café,Plantão News,https://plantaonews.com.br/mec-lanca-episodio-sobre-cafe-do-alto-noroeste-fluminense/,Institucional,Imprensa Local,Reitoria (Salvador),curadoria_dicom,correta
2026-06-10,Série Indicações Geográficas - Ep Café,Foco MT,https://focomt.com.br/mec-lanca-episodio-sobre-cafe-do-alto-noroeste-fluminense/,Institucional,Imprensa Local,Reitoria (Salvador),curadoria_dicom,correta
2026-06-10,Seleção Intérprete de Libras,Qconcursos,https://folha.qconcursos.com/n/if-baiano-serrinha-ba-abre-processo-seletivo-simplificado-com-1-vaga,Gestão e RH,Especializados (Nichos),Serrinha,curadoria_dicom,correta
2026-06-10,IF Baiano - BA abre seleção para Profissional Técnico Especializado em Linguagem de Sinais,PCI Concursos,https://news.google.com/rss/articles/CBMiyAFBVV95cUxQaW44WGdUdXIzWkZrdEpzanduLTNJeG5kcE1sMXVSSTViMlVJOTA0YjMwb0ltZWh5bHBUc0plT3R0SUJ6VDdlVkNOYUdWcDV3aldneFVtaDB2eVptaXpNUm44OWpiWE1UbnFQMVNzVGJSTkV5UFJ0MnRjczJOMFJXbjVBcHRWZDJUUG8yQVFPWk83elNXeUVFX2F4TG1BdDZWaUFvT3lfelBGcW5pTVpvQnlIQjQtMGxqTWsyQzhrTlRqWk5DV1NwUg?oc=5&hl=en-US&gl=US&ceid=US:en,Gestão e RH,Especializados (Nichos),Geral / Não Especificado,busca_automatica,correta
2026-06-10,Série Indicações Geográficas - Ep Café,Radar Digital Brasília,https://radardigitalbrasilia.com.br/educacao/mec-lanca-episodio-sobre-cafe-do-alto-noroeste-fluminense/,Institucional,Imprensa Local,Reitoria (Salvador),curadoria_dicom,correta
2026-06-10,Seleção professor substituto,PCI Concursos,https://www.pciconcursos.com.br/noticias/if-baiano-ba-abre-selecao-para-profissional-tecnico-especializado-em-linguagem-de-sinais,Gestão e RH,Especializados (Nichos),Serrinha,curadoria_dicom,correta
2026-06-07,Pesquisa sobre mel do sertão baiano,CPG Click Petróleo e Gás,https://clickpetroleoegas.com.br/ouro-do-sertao-descoberta-de-mel-raro-na-caatinga-baiana-surpreende-cientistas-fortalece-a-economia-local-e-pode-ajudar-na-prevencao-de-doencas-como-alzheimer-e-diabetes-gstts/,Pesquisa,Imprensa Local,Reitoria (Salvador),curadoria_dicom,correta
2026-06-05,Seleção professor substituto,Leia Já,https://www.leiaja.com/carreiras/2026/06/05/institutos-federais-encerram-inscricoes-para-selecoes-nesta-sexta-feira-5/,Gestão e RH,Imprensa Local,Alagoinhas,curadoria_dicom,correta
2026-06-04,IF Baiano Valença abre seletivo para professores substitutos,Sou Enfermagem,https://news.google.com/rss/articles/CBMipgFBVV95cUxPWUNmbG02QllHNlh1dzdpZ3V4dW9XbXRBdG1NanMzM3BGbm1OZzg1cGI3OGpoZDAzckpqd3V6bEMwNmxuMHJsRHY5TlptZHNaLTJtTVBmMFVoU0tBU3JacEJpeWZQUGdLYmNnVDFRMnQ1cEdYOE9BREY0Y2YwMkhlanJoWFI1bVRBOHBWUTBleE9ydTJuek9RcmhDbFRNTTBER2xjWVF3?oc=5&hl=en-US&gl=US&ceid=US:en,Gestão e RH,Imprensa Local,Valença,busca_automatica,correta
2026-06-04,Seleção professor substituto,Sou Enfermagem,https://www.souenfermagem.com.br/noticias/if-baiano-valenca-abre-seletivo-para-professores-substitutos/#google_vignette,Gestão e RH,Imprensa Local,Valença,curadoria_dicom,correta
2026-06-03,Transporte público coletivo,Agência Sertão,https://agenciasertao.com/2026/06/03/audiencia-publica-reune-sugestoes-para-implantacao-de-onibus-em-guanambi/,Institucional,Imprensa Local,Guanambi,curadoria_dicom,correta
2026-06-03,Caravana da Citricultura do Recôncavo,Bahia na Política,https://bahianapolitica.com.br/caravana-da-citricultura-do-reconcavo-alerta-produtores-sobre-pragas-que-ameacam-lavouras/,Institucional,Imprensa Local,Governador Mangabeira,curadoria_dicom,correta
2026-06-03,Audiência pública reúne sugestões para implantação de ônibus em Guanambi,Agência Sertão,https://news.google.com/rss/articles/CBMirwFBVV95cUxPOWVFb05ZQURpeFdXc2ZNV0hKZkxrT2dlUUo5b28wX2k2TXpvRkpuclRseWFXeWJCcUczVUI4RUd5RVZKM0Q4eE1jakdjUlk1bFdJRUlqOUh3eVBheGJXbG9fMmJFUnBfTDQxWk5ESXNGbXhXSWhnektPdFN6WjFoVExqSU5iQVJ0QXV0d3ZEcXZQSEhLbzlRZHM1UVNza3ZZTDlFU19ST1R2UVU2RlZ30gGvAUFVX3lxTE85ZUVvTllBRGl4V1dzZk1XSEpmTGtPZ2VRSjlvbzBfaTZNem9GSm5yVGx5YVd5YkJxRzNVQjhFR3lFVkozRDh4TWNqR2NSWTVsV0lFSWo5SHd5UGF4Yldsb18yYkVScF9MNDFaTkRJc0ZteFdJaGd6S090U3paMWhUTGpJTmJBUnRBdXR3dkRxdlBISEtvOVFkczVRU3NrdllMOUVTX1JPVHZRVTZGVnc?oc=5,Institucional,Imprensa Local,Guanambi,busca_automatica,correta
2026-06-03,Transporte público coletivo,Sudoeste Acontece,https://sudoesteacontece.com.br/?p=17908,Institucional,Imprensa Local,Guanambi,curadoria_dicom,correta
2026-06-03,Transporte público coletivo,Fala Você Notícias,https://www.falavoce.com.br/noticias/6948-2026/06/02/camara-de-vereadores-realizou-audiencia-publica-debatendo-a-implantacao-do-transporte-coletivo-urbano-e-distrital-em-guanambi,Institucional,Imprensa Local,Guanambi,curadoria_dicom,correta
2026-06-02,Mostra Parasitológica em Ubaíra,Criativa,https://criativaonline.com.br/eja-em-movimento-ciencia-saude-e-cidadania-transformam-aprendizagem-de-estudantes-em-ubaira/,Institucional,Imprensa Local,Reitoria (Salvador),curadoria_dicom,correta
2026-06-02,IF Baiano investe R$ 3.060 em nitrogênio líquido para bovinocultura em Catu,O TEMPO,https://news.google.com/rss/articles/CBMiuAFBVV95cUxQd1U2UzYzdWdWcXVoQVdDMGJHT0VWYVQ0M0tTVHNrUDJPVXJ0OWcwN1hLYktzYU9yV3o1VFNvOV9iNFdCYTdUY2hiTUp0MVhBWUN4ZHFhUzNydzVKNENuRlZ4TUF1U29qRTVnSUU3bTRNVnRoY05MMmUwTk5RbkNxbFljZ1ZuMXVvdTRMTlp5MG1KM2JoLV9VS1k5N2tIR2Y5MDE3eHFHS2xHdUdDUzNYVFF4bVczdkZt?oc=5&hl=en-US&gl=US&ceid=US:en,Institucional,Imprensa (Nacional),Catu,busca_automatica,correta
2026-06-02,Reunião do Conselho Permanente para Reconhecimento de Saberes e Competências (CPRSC),APUFSC,https://www.apufsc.org.br/2026/06/02/proifes-cobra-do-mec-avanco-em-pautas-da-categoria-negociadas-em-2024/,Institucional,Imprensa Local,Reitoria (Salvador),curadoria_dicom,correta
2026-06-02,IF Baiano investe R$ 3.060 em nitrogênio líquido para bovinocultura em Catu,O Tempo,https://www.otempo.com.br/politica/2026/6/2/if-baiano-investe-r-3060-em-nitrogenio-liquido-para-bovinocultura-em-catu,Institucional,Imprensa (Nacional),Catu,curadoria_dicom,correta
2026-06-01,IF Baiano abre seleção para estagiários remunerados em Bom Jesus da Lapa,Notícias da Lapa,https://news.google.com/rss/articles/CBMizgFBVV95cUxNM053Y01BZmlpRloxYkdRalJPR3pPWk90d3pRMExoRWt4dTdHdWpGX0VyczFiX2JyMG5aSTZxb21sU3o1OUdQcHFMRlE1NS1PbVRFTlBqSUVPQ3BQbUdmRmF3SXR3enZxZUVCUEE1cXR4eEM3ZXpYbURhSXlHNXZ1WWJqNHFDUkxpWlFhWXk4bWRzTVkzeXJkWGg5bENvNjZNRDBLR2ZQUnlzMjllQ2N4NVRnbWxJOXVMQ3doOVNWeFdVWUFPS1I2YVNVUExlZw?oc=5&hl=en-US&gl=US&ceid=US:en,Gestão e RH,Imprensa Local,Bom Jesus da Lapa,busca_automatica,correta
2026-06-01,Seleção professor substituto,Ache Concursos,https://www.acheconcursos.com.br/noticias/concursos-ba-mais-de-500-vagas-em-junho-estao-abertas-no-estado-90572,Gestão e RH,Especializados (Nichos),Alagoinhas,curadoria_dicom,correta
2026-06-01,Seleção Estágio,Notícias da Lapa,https://www.bomjesusdalapanoticias.com.br/bom-jesus-da-lapa/if-baiano-abre-selecao-para-estagiarios-remunerados-em-bom-jesus-da-lapa/,Gestão e RH,Imprensa Local,Bom Jesus da Lapa,curadoria_dicom,correta
2026-05-31,Seleção Estágio,Agência Sertão,https://agenciasertao.com/2026/05/31/if-baiano-abriu-processos-seletivos-de-estagio-em-bom-jesus-da-lapa-guanambi-e-senhor-do-bonfim/,Gestão e RH,Imprensa Local,Bom Jesus da Lapa,curadoria_dicom,correta
2026-05-31,"IF Baiano abre seleção para estágios remunerados em Bom Jesus da Lapa, Guanambi e Senhor do Bonfim",Fala Você Notícias,https://news.google.com/rss/articles/CBMi5AFBVV95cUxPaHdsVV9kS3dhMGVuQ2wtQ3R6eVNPVWp0YTZLUTBKa0M5czdrekdTaUxpbmYycTJYSENJWVVmbFVuTW9DM3ZpMFNYQ25IUzI2VU1sM3BYS2paVnJMY0ZjUWE0ckRkekZEcEFsSDB1d2c2dHdsMVg4dUdsNVpfdklxbWhIRFp5Q0YzNkRYQ1cwMjhrMmpLX0VXVUNRSVBMRTQtWEh3OWtFRWl6amJnTXIxbHZRWk8yeWlQZDY2YjY2Rm1hWXhXa0VjenlOaFVCaFRhNW1MbDl0YUhWVVFzeHdjNURBLVY?oc=5&hl=en-US&gl=US&ceid=US:en,Gestão e RH,Imprensa Local,Bom Jesus da Lapa,busca_automatica,correta
2026-05-31,IF Baiano abre vaga professor substituto Xique-Xique,Sou Enfermagem,https://news.google.com/rss/articles/CBMimwFBVV95cUxPbmg3OUhpNGttaDZZd2h4bmRFUDdhMWlHeFJFeWxnYkg2RjFkdlNQb3JXOXRvUHBLOG5laW1RcHJCNTNoYkNKU2lGYXNvZUlRSUNRejZKWlgxZzhLdHpHcDFJZ0pURVkyeDZ3VFBKR09kSlItZ0htM0w2REJGT0UtT0lxN0JIRndOM3ZSLU1OZTZ3akM1dk4tMi0ydw?oc=5&hl=en-US&gl=US&ceid=US:en,Gestão e RH,Imprensa Local,Xique-Xique,busca_automatica,correta
2026-05-31,IF Baiano abre seletivo para Professor Substituto AEE,Sou Enfermagem,https://news.google.com/rss/articles/CBMinAFBVV95cUxQU1F2bmhlOGxid0pQSnBuMzlMMllpUHhubm5NVWtabld4VW5Xd3hiaGZTcS1KTF9HVFN4LXhndEhwcFBGWTlkbVlNNmtJT1VzYkdIYW5xRkpuUFRyVG9EWDJfNkFjazlDUTNJWUNNc0xVOHZVOUVheVBlV3Iyb0dsQ3BJeFZ1ek1OTGFzMGw4TmR4YW1LRXRhQ0g2SUU?oc=5&hl=en-US&gl=US&ceid=US:en,Gestão e RH,Imprensa Local,Geral / Não Especificado,busca_automatica,correta
2026-05-31,"IF Baiano abriu processos seletivos de estágio em Bom Jesus da Lapa, Guanambi e Senhor do Bonfim",Agência Sertão,https://news.google.com/rss/articles/CBMizgFBVV95cUxORTUyUlNncTJ0UjBxRzVZVlBBSUl5blJpQmZIM0FDT1UxRGFVbGhQQndWNEw4d010QXVzZm9PcmgxcnY2UlpLNlUtNElXUy1LZ3BRZXRBd01NdDAwa0l4SlRTWFV5OUdpMjdDbkxwNEFxSHo3QzQzcklGckkxRnAwa3NxWlZnQXMwaDNmajNKR3ItTWVDSW9EVGRyb2FXZEMxdFJET21MUXNCMkJnTjBVNnZDdDQ2YTFkQWpWZi1ZRXFpOGVUZ053UjNkSDVud9IBzgFBVV95cUxORTUyUlNncTJ0UjBxRzVZVlBBSUl5blJpQmZIM0FDT1UxRGFVbGhQQndWNEw4d010QXVzZm9PcmgxcnY2UlpLNlUtNElXUy1LZ3BRZXRBd01NdDAwa0l4SlRTWFV5OUdpMjdDbkxwNEFxSHo3QzQzcklGckkxRnAwa3NxWlZnQXMwaDNmajNKR3ItTWVDSW9EVGRyb2FXZEMxdFJET21MUXNCMkJnTjBVNnZDdDQ2YTFkQWpWZi1ZRXFpOGVUZ053UjNkSDVudw?oc=5&hl=en-US&gl=US&ceid=US:en,Institucional,Imprensa Local,Bom Jesus da Lapa,busca_automatica,correta
2026-05-31,Seleção Estágio,"Bom Jesus da Lapa, Guanambi, Senhor do Bonfim",https://www.falavoce.com.br/noticias/6873-2026/05/31/if-baiano-abre-selecao-para-estagios-remunerados-em-bom-jesus-da-lapa-guanambi-e-senhor-do-bonfim,Gestão e RH,Imprensa Local,Bom Jesus da Lapa,curadoria_dicom,correta
2026-05-31,Seleção professor substituto,Sou Enfermagem,https://www.souenfermagem.com.br/noticias/if-baiano-abre-vaga-professor-substituto-xique-xique/,Gestão e RH,Imprensa Local,Xique-Xique,curadoria_dicom,correta
2026-05-29,Reunião do Conselho Permanente para Reconhecimento de Saberes e Competências (CPRSC),APUB,https://apub.org.br/reconhecimento-do-rcs-para-docentes-aposentados-e-controle-de-frequencia-no-ebtt-sao-pauta-do-cprsc/,Institucional,Imprensa Local,Reitoria (Salvador),curadoria_dicom,correta
2026-05-29,Guajeru realiza ação educativa sobre sustentabilidade em parceria com o IF Baiano - iGuanambi,iGuanambi,https://news.google.com/rss/articles/CBMiywFBVV95cUxNdVEtVEVCU1NWVzhDMktBVmFBVEROcTM2RVgxMkJoUUloVzBmVjAzN3hRZjRqTDJCRDVlRjc1U3NRSHZqVlA1VTJDOWVMVnFfRGhOMmhYX0FjZnVyNW5wMk9FVHczTk5DcWxLcHgzZXVveFl2aHJRN3FSbGRScVQ0S3NtcmFzQXAtX1piVW1sZ21pbGlyU1R2UWNMQ2ZiQXY4TU9jU2FLck1xVVF6WHItRzA2ZG1mMk1WamFrVUFENVRVVXlHWmpSeGhOd9IB0AFBVV95cUxPekFzZDdibFhpTU51NnFTa19JUVNRbXNWZWRaUERaVjFoY2ZnTU13TkxoU21FWWhKZjVTMUVXc3pWOUYzUFZqNGo3Q2NfOWhaX2taR0ljQk1CaGdSR0lQSXNOb3dVWWJQNEt3eHJJSjFPNU93ZnZlaEpCeHl0NU9JcUF5ZU12UTFHZ210ekJmTHh4T3ZwZVNaZFJZMnBtUFZBS0RBUjFWSWUwLVNocXFwaU11aEtqemZDbjZpSUxlSHdhSDdxbFFNRVFVZ2Jid1lt?oc=5&hl=en-US&gl=US&ceid=US:en,Institucional,Imprensa Local,Geral / Não Especificado,busca_automatica,correta
2026-05-29,Projeto “Orgânico Inteligente”,iGuanambi,https://www.iguanambi.com.br/noticias/2026/05/29/guajeru-realiza-acao-educativa-sobre-sustentabilidade-em-parceria-com-o-if-baiano/,Extensão,Imprensa Local,Guanambi,curadoria_dicom,correta
2026-05-28,Seleção professor substituto,Bahia na Política,https://bahianapolitica.com.br/if-baiano-abre-selecao-para-professores-substitutos-nos-campi-alagoinhas-e-xique-xique/,Gestão e RH,Imprensa Local,Alagoinhas,curadoria_dicom,correta
2026-05-28,Seleção professor substituto,QConcursos Folha Dirigida,https://folha.qconcursos.com/n/concurso-if-baiano-valenca-ba-3-vagas-para-professor-substituto,Gestão e RH,Imprensa (Nacional),Valença,curadoria_dicom,correta
2026-05-28,Concurso IF Baiano Valença BA: 3 vagas para professor substituto,Folha Dirigida,https://news.google.com/rss/articles/CBMimgFBVV95cUxOZ1pKWGxuUk9lQjlIb3E1dlBJZVBCVVdGSW5NNDFNanpNbzRBUWF4OFVRMER3RXVfLWpjWDF3TGdtVnBYcXhPY2hpRW1mZUUzcFBvS0twdEdxT2lLSUNXYk9YTU5jSk5ma3U0eTFSdzlTWVZHN29UQnpTWldtWnpHSGdKdWVuR0EyTnB1ckI0VmgzaHFZczlDVS1R?oc=5&hl=en-US&gl=US&ceid=US:en,Gestão e RH,Imprensa (Nacional),Valença,busca_automatica,correta
2026-05-28,IF Baiano abriu seleção para estágio remunerado em Guanambi,Agência Sertão,https://news.google.com/rss/articles/CBMingFBVV95cUxPT0pmQV9aZ1JEX19nWC0wV3dhMU9EWUcyNEdpTy1xYmYyYjhyMkswUC1wVkhrWUhjX2h6Tk1lTEhFY2U5SEFndlJaY0FhT3NoYVVRcWJZMHNleW9hejBRYWp6ZFNqZU4zVDBteGt4d1FId2pPeF96WDJLXy02VG1GVVkzY3FnOF9tcHNaQ1M4VFRNT0hPWUt1VmF6VVhRQdIBngFBVV95cUxPT0pmQV9aZ1JEX19nWC0wV3dhMU9EWUcyNEdpTy1xYmYyYjhyMkswUC1wVkhrWUhjX2h6Tk1lTEhFY2U5SEFndlJaY0FhT3NoYVVRcWJZMHNleW9hejBRYWp6ZFNqZU4zVDBteGt4d1FId2pPeF96WDJLXy02VG1GVVkzY3FnOF9tcHNaQ1M4VFRNT0hPWUt1VmF6VVhRQQ?oc=5&hl=en-US&gl=US&ceid=US:en,Gestão e RH,Imprensa Local,Guanambi,busca_automatica,correta
2026-05-28,IF Baiano abre seleção para professores substitutos nos campi Alagoinhas e Xique-Xique,Bahia Na Política,https://news.google.com/rss/articles/CBMiugFBVV95cUxPTm1adjVyWHNaUmwtdE9iZDVxTGNIakNuXzhyY1liZHV2Wk1iaVZjMDZ3VkZmdmJlcTJyUmw4WFhYOXlqclN4d3MxSnJTYUxSVHE2NUFsZXhBNUZoUG1Pd3RORldXYlJHYjFwZ3MzRnNxRmJYQ21OY3NjLWl4eVYwY29XNkZucmVIVzM4a0pMbElyRDQ2TmFTWHAwX1hBaElSM09WczVySndDTDdCaXU5NTRUY1BUaGx6VkE?oc=5&hl=en-US&gl=US&ceid=US:en,Gestão e RH,Imprensa Local,Alagoinhas,busca_automatica,correta
2026-05-28,IF Baiano abre processo seletivo para professores substitutos no campus Valença,PCI Concursos,https://news.google.com/rss/articles/CBMivAFBVV95cUxPSExzZHlPM2FLbzRub3laVXpVaU1vWW5nN2JzZmd2MHZuZEJVOFh1VlpHbUpJR1d2QXdTRTFkR1NiaUNyMUUyQngzQkJwMXZnUm5ydTRUSGNNd2FmaVU5R2lzTkJoT2doT2luUG9vMXlMR1YzbWsxTVptNnI4bXJwRHJWbFMzNEZPak45R3lDZ0I1MHhmdlZKbDRGbDRhZVFoaVJTRUgxZ3dWVVlQczVOUXhVLWp6RWR5enpiSA?oc=5&hl=en-US&gl=US&ceid=US:en,Gestão e RH,Especializados (Nichos),Valença,busca_automatica,correta
2026-05-28,IF Baiano abre vagas para Professor Substituto em três áreas,Ache Concursos,https://news.google.com/rss/articles/CBMiwgFBVV95cUxPZjFwa3ZBQjdkbjZQNjFES19wVWcwNk5FTWxBMHh0cEpCZEtHbVdNYkxBdlBoTDhYUDhaamVWYnd4b1JRSEt6YWV3Z0lnWkRQWUYwbXk3RmlGNzBnWVAwLXZ0ekFLdGRTYzhSZ3lfbWdUQk5fS3BpeVlNLWd2RXhjNERjNnNSdmxQcXR4bU02aFhkRUlxdnB2eFoyb0tJRmtoanlJWTlMRFBscG9BcnItNERNcEVYR2psc3djRU1jLWFfQdIBwgFBVV95cUxPZjFwa3ZBQjdkbjZQNjFES19wVWcwNk5FTWxBMHh0cEpCZEtHbVdNYkxBdlBoTDhYUDhaamVWYnd4b1JRSEt6YWV3Z0lnWkRQWUYwbXk3RmlGNzBnWVAwLXZ0ekFLdGRTYzhSZ3lfbWdUQk5fS3BpeVlNLWd2RXhjNERjNnNSdmxQcXR4bU02aFhkRUlxdnB2eFoyb0tJRmtoanlJWTlMRFBscG9BcnItNERNcEVYR2psc3djRU1jLWFfQQ?oc=5&hl=en-US&gl=US&ceid=US:en,Gestão e RH,Especializados (Nichos),Geral / Não Especificado,busca_automatica,correta
2026-05-28,IF Baiano publica três vagas para Professor Substituto no Campus Valença,Concursos no Brasil,https://news.google.com/rss/articles/CBMixgFBVV95cUxOUjAtWWlMRmxxcFFkWHBUa0QzLWJCZ3l4aHZHYmlSa25nNVNPeGNYNHZUb1V4b0s0anI0WHctdXBfTWx3OVZSS2EtdnNtUmNTNFBUZWh0ajVwX1BTVnEyTWt0NmROZC0wVFJ0MGhua2RQbzM5a1R5bko3ZHBjVGZiQXZ6bnUyRHN4VWttV0hleUFiSWJ2LU4wYmFtYU96NV9CaFFYb1pBNHJLNGtHVmFNZWJVRG1iZ3JUcFJWZERKWU12QkZ0aUE?oc=5&hl=en-US&gl=US&ceid=US:en,Gestão e RH,Especializados (Nichos),Valença,busca_automatica,correta
2026-05-28,IF Baiano abre vagas para Professor Substituto em três áreas,Mídia Externa,https://www.acheconcursos.com.br/concursos-bahia/processo-seletivo-if-baiano-vagas-professor-substituto-tres-areas-90483,Gestão e RH,Imprensa Local,Geral / Não Especificado,busca_automatica,correta
2026-05-28,Seleção professor substituto,Ache Concursos,https://www.acheconcursos.com.br/concursos-bahia/processo-seletivo-if-baiano-vagas-professor-substituto-tres-areas-90483.amp,Gestão e RH,Especializados (Nichos),Valença,curadoria_dicom,correta
2026-05-28,Seleção professor substituto,PCI Concursos,https://www.pciconcursos.com.br/noticias/if-baiano-abre-processo-seletivo-para-professores-substitutos-no-campus-valenca,Gestão e RH,Especializados (Nichos),Valença,curadoria_dicom,correta
2026-05-27,Acesso ao Campus Guanambi,Agência Sertão,https://agenciasertao.com/2026/05/27/if-baiano-realiza-melhorias-no-acesso-ao-campus-guanambi-com-apoio-da-prefeitura-e-da-cooperc/,Institucional,Imprensa Local,Guanambi,curadoria_dicom,correta
2026-05-27,Posse Reitora,Agência Sertão,https://agenciasertao.com/2026/05/27/ozenice-silva-dos-santos-toma-posse-como-primeira-reitora-do-if-baiano/,Institucional,Imprensa Local,Reitoria (Salvador),curadoria_dicom,correta
2026-05-27,Posse Reitora,Blog do Gusmão,https://blogdogusmao.com.br/2026/05/27/nova-gestao-da-ufsb-toma-posse-em-brasilia/,Institucional,Imprensa Local,Reitoria (Salvador),curadoria_dicom,correta
2026-05-27,Posse Reitora,D Diário,https://diariosm.com.br/noticias/geral/em-brasilia-reitora-da-ufsm-toma-posse-oficial-em-solenidade-coletiva-no-mec.15445443,Institucional,Imprensa Local,Reitoria (Salvador),curadoria_dicom,correta
2026-05-27,"Codevasf promove curso de beneficiamento de pescado no IFBaiano, em Bom Jesus da Lapa (BA)",GOV.BR,https://news.google.com/rss/articles/CBMi3AFBVV95cUxNcWVGMWltZDRueTlqVnZ4c3VaUHZGMHdib24wSmcyV1I1OFlQNHVialdOQmJqTWxOU2ZwN21mcXpMSkRIUnRzYUk4b3pfOFBOc29sdG91SU5ydmtmTTF2V3o3bV9feUloaXZVUzIxS0xZeGRjYWRXWks1TXg2Rmd6YmZyVjdUN1lBT1F1VFJmajItTVNDU1JUa3l1Nzl1ODA1OExMV0V0MmZXa0xXMmItOVh3NFJTU3kwbXBPaE1CTFFwUkdFel92WldJakxWZGljUjNjUVM1S3hyY1Yy?oc=5&hl=en-US&gl=US&ceid=US:en,Ensino,Governamental,Bom Jesus da Lapa,busca_automatica,correta
2026-05-27,Posse de reitoras do IF Baiano e do IFTO marca avanço da presença feminina na Rede Federal,CONIF,https://news.google.com/rss/articles/CBMihAFBVV95cUxQRjJ4MU1oNDZRVzlzS1N3T1RaVi1ibi1TWkhSV25NVDd5UHZJeEpnQ09HeEpGTlJUOTlNLUY1TDRPRW9ZdWlrUHhrNmtfeDNoUFZ2Rkk1SV9pZXZ5M25CcFA1S2hqN0owYzM4MzJHbTFEdkc1XzkwM0QzYjRTWDNfODgxRjA?oc=5&hl=en-US&gl=US&ceid=US:en,Institucional,Governamental,Geral / Não Especificado,busca_automatica,correta
2026-05-27,Ozenice Silva dos Santos toma posse como primeira reitora do IF Baiano,Agência Sertão,https://news.google.com/rss/articles/CBMirAFBVV95cUxPTVI2Q2xPNVV1U0MwX0xqYzhYbExFZ0hvekZNMHhRSGNlRHhraG9iQ3h6SUMwcHF5WDBjVTU5bUF0aHhUcVRmS2FaYVNtWTZGVkdqUnRVdjktU0VRN2thMER6YVF1ZnU3TUZkN0lYNEl6SGdmbWZQTDY0QVZQcXk5YXNESi0zOUtyV1JPTElfN19oSEZaV19heHE4ZUxpSmtIWWI2Nm9ucEFaYlNF0gGsAUFVX3lxTE9NUjZDbE81VXVTQzBfTGpjOFhsTEVnSG96Rk0weFFIY2VEeGtob2JDeHpJQzBwcXlYMGNVNTltQXRoeFRxVGZLYVphU21ZNkZWR2pSdFV2OS1TRVE3a2EwRHphUXVmdTdNRmQ3SVg0SXpIZ2ZtZlBMNjRBVlBxeTlhc0RKLTM5S3JXUk9MSV83X2hIRlpXX2F4cThlTGlKa0hZYjY2b25wQVpiU0U?oc=5&hl=en-US&gl=US&ceid=US:en,Institucional,Imprensa Local,Geral / Não Especificado,busca_automatica,correta
2026-05-27,IF Baiano abre seleção para professores substitutos em duas unidades,Acorda Cidade,https://news.google.com/rss/articles/CBMirwFBVV95cUxOV2tqbU9EV2xscEsxLXJfYzdla19pdnFsQk9FTi16QjJSYVItZnF0d0o4UzNBVC15N1pJTnUwbTVHVTZwWF9ldWptREM4aEpFWVlldnlRTnFLY0tNWHp6ZWhPSWFselpJNHJfX3gxR2RWUUJsNkpGYWNTNG5uYkRiR285RkhCRGlvV2RYSnI5WGZLSGNFWXFiQmpNUnlJWGxCUnFwUHJDMGlNY1kwdEVN?oc=5&hl=en-US&gl=US&ceid=US:en,Gestão e RH,Imprensa Regional (Bahia),Geral / Não Especificado,busca_automatica,correta
2026-05-27,IF Baiano abre novas vagas em seleção para professores substitutos,Folha do Estado da Bahia,https://news.google.com/rss/articles/CBMiwgFBVV95cUxNZlpqa2ZEY0FtNXVOR2RCZnk2RW02Qm9qdWgycmg0TzNvbV9kb1VYQkVVaDIxLTl2T3l0cVo5YU9kNHNzOGR3UlJMLU5KamVUODdRVE93cVZ4TExOMGV0SDJQM2phV3F2MXZ5clZvcEhTMjhzc05MUmY3dXJzTGM0QU1McDFNRjd6a2xtelhJTzJkVnpTNGMwcHU5WnJJRzhCaEc4RmRNaV8xendndWFzbjhJN19PZUtLeUQyNXBBcDlydw?oc=5&hl=en-US&gl=US&ceid=US:en,Gestão e RH,Imprensa (Nacional),Geral / Não Especificado,busca_automatica,correta
2026-05-27,IF Baiano realiza melhorias no acesso ao Campus Guanambi com apoio da Prefeitura e da Cooperc,Agência Sertão,https://news.google.com/rss/articles/CBMiywFBVV95cUxNU1MyRF8zTlFoRkZNTDNXYkdYckxrZlltUzJFNnUySHA1WTY0eDdOYzE0R2otTXpaQ18wVl9Jdk8tWnRyYmdlTnFidlRJOTFKRk96X0tQdGlpREZxSEpXQTRPR0hMdXB0NDViYUgtd0hJT1c3bXg5YmxJSjRUbjBVcUhwb3NtUUJsdEtFek1nV3I5cXNvRHFkaVR6UFhuQ3AweHNnbDlXT1F1SW02UV9LeWs1eXEzdHVYS0JJcFViMVdOUjRuVzNNdnhUZ9IBywFBVV95cUxNU1MyRF8zTlFoRkZNTDNXYkdYckxrZlltUzJFNnUySHA1WTY0eDdOYzE0R2otTXpaQ18wVl9Jdk8tWnRyYmdlTnFidlRJOTFKRk96X0tQdGlpREZxSEpXQTRPR0hMdXB0NDViYUgtd0hJT1c3bXg5YmxJSjRUbjBVcUhwb3NtUUJsdEtFek1nV3I5cXNvRHFkaVR6UFhuQ3AweHNnbDlXT1F1SW02UV9LeWs1eXEzdHVYS0JJcFViMVdOUjRuVzNNdnhUZw?oc=5&hl=en-US&gl=US&ceid=US:en,Institucional,Imprensa Local,Guanambi,busca_automatica,correta
2026-05-27,Posse Reitora,Portal Conif,https://portal.conif.org.br/en/comunicacao/gerais/posse-reitoras-ifbaiano-ifto,Institucional,Governamental,Reitoria (Salvador),curadoria_dicom,correta
2026-05-27,Posse Reitora,UFG,https://ufg.br/n/201310-mec-empossa-reitores-de-oito-instituicoes-federais-de-ensino-superior,Institucional,Imprensa Local,Reitoria (Salvador),curadoria_dicom,correta
2026-05-27,IF Baiano abre seleção para professores substitutos em duas unidades,Mídia Externa,https://www.acordacidade.com.br/empregos/if-baiano-abre-selecao-para-professores-substitutos-em-duas-unidades/,Gestão e RH,Imprensa Local,Geral / Não Especificado,busca_automatica,correta
2026-05-27,Acesso ao Campus Guanambi,Fala Você Notícias,https://www.falavoce.com.br/noticias/6798-2026/05/28/prefeitura-de-guanambi-realiza-melhorias-em-estrada-de-acesso-ao-if-baiano-em-ceraima,Institucional,Imprensa Local,Guanambi,curadoria_dicom,correta
2026-05-27,IF Baiano abre novas vagas em seleção para professores substitutos,Mídia Externa,https://www.jornalfolhadoestado.com/concursos-e-empregos/if-baiano-abre-novas-vagas-em-selecao-para-professores-substitutos/,Gestão e RH,Imprensa Local,Geral / Não Especificado,busca_automatica,correta
2026-05-26,Seleção professor substituto,QConcursos Folha Dirigida,https://folha.qconcursos.com/n/concurso-if-baiano-alagoinhas-ba-2-vagas-para-professor-substituto,Gestão e RH,Imprensa (Nacional),Alagoinhas,curadoria_dicom,correta
2026-05-26,IF Baiano abre processo seletivo para Professor Substituto na área de Atendimento Educacional Especializado,PCI Concursos,https://news.google.com/rss/articles/CBMi4gFBVV95cUxQRVVQdzIzVW5PSTJKSFdGaGFscjJIRXlmZHpJaFVfbEp3b3NMNzlPMVVGeUVJTV96SW5Va0hBYmFZb2lxNUtlMEJiNUZhR29JVGtSUUpxNjExX3dzYks3enVaSlhZaWRXV1FST0djVGRYUERtSHlmNGFTRGJfZE1KSU1NcFphOHh2d0xoVUE5Z0JkbnBWQ3pPTmFsYkFXaWxjTXhXYUp0VXJWYU5md05hYndrWWt1bGt5cXFfSmRBYnNyVmlGb2g3LWlGdmtvcXFtNWp4VVowdWdta2c0SE5FUlZ3?oc=5&hl=en-US&gl=US&ceid=US:en,Gestão e RH,Especializados (Nichos),Geral / Não Especificado,busca_automatica,correta
2026-05-26,Concurso IF Baiano Alagoinhas BA: 2 vagas para professor substituto,Folha Dirigida,https://news.google.com/rss/articles/CBMingFBVV95cUxNR3loTGRqQkVsREdzbHdWaTNDSF9CSkVxakI4UkFReTFVMkdCTjN0dUFOejZKZ2MzTm5HUlRMVEprM1BGQlNkVk9RSFA2N1hGUFl5VEhENkFkSjdtcEVzR2QyajRSby1NRmtITTNxRXE2OEt3QlZCRHNFNi0xRUFZRDkzU1FjaU9OZVgwMHk1YjBiUUthUWVJVjdObGxKQQ?oc=5&hl=en-US&gl=US&ceid=US:en,Gestão e RH,Imprensa (Nacional),Alagoinhas,busca_automatica,correta
2026-05-26,Processo Seletivo IFBAIANO abre vaga para Professor em Xique-Xique,Ache Concursos,https://news.google.com/rss/articles/CBMiowFBVV95cUxQUU1jZlRHZm9EQmhCZEltZVJjVlpCQlBkblE1WGEzZEpxTnA1Qk45bWVlTXk5c1ZuNHpoZWQ5X0xMVVIyOVB6TTNpR1IxU2kzMTltRFhMVVBJWmdwZjAzMXI0TEUtdzhfWXp0RWRLeE50UU95RG1pR0E2Zm1tTFBmZDNzdmFVdi1GWmZSNHdnMWt0TS0yamlPSmtqcF9LckRLbW000gGoAUFVX3lxTFAtZkFzbTNmQzF0YlA0UnM0N0dDekxhbWpJc1gwQ3NoQm15Z0dncjhZcTFUV3RDajdWd2R4Tmp6VFpVMWpmQTh6RmJ5YVo1Y3JxaGVad0FfWk1MTTdnV3NmR1Y1YUNTelY2ZkRyOFktNkhyUlRONXFXa0VJZEhxcVNRZHRCVE5XdDNSVHEzSWQ4WDRnaDJuSDkwVlBxbnNCSXIyUnMtRXJsWg?oc=5&hl=en-US&gl=US&ceid=US:en,Gestão e RH,Especializados (Nichos),Xique-Xique,busca_automatica,correta
2026-05-26,IF Baiano abre vaga para professor substituto no campus Xique-Xique,PCI Concursos,https://news.google.com/rss/articles/CBMirAFBVV95cUxQVzlDV2RzNW51aXd5S2xGSENHUGprcm9PSHIxRE9KLXNsdGVlT1VzU2NxekVhYW9NQUVRcEhzejJWSEtRVWdMTmZ2d0wtcWZDRUlCMXJ3eGhyUFJhTEhyR3RCR3liOGQ4TkowTjc5TkhmZ2hPSjV0RHFnejF1NTJhWmY0U0pYQU5rNGxpRndHYVdKUXJwbmRWWXNhb3haYlA4MzhQRTd2SExDSUxX?oc=5&hl=en-US&gl=US&ceid=US:en,Gestão e RH,Especializados (Nichos),Xique-Xique,busca_automatica,correta
2026-05-26,Instituto Federal Baiano Xique-Xique BA abre processo seletivo com 1 vaga para professor de AEE,Folha Dirigida,https://news.google.com/rss/articles/CBMixAFBVV95cUxPbmtTd3dOck0tcXlwdDA0VkJoN2dFNndsY05NWUtoNXRKMWJIOVMxXy1rQm1xZmVBVU9WdUxmTzFKbFZ3emRDdFQ2STRTdzN1cHJGaWlXT3R3RzFqN2dwTU52UzRubW1iYjU1TE95OG1mb3c3UjBTYU4wTVAzMXJfTlpjLWtETEZQTWlQb1J3OHBXeVhoTnVUeVhCYTR2d28xZzB0WC1KdWdmdFB6SzRLS1VwZk5KQ1dXYkpoR1YtMEt5TzM2?oc=5&hl=en-US&gl=US&ceid=US:en,Gestão e RH,Imprensa (Nacional),Xique-Xique,busca_automatica,correta
2026-05-26,Seleção professor substituto,Ache Concursos,https://www.acheconcursos.com.br/concursos-bahia/processo-seletivo-ifbaiano-abre-vaga-professor-90407,Gestão e RH,Especializados (Nichos),Xique-Xique,curadoria_dicom,correta
2026-05-26,Egressa produtora de queijo premiada,Achei Sudoeste,https://www.acheisudoeste.com.br/noticias/guanambi/conheca-a-moradora-de-guanambi-que-transformou-uma-unica-cabra-em-negocio-de-sucesso,Institucional,Especializados (Nichos),Guanambi,curadoria_dicom,correta
2026-05-26,Seleção professor substituto,PCI Concursos,https://www.pciconcursos.com.br/noticias/if-baiano-abre-processo-seletivo-para-professor-substituto-na-area-de-atendimento-educacional-especializado,Gestão e RH,Especializados (Nichos),Alagoinhas,curadoria_dicom,correta
2026-05-26,Seleção professor substituto,Portal Tela,https://www.portaltela.com/noticias/educacao/2026/05/26/if-baiano-de-alagoinhas-abre-2-vagas-para-professor-substituto/,Gestão e RH,Imprensa Local,Alagoinhas,curadoria_dicom,correta
2026-05-25,Egressa produtora de queijo premiada,A Voz do Campo,https://avozdocampo.com/baiana-ganha-cabra-como-salario-vira-produtora-de-queijo-e-acumula-medalhas-com-produtos-premiados/,Institucional,Imprensa Local,Guanambi,curadoria_dicom,correta
2026-05-25,Egressa produtora de queijo premiada,Blog do Eloilton Cajuhy,https://blogdoeloiltoncajuhy.com.br/site/baiana-ganha-cabra-como-salario-vira-produtora-de-queijo-e-acumula-medalhas-com-produtos-premiados/,Institucional,Imprensa Local,Guanambi,curadoria_dicom,correta
2026-05-25,IF Baiano abre vagas para Professores Substitutos em Alagoinhas,Ache Concursos,https://news.google.com/rss/articles/CBMiwAFBVV95cUxNS2JmY3BvcnpoRXMzWG9GVEZ3SVgtNWFfcDVreXNNOFo5LUIzenNVeEluZjN6SDFWUHNyWVZ0WVV1Q0FFUjFYVWphTkdfVFAyWGtxLVAtNUU0YlFKYnVYUkdXcS1zMlBmZXpmbFhDUXA1YWZGQ083WDNNNExoZ3dfa0pSM05aV3ZGZHRCb3RzUS1CWW9TMlI2cXdqT1RMUXp6bEh2QmpXX21nNlY5VU9UTml6MXJ5bWdDeEZmU0YwbTfSAcYBQVVfeXFMUFdMN2RrUlJUR3E5TGU0WE0tWE0yUHBzNC04TURSQnNHaWZwd2J5T2kwTXpxajROSmhDdm1mbW5qWGYyRXZDZFROOUFhTVQtSk9UbmQ5VWw2cTFyVWxlcEFDWmx2U1BDMzRLSWpjQnBKZGY0MU51emQ5SlBWQ2tZSmUxaU5YVFBQQ3dIZnoydzJIRnBmaWJsQnFrX3JiWTJUWGVHdzV1eWZ3RkhKZUlIZ29NQ1AzeFRITFAtV01jVWN5RGdpOXZB?oc=5&hl=en-US&gl=US&ceid=US:en,Gestão e RH,Especializados (Nichos),Alagoinhas,busca_automatica,correta
2026-05-24,Egressa produtora de queijo premiada,G1,https://g1.globo.com/ba/bahia/noticia/2026/05/24/baiana-recebe-cabra-como-salario-e-produz-queijos-premiados.ghtml,Institucional,Imprensa (Nacional),Guanambi,curadoria_dicom,correta
2026-05-22,Descoberta de sítio arqueológico,Agência Brasil,https://agenciabrasil.ebc.com.br/radioagencia-nacional/geral/audio/2026-05/novo-sitio-arqueologico-e-registrado-no-interior-da-bahia,Institucional,Imprensa (Nacional),Xique-Xique,curadoria_dicom,correta
2026-05-22,IF Baiano Campus Guanambi publicará edital para cursos técnicos gratuitos nesta sexta-feira - iGuanambi,iGuanambi,https://news.google.com/rss/articles/CBMi3gFBVV95cUxQNGdVMTdYaWxUVmNkanE1SldlSDdjU3dZSTRRYWF5R3ZSNW1xZWFkZGJubTdienNfRnhpaVdKbEZfTW1WU1d1QURaOE9KSUJsUWdLc05LWURiQXBveUpzSkRtZTZJRnFzcnRtSEIzcUZPRV9ZSF9qTTBXN182S3J3d3gzcUYwZUVjeXp1U1dXYWJOVHJvTENUNHkzMEVDVFNTcjJVdFFRcGZ5TDV0d2ZqTE9UM00wN3h1dngxQ2h2QjVZUVg2elFOWTVQbzA4R2VydXItWU5CTWM5SWkxcUHSAd4BQVVfeXFMUDRnVTE3WGlsVFZjZGpxNUpXZUg3Y1N3WUk0UWFheUd2UjVtcWVhZGRibm03YnpzX0Z4aWlXSmxGX01tVlNXdUFEWjhPSklCbFFnS3NOS1lEYkFwb3lKc0pEbWU2SUZxc3J0bUhCM3FGT0VfWUhfak0wVzdfNktyd3d4M3FGMGVFY3l6dVNXV2FiTlRyb0xDVDR5MzBFQ1RTU3IyVXRRUXBmeUw1dHdmakxPVDNNMDd4dXZ4MUNodkI1WVFYNnpRTlk1UG8wOEdlcnVyLVlOQk1jOUlpMXFB?oc=5&hl=en-US&gl=US&ceid=US:en,Gestão e RH,Imprensa Local,Guanambi,busca_automatica,correta
2026-05-21,DESENVOLVIMENTO DE WEBSITE INFORMATIVO SOBRE A POLÍTICA DE ASSISTÊNCIA ESTUDANTIL DO IF BAIANO,EduCAPES,https://news.google.com/rss/articles/CBMi5AFBVV95cUxPazA1NDZlSmx4Zm10cmx4c3F2QzE3c3BQa2FIZ2tuYTJyaWV4M0loUXFMVlNlcFpxNHZVRFYwX3NrMHpLZDlmTVBpYUI4UE12dEdhemQ2SWE3SnM3MmtjN2NYYkdwemw4dHVFQXY2aGQ2eHN2YXp4OFEwcjRtdmVxR19hRWxMSWRzSExscFIydDNqajl1TEQwb19UOVVqQ01jRmRmRUh1emN5bmw1a1cxTVB3U0wwdnpGYkdPb1JUWFBNN29hanpFSUdkRmlKdmY5TzRscUJIYkI4S2JhNG0zbFVqNkU?oc=5&hl=en-US&gl=US&ceid=US:en,Institucional,Imprensa Local,Geral / Não Especificado,busca_automatica,correta
2026-05-20,Seleção professor substituto,Agência Sertão,https://agenciasertao.com/2026/05/20/if-baiano-publicou-seis-editais-para-professor-substituto-em-cinco-campi-da-bahia/,Gestão e RH,Imprensa Local,Reitoria (Salvador),curadoria_dicom,correta
2026-05-20,Seleção professor substituto,Aratu On,https://aratuon.com.br/empregos-concursos/if-baiano-abre-selecao-com-salarios-de-ate-r-8-3-mil-para-professores-substitutos/,Gestão e RH,Imprensa Regional (Bahia),Reitoria (Salvador),curadoria_dicom,correta
2026-05-20,Seleção professor substituto,A Tarde,https://atarde.com.br/educacao/instituto-baiano-anuncia-vagas-para-professor-com-salarios-de-ate-r-83-mil-1389388,Gestão e RH,Imprensa Regional (Bahia),Reitoria (Salvador),curadoria_dicom,correta
2026-05-20,Seleção professor substituto,Bahia na Política,https://bahianapolitica.com.br/if-baiano-seleciona-professores-substitutos-para-cinco-campi/,Gestão e RH,Imprensa Local,Reitoria (Salvador),curadoria_dicom,correta
2026-05-20,Seleção professor substituto,Empregos na Bahia,https://empregosnabahia.com.br/if-baiano-abre-processo-seletivo-professores-substitutos/,Gestão e RH,Imprensa Local,Reitoria (Salvador),curadoria_dicom,correta
2026-05-20,Seleção professor substituto,Ilhéus Eventos,https://ilheuseventos.com.br/vagas-de-emprego/if-baiano-abre-selecao-com-vagas-para-professores/,Gestão e RH,Imprensa Local,Reitoria (Salvador),curadoria_dicom,correta
2026-05-20,"IF Baiano abre seleções para professores substitutos com salários de até R$ 8,3 mil; saiba mais",Metro 1,https://news.google.com/rss/articles/CBMi3wFBVV95cUxOTnlqc1ZsaWpuZkxPVkdqcHdsY3ZnLTZBMHhDS2dSblZZdE45YTBSZHhQaUZ5Z1NiYzZBcENtd2ZnLWRIUlNjUWR0OS03c2V2SFpaM0RYVTlvd0MtcjZ4YWtrSDhMODdWa0l6ZWJJTDM3a3F1TVlHX0xyemNQV3JuZkZZR19LR3pWWUUxT1Q4OXpiU0N3RXRXLXhWSmlLRW5EREFGQkRlcDJtbWtrQWVvVWttMUN3eXdxV3ZubjVDTEVpd2ZCTlZfQ3RBZEQ5N3RGZmp4ZElZemdSQ2ZBdmVv?oc=5&hl=en-US&gl=US&ceid=US:en,Gestão e RH,Imprensa Local,Geral / Não Especificado,busca_automatica,correta
2026-05-20,"IF Baiano abre processos seletivos para professores substitutos com salários de até R$ 8,3 mil",Empregos na Bahia,https://news.google.com/rss/articles/CBMikgFBVV95cUxNODgzeXBEM2V1UEJfQ04xOFl4T3RyTHhfeWFFclRXalQ3VFBvcEtfeEstN2djeGFYNXJYUEpGZ2ltQXVfMHlBSGluVGc3UHpoZ0tjdGZBNXdRcldaSXAyQ3A4VVhXUGVmVEFnbllWU1dGS0JPMUZ6UlR1Qk5QeU9qUDhxOWtmakRzdzQxYlZVc0Z6dw?oc=5&hl=en-US&gl=US&ceid=US:en,Gestão e RH,Imprensa Local,Geral / Não Especificado,busca_automatica,correta
2026-05-20,IF Baiano seleciona professores substitutos para cinco campi,Bahia Na Política,https://news.google.com/rss/articles/CBMilwFBVV95cUxOTkpDMVdvdGN6RjhMZ0stRGg5aWZRWnhxaUI2djJBaWtNbmE0dk5iM3NtZWtTeC1iZzdyUWJKdGZMTVFkMUxLRXVsNjd3NGxWVG1Od3VrMkhOazVaeVJCMGhBYkU5WkY3akNiQmtTM2NSbm9JZFc4b25qY1NYekFhXzBEaWllbGdEWVd0ZzFqemdycGJ5TUtr?oc=5&hl=en-US&gl=US&ceid=US:en,Gestão e RH,Imprensa Local,Geral / Não Especificado,busca_automatica,correta
2026-05-20,IF Baiano abre seleção com vagas para professores,Ilhéus Eventos,https://news.google.com/rss/articles/CBMinAFBVV95cUxPcllueFVJUTZDaUU4YnIwWHNCRWpMTVo1M1d3ZzNSTEp3U2dYRDFGRGp1V2UzTzZvUkpMdUYtU3RtSm5OenpwQ1JrbzlRWkMtSGlpeFNfTXRtSXZFUFd4Wm1Yd0NsRGFDdVVPTTJUQkJlelZpNWMySGJ6UDRiYnJmc3djVUZHYW9ZbS1PZ2JKTzM3eUNmbXYzZkE5LXY?oc=5&hl=en-US&gl=US&ceid=US:en,Gestão e RH,Imprensa Local,Geral / Não Especificado,busca_automatica,correta
2026-05-20,IF Baiano abre seletivo professor Pedagogia Senhor do Bonfim,Sou Enfermagem,https://news.google.com/rss/articles/CBMipgFBVV95cUxNLURzQ3l6aGsxcVFja0hyMndCeER3ZDFUaU5rOU13a2RtRjFEWnVlSW14Yl9ldXZ4NlpodGR1MEo4ODl5OWZEckRkYVJvUEM5VzRrYzlxam9Xd0NxN05RLW9ONE5OVDNkNTBKWGw0aVRzMnhFZVlBa0pwc3gzWnlFc25zMnN1RFhTZzVneTljQXQyelZDR0tTUFRjdkRqeFpOZDNCNF9B?oc=5&hl=en-US&gl=US&ceid=US:en,Gestão e RH,Imprensa Local,Senhor do Bonfim,busca_automatica,correta
2026-05-20,"IF Baiano abre seleção para professores substitutos com salários de até R$ 8,3 mil",Se Ligue Bahia,https://news.google.com/rss/articles/CBMitgFBVV95cUxPWkIzeml2VENfOU1HMmR2TTFKblFjMXVhc2xzdFd0TUlBNjdNNVdLb3JIZWNtY1FrY0gxaFZSZktRX0lHLWVnOElPbWQ4UjZxcVJabmNpbXNVZjRiX1RxakpJa0VZVlNIaDcxVk4tR0xnblNSTmdWZ3ZScDRXc1hVMG1jbEpSNUNONVhSWGxabV80bGM4ODNCOG1PUGVOVWRfeGFUYjI3WHlDdWdQQ0FoVUVJQk5Pdw?oc=5&hl=en-US&gl=US&ceid=US:en,Gestão e RH,Imprensa Local,Geral / Não Especificado,busca_automatica,correta
2026-05-20,IF Baiano publicou seis editais para professor substituto em cinco campi da Bahia,Agência Sertão,https://news.google.com/rss/articles/CBMiuwFBVV95cUxOSUktNE8zbTYzWFNVMy1kcW1FalRmamlRYlRlY0loY0pvZEdmWG95MzNWR19kS01PVHdDYS1qVTN5S09qZm15ZmdSUGluREJJcS1oOVFRRmpOU2pPMFFVcEUtbDhRTThRQzZFb2p4YkFZX25hdEJYb3o4X3hoTnlxN1FZM1R4LVJ1cDNYaWFxeUw3bGppaXpXYlp4cU10NGNaTk9HeEM2Z2NGbGJqMmNXeGRjVDVtVUg2dWRF0gG7AUFVX3lxTE5JSS00TzNtNjNYU1UzLWRxbUVqVGZqaVFiVGVjSWhjSm9kR2ZYb3kzM1ZHX2RLTU9Ud0NhLWpVM3lLT2pmbXlmZ1JQaW5EQklxLWg5UVFGak5Tak8wUVVwRS1sOFFNOFFDNkVvanhiQVlfbmF0QlhvejhfeGhOeXE3UVkzVHgtUnVwM1hpYXF5TDdsamlpeldiWnhxTXQ0Y1pOT0d4QzZnY0ZsYmoyY1d4ZGNUNW1VSDZ1ZEU?oc=5&hl=en-US&gl=US&ceid=US:en,Gestão e RH,Imprensa Local,Geral / Não Especificado,busca_automatica,correta
2026-05-20,"IF Baiano seleciona professores substitutos com salários até R$ 8,3 mil",Folha do Estado da Bahia,https://news.google.com/rss/articles/CBMixgFBVV95cUxOdksyTTFDanI5cWo2ZW5SMmdrWTBHcUJucXFEWW8tNWs3M1E3ald0enhkTnN2c1JfOE1JYjFac0xMaGd4dUQ1MlRDcEtnX3oxekl4RWgyQjE2bGpQZ2JvZXZiUjNtdVJEQWdXZEdpTTFnYm4ycUd1VGEySkp4N0RPWWxlclpfZENIUU5mRWxUazRKbUdHYUdCOG1WdTN1cjlBX3h2UWZfSDJxOC1HQTFZdEJJNmFrdXNGMHk0WWplVy1Wa0JJUXc?oc=5&hl=en-US&gl=US&ceid=US:en,Gestão e RH,Imprensa (Nacional),Geral / Não Especificado,busca_automatica,correta
2026-05-20,"Com salários de até R$ 8,3 mil, IF Baiano abre processo seletivo para professor substituto",Farol da Bahia,https://news.google.com/rss/articles/CBMizgFBVV95cUxPekhSRkFGbjVvTEo5WVdmeW9TTENyUE85akRBSjJya0VuZExHWmpmRVJTcE9OVWJSSFJSNFkwMU04cGtnSE5KS1VOZTRRS3A2cFNTaEI2NmxrZThIV2dycFdyMF8wb1AzWDJ5ZGlabHdJa1RGRDVoNlY2RkJUYWt1bkN6LWZLNWRYTXh1SmNVbnJRa2JhNUp3SUdXYk5OcXlwbHBVT095dFVFNk51QmdkM0ZnbnJMLTZUWWhfUVp6a0pIUEtVSXd5UllHWHplZw?oc=5&hl=en-US&gl=US&ceid=US:en,Gestão e RH,Imprensa Regional (Bahia),Geral / Não Especificado,busca_automatica,correta
2026-05-20,Seleção professor substituto,Farol da Bahia,https://www.faroldabahia.com.br/noticia/com-salarios-de-ate-rusd-8-3-mil-if-baiano-abre-processos-seletivos-para-professor-substituto,Gestão e RH,Imprensa Regional (Bahia),Reitoria (Salvador),curadoria_dicom,correta
2026-05-20,"IF Baiano abre seleções para professores substitutos com salários de até R$ 8,3 mil; saiba mais",Metro1,"https://www.metro1.com.br/noticias/bahia/182799,if-baiano-abre-selecoes-para-professores-substitutos-com-salarios-de-ate-rdollar-83-mil-saiba-mais",Gestão e RH,Imprensa Local,Reitoria (Salvador),curadoria_dicom,correta
2026-05-20,Seleção professor substituto,Sou Enfermagem,https://www.souenfermagem.com.br/noticias/if-baiano-abre-seletivo-professor-pedagogia-senhor-do-bonfim/,Gestão e RH,Imprensa Local,Senhor do Bonfim,curadoria_dicom,correta
2026-05-19,Professor substituto,Bahia Economica,https://bahiaeconomica.com.br/wp/2026/05/19/if-baiano-abre-selecao-para-professor-substituto-com-salarios-de-ate-r-83-mil/,Gestão e RH,Imprensa Local,Reitoria (Salvador),curadoria_dicom,correta
2026-05-19,Seleção professor substituto,Diário do Estado,https://diariodoestadogo.com.br/guanambi-ba-if-baiano-abre-selecao-para-professor-de-geografia/,Gestão e RH,Imprensa Local,Reitoria (Salvador),curadoria_dicom,correta
2026-05-19,Seleção professor substituto,É Notícias,https://enoticias.com.br/noticia/26341/if-baiano-abre-selecao-com-vagas-para-professor-substituto-em-cinco-cidades-da-bahia,Gestão e RH,Imprensa Local,Reitoria (Salvador),curadoria_dicom,correta
2026-05-19,"IF Baiano anuncia processos seletivos para contratação de professor substituto com salários de até R$ 8,3 mil",G1,https://g1.globo.com/ba/bahia/blogdoemprego/noticia/2026/05/19/if-baiano-anuncia-processos-seletivos-para-contratacao-de-professor-substituto.ghtml,Gestão e RH,Imprensa (Nacional),Reitoria (Salvador),curadoria_dicom,correta
2026-05-19,Descoberta de sítio arqueológico,Líder Notícias,https://lidernoticias.com/descoberta-de-aluno-do-ensino-medio-revela-sitio-arqueologico-escondido-em-cidade-da-bahia/,Institucional,Imprensa Local,Xique-Xique,curadoria_dicom,correta
2026-05-19,"IF Baiano anuncia processos seletivos para contratação de professor substituto com salários de até R$ 8,3 mil",G1,https://news.google.com/rss/articles/CBMi4AFBVV95cUxPRFo3T0hoamZ6eUpOMWhVVmNTRUozSElSeEhVR3FNWW03OHdnakFFeUhnd1JaMUZ4bEFLRG5NYVZSZU1XU0NyZERjc1huQU9Kem1xQkE3eXA4VTE4M1FyOVlhWkVMN2FOc0VpRzlCZ1NLLUoyeV84bEs0X3AyMGpUQ1pYTmk3Z1h6NldSZlk2Q1hRWm9PZUdwRHB2a3dkTVcya1ZMSXQyZ2xWenBOUWRUeFZxbWxLV0pGdlZmaHAwbHFoeHFiVEY2RDFZMjllR0dYQ0hfazQyLUd6VnFreWZ3TNIB7wFBVV95cUxOOWhQTlZHMmU2d2hlbk5Pb3M1YWVacFpLZHpxN0QwQnUteXNyTnNpdFZSSFJramM5NXJBVkF5YWpTdGxZTVE4b284aE5nN0RQSDVYbW90YmxjdFdFRXZieEZvc250WTFHUjlfcGhKSXpmYUFOb2F5SmVHaHJPVldIelBFZl8tNmttbGdxYW54V3g2eERyeTEzWHVYazFaSjhwSEJoa0hMemRZa0Q3N0NIVWRwMHZQZEZTdmc0NVp4dTV2UExqT3c0ZW90eENBVGk1Y0F0eVdLdDZJLVZlNVJIc3B2akNNYjVYc2ZhTWZnMA?oc=5&hl=en-US&gl=US&ceid=US:en,Gestão e RH,Imprensa (Nacional),Geral / Não Especificado,busca_automatica,correta
2026-05-19,"IFBA abre seleção para professores substitutos com salários de até R$ 8,3 mil em Governador Mangabeira e outros municípios",Voz da Bahia,https://news.google.com/rss/articles/CBMi5gFBVV95cUxNUno4eUQxbVdGUW4tRkdZOVpRQTAtdjhna0liUEdYTl9ITmhvcFFUczVfRGRiUHVIbGRacGpRMGMyMFhUMXFIOGhRcVVTLU5Vek9Xdmhzc0hSaER3THBkaURmWWxGSmpZclB4ZktUblEyYmNjUjF4clY5N3R5cmNLV3ljYmdsZE5DUjVqclVmelkzM3h6cWtPR2E3WHR1bmtteXdOSEU3RXBoM0psVHVqU2lyUk9oMk95YjN5RmtVcXc0ZVdReThTU3dGcjZCcFNuUWNfTTRBUDg5bjVBOUdQWkZrOWN5dw?oc=5&hl=en-US&gl=US&ceid=US:en,Gestão e RH,Imprensa Local,Governador Mangabeira,busca_automatica,ifba_no_lugar_do_ifbaiano
2026-05-19,"TERMO DE COOPERAÇÃO TÉCNICA Nº 001/2025 - IF BAIANO | SECTI - Secretaria de Ciência, Tecnologia e Inovação",ba.gov.br,https://news.google.com/rss/articles/CBMilwFBVV95cUxNRXhZTFh5a2IzQkREOUVkZ291eHlyWUdqamJwY0ZNTTI1dFZvVGdWWDJVNTVrenhnaDViczV6NTJFYTU1NlVrN3R6RUphb2xCZ3VjcVgzc0VrUEQ2TmdXT0stRF91SnhZOWVoazFKMWhsUXd5TEtkQVBFcVJQc3lvUXJ3VmE5MDdnQklGQ1RoTkRmMG1Gbk1v?oc=5&hl=en-US&gl=US&ceid=US:en,Pesquisa,Governamental,Geral / Não Especificado,busca_automatica,correta
2026-05-19,Guanambi (BA): IF Baiano abre seleção para professor de Geografia,diário do estado,https://news.google.com/rss/articles/CBMimwFBVV95cUxOaTlKM2k2VXpZYVY1aTB3UElZM3phbTJjenFwdW15dnpYMFBla202QjFnWi1TLVZMV1FENmw0SjhPRFZQRjIyeEl0Y3l5aVZTRm01akZvYUYzMjFULWhLdG4xaEZCTG1iaHMyLWRnbGtPUnVWcTVVd2VCNllYb1lIWlNIdWVhSURLakFMNzdTOXJ2WU1USng1bVpVbw?oc=5&hl=en-US&gl=US&ceid=US:en,Gestão e RH,Imprensa Local,Guanambi,busca_automatica,correta
2026-05-19,IF BAIANO SELECIONA PROFESSORES EM URUÇUCA E OUTRAS QUATRO CIDADES,Pimenta Blog,https://news.google.com/rss/articles/CBMipAFBVV95cUxNZWZSb2ptbjJudGw1UzA5akMzSW9QQkRNNFRtY0FKVGV4MWZJNUFTVXFjbDRuOGdRbFlaSmEzSXJxNnZGc2F5ZjlxVjJid1ZlRGRVLU5KUDNSZ3Rjc2Y4UlZIUkRDeHhOOUhGc1pnczAwZXBVTVVPZ2F0WnY2bldCeE9fSGV6NkFqdHowR2FPbmlsRTA3cWhFdXFCZ2xYeHY2LWNNMg?oc=5&hl=en-US&gl=US&ceid=US:en,Gestão e RH,Imprensa Local,Uruçuca,busca_automatica,correta
2026-05-19,IF Baiano abre seleção com 7 vagas para professor substituto em cinco cidades da Bahia,De Olho na Cidade,https://news.google.com/rss/articles/CBMiuAFBVV95cUxPVVd2cWhUaG1WTjMxdDM1aFZndVE3alZLb0ZLYVI5Y0taZDB6WVFyWEI0LXplNnFuN09SNlpQNV9PbjBXX2U5SXRSTXVsSWN2SFF4SjV5SHpaM2NURVU2dlFJaDZ1cjlvcmhMWTl5TC1UM2p1LUtGVUs3U2FYZ1FxdFpabVZqM2xJQkl4azRsenk1OC03NWNWQnpHOFd6dDlUOGtGWlFBdUZ4UGhUdEl3LWRVOVRZZWdD?oc=5&hl=en-US&gl=US&ceid=US:en,Gestão e RH,Imprensa Local,Geral / Não Especificado,busca_automatica,correta
2026-05-19,"IF Baiano contrata professor substituto com salário de até R$ 8,3 mil - iBahia",ibahia.com,https://news.google.com/rss/articles/CBMiugFBVV95cUxNQm9qOWliTjhGNmJlTEhNN2s2QzhuNVJBbW9vSFZrNVBYTjB2UldmaktTbkJFamlvOElHZUxIYVhxLVAtTnF0WU5HNF9IRDluU1dCVXc2OUJsaVA5ZjJUV1p0ZjRSRzVjREwxVDduMGlYaHhldmtiWDVNa3NuNUd6QnE5VGQ0SXpXSG1fR0JVMWFIU21ieTF4V3VGbVVfeFE3NDBQM0Y4Mk9IaU9rLXNSaEFlR2hub0hUbHfSAcIBQVVfeXFMUFByeGRyY3BGSzcxdGxLVjhiZTZYcnZkUklwbl9Vald6Z3FaLTVTbmtRZzBwY1Bva2FMQTQyN3hSeG91V2hwdXZXR3dWZlQwVE9RMFkwQ1gtXzRha213bHZTdFZ6dkFQYkdiNWdKNnVaeHo2aHNNWFpTU1JWQzBmRFYtMXlNMzhwYWgxZm9UR093YXZtdVVMWUhkd3B1WXVaR1RJMlFFdGlJbHlYd2FhRUpjdzVNUDY2cm92QVBhcDJyaHc?oc=5&hl=en-US&gl=US&ceid=US:en,Gestão e RH,Imprensa Regional (Bahia),Geral / Não Especificado,busca_automatica,correta
2026-05-19,"IF Baiano abre vagas para professores substitutos com salários de R$ 8,3 mil",Jornal Correio,https://news.google.com/rss/articles/CBMivgFBVV95cUxPZUVtaGE2eXdoSXUxd0lHVV80MzlBMlJWNkRZa2FMVExjSWtIbHB1REkzNVNkLTNkaG1WXzJsVFAyLW5QM1pjRDY2MUpMMjFReWZyWDdkZWNXZUtkRWgxbFNVUWh5alNDZ1kwLThHU2UycDhiaVJJd0ZQbXcxR1UtRWlWQkxfWDhsY25mRXoyMGRkei1oRUJpS0NvdGk4VFYzNUpLTHY1RGg3RkE0UEp3MVkyMm9feDFlZ1ZtZlF3?oc=5&hl=en-US&gl=US&ceid=US:en,Gestão e RH,Imprensa Regional (Bahia),Geral / Não Especificado,busca_automatica,correta
2026-05-19,"IF BAIANO ABRE SELEÇÃO PARA PROFESSOR SUBSTITUTO COM SALÁRIOS DE ATÉ R$ 8,3 MIL -",- Bahia Economica,https://news.google.com/rss/articles/CBMivwFBVV95cUxON1BnanFnVDNFNVVNUS1JX1pmQVd5VzJySWdCRW1Ba1Q2bkxIbkxtVlVzbzZlV1N4T09jS3k4aVdOdkl6QmxnbDlpODBmcGlNQVV6WmhQRXJmZzUtNV9hM3hOQjFEUmlITEY0a0JIbHRMelZTUk8tNVFIYWNTVFE1b3A4R1NHV2s1bHhYbFBWb29RanA1Q2N0RUxXaUR5bVJsZG1lRm9Fc01sejhLZ0YzWkc0elhGLTZzYjdCU0pJQQ?oc=5&hl=en-US&gl=US&ceid=US:en,Gestão e RH,Imprensa Local,Geral / Não Especificado,busca_automatica,correta
2026-05-19,"IF Baiano abre seleção para professor substituto com salários de até R$ 8,3 mil",Sudoeste Bahia,https://news.google.com/rss/articles/CBMiwAFBVV95cUxOd2QyYjlJb1BWbnp6T09FSElFWm1xajduTlNJQ3l6LUdXWTR0N2tvbWNzT2t4OWJsdmx2TlJnWE1WenNYeHN5Mmd1aTlsSXNtNXpnVUZiTHR4LWp2ZDJzN20zSUFxQXFLajdqZGpkZTdnYmVPWHpoLUx6NndsVTg3NUlzMDJMem9TZDcySTJKeFFYNjROVDRPa3lfY0JzTHNuUmNxdENqOHFqR05ueElJWXljSU1xVml0MXV0RUtlcG4?oc=5&hl=en-US&gl=US&ceid=US:en,Gestão e RH,Imprensa Local,Geral / Não Especificado,busca_automatica,correta
2026-05-19,IF Baiano abre seleção com vagas para professor substituto em cinco cidades da Bahia,É Notícias,https://news.google.com/rss/articles/CBMiwAFBVV95cUxPZXBoY1Fva0dzQWFLcEZhZmNPZ1h5OGVSUmRRZ3hQZmxMWjVqYWJTM2hVeUtVX3c5ZkRET1VicVBULTdRbFg0UHpObjA1S2J6N25qd3o1ODdLSk01RXRTX1R0REhJOVRPSHp1clpGbVlIbjJGYzAzazhKblBmVXNwRzN3MVByZXdfT1JyLTVRdlh5LUNsQk00VnpITUs3X3hoUUhxQmlTUzB4NUJTREVFaTczNTZwSmRBakRGTUprS3g?oc=5&hl=en-US&gl=US&ceid=US:en,Gestão e RH,Imprensa Local,Geral / Não Especificado,busca_automatica,correta
2026-05-19,"IF Baiano abre seleção com salários de até R$ 8,3 mil para professores substitutos",Aratu On,https://news.google.com/rss/articles/CBMiwgFBVV95cUxObHIwRDVGWlp3TFBOZGUxbERfalVkX0hIZHR2TjJNT1NDQ0szVklLbExUWXlORGxuNEJfRkNaTkgxd0NyX1JhbDM4a2tGd3pKX2ZhMVAyTWd1eXV5dkJsdFhySlg1RGJhMjRQV2oxeVF5LUdhNmpmQjN3MlZObWxydVlrZzJXZlluWkc4ZUNSNFFzUU8yN2hjV2cza2pGbW50M2U0SWZ0MUZRd1dvVDlKek5YUWVsZHU3TnNYcE1MeDJxUQ?oc=5&hl=en-US&gl=US&ceid=US:en,Gestão e RH,Imprensa Regional (Bahia),Geral / Não Especificado,busca_automatica,correta
2026-05-19,"IF Baiano abre seleção para professor substituto com salários de até R$ 8,3 mil",Metro 1,https://news.google.com/rss/articles/CBMiywFBVV95cUxPdUVDM2lqQzNvZXhvOHNZVThFeEgycEttWmJ2X3BPYXdBOV9saW1NZ3duajRiMVRtdC0xMWJwQmdOQWZIWmhBUkFvUmpPWnFPaTdNaFlGLXBKVm1FTGtkV25xX3U4TmJrMEo1YnUyai1aNEk2SmxpSE9JQXdaNExPNDFIam5haGhHT2pXY0t2UnJTVXJWNk9LZ0tES0xBS013VnpuQk1RUE5XbDRZdm9uUjFFaXBVcFNER1ZyMTdfQkdqMzNfcjdkczJuaw?oc=5&hl=en-US&gl=US&ceid=US:en,Gestão e RH,Imprensa Local,Geral / Não Especificado,busca_automatica,correta
2026-05-19,Seleção professor substituto,Pimenta Blog,https://pimenta.blog.br/2026/05/19/if-baiano-seleciona-professores-em-urucuca-e-outras-quatro-cidades/,Gestão e RH,Imprensa Local,Reitoria (Salvador),curadoria_dicom,correta
2026-05-19,Seleção professor substituto,Se ligue Bahia,https://seliguebahia.com.br/bahia/if-baiano-abre-selecao-para-professores-substitutos-com-salarios-de-ate-r-83-mil/,Gestão e RH,Imprensa Local,Reitoria (Salvador),curadoria_dicom,correta
2026-05-19,IF Baiano seleciona professores substitutos para cinco campi,Mídia Externa,https://www.acordacidade.com.br/empregos/concursos/if-baiano-seleciona-professores-substitutos-para-cinco-campi/,Gestão e RH,Imprensa Local,Geral / Não Especificado,busca_automatica,correta
2026-05-19,Seleção professor substituto,Correio,https://www.correio24horas.com.br/emprego/if-baiano-abre-vagas-para-professores-substitutos-com-salarios-de-r-83-mil-0526,Gestão e RH,Imprensa Regional (Bahia),Reitoria (Salvador),curadoria_dicom,correta
2026-05-19,Seleção professor substituto,Fala Você,https://www.falavoce.com.br/noticias/6562-2026/05/19/if-baiano-abre-selecao-com-vagas-para-professor-substituto-e-salarios-de-ate-r-8-3-mil,Gestão e RH,Imprensa Local,Reitoria (Salvador),curadoria_dicom,correta
2026-05-19,"IF Baiano contrata professor substituto com salário de até R$ 8,3 mil",iBahia,https://www.ibahia.com/empregos-e-concursos/if-baiano-contrata-professor-substituto-com-salario-de-ate-r-83-mil-366186,Gestão e RH,Imprensa Regional (Bahia),Reitoria (Salvador),curadoria_dicom,correta
2026-05-19,Seleção professor substituto,Jornal Folha do Estado,https://www.jornalfolhadoestado.com/concursos-e-empregos/if-baiano-seleciona-professores-substitutos-com-salarios-ate-r-83-mil/,Gestão e RH,Imprensa (Nacional),Reitoria (Salvador),curadoria_dicom,correta
2026-05-19,"IF Baiano abre seleção para professor substituto com salários de até R$ 8,3 mil",Mídia Externa,"https://www.metro1.com.br/noticias/bahia/182753,if-baiano-abre-selecao-para-professor-substituto-com-salarios-de-ate-rdollar-83-mil",Gestão e RH,Imprensa Local,Geral / Não Especificado,busca_automatica,correta
2026-05-19,Seleção professor substituto,Sudoeste Bahia,https://www.sudoestebahia.com/noticias/bahia/if-baiano-abre-selecao-para-professor-substituto-com-salarios-de-ate-r-8-3-mil,Gestão e RH,Imprensa Local,Reitoria (Salvador),curadoria_dicom,correta
2026-05-18,Descoberta de sítio arqueológico,"Alô, Alô Bahia",https://aloalobahia.com/noticias/2026/05/18/estudante-do-if-baiano-ajuda-a-descobrir-sitio-arqueologico-inedito-no-interior-da-bahia/,Institucional,Imprensa Local,Xique-Xique,curadoria_dicom,correta
2026-05-18,Seleção professor substituto,QConcursos Folha Dirigida,https://folha.qconcursos.com/n/concurso-if-baiano-urucuca-ba-1-vaga-para-professor-substituto-aee,Gestão e RH,Imprensa (Nacional),Uruçuca,curadoria_dicom,correta
2026-05-18,IF Baiano abre processo seletivo para professor substituto de Sociologia no campus Senhor do Bonfim,PCI Concursos,https://news.google.com/rss/articles/CBMi1wFBVV95cUxQekFRNjFzOURuN3ZHSTJQTWhDSDBaODAtUzRCY3l1Zzk3OGhRRW84Rnh1VDVCYXBiRzZfa3N1RUZscldMdXJhSWlkRlFMcXAwS01fSUJ0a3pBR19NX3dHcXg3MzNMNXNaWFhtbHYzQ05XQmFSeWpnbHRjcFRCVWNQYkpudGlyNm5ILV9wNjk4bTBLX1NnSW5ZRUxmYzJ1NlZZU0JVN1p0MmFhRVMzOF9ISV83Rm9VRl82ZU5ybUNlUndxaWdvSEd1T1oxOGp3dTQtaERna2pEMA?oc=5&hl=en-US&gl=US&ceid=US:en,Gestão e RH,Especializados (Nichos),Senhor do Bonfim,busca_automatica,correta
2026-05-18,IF Baiano concurso: 1 vaga para professor substituto de Química,Folha Dirigida,https://news.google.com/rss/articles/CBMimAFBVV95cUxQazVDSk9Ocl9QTUgyNld3OFlRLXRqTkU0MzhvMmlPVlRvWV9NMTFzX3pFV2lIRjc4OHJyYWp5cWYtSnNlVW9ubXlaT0VLSjZMTnRaR0t1d1VUU3BBaUdqc2VLSFhoMk9tcTNibUtEZGkyQ3NkRzRHQVFCYTFUWkkzX1d4N0QteDJ1elVISUxIWloxeTF5TkR0RQ?oc=5&hl=en-US&gl=US&ceid=US:en,Gestão e RH,Imprensa (Nacional),Geral / Não Especificado,busca_automatica,correta
2026-05-18,Concurso IF Baiano Uruçuca BA: 1 vaga para professor substituto AEE,Folha Dirigida,https://news.google.com/rss/articles/CBMingFBVV95cUxQUzdIRGFvVlFXQ0Q2UU0ydFdGdEVmVGJGOHd6QXpNaHd3ZHAwTnBYdFZpMGd2RXhDakM5bVhicl9xQ0JtZlN6WDBiQWhIQjRpNTB2MlN0cWQwblgzWTRieHA5VGltZFgyMlFUMjR6cVRNZzlzSm1oeE04cDRLcTFwU3k1aHVwVXFPVlJZVThzejUwMzJSc3pyYjhXejc5UQ?oc=5&hl=en-US&gl=US&ceid=US:en,Gestão e RH,Imprensa (Nacional),Uruçuca,busca_automatica,correta
2026-05-18,Concurso IF Baiano Senhor do Bonfim BA: vaga para professor de sociologia,Folha Dirigida,https://news.google.com/rss/articles/CBMipgFBVV95cUxPOERoRXNGWlVKaFJvd2JUSVg2VkRvLWpkejFqY2Q0UzRVLW1vazBxLTg5WnNmZnF2RjFxUlg1aUJKWGdNbjFDUW9iQWFweUp6RGxwbEktczdYRmN4ZjhPMVVlUzlmcEprQTN5VjFSM0tYOVRMSy1nOEYxRDNMeUhHN1FqdVZDdEZfTVNESEdUU1MtakhEZHFnVUJvMTZGeGppTUdrdFFn?oc=5&hl=en-US&gl=US&ceid=US:en,Gestão e RH,Imprensa (Nacional),Senhor do Bonfim,busca_automatica,correta
2026-05-18,Concurso IF Baiano Senhor do Bonfim BA: 1 vaga para professor de Pedagogia,Folha Dirigida,https://news.google.com/rss/articles/CBMipwFBVV95cUxNc2RfNmJjYXF2S2VDWkR0Vmg0NzFJQjFwaGhpa2ZfVzJKUzI4NGJ3Z2lIaW10ZDdOZFZwMmgxbEhBZkw4bkJrT0E5SmgwN0xiMXBkbGhzOWZmYWpxbC1Sbmg0d0NvU2JYTzY5aXZwdVdRQWxLQV84YjlMUVlLM3gzam4yTEZkaW1FQXE4SkFNTzk3WWdpeWdDd2haUHRsRmphV1k1QWdHQQ?oc=5&hl=en-US&gl=US&ceid=US:en,Gestão e RH,Imprensa (Nacional),Senhor do Bonfim,busca_automatica,correta
2026-05-18,IF Baiano oferece 1 vaga de professor substituto em Química,Portal Tela,https://news.google.com/rss/articles/CBMitwFBVV95cUxNOTN6Ym5EakNaektZM3Z0UVF1VHJsWm9ncEM1Y3FrTTl4NGdLdllvY2duWG9yQnY3aEtlZUxUdXN0WU5ZM0JQeU9WNkE0eUQzVDdSZEwxeklPeW14NFlVd3ZZdHlGRy1iWmFlSnRkdGJmMllDdHlOTmh0UFJ0MTdvWVFLSHVLcEJsYTEwY2JGbkxOOS1CenJ6VVUwcVBfUDdsT1p5a2NnS2l3Smt2bUcwN3ZEQkdRdzA?oc=5&hl=en-US&gl=US&ceid=US:en,Gestão e RH,Imprensa Local,Geral / Não Especificado,busca_automatica,correta
2026-05-18,IF Baiano abre processo seletivo para professor substituto no campus Uruçuca,PCI Concursos,https://news.google.com/rss/articles/CBMiuAFBVV95cUxNUk43QWZ1VUZPR0pHQk04VlB6aU5nd3RpZlI3ZjlOTDdHc1FoZFhOR3lqWFpaYVNHUlB0ZnYxOTI0VHRNUHJtbmZqQjMxVWxLeGNyS01oc3ptbC1hMFFmNWRjeDFISVVxQlp3M29nZFdKNm5FaWtCbko1VUZscDRKemh6Qmc0VGwyQTdnOHp6Umt6SXc4Z0lTNkFxWV90eFc1RjdsWU8yTWNWVENwa0NwOUs3ZUlEcUw0?oc=5&hl=en-US&gl=US&ceid=US:en,Gestão e RH,Especializados (Nichos),Uruçuca,busca_automatica,correta
2026-05-18,Processo Seletivo IFBAIANO abre vagas para Professor em duas cidades,Ache Concursos,https://news.google.com/rss/articles/CBMivwFBVV95cUxON2E1TFRCMkF0N1U2M3g0OHVUU1A3eWx1X1ByOWZLNTFESE9qWThnNXlETkRGaXlldE13QWxVUkc1NmxKZHV2Wk5vT3dMbkh3bTNzMElpeXZCTHNUdEZOdTZST21DSVE4UUt0aVMzVERIN2p4a3prRHNyQ3FfUVhVMHpHU3lOUVU1aHlzbk5DNkRiNDRHcUx1cjU2M0hiZnJ0aWw3S21NNmxSNDkwV3Q5ZkdYM0FIVldFVEptcDBYSdIBxAFBVV95cUxNckR4N1hoNFhGWGtWbExqYkk2R0swblhBalAydHhFajNHXzE2ZlAzRWE1X2ZmMXV3MklNYlQwcWlCNjVuaEoyZHNfc1I2LVJhakNSNzVxNDdDdEl6Q0Vqc2lyTHJXekJ0SDI5TmM4eUNwMjY1UnJoY3FoTDN2a1A2S2Z5bHc0WHFjbndPS3hPRkZRMFV0ajhUNHI2eFRFNUpkMkdKcV9vTU1XMHJldWNnNEhndEFqTVViNTdvZzU3NUxZWUZR?oc=5&hl=en-US&gl=US&ceid=US:en,Gestão e RH,Especializados (Nichos),Geral / Não Especificado,busca_automatica,correta
2026-05-18,IF Baiano em Senhor do Bonfim abre vaga para professor de sociologia,Portal Tela,https://news.google.com/rss/articles/CBMiwwFBVV95cUxNeTdJTlFFVlJsdVlxaHJCQUFyWDIyZElWS3ZRRHNsUnIxQ3B5WXVPbGZYZ2J4YktBZnF0S0Q4czNTWnVNSEU5TEdqT1hSWVYzam02aVd4c1BDeWN2empVZE1JOGg5WGp0VVB6Rnk5b1ZGcWRHWldaQU11LVBOR0xsMTR3Qi0tcUtMMnJmcEVwbnQxN0h1a3JjcUZjZ0Nza2diTUU2LUpVOHQ5QU0zTW9PaWd0QXFXRm9zdllWVXFwRTF4dDA?oc=5&hl=en-US&gl=US&ceid=US:en,Gestão e RH,Imprensa Local,Senhor do Bonfim,busca_automatica,correta
2026-05-18,IF Baiano abre vaga para professor substituto de química no campus Governador Mangabeira,PCI Concursos,https://news.google.com/rss/articles/CBMiyAFBVV95cUxOaThJUWlZLUJ6dEYwdjhEbE5nZkNEZU1rbGtGVFlqeFc0N3ByQVdxQlNYcUJpeVI5NVM4RHpuME9TSEpxNERmT0lTZlBraThtMnNYUDJzaWJUcGxHaFJKa0gxR3BqVkp4YkdVQ2R5MlpyNS1FMVVZN2MyNWpSNm1mQzF1QV9kZjd5UTFVc0Z2TDZfRTlLdDQteTY3LWdITW01VmtGWkdWQ3duRjRRMFBVazdBZlctLTlaVzRNa0xXN1NaWElXTjhMcw?oc=5&hl=en-US&gl=US&ceid=US:en,Gestão e RH,Especializados (Nichos),Governador Mangabeira,busca_automatica,correta
2026-05-18,IF Baiano abre processo seletivo para professor substituto de Pedagogia em Senhor do Bonfim,PCI Concursos,https://news.google.com/rss/articles/CBMizAFBVV95cUxOZW4wTGxVN0Y2alBKejgzV0NSQ3ZaSkhUUk85dGpSdkhVeEN5V2VsNVQ1aTMxQXdRVjNoQlZ2R0p2cXhpMkZvSDhNNERXSVFvT3BYS2s3MEE5MVByT0JPOWx0UGhfb0dFdEoxTG5UVE5RMmo0OEt0ckZ5ZExNOUtTaHRNQkZBWkFocDRHUUhmLVFlcW92bk1ITkpJa0RTTzJVNnZmMTh6VkpGbWdzOEZKcXBvZkUydVo0NnJGbEtYbXRLbjlxeF90ZTN3ZXk?oc=5&hl=en-US&gl=US&ceid=US:en,Gestão e RH,Especializados (Nichos),Senhor do Bonfim,busca_automatica,correta
2026-05-18,Estudante do IF Baiano ajuda a descobrir sítio arqueológico inédito no interior da Bahia,Alô Alô Bahia,https://news.google.com/rss/articles/CBMizgFBVV95cUxOQTJsUzh6anNfUE5CbVZPYk9YOV9nZmVrSWl1Z1AxQ0JndTVuSmpjV3RGaVRacnM1aFIyUF8zT1dpYWI3T3ZRRGUwc2doNE14a195TGRkc0UxVDFjNjJPWjIyM3RnYUV3TkJBanB2aVBjWHZzb2dUOVFhQzVPRnpYQ2RrMmZOLTJJMlRic3l6aThpMGVTanFScTE3Y2R5TjE4ck5CckZuZDdyelozeS1vMFg5V1o0WDd4Z28taE1HcmVGWThXdXV2MzlCMl9UUQ?oc=5&hl=en-US&gl=US&ceid=US:en,Ensino,Imprensa Local,Geral / Não Especificado,busca_automatica,correta
2026-05-18,Descoberta de sítio arqueológico,Notícia Boa Bahia,https://noticiaboabahia.com.br/estudante-do-if-baiano-ajuda-a-descobrir-novo-sitio-arqueologico-no-interior-da-bahia/,Institucional,Imprensa Local,Xique-Xique,curadoria_dicom,correta
2026-05-18,Processo Seletivo IFBAIANO abre vagas para Professor em duas cidades,Mídia Externa,https://www.acheconcursos.com.br/concursos-bahia/processo-seletivo-ifbaiano-abre-vaga-para-professor-em-duas-cidades-90196,Gestão e RH,Imprensa Local,Geral / Não Especificado,busca_automatica,correta
2026-05-18,Descoberta de sítio arqueológico,Correio,https://www.correio24horas.com.br/minha-bahia/descoberta-de-aluno-do-ensino-medio-revela-sitio-arqueologico-em-cidade-da-bahia-0526,Institucional,Imprensa Regional (Bahia),Xique-Xique,curadoria_dicom,correta
2026-05-18,Seleção professor substituto,PCI  Concursos,https://www.pciconcursos.com.br/noticias/if-baiano-abre-processo-seletivo-para-professor-substituto-de-pedagogia-em-senhor-do-bonfim,Gestão e RH,Especializados (Nichos),Senhor do Bonfim,curadoria_dicom,correta
2026-05-18,Seleção professor substituto,PCI Concursos,https://www.pciconcursos.com.br/noticias/if-baiano-abre-processo-seletivo-para-professor-substituto-no-campus-urucuca,Gestão e RH,Especializados (Nichos),Uruçuca,curadoria_dicom,correta
2026-05-18,Descoberta de sítio arqueológico,Portal RCD,https://www.portalrcd.com/post/estudante-do-if-baiano-descobre-s%C3%ADtio-arqueol%C3%B3gico-in%C3%A9dito-em-xique-xique,Institucional,Imprensa Local,Xique-Xique,curadoria_dicom,correta
2026-05-15,Instituto Federal oferece 60 vagas em cursos técnicos gratuitos de Agropecuária e Instrumento Musical; saiba como se inscrever nas oportunidades do IF Baiano,Click Petróleo e Gás,https://clickpetroleoegas.com.br/60-vagas-abertas-em-cursos-tecnicos-gratuitos-de-agropecuaria-e-instrumento-musical-no-instituto-federal-baiano-veja-como-se-inscrever-ama01/,Gestão e RH,Imprensa Local,Serrinha,curadoria_dicom,correta
2026-05-15,Instituto Federal oferece 60 vagas em cursos técnicos gratuitos de Agropecuária e Instrumento Musical; saiba como se inscrever nas oportunidades do IF Baiano,CPG Click Petróleo e Gás,https://news.google.com/rss/articles/CBMihAJBVV95cUxORFRSbjIzeFp6RmtfUXBwWGROR1lvUWVLV1FQeUZBb0d3MVNjX0J1M3VKZl9ManE2ZnE2TkpySFkzcUJjVVk3LUlnWWJ4c2dBR2Zwc0hvVTNySWptR0ZyblBURElWaFFwYXphYnZJcmI0WVBKd0ZPZGR0N1lsRVctUVNCbnZzR0pfdENDU2hoaDdya2NWOEg2a2VSb0lCaTk1R2h2MFVOYXVpaFBfaTFaNDFaNDAtR1YtUU9SRW9adVZESFNNMFFuSGlmYkE5Smx5a2pjNGpVZjN0YmktSWtQbkpFY0RKNzU4R3lXVENybG1KTTg0NFM5Sk9qSFVWX0hxSS1UdQ?oc=5&hl=en-US&gl=US&ceid=US:en,Gestão e RH,Imprensa Local,Geral / Não Especificado,busca_automatica,correta
2026-05-15,IF Baiano abre 60 vagas para cursos técnicos gratuitos em Agropecuária e Instrumento Musical,uniten.com.br,https://news.google.com/rss/articles/CBMilgFBVV95cUxQZXpDbk01eHZSRlB1NXVZZHYtYkNOckNuUjNvU2VEMWNSak9vT1ZUUUQxRXdMZVFZUFlHWDI3ZXBVSExzTk9ZRU1YMXdMUDZGeTNzLUR4bjVsWFlET05OdnNDTWlxc1lya1FFWld0YzQ0aG9VZjZjeUpNa0V6R2RzbEgyZXZJWlp6X2RBT2s0RFRxaEdTM3c?oc=5&hl=en-US&gl=US&ceid=US:en,Gestão e RH,Imprensa Local,Geral / Não Especificado,busca_automatica,correta
2026-05-15,Concursos na Bahia,Terra,"https://www.terra.com.br/noticias/educacao/carreira/concursos-na-bahia-estado-soma-375-vagas-abertas-e-salarios-chegam-a-r-834033-confira,39e5f18d174d28f1a4d270bcd8e14249dxfhmiaw.html",Gestão e RH,Imprensa (Nacional),Reitoria (Salvador),curadoria_dicom,correta
2026-05-14,IF Baiano abre seleção para professor substituto salário atrativo,Sou Enfermagem,https://news.google.com/rss/articles/CBMirAFBVV95cUxOemNYMEdqemZuejdvZGczeXkyRUlpRnZwaUhFa1JsOUhMaTVjZi1wYmgwT3lFYzd2UDExazVEQWUyeTh0OURCc0lYQlFkZmhVMUxGYW5BbGhJR3dfa3Vzc25yNWgtdlhQTFNqeGdWclNiaTVobzNUTmZGNjVZV3JBcmNhckRsYXdqekFiOUY2WHhjbllMR0Q5NG9Gb1FZdGMyY0pBWjlHSVdZcUpZ?oc=5&hl=en-US&gl=US&ceid=US:en,Gestão e RH,Imprensa Local,Geral / Não Especificado,busca_automatica,correta
2026-05-14,Seleção professor substituto,Sou Enfermagem,https://www.souenfermagem.com.br/noticias/if-baiano-abre-selecao-para-professor-substituto-salario-atrativo/,Gestão e RH,Imprensa Local,Senhor do Bonfim,curadoria_dicom,correta
2026-05-13,Expo Guanambi 2026,Agência Sertão,https://agenciasertao.com/2026/05/13/if-baiano-leva-ciencia-tecnologia-inovacao-e-interatividade-para-a-expoguanambi/,Institucional,Imprensa Local,Guanambi,curadoria_dicom,correta
2026-05-13,"IF Baiano leva ciência, tecnologia, inovação e interatividade para a ExpoGuanambi",Agência Sertão,https://news.google.com/rss/articles/CBMiuAFBVV95cUxNemtuaUhEU21rQ09wRGxoNUo0bUdfUnc4WU1mZlBuUEIwNV9UbUJDQ0hfdHBDem9HaEZmXzk5U2oxbnVDX1V5SEE1NF9VQ3BnVkdaN29VMDhxS2J3TU9sdk5JQlh2bDVsTk9SWU5WWDlka1NVY0VyZE96X1J5M1hxaXNNZkxnVjFha3Y1Yko3cnIxTi1iX1k1LTdoZHJMVW40VTloQXVBbDUtZE5fbm5FTmR4b2lVZGpH0gG4AUFVX3lxTE16a25pSERTbWtDT3BEbGg1SjRtR19SdzhZTWZmUG5QQjA1X1RtQkNDSF90cEN6b0doRmZfOTlTajFudUNfVXlIQTU0X1VDcGdWR1o3b1UwOHFLYndNT2x2TklCWHZsNWxOT1JZTlZYOWRrU1VjRXJkT3pfUnkzWHFpc01mTGdWMWFrdjViSjdycjFOLWJfWTUtN2hkckxVbjRVOWhBdUFsNS1kTl9ubkVOZHhvaVVkakc?oc=5&hl=en-US&gl=US&ceid=US:en,Pesquisa,Imprensa Local,Geral / Não Especificado,busca_automatica,correta
2026-05-12,Seleção professor substituto,Bahia na Política,https://bahianapolitica.com.br/senhor-do-bonfim-if-baiano-abre-selecao-para-professor-substituto-de-atendimento-educacional-especializado/,Gestão e RH,Imprensa Local,Senhor do Bonfim,curadoria_dicom,correta
2026-05-12,Seleção professor substituto,Concursos no Brasil,https://concursosnobrasil.com/concursos/ba/2026/05/12/if-baiano-anuncia-abertura-de-vagas-em-seletivo-para-itapetinga/,Gestão e RH,Especializados (Nichos),Itapetinga,curadoria_dicom,correta
2026-05-12,Seleção professor substituto,QConcursos Folha Dirigida,https://folha.qconcursos.com/n/concurso-if-baiano-campus-itapetinga-ba-abre-2-vagas-para-professores,Gestão e RH,Imprensa (Nacional),Itapetinga,curadoria_dicom,correta
2026-05-12,Senhor do Bonfim: IF Baiano abre seleção para professor substituto de Atendimento Educacional Especializado,Bahia Na Política,https://news.google.com/rss/articles/CBMi1AFBVV95cUxNRU9GV1c4NFhLMGRTTlNtblpydGJQNUpyMlQyWnZ1SW9LRHJtaGF1bEZvRW1vWFlsb3N4Sl9DNjlPemNWYTAxeDJKN19EUWZ4RWlaY1BjdjRKVFlZZ2NzdUZVYWlERktEYXBqWUp1ZGYySkhaUXZLVDY0dnpnbU5STHFMWHREMzA0SjF5alB0UjJJVDRqLU0xdWpOczVkMGJfNVlzOUlOQ2dqZll4SDRkWTg4OFZlYUk2bmxITm1PRmtVaXF0UTVEU0gxY1h5Z3hMcDBUMg?oc=5&hl=en-US&gl=US&ceid=US:en,Gestão e RH,Imprensa Local,Senhor do Bonfim,busca_automatica,correta
2026-05-12,Concurso IF Baiano Campus Itapetinga BA abre 2 vagas para professores,Folha Dirigida,https://news.google.com/rss/articles/CBMiogFBVV95cUxPWnB1WVBRLTg2bzJkYUdjYmtUbzlHZDl1bkFPd2FwMmRwU3ZJQ1RqNTNGWFlIQTdYWXd1YThjcjBrdkY3TnNSLU81SWU5c0hXTHdweEVlZkstdnFYdDY3ZjRLTk5GV2hDbTFBNXNsMFNOamhEaE5xOTJWUGdvZ0tTUUhPRm5URk5HakUwRU1Hb1VKSXA1bnduckRIUlY1X2JRN3c?oc=5&hl=en-US&gl=US&ceid=US:en,Gestão e RH,Imprensa (Nacional),Itapetinga,busca_automatica,correta
2026-05-12,IF Baiano abre seleção para Professor de Geografia Campus Guanambi,Sou Enfermagem,https://news.google.com/rss/articles/CBMirgFBVV95cUxNUW52UG5jVlFMUk1SN3JkczRiamswSGMtbkpuMXV0bVFqblljSTZYb0I4TjZYcExVc1FkaHItSU1oOEhkamo1UGdpRjJOZ1pxTm81SEVkd0VUVWcxVjhTMVhCbnhlUGFWZHRBZHJkd0NtWFN5bmNFLU8tUEVnMy1EQXc0WTZ2MlJxMjZwMUFCQnpTYVltaUVDdk1STVVMd0EtdmZWeWFOcWlRVWFCcHc?oc=5&hl=en-US&gl=US&ceid=US:en,Gestão e RH,Imprensa Local,Guanambi,busca_automatica,correta
2026-05-12,IFBaiano abre vagas para Professor de Geografia e Química,Ache Concursos,https://news.google.com/rss/articles/CBMisgFBVV95cUxQekpiNmtVU1ZobkpfeFRSSXRKSkU0M0kyZG1UeHVjNzhEU21qcXRBUTVRTHloZHJqdlBJUE5nbWd4ak1Pb09nX1FoSzBwcDMwdWZ2TVc3UmlVOFFkSjhVcVRaZGswRkJOYy1HMENQdThLZjdXdjFGbm1EbF82VDlidzh1czZ3WTc0a01yYzV3YVNMV0xpQ1RfcWtrX3ZCZjFhT195eF9adXM3bE83aVUxcS1n0gG3AUFVX3lxTFAxZXF0cVBwcHNrVG9MOF8xbXVBeHBqUHNOeS1Tc2p4QVZmVUhOcVI2Wm4xaDNpb1NaVElISnBSY0R3dkc5bjZ2cnZNTnhaYjl3MmFnVm5vRklYS29vRi03S3FHS1k3LVpUYW82c1d2VmRYMHB5dWt0QXVTU3hkOG5kaUYzb3l6UWdKLTh2Qm9FeFZKb29GRy04UkZZUGdCd0c1QzRDNE8waVBRU2pOUUpnWUdJTkpKNA?oc=5&hl=en-US&gl=US&ceid=US:en,Gestão e RH,Especializados (Nichos),Geral / Não Especificado,busca_automatica,correta
2026-05-12,IF Baiano anuncia abertura de vagas em seletivo para Itapetinga,Concursos no Brasil,https://news.google.com/rss/articles/CBMiugFBVV95cUxPUWFnaTRKX0lUVEh1OEJCbHVlNW81MlRQOVZvTHlGZ2h2dURlNmdGa2lVX1lMcW0yN1loMUlwcms2YllwNThpUUIyLVpuVTZKZE1OOWRCZlBXOGo3TTZtekxrRWRiWXQzZzd3dnkyanZPM0dKVWZRdE9SV0Njdzl1ZjNzbDZjWWwtNk5iRmp0QmtTUlV6N0UzUl91amRPWmttdk4zZUYyUDB3LXd3REpMWmpVY3dEZzd2S3c?oc=5&hl=en-US&gl=US&ceid=US:en,Gestão e RH,Especializados (Nichos),Itapetinga,busca_automatica,correta
2026-05-12,IF Baiano abre processo seletivo para professores substitutos no Campus Itapetinga,PCI Concursos,https://news.google.com/rss/articles/CBMiwAFBVV95cUxQY1FnMnNZZHNoOTlKbFRnSEd5bEFBc25NVm9pam53cXN0SEszc2FvTnlzYTBhdU90d2gtRGNfaG1xZGJWVkZpRmRqYmdmS200a1piN3d6WVM5N1gtYzJDSnIxRGtFMG9RQWp4b1Bod20zNDdlR3NiTnVsRGIyQzc4ZmxJaVp0TDNGZTA3clIxVWM0RXFiZlhoaEtxMVNPUGFZTVpPZnF3bngxU0pLZVJja0Q0dHRHZ2IxQkxONjdNaS0?oc=5&hl=en-US&gl=US&ceid=US:en,Gestão e RH,Especializados (Nichos),Itapetinga,busca_automatica,correta
2026-05-12,Seleção professor substituto,Nide,https://nide.com.br/concurso/if-baiano-anuncia-abertura-de-vagas-em-seletivo-para-itapetinga/,Gestão e RH,Imprensa Local,Itapetinga,curadoria_dicom,correta
2026-05-12,IFBaiano abre vagas para Professor de Geografia e Química,Ache Concursos,https://www.acheconcursos.com.br/concursos-bahia/ifbaiano-abre-vagas-para-professor-de-geografia-e-quimica-90064,Gestão e RH,Especializados (Nichos),Itapetinga,curadoria_dicom,correta
2026-05-12,Seleção professor substituto,PCI Concursos,https://www.pciconcursos.com.br/noticias/if-baiano-abre-processo-seletivo-para-professores-substitutos-no-campus-itapetinga,Gestão e RH,Especializados (Nichos),Itapetinga,curadoria_dicom,correta
2026-05-12,Seleção professor substituto,Portal Tela,https://www.portaltela.com/noticias/educacao/2026/05/12/if-baiano-campus-itapetinga-abre-2-vagas-para-professores/,Gestão e RH,Imprensa Local,Itapetinga,curadoria_dicom,correta
2026-05-11,IF Baiano abre seleção para professor substituto em Senhor do Bomfim,De Olho na Cidade,https://news.google.com/rss/articles/CBMioAFBVV95cUxNUXIwbHdhRHdiVEdrMHpjZ3lBcHpfMzUwdkJWWjU2SVoxanBiYkd3NjRURkJGajdmMHpHekhLbEhMNmJVR2F4TjlCVnNBNXE1dWFJWDRNeV9SNmxfZnNYVHJPUHN2U1RIQmRfYTBYTndrYmlrejlLX3N5d3R5OTVsNVNRM0cxbXRIT0NrV2dlRnQxNnhQbDczc1ExazEyV1JH?oc=5&hl=en-US&gl=US&ceid=US:en,Gestão e RH,Imprensa Local,Geral / Não Especificado,busca_automatica,correta
2026-05-11,"Processo seletivo do Instituto Federal Baiano oferece salário de até R$ 8,3 mil",Notícias da Lapa,https://news.google.com/rss/articles/CBMixAFBVV95cUxQZUlFT0gzWmdrV1RlR21NTGVCczNmUXFDQUdFMk16YVlUOWVlQm1TRzdidDBranhaRmxsbTliWEplQS0zb1c2enFQRGRfZEIwbGNmWGVxa1pHTHZtMllEMWJLSEpLeW9BXzRwMllJQWtOV0t1aVpvSjZjRzIzeFBjSHFabURnWWwzdC1xaE51NmV6MVZQclZxdDdpdUU4dzFPdFZtMUh4bmJMeF9TTzkxR1c1dDd4NjFleVV3VHJCdlZHU3RQ?oc=5&hl=en-US&gl=US&ceid=US:en,Gestão e RH,Imprensa Local,Geral / Não Especificado,busca_automatica,correta
2026-05-11,IF Baiano abre seleção para professor substituto no Campus Senhor do Bonfim,Acorda Cidade,https://news.google.com/rss/articles/CBMixgFBVV95cUxPNTJHOUZtblVkZjd0WUZ3VXBsT1RvRW5TazFjS0ZHQkxyek5BZ3V1Nk1UTkgyaldxTThvM1RKeXR3WmwzcENjWDhRZTBMaThvNFB5QzhwTHRCWnVDRFE0c3VNaGlkZEV3LXJ4dHVrZnZOTnF0NmVON3pSV2tOTnpoN0ZuTC1DcVdnaWdENnViZUZ5UTI3bTBHcUhpUGdjanlzYjE2eVh2UFRDMWNyaVJNX0dxQXRhRDlKbzdLT0QzLWJ2ODItenc?oc=5&hl=en-US&gl=US&ceid=US:en,Gestão e RH,Imprensa Regional (Bahia),Senhor do Bonfim,busca_automatica,correta
2026-05-11,Seleção professor substituto,Acorda Cidade,https://www.acordacidade.com.br/empregos/concursos/if-baiano-abre-selecao-para-professor-substituto-no-campus-senhor-do-bonfim/#goog_rewarded,Gestão e RH,Imprensa Regional (Bahia),Senhor do Bonfim,curadoria_dicom,correta
2026-05-11,Seleção professor substituto,Notícias da Lapa,https://www.bomjesusdalapanoticias.com.br/bahia/processo-seletivo-do-instituto-federal-baiano-oferece-salario-de-ate-r-83-mil/,Gestão e RH,Imprensa Local,Senhor do Bonfim,curadoria_dicom,correta
2026-05-11,Seleção professor substituto,De Olho na Cidade,https://www.deolhonacidade.net/if-baiano-abre-selecao-para-professor-substituto-em-senhor-do-bomfim,Gestão e RH,Imprensa Local,Senhor do Bonfim,curadoria_dicom,correta
2026-05-10,Palmatech 2026,Agência Sertão,https://agenciasertao.com/2026/05/10/if-baiano-campus-guanambi-apresentou-pesquisas-sobre-palma-forrageira-no-palmatech-2026/,Institucional,Imprensa Local,Guanambi,curadoria_dicom,correta
2026-05-10,IF Baiano vai ofertar mais de mil vagas no Sisu 2026,De Olho na Cidade,https://news.google.com/rss/articles/CBMiiwFBVV95cUxNTzZoSlFwcjI5eVRlRnZURWlyREhnSEduanlHcTF4ci1ubk9HOXhjNkNMdy1Rd0puaUZMSlFPWno0U0dBamdjUnZjakE3bWdaSW1DQkRPN2JRaDJtOXNWUEptYkhvY2lsa3J5ZTZHVjlLUzZDeUNBdWE1MFhqM3RMMlNxUXZTakNWeEVR?oc=5&hl=en-US&gl=US&ceid=US:en,Gestão e RH,Imprensa Local,Geral / Não Especificado,busca_automatica,correta
2026-05-10,IF Baiano abriu processo seletivo para professor em Guanambi,Agência Sertão,https://news.google.com/rss/articles/CBMinwFBVV95cUxPS3B5cVB2SjJVTlFVaHBqRjgyUmx6Z3ZfV0l4cGQwbEUtZTRrM2JFazRNVnJUc0lGUWJ4VG1TemVhajNscXl6ajZLT3dITnBjVVpzWnhQbnMyLVBVamlIT0V4NFpZV3FLcTlwMXF4RUt1Y2JOcDNjN2ducThpS3JCZXlYSGhZUzZ3eUlEODlxbGpvcmh5X3o3Q0dfTVNsLVnSAZ8BQVVfeXFMT0tweXFQdkoyVU5RVWhwakY4MlJsemd2X1dJeHBkMGxFLWU0azNiRWs0TVZyVHNJRlFieFRtU3plYWozbHF5emo2S093SE5wY1Vac1p4UG5zMi1QVWppSE9FeDRaWVdxS3E5cDFxeEVLdWNiTnAzYzdnbnE4aUtyQmV5WEhoWVM2d3lJRDg5cWxqb3JoeV96N0NHX01TbC1Z?oc=5&hl=en-US&gl=US&ceid=US:en,Gestão e RH,Imprensa Local,Guanambi,busca_automatica,correta
2026-05-10,IF Baiano Campus Guanambi apresentou pesquisas sobre palma forrageira no Palmatech 2026,Agência Sertão,https://news.google.com/rss/articles/CBMiwwFBVV95cUxPWUpXQ3UzQXJUWk5vZFlsem9zYXFMYm1UWVJMMUEweVF2WF85VGxOQUROM2FpaUk3QjJhaU15Q183c1VWZ05tRjdyU21wQ09NSHEzTlNQWmtqU0R5OVBZMWJ0LWtodHd0cThYY2QzYV9pWUNuS20xLW9rcDQ0WGlXU0NwLUxucksxVFkyTURUUzNJdFBRWjR2NTE2VTJiQWNkT1JJbWQ0RUNvYWJCN1I5UWY0UllCUEYtMTU2LXpLbU8yOVnSAcMBQVVfeXFMT1lKV0N1M0FyVFpOb2RZbHpvc2FxTGJtVFlSTDFBMHlRdlhfOVRsTkFETjNhaWlJN0IyYWlNeUNfN3NVVmdObUY3clNtcENPTUhxM05TUFpralNEeTlQWTFidC1raHR3dHE4WGNkM2FfaVlDbkttMS1va3A0NFhpV1NDcC1MbnJLMVRZMk1EVFMzSXRQUVo0djUxNlUyYkFjZE9SSW1kNEVDb2FiQjdSOVFmNFJZQlBGLTE1Ni16S21PMjlZ?oc=5&hl=en-US&gl=US&ceid=US:en,Pesquisa,Imprensa Local,Guanambi,busca_automatica,correta
2026-05-09,Seleção professor substituto,Agência Sertão,https://agenciasertao.com/2026/05/09/if-baiano-abriu-processo-seletivo-para-professor-em-guanambi/,Gestão e RH,Imprensa Local,Guanambi,curadoria_dicom,correta
2026-05-08,Seleção professor substituto,QConcursos Folha Dirigida,https://folha.qconcursos.com/n/if-baiano-senhor-do-bonfim-ba-abre-processo-seletivo-com-1-vaga-para-professor,Gestão e RH,Imprensa (Nacional),Senhor do Bonfim,curadoria_dicom,correta
2026-05-08,Sistema desenvolvido pelo IF Baiano para o Samu em Guanambi foi selecionado para laboratório federal de inovação em saúde digital,Agência Sertão,https://news.google.com/rss/articles/CBMi-wFBVV95cUxOZ0V3M3JOcklFR3NrOXRtQmFVMnRaelJrZ2N6bFA4Vml0NWF0cE5LWXQ4cjl4LU81Ulo5aWxpbzl1TW1DajJjTndvcm1vbU15ZEJXYWdyMkdLZHVVWWNVb1ZUMGFhMTJ3SmpQVmhwN0E5MFNyVFhFbC1xdlhSeTJCMDRuME9jRkUwQy1YeDZvcnF4cDRMbzR3UEZ0SjZpR2ppWXZFTlJHS1JDWXZtZmxSdjQ0aXhlbXM0Q1BCRlRXVlJpcnQzZEM5VVQwNC1TeWxyM3BLeERNYXhOZG5tWGU0b0VlOXN5N2d0Z25FSTluWkxpTjc2dUNCU3ZCa9IB-wFBVV95cUxOZ0V3M3JOcklFR3NrOXRtQmFVMnRaelJrZ2N6bFA4Vml0NWF0cE5LWXQ4cjl4LU81Ulo5aWxpbzl1TW1DajJjTndvcm1vbU15ZEJXYWdyMkdLZHVVWWNVb1ZUMGFhMTJ3SmpQVmhwN0E5MFNyVFhFbC1xdlhSeTJCMDRuME9jRkUwQy1YeDZvcnF4cDRMbzR3UEZ0SjZpR2ppWXZFTlJHS1JDWXZtZmxSdjQ0aXhlbXM0Q1BCRlRXVlJpcnQzZEM5VVQwNC1TeWxyM3BLeERNYXhOZG5tWGU0b0VlOXN5N2d0Z25FSTluWkxpTjc2dUNCU3ZCaw?oc=5&hl=en-US&gl=US&ceid=US:en,Pesquisa,Imprensa Local,Guanambi,busca_automatica,correta
2026-05-08,Concurso IF Baiano Guanambi BA abre 1 vaga para professor de geografia,Folha Dirigida,https://news.google.com/rss/articles/CBMiowFBVV95cUxObzl6cE9aejVpRXFCN1BlM1lXN0ZGR1JSWlhFVXR2c3hMVExCWWN5RHZFMlY3YUxnaGd1UmhON2R1TUttLXFveGx0bk1CQXJGd1k1UWl4cVU4SzNuaUtRc01XWUpRMjlaalFwdDk5Y2lkN01CdjFfX3lKMkptbzJCOGVOeXpsd2VZRXVpY1cwTlJCOEdnY2FHdWtSYnl1NmpGUzVJ?oc=5&hl=en-US&gl=US&ceid=US:en,Gestão e RH,Imprensa (Nacional),Guanambi,busca_automatica,correta
2026-05-08,IF Baiano Guanambi BA suspende processo seletivo para 1 vaga de professor,Folha Dirigida,https://news.google.com/rss/articles/CBMipwFBVV95cUxOdW9feGZ5cFNMbGdRRjZtSHRJREJtR1lhZ1MtTmZTM1R2a3lZaXZXc0ctcHZDckstUzVkUWY4MHd0U25ySXh2RkhZYndGTWprNlR6OVNjY2xFMTU4bGZZRmFiQjdHLTREWUh6UnBkZWszV2hSanRUT0JzY3h0OWVoMTFKbFhncWJRUlNpcndZU24zT1BrbHpGQWM0Q0c5clRFbWlfTjViOA?oc=5&hl=en-US&gl=US&ceid=US:en,Gestão e RH,Imprensa (Nacional),Guanambi,busca_automatica,correta
2026-05-08,IF Baiano Senhor do Bonfim BA abre processo seletivo com 1 vaga para professor,Folha Dirigida,https://news.google.com/rss/articles/CBMirgFBVV95cUxOdndxTmptdzNHVEN5YlhjQUt0dFUtRkNWdHF0YjlxbXludjEzZ3FWTFZzbXpVa0tUbkNtTmFSU0lTTnVELUpMM3ZpYklKajB3LVlyMDh1czJXeW54T3VDdEFzcm5VWGs1Y192dGUzYUtjcDdmXzlxVGduYloxTjItYjAyX0lJQjNQY3FYUUpFZ3dRVDRNOXg3VjQwc2plUXZERmpJX1lnRHlsN2FiYlE?oc=5&hl=en-US&gl=US&ceid=US:en,Gestão e RH,Imprensa (Nacional),Senhor do Bonfim,busca_automatica,correta
2026-05-08,IF Baiano - BA: Seleção para professor substituto no campus Guanambi está suspensa,PCI Concursos,https://news.google.com/rss/articles/CBMivAFBVV95cUxNcnpualZOX01hQUo3WXdESGh3LXJnR2VVck8ySXVjeS12Y055aHNaLXRfc3dmdDJJOWtXcUx3aUVsS1MzckFfUThiLTlZNk9XcTJMYXk0a1FISlotY3pzNHA1RmlWNTlsckg3dE5SaGUybWNScEVfMzVLdk51Y01wSmkwMmM2OGNfNXdKUDk5SDNJLV9VWjdfZjcyMVZHS1JkN01XSW83dHlUejB6TkpLYU5QNE1mWkpkSWFubg?oc=5&hl=en-US&gl=US&ceid=US:en,Gestão e RH,Especializados (Nichos),Guanambi,busca_automatica,correta
2026-05-08,IF Baiano abre seleção para professor substituto em Atendimento Educacional Especializado,PCI Concursos,https://news.google.com/rss/articles/CBMiygFBVV95cUxNYTlhRHFHN1ZuOHNVUmphV1k3R25KOXZoalRuVS1BWUJDclladWZBUll3dlIwblNacFNWUUVLbGFqdnRXeWtQR2NOSFYwdnk0THZyREtsTDFrZ2MwRUU5UWJzbHhubGdOSDY5QjlrNFhWY05aUE5tUVBDbDZnSnFQREd0UG94UkNKZ0dub1EzYlBWUFRhUmFveFFpR1gzaVFDdG1xVEU0bEJTUzl4NFhNTWhZR1hNaWV0bnNYS0JRdnU5b3VKOVhrZkln?oc=5&hl=en-US&gl=US&ceid=US:en,Gestão e RH,Especializados (Nichos),Geral / Não Especificado,busca_automatica,correta
2026-05-08,IF Baiano abre processo seletivo para Professor Substituto de Geografia no Campus Guanambi,PCI Concursos,https://news.google.com/rss/articles/CBMiywFBVV95cUxOZXY5ajZUbWhGNjdJRDI0MGtud2lfWVNPWjJtNHNoLWJNMjhzeHM2Mk1rWFdjY0NlYzc4WUxCbTU0OVJ5eEdlZ004RnZrNHBhd0NCb3dPb3l1MXloSjNRZlJJYXpRZjhub0l5RnRhRHJ2bHJuYU8tNTBZWm5wVklfa3ZKTTNUYy04VXFlS1oyNTN0WWNlSHREbHQxeHh5dTNoLWgydnE4UTJPbHd4TkdwS21NZ2t2ZDhaNl9JWTBCTXJ2MEUtcUQ1Tk1rYw?oc=5&hl=en-US&gl=US&ceid=US:en,Gestão e RH,Especializados (Nichos),Guanambi,busca_automatica,correta
2026-05-08,Seleção professor substituto,PCI Concursos,https://www.pciconcursos.com.br/noticias/if-baiano-ba-selecao-para-professor-substituto-no-campus-guanambi-esta-suspensa,Gestão e RH,Especializados (Nichos),Guanambi,curadoria_dicom,correta
2026-05-07,InovaSUS Digital,Agência Sertão,https://agenciasertao.com/2026/05/07/sistema-desenvolvido-pelo-if-baiano-para-o-samu-em-guanambi-foi-selecionado-para-laboratorio-federal-de-inovacao-em-saude-digital/,Institucional,Imprensa Local,Guanambi,curadoria_dicom,correta
2026-05-07,InovaSUS Digital,Bahia na Política,https://bahianapolitica.com.br/tecnologia-desenvolvida-na-bahia-passa-a-integrar-programa-nacional-de-inovacao-do-sus/,Institucional,Imprensa Local,Guanambi,curadoria_dicom,correta
2026-05-06,Prosel cursos subsequentes,G1,https://g1.globo.com/ba/feira-de-santana-regiao/noticia/2026/05/06/vagas-cursos-bahia.ghtml,Ensino,Imprensa (Nacional),Serrinha,curadoria_dicom,correta
2026-05-06,IF Baiano abre inscrições para cursos técnicos de Instrumento Musical e Agropecuária,Acorda Cidade,https://news.google.com/rss/articles/CBMi0AFBVV95cUxOMDVyc3dtaVBlX0xlMmVhMXV4dFRBVUNsaDRtRUUyRktFd1dRYVJ0WWRMcWlvR0VFenRPcHNDazF6VzZGUEVQeXNOUTFkR0VOa0RjcVB5M2FWMWRaS01LYUNyY0hLUUVTRWxHbnI2RjZsV3MxSGZRMDBDM3QzcU40ZTcwQjJsNXRmWUtkcDN3MndYVVUxek0wZjRELXJaNWwzYXZ0MGt5MTI4U3V5S2JIR2NvYkRZb0hmczRZczRTQmctWEl2Si1oV1A2dENaVi1C?oc=5&hl=en-US&gl=US&ceid=US:en,Ensino,Imprensa Regional (Bahia),Geral / Não Especificado,busca_automatica,correta
2026-05-06,IF Baiano abre 60 vagas gratuitas para cursos de Instumento Musical e Agropecuária em Serrinha; saiba mais,G1,https://news.google.com/rss/articles/CBMilgFBVV95cUxPdEwzbkpQLU5vY05odlFycy1rbGhSeHFMZkYxaXZSa1pqLXdIblZlZGFYZ2FzeTR4VU5EeFR0c0ZrVF9CX2t2MGJUeW9OYzdaOG9xR2lNc0paWWZKMk5xcWplZWRWdjI3ZktMVkctRmZDdnN2Q3FOcFNTbXh4TjRxSDREUkJYeE1zQ2IzRnVjZXRqdms5dXfSAaQBQVVfeXFMUEZVT2ZSWnpaMy1NUmZmUk1RZ0liVEowd2p1c2xoZnFyYlMtS1JGak4wWDByZUN3UkxGRFpFSmRvQmpnb29oM3hqWU1Od2VqZmxHaHNBeGJ6bW1VdWVJUkZJblhFQ0Q3dk5VazhEVFd4MkUwUXVVSTM4U2gySWU3bGFSZkNfZzNkVGJrNlUzTzduRE01bksweEhBT0RJOUliVGp1RlU?oc=5&hl=en-US&gl=US&ceid=US:en,Gestão e RH,Imprensa (Nacional),Serrinha,busca_automatica,correta
2026-05-06,IF Baiano Abre Vagas Para Cursos Técnicos Gratuitos; Confira Como Se Inscrever,Taktá No AR,https://news.google.com/rss/articles/CBMirwFBVV95cUxPQlllbVAwaFlRN3pUTnVNX3hmRURaa1JyR3N2b2NRTm9TaHhrR3g4TkZRTUk2WXA4eW4wOTRrSnp4N2FsZExTbGU5RVYyWTRzYnRoRG5NanlJWUFyVldtR1lmUTAxM2Y2Z1p4dmc3c2NSc3lnT1VIeklhcXlzcnItZFhqdl8tc0hBLTFVMGpCbzNrRzNja0ZyRXo2RDhCWC1FQ3YtREFzcnItSGJQVzNB?oc=5&hl=en-US&gl=US&ceid=US:en,Gestão e RH,Imprensa Local,Geral / Não Especificado,busca_automatica,correta
2026-05-06,Ifba Serrinha abre inscrições para cursos técnicos de Instrumento Musical e Agropecuária,Acorda Cidade,https://news.google.com/rss/articles/CBMiygFBVV95cUxPSUcySDRvd2xWcDVCczk0bHZqd28xcm8tNW9UcG5HMEExeFV5Y29HRDlmYXRLUUVMX2EtdEVaa1hiREZSaG9nanBkN3FZV0pTbHQ2MXRnUXpWdVFibDdCeXdRMVI5RWd2eVhtYVVxSl85NnM4MTNzLTIySVVrRk1QSlU5UkxESHJUTEYyUGEtN2FFUWp1dzY2U0RGMUFTQ0ZEaTc0dkZxZkE3X0ZvYjhKU0VCZktPbnVIQXNmSFpkeWc3OWJnZDZzNVdB?oc=5&hl=en-US&gl=US&ceid=US:en,Ensino,Imprensa Regional (Bahia),Serrinha,busca_automatica,ifba_no_lugar_do_ifbaiano
2026-05-06,Prosel cursos subsequentes,Taktá no Ar,https://takta.com.br/municipios/if-baiano-abre-vagas-para-cursos-tecnicos-gratuitos-confira-como-se-inscrever/,Ensino,Imprensa Local,Serrinha,curadoria_dicom,correta
2026-05-05,Prosel cursos subsequentes,Bahia Municipios,https://bahiamunicipios.com.br/if-baiano-abre-60-vagas-para-cursos-em-serrinha/,Ensino,Imprensa Local,Serrinha,curadoria_dicom,correta
2026-05-05,Prosel cursos subsequentes,Bahia na Politica,https://bahianapolitica.com.br/campus-serrinha-abre-inscricoes-para-60-vagas-em-cursos-tecnicos-subsequentes/,Ensino,Imprensa Local,Serrinha,curadoria_dicom,correta
2026-05-05,Prosel cursos subsequentes,Digaí Feira,https://digaifeira.com.br/campus-serrinha-abre-inscricoes-para-60-vagas-em-cursos-tecnicos-subsequentes/,Ensino,Imprensa Local,Serrinha,curadoria_dicom,correta
2026-05-05,V Caravana de Educação Sanitária para Prevenção da Monilíase do Cacaueiro e Cupuaçuzeiro,Grupo Lomes de Comunicação,https://glomes.com.br/campanha-na-bahia-busca-prevenir-praga-na-cultura-do-cacau-que-ainda-nao-foi-registrada-no-estado/,Institucional,Imprensa Local,Teixeira de Freitas,curadoria_dicom,correta
2026-05-05,Prosel cursos subsequentes,Oliveira Dimas,https://oliveiradimas.blogspot.com/,Ensino,Imprensa Local,Serrinha,curadoria_dicom,correta
2026-05-05,Ifba Serrinha abre inscrições para cursos técnicos de Instrumento Musical e Agropecuária,Acorda Cidade,https://www.acordacidade.com.br/educacao/ifba-serrinha-abre-inscricoes-para-cursos-tecnicos-de-instrumento-musical-e-agropecuaria/,Ensino,Imprensa Regional (Bahia),Serrinha,curadoria_dicom,ifba_no_lugar_do_ifbaiano
2026-05-05,Prosel cursos subsequentes,Portal da Feira,https://www.portaldafeira.com.br/noticia/161796/campus-do-instituto-federal-de-serrinha-abre-inscricoes-para-60-vagas-em-cursos-tecnicos,Ensino,Imprensa Local,Serrinha,curadoria_dicom,correta
2026-05-04,Campanha Nacional Faça Bonito,Alagonews,https://alagonews.com.br/noticia/25110/maio-laranja-formacao-de-agentes-comunitarios-fortalece-rede-de-protecao-no-combate-ao-abuso-sexual-infanto-juvenil-em-alagoinhas/amp,Institucional,Imprensa Local,Alagoinhas,curadoria_dicom,correta
2026-05-04,Seleção professor substituto,Criativa Online,https://criativaonline.com.br/if-baiano-abre-selecao-para-professor-substituto-em-tres-campi/,Gestão e RH,Imprensa Local,Guanambi,curadoria_dicom,correta
2026-05-04,Seleção professor substituto,Jornal da Chapada,https://jornaldachapada.com.br/2026/05/04/chapada-if-baiano-abre-selecao-para-professores-substitutos-em-xique-xique-e-itaberaba-veja-como-se-inscrever/,Gestão e RH,Imprensa Local,Itaberaba,curadoria_dicom,correta
2026-05-04,Ceplac e IF Baiano realizam seminário sobre fortalecimento da agricultura sustentável e mercado do cacau em Valença,Valença Agora -,https://news.google.com/rss/articles/CBMi2AFBVV95cUxOWGZTOFNNX3AxcVVQRVFlcDJ5bHptOE9jNmpMWHJNX1BZYVJmcDdWekF0azBHZFN0aUFzS2RaVEl1aDF3eHRJSFUtTG8zMmdQNFhpS1g3TGtIdWhBcWhXdXIyVEUwUXRwdldlb2JsbTh3aXdubW02RFZ4eXZ5aGNFV0pZQ1RxdHByMWVwRGZUZGhad2IySlBIeW1NNXJyT3dmdHJZa29zdE1FVjMwM1o1Y3l4TkFYc2dCaTU5Qk9mUFk4d2VnREVmdzJPU3VfOWlLUTFKRDFLYWg?oc=5,Extensão,Imprensa Local,Valença,busca_automatica,correta
2026-05-04,#Chapada: IF Baiano abre seleção para professores substitutos em Xique-Xique e Itaberaba; veja como se inscrever,Jornal da Chapada,https://news.google.com/rss/articles/CBMi5wFBVV95cUxOVXJyTTBKQ1VGZWRRREFVTzlhVnRQZGVka1N3MzRFQWxuT29OSTgydlZtTXkxUWJ0SzJUS1E2Zzg4ZzFOYktBc0Z0RWd2Y3VsT0xuME96WlVRUkNzM1VKMGpheUtPUlIyQWdwdE5GV0VHSWtHZ2wyNFZJQXFRaUJGU1F4ZDFwQWhyZmdyUDJiMXhVMmNWY1Iwa0I4Vm5LaFlhNnplTWpDRm9hbnJtc2l2emlzdVJocDJJSWNhc0tReTZJYWJQUVpkeTBsMFFNb0hvMUo0dG1ITUF6VUJpeWFzSHFGcXhncW_SAewBQVVfeXFMTTBGQXRHSkU5Ni1oOFF3OWpXVzlaYmFUZmpBQUMzaV91VzY1ZFIzb2VxbTFuZVZTOVNOUGJmT2ZxaVJIOW1mWjJsSWRaaFR1OXRaYnJEM0d0SHFfaUpCZG01S2JRSG9TeGFwSVFiRXNLNklsSHhuN3hwdnZZdVY2dUtDZnZKeWQwa0JTVjR2SWpubWxyeEJDS0FpTkdQRTF4dTNPRDJ4WnpreGZ0bENvYUYzSmNoZ1o4MkhTVkgzTC1MU0t4MTQtMGgyeGFfTkstYlo5bkdkSDRxLTRpZi1FODdSTEpoVFd5aEYzYkw?oc=5,Gestão e RH,Imprensa Local,Itaberaba,busca_automatica,correta
2026-05-04,"IF Baiano abre seleção para professor substituto em Xique-Xique, Itaberaba e Guanambi",Criativa On Line,https://news.google.com/rss/articles/CBMimAFBVV95cUxPdnNsd3QxVlVQWm4zSzQ3REcwb3dnOElOV0s3TmhFRHY5ck44NHk2QlBuOEJhRkJZLTl5ODZKUnRETUxwUkF3dl9Ja1A2MWhSVFZmX1JrcjlIdTlCRERwLV92eHZxTVV2NzVTWWpIYVZJVFZESEh3bW84MVpkYzNyTGJZby1EbzRyYlZmS3hKUGhCR0prSW5GNQ?oc=5,Gestão e RH,Imprensa Local,Guanambi,busca_automatica,correta
2026-05-04,Seminário de Cacauicultura Familiar,Jornal Valença Agora,https://valencaagora.com/ceplac-e-if-baiano-realizam-seminario-sobre-fortalecimento-da-agricultura-sustentavel-e-mercado-do-cacau-em-valenca/,Extensão,Imprensa Local,Valença,curadoria_dicom,correta
2026-05-04,Projeto de turismo sustentável,Jornal Valença Agora,https://valencaagora.com/conselho-municipal-de-turismo-de-valenca-conhece-avancos-do-protair-e-debate-turismo-sustentavel/,Extensão,Imprensa Local,Valença,curadoria_dicom,correta
2026-05-04,V Caravana de Educação Sanitária para Prevenção da Monilíase do Cacaueiro e Cupuaçuzeiro,ba.gov.br,https://www.ba.gov.br/seagri/noticias/2026-05/1000305/adab-lanca-campanha-de-prevencao-moniliase-no-extremo-sul-da-bahia,Institucional,Governamental,Teixeira de Freitas,curadoria_dicom,correta
2026-05-03,IF Baiano abre vagas professor substituto Campus Guanambi,Sou Enfermagem,https://news.google.com/rss/articles/CBMiogFBVV95cUxNS3p1MVROMXBlei0xTFJsUVBfcV9selJ3dHpwOTRhV3lqSDg2LXdWUVU4c2pYUDZJTmF5ZVpNdFJHbl91MzJYbUhGM0YwcU9BbGJPS1dfbEQ1MlVYc1BuQnlkZlRHV3lFSUFEZmJUSk9hbjNZa1hzUTdWcnhIVnhIZFpZbWUySmpydlB2dzNsbkFsc3ZKNVJ4STAxalVROWh6RGc?oc=5,Gestão e RH,Imprensa Local,Guanambi,busca_automatica,correta
2026-05-03,Seleção professor substituto,Sou Enfermagem,https://www.souenfermagem.com.br/noticias/if-baiano-abre-vagas-professor-substituto-campus-guanambi/,Gestão e RH,Imprensa Local,Guanambi,curadoria_dicom,correta
2026-05-01,V Caravana de Educação Sanitária para Prevenção da Monilíase do Cacaueiro e Cupuaçuzeiro,ADAB,http://www.adab.ba.gov.br/noticias/adab-leva-caravana-de-prevencao-a-moniliase-ao-extremo-sul-da-bahia/,Institucional,Governamental,Teixeira de Freitas,curadoria_dicom,correta
2026-04-30,InovaSUS Digital,Jornal de Brasília,https://jornaldebrasilia.com.br/noticias/saude/institutos-federais-integram-inovasus-digital-com-16-solucoes-inovadoras/,Institucional,Imprensa Local,Reitoria (Salvador),curadoria_dicom,correta
2026-04-30,InovaSUS Digital,Portal do Governo Federal,https://www.gov.br/mec/pt-br/assuntos/noticias/2026/abril/institutos-federais-passam-a-integrar-o-inovasus-digital,Institucional,Governamental,Reitoria (Salvador),curadoria_dicom,correta
2026-04-29,Trajetória do IF Baiano na pesquisa com bananicultura em Guanambi é destacada em evento internacional no México,Mídia Externa,http://www.bing.com/news/apiclick.aspx?ref=FexRss&aid=&tid=69fb4c49b4064377b6c35f27f864062d&url=https%3a%2f%2ffaroldacidade.com.br%2fnoticias%2fabrir%2fTrajetoria-do-IF-Baiano-na-pesquisa-com-bananicultura-em-Guanambi-e-destacada-em-evento-internacional-no-Mexicoabrir%2f8068%2f&c=11571254512878386713&mkt=en-us,Pesquisa,Imprensa Local,Guanambi,busca_automatica,correta
2026-04-29,Pesquisa em bananicultura no evento ACORBAT,Farol da cidade,https://faroldacidade.com.br/noticias/abrir/Trajetoria-do-IF-Baiano-na-pesquisa-com-bananicultura-em-Guanambi-e-destacada-em-evento-internacional-no-Mexicoabrir/8068/,Pesquisa,Imprensa Local,Guanambi,curadoria_dicom,correta
2026-04-29,Área doada pela Codevasf abriga campus do IFBaiano em Bom Jesus da Lapa,GOV.BR,https://news.google.com/rss/articles/CBMixwFBVV95cUxQNFBScGotejdmdlhNazYwY0NTWW5zYndtSXpWZFRoWVg1c2lmY0tDb1JWTWtRRTlSZDV6dUN2bDNLd2drOHFnamhyaFZKUjJVX1JQN2xiQktGUjRSa1MzM1ZzUUNIbzkzdnJmZXJadzUydTBKNkhKX1M3ZGM3S1RvMlhfa1FwWjE5RWl1NVVOMXFoRTNsX0tlekwzeGRLZG9SVGZleUZUcjJISGMtN3dybm42eC0xOFJJdWpGdFVSZjMzS2xmUkpB?oc=5&hl=en-US&gl=US&ceid=US:en,Institucional,Governamental,Bom Jesus da Lapa,busca_automatica,correta
2026-04-28,Seleção professor substituto,Agência Sertão,https://agenciasertao.com/2026/04/28/if-baiano-abriu-processos-seletivos-para-professor-em-guanambi-itaberaba-e-xique-xique/,Gestão e RH,Imprensa Local,Guanambi,curadoria_dicom,correta
2026-04-28,Posse diretores pro tempore,"Ribeira do Pombal, Remanso, SantoEstevão, Ruy Barbosa",https://agenciasertao.com/2026/04/28/if-baiano-empossou-diretores-de-quatro-novos-campi-em-implantacao/,Institucional,Imprensa Local,Santo Estêvão,curadoria_dicom,correta
2026-04-28,Seleção professor substituto,Concursos no Brasil,https://concursosnobrasil.com/concursos/ba/2026/04/28/if-baiano-lanca-selecao-para-professor-com-ganhos-de-ate-r-83-mil/,Gestão e RH,Especializados (Nichos),Itaberaba,curadoria_dicom,correta
2026-04-28,Seleção professor substituto,QConcursos Folha Dirigida,https://folha.qconcursos.com/n/if-baiano-itaberaba-ba-abre-processo-seletivo-para-professor-substituto-1-vaga,Gestão e RH,Imprensa (Nacional),Itaberaba,curadoria_dicom,correta
2026-04-28,IF Baiano abre seleção para Professor Substituto de Ciências e Tecnologia de Alimentos em Itaberaba,PCI Concursos,https://news.google.com/rss/articles/CBMi1wFBVV95cUxPc1NVWTFNQXphamhlR2Y3bXhhOUl2NFhVemhtLWptMEljWWhPN3JkR0pONmtGdHp5bkFEZFpNTEU5akFiamVfa3M4ZlVnRXZydG0zSk5pZHV2dlJaMUdSbEQ3Tl84TDVDUVIycGlZY2l0RjJILXRlbWFoTWdPZ1E0Q21RUXViSXBhYWpsT3hRczhNNVlFM3ZSeFNNdmFHZXFPLUZ0S3RNRkdMZmUyVU51TWNCajlJb0pUd2FPR1NTY1J5Nmd1SlFaS1hhbm44UmJnWDVycVYxdw?oc=5,Gestão e RH,Especializados (Nichos),Itaberaba,busca_automatica,correta
2026-04-28,IF Baiano de Guanambi participa de evento internacional no México e reforça atuação na pesquisa agrícola -,iGuanambi,https://news.google.com/rss/articles/CBMi6gFBVV95cUxQYmFMSGc2ZGNIYV9qM29zMWw0OUpQTTlxbmdFSENwUFdxSWp0Yzk0M0RManVxSHRMY01jYThYbWtWLXNDOGY2NmUtTWlLZVJSMUtpdzU1anV6V2ZMTl9CcTRSbmtZaXpocmVOa3UwTWg0TEdjQkkxQXA5b0ExTU1YOVdvT2RCc2Q3cTBYekRyaGk3N29YZWVja2NVWE9qY0NXVTY1UEp5NEItd3RjalJUUUp1Q0lqZXIxZGhGb2xhUzg3VzdjR210SjRVdzRjcUNaUGxXUUU3WjlEZ2ZWM0pvZnBfTXRmWWVzWVHSAe8BQVVfeXFMTXlocDdkdUVmdUdGeTZDNnRzeHp6UUhNdmdQT0ZxOWpEcHpCN1NuMWRZbnJ5SlREb2xvSXJ1ODVxQ05CUXpqbGxOeFdlV0ZZbXBNVm1ibG5jc3l3NFhWM3RkZEQ4Sy1TSlV1cVJ6dkI5NVNiNmxtRWhnUWNYQldZQ1hHb0R3MlkzRFItU2hqNXVSblVkcTJYTGZxSzQtWlFjQjhnRDM2TG1tbW9MSkd5RFRFbUotVUxhaURTc3BTYjRTQW9OTUp5R0RvMjBnY0VqM21TMHRwd0lvaUxYV1NvNVFvbzFjVE9NVVkxRUQ3UXM?oc=5&hl=en-US&gl=US&ceid=US:en,Pesquisa,Imprensa Local,Guanambi,busca_automatica,correta
2026-04-28,"Codevasf, MIDR e IF Baiano firmam parceria para instalação de centro de transferência de tecnologia no Projeto Baixio de Irecê (BA)",GOV.BR,https://news.google.com/rss/articles/CBMikgJBVV95cUxPY1lpM1JpdHJVVWZWM2JVbFJWUXN5ZnJUWmt0eVRmYkpVd2dSMHl6a2Qxd2N2Umh6YUhZcTc2UzYwU1ktbWVpYVRuSVMzb1RtWnBkOVpJTHo2ZHUwVGM0QTljdHJSLXd4QkF0dHJNdTgxWWsydjZxOWk0NTc1bU03YzVzLTVjYWc1b0JpeEJvZkhyV0ZyTV9xLXBjZ2ZPU0lKa3dXZFJSamhMZS03cl9CSkU2THNQaW5YOElDYTFFbUhRcDI0Z1IyQ2h3WjdYc2ljLTJvdFpmckVHLXpCc3BkNGlmM0FGSmYyOXVwSnNUUEhZTWtFOUJqaTVGQm5RQWppbkowb3BKdmlhZTlZTVhuUXpn?oc=5&hl=en-US&gl=US&ceid=US:en,Pesquisa,Governamental,Geral / Não Especificado,busca_automatica,correta
2026-04-28,IF Baiano Guanambi BA abre processo seletivo com 1 vaga para professor,Folha Dirigida,https://news.google.com/rss/articles/CBMiowFBVV95cUxPZ1ZVaG1keDBsLUx3cUY3ZUsyd1FkeEVkVGxPRUM4M0hMSGRtUlE1ZnJmbkRLMHZiZHhONU10bFBteXhETjB4a2tTODJGLVlCUC1HTU5kT0VkVGhCWEhmREpyQ1FZN3IwY3g3WmwyZXJUUlJnQU9hWVpTOWR1SnFjZDN6c1AyZ25NQS14THNtQW11eDFIMzdTa2E0REpUbTdrZkRB?oc=5,Gestão e RH,Imprensa (Nacional),Guanambi,busca_automatica,correta
2026-04-28,IF Baiano Xique-Xique BA abre processo seletivo de professor substituto,Folha Dirigida,https://news.google.com/rss/articles/CBMipAFBVV95cUxNYndrYzllLVBLVUtMLXFQSldyekhlMHdOUzlvaG1GNVh4cUFXSWFULTdvTzJoUHdGeGZEMHloNm5yVzA3SnlWeTRpUGJFZncwTmV5aGx0VG9WemxpcEc0QkRhdDNhMHVXRVVCVUhBaERKX3NkVW9oZ1V1NEQ2LWR3aC1GdmJ5Unl1MVktc1oxeFBHVW9aMC1yOTFRQmFla3Y2Z3RqQw?oc=5,Gestão e RH,Imprensa (Nacional),Xique-Xique,busca_automatica,correta
2026-04-28,IF Baiano empossou diretores de quatro novos campi em implantação,Agência Sertão,https://news.google.com/rss/articles/CBMipgFBVV95cUxQZmdNUlVFa0t3MlpzNEJaLXJBTlhyNFdxajNoQWU1UUo4WkQydjdfLXRkdkJfMU5IU2ExbFpNY084bXc5S0JxbHYwcXRINTc1Wm9LZzQ1UE5WeExYOGpJejJ2ODZVcWpXZ3dmNkYxcVNXbFJyZFMxVFByQWJvT0FmaGMzMHdnWmh3RXBQenJCbmpiZElYdEFUbnQ1VzFmQ2E0bGlmTVBn0gGmAUFVX3lxTFBmZ01SVUVrS3cyWnM0QlotckFOWHI0V3FqM2hBZTVRSjhaRDJ2N18tdGR2Ql8xTkhTYTFsWk1jTzhtdzlLQnFsdjBxdEg1NzVab0tnNDVQTlZ4TFg4akl6MnY4NlVxaldnd2Y2RjFxU1dsUnJkUzFUUHJBYm9PQWZoYzMwd2daaHdFcFB6ckJuamJkSVh0QVRudDVXMWZDYTRsaWZNUGc?oc=5,Institucional,Imprensa Local,Geral / Não Especificado,busca_automatica,correta
2026-04-28,IF Baiano Itaberaba BA abre processo seletivo para professor substituto 1 vaga,Folha Dirigida,https://news.google.com/rss/articles/CBMirgFBVV95cUxPaWNpRzJmc0EwZ2lJSUNERnBJaDJ6Y0Y4dU4yYVdqc1VaVzVVS2JGZFU3VjU5VU5taURoQS1QSjBlUzFMRHdmTjFZMmdnc2haSGlxU203WVMycnRDNDlwYzlBckNpai1WT0VwMkJMMkZTODgyUnFOejJCMGZnTDBLQUpNQ3NWR3dJUUJIU0RmNzBfTG12dF9fY0FZM29XcDZxTzRpZ1NXa1pnVDRSU0E?oc=5,Gestão e RH,Imprensa (Nacional),Itaberaba,busca_automatica,correta
2026-04-28,IF Baiano abre processo seletivo para professor substituto no Campus Guanambi,PCI Concursos,https://news.google.com/rss/articles/CBMiugFBVV95cUxOR0VFdXh4NThkaktTd1JKVjBEcmxTOHN2c3RyNHBXZDctVDhsSlJkZ1M5dkNiTEdvb2dyX3Rna3ItNkZnaVFxd2FId0JyUFBlOWIyY1RoUkc0MDNmZkdmc284bUZUMWhfekJ4dmUybnFnUEk0OE1wVDRXZmphYWVaZEhWcnUta1RqQ1NfVGtvMGxydnJRTnpRZG11LXdaYWQ4LWE2SEE2LW16d2w3dFdPdDZjV1NkMlhlM0E?oc=5,Gestão e RH,Especializados (Nichos),Guanambi,busca_automatica,correta
2026-04-28,IF Baiano abre seleção para Professor Substituto de Sociologia em Xique-Xique,PCI Concursos,https://news.google.com/rss/articles/CBMiugFBVV95cUxPOXlkcDdqWFIxUnZialNLY2FOWVduR2dPdU9sZW44cldocVdtUE52Nk9lZ0RUdjZRZnNVRF93UWxYZ1ZES01nTWlPY2U4dk5ZTUg5Y3JFMDVEdkZnU3ZrS085V1RMTEFwVzZWTE5rNy1OWDVfUmJaV0EwbHdrNHBfRENHaHpJMkNzRUdnZzlYcHY4dTVYeWhkOTJQdGs3ZGFCb3dKWTE2S25iTXdGd2VtbVpHeGZJazBIOGc?oc=5,Gestão e RH,Especializados (Nichos),Xique-Xique,busca_automatica,correta
2026-04-28,"IF Baiano lança seleção para professor com ganhos de até R$ 8,3 mil",Concursos no Brasil,https://news.google.com/rss/articles/CBMivAFBVV95cUxPYXhxSE5zSnVMNTJHR2RnN3FZMG9wbUhOTnhzLWEyQXR6d0tXSWZ5WDNVSFlEWEVhdFJiQTNqZXdzc19qb0hqeVBEcWJxcUlIN0dLbnQ0VkhhVDFmUTg2Qnh1OWY2SVFuZTg0NlZxMzNXWng2QnRpVEhJWWx3RUE3VDU5QWNhazZrUjM4NW0tZnVTQUl0RWNCdTBVeG81dDNVQ0RZbVhsY3pwVVdfbWJ2czBNMFZva050c0w2UA?oc=5,Gestão e RH,Especializados (Nichos),Geral / Não Especificado,busca_automatica,correta
2026-04-28,"IF Baiano abriu processos seletivos para professor em Guanambi, Itaberaba e Xique-Xique",Agência Sertão,https://news.google.com/rss/articles/CBMiwgFBVV95cUxQbERLLU1aYWR0MzRqYk9iZkc2ZmFub1Z6cEdjQUUzejBKc2pZSjI5aEhOMFUyM1VoRF9wNnpqZWhFa2JZdGRYc3QtUnZLWGpZbHhYNEFBTkt2a2dscnBscjdTTV9nWm1WamloeWxxbVlKdXJlMC1oSUNKTHRHaWFfTmI1T1Z1WlhzOHB1ZkROZXVMMWdyWVBzd0xQUFdlU1dNa3NqOUhQbi01TmUyZzlUc0dwWHUxaFBqWnBTQ3Q0WThWUdIBwgFBVV95cUxQbERLLU1aYWR0MzRqYk9iZkc2ZmFub1Z6cEdjQUUzejBKc2pZSjI5aEhOMFUyM1VoRF9wNnpqZWhFa2JZdGRYc3QtUnZLWGpZbHhYNEFBTkt2a2dscnBscjdTTV9nWm1WamloeWxxbVlKdXJlMC1oSUNKTHRHaWFfTmI1T1Z1WlhzOHB1ZkROZXVMMWdyWVBzd0xQUFdlU1dNa3NqOUhQbi01TmUyZzlUc0dwWHUxaFBqWnBTQ3Q0WThWUQ?oc=5,Gestão e RH,Imprensa Local,Guanambi,busca_automatica,correta
2026-04-28,Concursos públicos,Focus Concursos,https://noticias.focusconcursos.com.br/noticias/bahia-tera-onda-de-concursos-em-2026-veja-os-editais-confirmados,Gestão e RH,Especializados (Nichos),Reitoria (Salvador),curadoria_dicom,correta
2026-04-28,Pesquisa em bananicultura no evento ACORBAT,iGuanambi,https://www.iguanambi.com.br/noticias/2026/04/28/if-baiano-de-guanambi-participa-de-evento-internacional-no-mexico-e-reforca-atuacao-na-pesquisa-agricola/,Pesquisa,Imprensa Local,Guanambi,curadoria_dicom,correta
2026-04-28,Seleção professor substituto,PCI Concursos,https://www.pciconcursos.com.br/noticias/if-baiano-abre-processo-seletivo-para-professor-substituto-no-campus-guanambi,Gestão e RH,Especializados (Nichos),Guanambi,curadoria_dicom,correta
2026-04-27,Trajetória do IF Baiano na pesquisa com bananicultura em Guanambi é destacada em evento internacional no México,Agência Sertão,https://news.google.com/rss/articles/CBMi4wFBVV95cUxNdjVwOGtQQ2Jxcm80R0t1TUNuNGRfaFpPZVVEVlF3MllaQThsaG1ReEZYS0Jia0M3SHkwZnpoS19zdzNLanRWa1AzYzQ4SzI2VjU5dXF0U0hVSGQ5cWNBS3ZyNWdqbHJheHJ3cWl1cUh4RDZqY0cxX0hUbVpfVU9YOHJ0M3dtMjkyNlFWQTR6bGR6LVlKeHFiZ21KNkp6RXdoaXYyTjc4NGJ6dUNvdUUtM3VnUlZEd0hzdmt1NWlueUp2dnhXNVFGcTgtTkw5WkpOdC1mYVpRN0t0dmx2SWFtVEp2a9IB4wFBVV95cUxNdjVwOGtQQ2Jxcm80R0t1TUNuNGRfaFpPZVVEVlF3MllaQThsaG1ReEZYS0Jia0M3SHkwZnpoS19zdzNLanRWa1AzYzQ4SzI2VjU5dXF0U0hVSGQ5cWNBS3ZyNWdqbHJheHJ3cWl1cUh4RDZqY0cxX0hUbVpfVU9YOHJ0M3dtMjkyNlFWQTR6bGR6LVlKeHFiZ21KNkp6RXdoaXYyTjc4NGJ6dUNvdUUtM3VnUlZEd0hzdmt1NWlueUp2dnhXNVFGcTgtTkw5WkpOdC1mYVpRN0t0dmx2SWFtVEp2aw?oc=5&hl=en-US&gl=US&ceid=US:en,Pesquisa,Imprensa Local,Guanambi,busca_automatica,correta
2026-04-27,Processo Seletivo IFBAIANO abre vaga para Professor em 2026,Ache Concursos,https://news.google.com/rss/articles/CBMipwFBVV95cUxNZGtCVGNSbjNKNFZsX0NLNTBNTkhTRDlMR05GQUoyQ2R0ZVZxdXlWMlEteTVkeXZGeXpXNEVqaHFDREhia0theXNneENuVmx1SDdxZUhwdHBja0lrcFJ3ZmVkTVJLNUt4dnJzM0dZSkhZbXJ2LXhmbF94SHI4MmVQZGxTTWpVM3dXdV9uRFNHSXExRXhXbUo2SVNwamJKdUZEaVNOdHhud9IBrAFBVV95cUxOQmhydmZudmZ3QlNGTDdKeWEwcTl1aW51azN0WUpFZkpIZXp4elVtTVZsMGhUbXRNdWJHblVkZVo4MlJuU05LNnM5M1RadW03VnlETmFpRnZfMjkzb2o0V09XM1ZWYU9oNzAydy1BQnpRQVJGSmNQcUxkVTdQcUhGLUUtOERFVlBIZ0xYRjBJaTZTZUh0amhIQnlwQ2x1a013UC1QaGwzTWNrN2cy?oc=5&hl=en-US&gl=US&ceid=US:en,Gestão e RH,Especializados (Nichos),Geral / Não Especificado,busca_automatica,correta
2026-04-27,Processo Seletivo IFBAIANO abre vaga para Professor em 2026,Ache Concursos,https://www.acheconcursos.com.br/concursos-bahia/processo-seletivo-ifbaiano-vagas-professores-2026-89720,Gestão e RH,Especializados (Nichos),Guanambi,curadoria_dicom,correta
2026-04-24,Bolsas Parfor Equidade,Bahia Recôncavo,https://bahiareconcavo.com.br/2026/04/24/if-baiano-abre-selecao-com-bolsas-para-docentes-no-parfor-equidade/,Ensino,Imprensa Local,Serrinha,curadoria_dicom,correta
2026-04-24,Seleção professor substituto,Concurso News,https://concursonews.com/2026/04/if-baiano-abre-seletivo-para-professor-substituto-em-sociologia-com-inscricoes-ate-3-de-maio/,Gestão e RH,Especializados (Nichos),Xique-Xique,curadoria_dicom,correta
2026-04-24,Seleção professor substituto,Concursos no Brasil,https://concursosnobrasil.com/concursos/ba/2026/04/24/if-baiano-abre-vaga-na-area-de-sociologia-para-o-campus-xique-xique/,Gestão e RH,Especializados (Nichos),Xique-Xique,curadoria_dicom,correta
2026-04-24,IF Baiano abre seleção com bolsas para docentes no Parfor Equidade,Bahia Recôncavo,https://news.google.com/rss/articles/CBMirAFBVV95cUxPWU9EVTlySGZBeUZ6bXJMd3JmSjNfb0ZVMjVkZVVqNVk2aHVja1R3ZDhlQlQ3SkxaNGZXRi1rcS1JMVdUUy1Jc2VVX0ZDZUhuMWc0Vm53ZXdKVXR6R3l1TjhRZG96Nm5udkh1NWZERHMyOGVsWDF0NXlCSHEzMDVwR0o1akhLTmVsSWMyby03aC0yS1pfYnFFSE0zWDc5aWpsc21QTzVidVlFZFo1?oc=5&hl=en-US&gl=US&ceid=US:en,Gestão e RH,Imprensa Local,Geral / Não Especificado,busca_automatica,correta
2026-04-24,IF Baiano abre vaga na área de Sociologia para o campus Xique-Xique,Concursos no Brasil,https://news.google.com/rss/articles/CBMivwFBVV95cUxPNzM2X1o3bW82X1RpZXJDMzgtR3RndU9vbjNxclZwbGVfX2wtT0dTbmZfY1NxUjFSQ3ZfY1ZwTGlCTi1kZDczMzNtc1dNWlIydGQ2VEhRVFpLbzhnOUpEeE9pQXZ2OEJwbkF2ZENTTWJicEwwTWhUTWlNaXc4Y24wZzc3UnZiRk5lY3lBU0lBdlFHcmtwYi0tLXZxLV9SVTl6WG5OUzVXN2Z0VGItQ05GdGQtdG1uSDlJb21GLU9iOA?oc=5,Gestão e RH,Especializados (Nichos),Xique-Xique,busca_automatica,correta
2026-04-24,Audiência pública,Revista Recôncavo,https://revistareconcavo.com.br/cruz-das-almas-vereador-professor-lilo-realiza-audiencia-publica-sobre-fim-da-escala-6x1-reunindo-sindicatos-entidades-e-jovens/,Institucional,Imprensa Local,Governador Mangabeira,curadoria_dicom,correta
2026-04-23,Tenda da Ciência,Agência Sertão,https://agenciasertao.com/2026/04/23/tenda-da-ciencia-leva-atividades-gratuitas-ao-publico-em-guanambi-nesta-sexta-feira-e-sabado/,Pesquisa,Imprensa Local,Guanambi,curadoria_dicom,correta
2026-04-23,Série Indicações Geográficas,Conexão MT,https://conexaomt.com/educacao/mec-marca-presenca-em-feira-de-diversidade-alimentar/,Institucional,Imprensa Local,Reitoria (Salvador),curadoria_dicom,correta
2026-04-23,Série Indicações Geográficas,Plantão News,https://plantaonews.com.br/mec-marca-presenca-em-feira-de-diversidade-alimentar/,Institucional,Imprensa Local,Reitoria (Salvador),curadoria_dicom,correta
2026-04-23,Prosel vagas remanescentes,Jornal Valença Agora,https://valencaagora.com/vagas-remanescentes-if-baiano-campus-valenca/,Gestão e RH,Imprensa Local,Valença,curadoria_dicom,correta
2026-04-23,Série Indicações Geográficas,Portal do IFSC,https://www.ifsc.edu.br/web/noticias/w/campus-urupema-e-destaque-em-serie-do-mec-sobre-indicacoes-geograficas,Institucional,Outras Instituições de Ensino,Reitoria (Salvador),curadoria_dicom,correta
2026-04-22,Série Indicações Geográficas,Portal do Governo Federal,https://www.gov.br/mec/pt-br/assuntos/noticias/2026/abril/mec-divulga-novo-episodio-da-serie-indicacoes-geograficas-nos-ifs,Institucional,Governamental,Reitoria (Salvador),curadoria_dicom,correta
2026-04-17,Curso de Qualificação profissional (FIC),Jornal da Chapada,https://jornaldachapada.com.br/2026/04/17/chapada-if-baiano-abre-inscricoes-para-curso-gratuito-em-itaberaba-com-foco-em-ciencias-da-natureza-e-preparacao-para-ensino-superior/,Ensino,Imprensa Local,Itaberaba,curadoria_dicom,correta
2026-04-17,Curso de Qualificação profissional (FIC),Tribuna do Recôncavo,https://tribunadoreconcavo.com/if-baiano-abre-inscricoes-para-cursos-gratuitos-de-qualificacao-profissional-em-tres-cidades-da-bahia/,Ensino,Imprensa Local,Catu,curadoria_dicom,correta
2026-04-16,Olimpíada Brasileira de Astronomia e Astronáutica (OBA),Agência Sertão,https://agenciasertao.com/2026/04/16/estudantes-do-if-baiano-campus-guanambi-conquistaram-oito-medalhas-na-olimpiada-brasileira-de-astronomia-e-astronautica-oba/,Extensão,Imprensa Local,Guanambi,curadoria_dicom,correta
2026-04-16,Curso de Qualificação profissional (FIC),Ilheus 24h,https://ilheus24h.com.br/if-baiano-abre-vagas-para-cursos-gratuitos-em-tres-campi/,Ensino,Imprensa Local,Catu,curadoria_dicom,correta
2026-04-16,Curso de Qualificação profissional (FIC),Mídia Bahia,https://midiabahia.com.br/if-baiano-oferece-cursos-gratuitos-de-curta-duracao-em-urucuca-itaberaba-e-catu/,Ensino,Imprensa Local,Catu,curadoria_dicom,correta
2026-04-16,Estudantes do IF Baiano Campus Guanambi conquistaram oito medalhas na Olimpíada Brasileira de Astronomia e Astronáutica (OBA),Agência Sertão,https://news.google.com/rss/articles/CBMi8wFBVV95cUxOazZaZkVnaWlFZ3FDUUtYNXQwWUlGSHJsbUJHdmphUDBWeHFqMkN2M0E1UWp2ckhJaVhGTThzRjhDYUYwYzh1cGdWM0YtTzZ4T2ttTmZpTHFzb1FlbW14a05yMVhwMTNOd054M2pJdGxIZDJhZmQxS09wcWVhYkJaSVZ5LW1SZk1yNUtQSHVESGg0NGgtV29aTlprbnhnY29HWDEwbVVNbjZHUFZPcGtpLU1Yd1B4b3ZFZlBIaXVIVVBfVU9ucWZGSU1sTWhnRVRDRFlxTk1zZ2tmeGVSRWdTc2dndEQ0VjJDRTM4c050WHhBXzjSAfMBQVVfeXFMTms2WmZFZ2lpRWdxQ1FLWDV0MFlJRkhybG1CR3ZqYVAwVnhxajJDdjNBNVFqdnJISWlYRk04c0Y4Q2FGMGM4dXBnVjNGLU82eE9rbU5maUxxc29RZW1teGtOcjFYcDEzTndOeDNqSXRsSGQyYWZkMUtPcHFlYWJCWklWeS1tUmZNcjVLUEh1REhoNDRoLVdvWk5aa254Z2NvR1gxMG1VTW42R1BWT3BraS1NWHdQeG92RWZQSGl1SFVQX1VPbnFmRklNbE1oZ0VUQ0RZcU5Nc2drZnhlUkVnU3NnZ3RENFYyQ0UzOHNOdFh4QV84?oc=5&hl=en-US&gl=US&ceid=US:en,Ensino,Imprensa Local,Guanambi,busca_automatica,correta
2026-04-16,IF BAIANO DE URUÇUCA OFERTA 100 VAGAS EM CURSOS DE QUALIFICAÇÃO PROFISSIONAL,Pimenta Blog,https://news.google.com/rss/articles/CBMisgFBVV95cUxQVHVwTUZxZzhhM0hlcWRVdWJPWWtmYTZJZDd4dC04UjRNQWpaVlBoVG9qVkMxbXRXS1VmeXBqUzh4R2RVbHhWdHdZSWZKYktHdzVtYnZmQ0lVWEZRYnBOVmZ2WDBmMUFINHBtSi1sTDBkMS16STNHQ0gxamNNamdLdmFveWZZbElvOGpXRXhhQldZb2FFVmROclE5TUpYVGpXc0hKWkcyMld1N09ZcFlQWVFn?oc=5,Gestão e RH,Imprensa Local,Uruçuca,busca_automatica,correta
2026-04-15,Olimpíada Brasileira de Astronomia e Astronáutica (OBA),Folha do Vale,https://folhadovale.net/alunos-if-baiano-campus-guanambi-conquistam-medalhas-na-olimpiada-brasileira-de-astronomia-e-astronautica.html,Extensão,Imprensa (Nacional),Guanambi,curadoria_dicom,correta
2026-04-15,Curso de Qualificação profissional (FIC),Pimenta Blog,https://pimenta.blog.br/2026/04/15/if-baiano-de-urucuca-oferta-100-vagas-em-cursos-de-qualificacao-profissional/,Ensino,Imprensa Local,Uruçuca,curadoria_dicom,correta
2026-04-15,Intercâmbio Canadá,Sertão Hoje,https://www.sertaohoje.com.br/noticias/bahia/if-baiano-lanca-editais-de-intercambio-no-canada-para-estudantes-e-servidores,Institucional,Imprensa Local,Reitoria (Salvador),curadoria_dicom,correta
2026-04-11,IF Baiano abre vaga Professor Tecnologia Alimentos Santa Inês,Sou Enfermagem,https://news.google.com/rss/articles/CBMipwFBVV95cUxPZWs3NFphTmU2N01wVnFQUk9uOWFlR1o2NkVmeXRIM1FaQkdYd0Zxam5nZzRFY2YxWUpyMjJiVnhKLWd1TEFsSjJveUdMaS1MeU52UTM2MG0tZDRuZEtiNVpfd0t0Q0hlQXZRR09FRGRpVXVlbFVzSzRhaHZGbUdkN0RVZmFZNmxUTXAtakdyVVd4UGc1V2xZOGdpbUZld0ppUWEwSG9fdw?oc=5&hl=en-US&gl=US&ceid=US:en,Gestão e RH,Imprensa Local,Santa Inês,busca_automatica,correta
2026-04-11,Seleção professor substituto,Sou Enfermagem,https://www.souenfermagem.com.br/noticias/if-baiano-abre-vaga-professor-tecnologia-alimentos-santa-ines/,Gestão e RH,Imprensa Local,Santa Inês,curadoria_dicom,correta
2026-04-10,Seleção professor substituto,Agência Sertão,https://agenciasertao.com/2026/04/10/if-baiano-e-ifba-abriram-novos-processos-seletivos-para-professores-em-tres-cidades/,Gestão e RH,Imprensa Local,Santa Inês,curadoria_dicom,correta
2026-04-10,IF Baiano e Ifba abriram novos processos seletivos para professores em três cidades,Agência Sertão,https://news.google.com/rss/articles/CBMivgFBVV95cUxPdUd6Rl9LaE1EX1lJUWFLS2FZY0d3Wjd3RmU2a293a3lPUjd0OGd5X1dIaVFQby0xSjIxVWlkRENuOXlFUDFpOXh2eElLV2pCUjRqejNXckVocWtBYkhmRGZaTk9melNZTHdMY18yWmlyYnpiRi1KaldaTUxORzBCWWhZU3RxSkpwOGt1bkp5OThiZnJINXZUOEZyMC12a2dSc1daX2hGaFN2UTU5aEZ6bXhsOFIzcU1HZENuMGNn0gG-AUFVX3lxTE91R3pGX0toTURfWUlRYUtLYVljR3daN3dGZTZrb3dreU9SN3Q4Z3lfV0hpUVBvLTFKMjFVaWREQ245eUVQMWk5eHZ4SUtXakJSNGp6M1dyRWhxa0FiSGZEZlpOT2Z6U1lMd0xjXzJaaXJiemJGLUpqV1pNTE5HMEJZaFlTdHFKSnA4a3VuSnk5OGJmckg1dlQ4RnIwLXZrZ1JzV1pfaEZoU3ZRNTloRnpteGw4UjNxTUdkQ24wY2c?oc=5&hl=en-US&gl=US&ceid=US:en,Gestão e RH,Imprensa Local,Geral / Não Especificado,busca_automatica,ambos_citados
2026-04-10,Seleção professor substituto,Agrobase,https://www.agrobase.com.br/concursos/2026/if-baiano-ba-selecao-simplificada-60-2026/,Gestão e RH,Especializados (Nichos),Santa Inês,curadoria_dicom,correta
2026-04-08,Pesquisa Biofilmes,Bahia na Política,https://bahianapolitica.com.br/senhor-do-bonfim-pesquisa-do-if-baiano-desenvolve-biofilmes-para-alimentos-a-partir-de-residuos-agroindustriais/,Pesquisa,Imprensa Local,Senhor do Bonfim,curadoria_dicom,correta
2026-04-08,Pesquisa Biofilmes,Campo e Negócios,https://campoenegocios.com/pesquisa-do-if-baiano-desenvolve-biofilmes-para-alimentos-a-partir-de-residuos-agroindustriais/,Pesquisa,Imprensa Local,Senhor do Bonfim,curadoria_dicom,correta
2026-04-08,Seleção professor substituto,Concurso News,https://concursonews.com/2026/04/if-baiano-abre-selecao-para-professor-substituto-em-alimentos-no-campus-santa-ines-inscricoes-comecam-dia-13/,Gestão e RH,Especializados (Nichos),Santa Inês,curadoria_dicom,correta
2026-04-07,Pesquisa Biofilmes,A Notícia do Vale,https://anoticiadovale.com/2026/04/07/pesquisa-do-if-baiano-desenvolve-biofilmes-para-alimentos-a-partir-de-residuos-agroindustriais/,Pesquisa,Imprensa Local,Senhor do Bonfim,curadoria_dicom,correta
2026-04-07,Seleção professor substituto,QConcursos Folha Dirigida,https://folha.qconcursos.com/n/processo-seletivo-if-baiano-santa-ines-ba-abre-1-vaga-para-professor-substituto,Gestão e RH,Imprensa (Nacional),Reitoria (Salvador),curadoria_dicom,correta
2026-04-07,IF Baiano abre vaga para Professor Substituto na área de Tecnologia de Alimentos em Santa Inês,PCI Concursos,https://news.google.com/rss/articles/CBMi0AFBVV95cUxPVzZPNjlxYXBvRS1rMVFSaUFjVVBJZ291UDJfTHYwb0I1T1lkMFRLMHpTMHdKakdzNnkxcktxSW05TzRSblU2SFRrTlpGbG8tY3ItQXoyU0hwU0dqVWk1aHZjT3hsVnk3VmprMEo5WmlIalJoa20zaTcybkFVLWZLNkdnZm9ncTZxZHZoT0Y3WUY3VWwyRENWZkVnQkZsc2FUXzRfOGRTaUJ6Q3FNNzJicDhsbWZ6NWtYN00yYUZHeEZyWnFCUEJRVi1MYlJ0Q29i?oc=5&hl=en-US&gl=US&ceid=US:en,Gestão e RH,Especializados (Nichos),Santa Inês,busca_automatica,correta
2026-04-07,Processo seletivo IF Baiano Santa Inês BA abre 1 vaga para professor substituto,Folha Dirigida,https://news.google.com/rss/articles/CBMirwFBVV95cUxQeXlqQ0wyaUlWYmstQkNQQ1l1eEM0SDRTMVM0cEFsSmpVWG9sNlFGdHlUTGdJRlpjQ0RjY2JoYkt3WGk4akktdDF2MDJZWGIyZ0ktVWk0YnFhOHJ3Ym5MRkFqTGtGLW95UzFXWjZVV1NMeXF3cDN2WS1PQS1nQmdCRU13RmJKa1EzUHoyUGQwRFlXMG9IbDE5c1ZwYnUtQmxJZVJjZ2g2Ulc2a1JoUXRN?oc=5&hl=en-US&gl=US&ceid=US:en,Gestão e RH,Imprensa (Nacional),Santa Inês,busca_automatica,correta
2026-04-07,Seleção professor substituto,PCI Concursos,https://www.pciconcursos.com.br/noticias/if-baiano-abre-vaga-para-professor-substituto-na-area-de-tecnologia-de-alimentos-em-santa-ines,Gestão e RH,Especializados (Nichos),Reitoria (Salvador),curadoria_dicom,correta
2026-04-07,Seleção professor substituto,Portal Tela,https://www.portaltela.com/noticias/educacao/2026/04/07/if-baiano-santa-ines-abre-uma-vaga-de-professor-substituto/,Gestão e RH,Imprensa Local,Santa Inês,curadoria_dicom,correta
2026-04-02,PLANO DE INTEGRIDADE DO IF BAIANO,Base de Conhecimento da CGU,https://news.google.com/rss/articles/CBMimgFBVV95cUxOak9KR1RTRlZ6VkE1Q011VmRQQ0d5R0U4VDNNdHY5NGlwcDNfSlkzYXhkMmlrYTAwbDhXQjBnUGNRamllZ3RUenZudklIX1l3VG9fQVZ3MUZVNlJPOHhtaEczSGZwTWJUUFhsOTlFOGt6R1d6Mm5HYWQ4SWVzck41UVVPUTJjbGdfWm9ZQ0wxdGE1ZFJFakRtb3VR?oc=5&hl=en-US&gl=US&ceid=US:en,Institucional,Imprensa Local,Geral / Não Especificado,busca_automatica,correta
2026-04-01,Seleção professor substituto,Agência Sertão,https://agenciasertao.com/2026/04/01/if-baiano-e-ifba-abriram-processos-seletivos-para-professor-em-tres-cidades/,Gestão e RH,Imprensa Local,Xique-Xique,curadoria_dicom,correta
2026-04-01,Eleições UESB,Avoador,https://avoador.com.br/eleicoes-uesb-terceiro-debate-entre-candidatos-a-reitoria-reune-estudantes-professores-e-tecnicos-em-itapetinga/,Institucional,Imprensa Local,Itapetinga,curadoria_dicom,correta
2026-04-01,IF Baiano e Ifba abriram processos seletivos para professor em três cidades,Agência Sertão,https://news.google.com/rss/articles/CBMiswFBVV95cUxNYWx0bXJXRVZsaThGNHE1ZDRBUUZneDJDUERVWVJNQ3UtZFNTakRXV2pVQTdCQkRXcmJDYXBQYUtJWnY0dC1FMHN1aEp2WE53UTJBam9VSTZSOXhYUHhMcm9yb3lQN2I0bFBPbWNlRlhGT2ppN2pHT2RtQ1BBMzV5dUlKTEZPamlFUW5mOG5vUGhhX2FKUkdFcVNzYlBRVGViWGpfQy1heVBLeHprNFpOSlV6SdIBswFBVV95cUxNYWx0bXJXRVZsaThGNHE1ZDRBUUZneDJDUERVWVJNQ3UtZFNTakRXV2pVQTdCQkRXcmJDYXBQYUtJWnY0dC1FMHN1aEp2WE53UTJBam9VSTZSOXhYUHhMcm9yb3lQN2I0bFBPbWNlRlhGT2ppN2pHT2RtQ1BBMzV5dUlKTEZPamlFUW5mOG5vUGhhX2FKUkdFcVNzYlBRVGViWGpfQy1heVBLeHprNFpOSlV6SQ?oc=5&hl=en-US&gl=US&ceid=US:en,Gestão e RH,Imprensa Local,Geral / Não Especificado,busca_automatica,ambos_citados
2026-03-29,Seleção professor substituto,Diário do Estado,https://diariodoestadogo.com.br/concurso-if-baiano-inscricoes-abertas-para-vaga-de-professor-com-salarios-de-ate-r-8-05829-649169/,Gestão e RH,Imprensa Local,Xique-Xique,curadoria_dicom,correta
2026-03-29,Documentário Mulheres Mil,JB News,https://jbnews.com.br/mec-lanca-mulheres-mil-o-documentario/,Extensão,Imprensa Local,Reitoria (Salvador),curadoria_dicom,correta
2026-03-29,Documentário Mulheres Mil,Jornal do Vale,https://jornaldovale.com/mec-lanca-mulheres-mil-o-documentario/,Extensão,Imprensa Local,Reitoria (Salvador),curadoria_dicom,correta
2026-03-29,Documentário Mulheres Mil,Leia Agora,https://leiagora.com.br/mec-lanca-mulheres-mil-o-documentario/,Extensão,Imprensa Local,Reitoria (Salvador),curadoria_dicom,correta
2026-03-29,"Concurso IF BAIANO: inscrições para professor até na próxima quinta-feira (2); salários até R$ 8.058,29",O TEMPO,https://news.google.com/rss/articles/CBMi5wFBVV95cUxQckdhRTN2RnJvQndtWTJYN2lVWUs3alRqQTlKUEhYUEdBSlNiZ0hZeFdxa1p2X3otV1luQkhWanFlYUZpVHRlOExkX0FFV1paNEJCbEpuZ2ZFRFM2ZTJGdmNfakhuQzVMemFqQ1JIV2JfNXlXUTdkcXNnV1RIakZlNll0OW1CVWQ5cFhvNnFsZnVxRVJtaUhJa1dVNlYwRWctRnZ6RkZDTFZSb2hJRFZabU9fV3pFM0hDYlRneUpuQXVCOFpGd2pZcmltRjE1bDhFS3RLQ3hWa25Pc3dqMnVGaHJEYWl2a0E?oc=5&hl=en-US&gl=US&ceid=US:en,Gestão e RH,Imprensa (Nacional),Geral / Não Especificado,busca_automatica,correta
2026-03-29,Documentário Mulheres Mil,Notícia Marajó,https://noticiamarajo.com.br/educacao/mec-lanca-mulheres-mil-o-documentario/,Extensão,Imprensa Local,Reitoria (Salvador),curadoria_dicom,correta
2026-03-29,Documentário Mulheres Mil,Novidades MT,https://novidadesmt.com.br/educacao/mec-lanca-mulheres-mil-o-documentario/,Extensão,Imprensa Local,Reitoria (Salvador),curadoria_dicom,correta
2026-03-29,Documentário Mulheres Mil,Plantão News,https://plantaonews.com.br/mec-lanca-mulheres-mil-o-documentario/,Extensão,Imprensa Local,Reitoria (Salvador),curadoria_dicom,correta
2026-03-29,Acidente com motociclista,Bom Jesus da Lapa Notícias,https://www.bomjesusdalapanoticias.com.br/bom-jesus-da-lapa/motociclista-morre-em-colisao-com-carro-na-br-349-em-bom-jesus-da-lapa/,Institucional,Imprensa Local,Bom Jesus da Lapa,curadoria_dicom,correta
2026-03-29,Seleção professor substituto,O Tempo,https://www.otempo.com.br/emprego-e-concursos/2026/3/29/concurso-if-baiano-inscricoes-para-professor-ate-na-proxima-quinta-feira-2-salarios-ate-r-805829,Gestão e RH,Imprensa (Nacional),Xique-Xique,curadoria_dicom,correta
2026-03-29,Documentário Mulheres Mil,Pontaporã Informa,https://www.pontaporainforma.com.br/mec-lanca-mulheres-mil-o-documentario/,Extensão,Imprensa Local,Reitoria (Salvador),curadoria_dicom,correta
2026-03-27,Feira santa do pescado,valencaagora.com,https://valencaagora.com/feira-santa-do-pescado-movimenta-economia-e-valoriza-producao-local-em-valenca/,Extensão,Imprensa Local,Valença,curadoria_dicom,correta
2026-03-26,Novo diretor assume IF Baiano em Guanambi e promete gestão com diálogo e fortalecimento acadêmico,Sudoesteacontece,https://news.google.com/rss/articles/CBMiUkFVX3lxTFAzMTE2N3ZNVzc5QXNsUEU5Smx4U2NnQ29lSU9jUWE2UTRjVGNyUEhwVDV0RERvQTV1NW5penRHMXN3MjB2ZVdHMmVWcmxfaUwwQXc?oc=5&hl=en-US&gl=US&ceid=US:en,Institucional,Imprensa Local,Guanambi,busca_automatica,correta
2026-03-26,Autorização para funcionamento do campus,Remanso Notícias,https://portal.remanso-noticias.com/?p=87126,Institucional,Imprensa Local,Remanso,curadoria_dicom,correta
2026-03-26,Jornada Social 2026,Prefeitura de Senhor do Bonfim,https://senhordobonfim.ba.gov.br/jornada-social-2026-comeca-com-debates-sobre-cenario-social-e-combate-as-desigualdades-em-bonfim/,Extensão,Governamental,Senhor do Bonfim,curadoria_dicom,correta
2026-03-26,Cerimônia de Posse,Sudoeste Acontece,https://sudoesteacontece.com.br/?p=12127,Institucional,Imprensa Local,Guanambi,curadoria_dicom,correta
2026-03-26,Cerimônia de Posse,Achei Sudoeste,https://www.acheisudoeste.com.br/noticias/guanambi/professor-toma-posse-como-diretor-geral-do-if-baiano-em-guanambi/imprimir,Institucional,Especializados (Nichos),Guanambi,curadoria_dicom,correta
2026-03-26,Artigo sobre manejo da cabruca,Federação Anarquista,https://www.federacaoanarquista.com.br/pesquisadores-do-if-baiano-e-da-uesc-publicam-artigo-inedito-sobre-manejo-da-cabruca-no-terra-vista/,Pesquisa,Imprensa Local,Uruçuca,curadoria_dicom,correta
2026-03-25,Rui Costa autoriza construção do IF Baiano e licitação de novo sistema de água de Itabuna nesta quinta-feira,Muita Informação,https://news.google.com/rss/articles/CBMi4wFBVV95cUxPR3ZINm5Ya3hZQmQwVF83UHRzclRqd29YV0ZnemZLZ0dLMXBPQk1zVGQyb245SnE5TnZfNmhTUW5Ib1ptNXBqNkVPa2F2MnR3VjktSW1zS2Y4emp4bGdvYlVKS0haZDQ5ampqdUxKbGQxQWZna1h4Mzl0YVVQM0w5ZldlczFtcjJwbklEZnJyNlVaLUwxNXJmQ3FWaGpuRFBON1ZQWERFMXJTZEprM2w3SjVfSzBudlJRWVppLWxjVGM3YTRYanhCY2kwQzNhXzNpY0Z1US1ZS2hucjBzOFgtRWktWQ?oc=5&hl=en-US&gl=US&ceid=US:en,Extensão,Imprensa Local,Geral / Não Especificado,busca_automatica,correta
2026-03-25,Artigo sobre manejo da cabruca,Cacau e Chocolate,https://www.cacauechocolate.com.br/v1/2026/03/25/pesquisadores-do-if-baiano-e-da-uesc-publicam-artigo-inedito-sobre-manejo-da-cabruca-no-terra-vista/,Pesquisa,Imprensa Local,Uruçuca,curadoria_dicom,correta
2026-03-24,Cerimônia de Posse,Agência Sertão,https://agenciasertao.com/2026/03/24/novo-diretor-geral-do-if-baiano-campus-guanambi-inicia-mandato-ate-2030/,Institucional,Imprensa Local,Guanambi,curadoria_dicom,correta
2026-03-24,Cerimônia de Posse,Blog do Valente,https://blogdovalente.com.br/saj/2026/03/natural-de-saj-professora-cristiane-santos-toma-posse-como-diretora-geral-do-if-baiano-campus-governador-mangabeira/,Institucional,Imprensa Local,Governador Mangabeira,curadoria_dicom,correta
2026-03-24,Seleção professor substituto,Folha Dirigida,https://folha.qconcursos.com/n/if-baiano-abre-processo-seletivo-para-professor-substituto-em-xique-xique-ba-com-1-vaga,Gestão e RH,Imprensa (Nacional),Xique-Xique,curadoria_dicom,correta
2026-03-24,Novo diretor-geral do IF Baiano Campus Guanambi inicia mandato até 2030,Agência Sertão,https://news.google.com/rss/articles/CBMirgFBVV95cUxQT3laNEIwZFNuVXA0SmVCZ2l6UlJGUUxEY3BvMU5UWGRYNkJlN3Y0UGY4Q1d4SFRoMzMwVWlIUElyMHA0aTJrakpzQXlPOFJUNFhhM3l0SUxZTUN4NHk3OWh4YWZaa2IydUY0c0dfLXJtVDkwd0puc0FHLUxWQ1RZcDlrYnFpN3JWellHNVdoRW9Vdk9rcDVFa2ZpNUpyNWllcmtNUU1ldUdtUmtGWmfSAa4BQVVfeXFMUE95WjRCMGRTblVwNEplQmdpelJSRlFMRGNwbzFOVFhkWDZCZTd2NFBmOENXeEhUaDMzMFVpSFBJcjBwNGkya2pKc0F5TzhSVDRYYTN5dElMWU1DeDR5NzloeGFmWmtiMnVGNHNHXy1ybVQ5MHdKbnNBRy1MVkNUWXA5a2JxaTdyVnpZRzVXaEVvVXZPa3A1RWtmaTVKcjVpZXJrTVFNZXVHbVJrRlpn?oc=5&hl=en-US&gl=US&ceid=US:en,Institucional,Imprensa Local,Guanambi,busca_automatica,correta
2026-03-24,IF Baiano abre processo seletivo para professor substituto em Xique-Xique BA com 1 vaga,Folha Dirigida,https://news.google.com/rss/articles/CBMiugFBVV95cUxOWVhFN1BrTnQzc19tUmRodHJYbDk5SDNJRVU0Z3o3VTIyT1JFakYtbmppclhRZ0plVF9rQzVGa09nWUFBNzktdkJRNE8tZUFiLVR4YTN0SXEzLUFXa1ZGYWpsVURWcnlYcWVrSFBmUGZCYjlvQlJIOGRmOVo2TUVpbkx2VnpHaWlrYWFJbkpRZHRzRGd3SmZYZXdTbkExOFVuOEI0aG9MZl8yMjcwcnlsbURXRUNPbHBTR3c?oc=5,Gestão e RH,Imprensa (Nacional),Xique-Xique,busca_automatica,correta
2026-03-24,IF Baiano - BA abre processo seletivo para Docente Substituto de Matemática em Xique-Xique,PCI Concursos,https://news.google.com/rss/articles/CBMiyAFBVV95cUxNYmlGTUZCZnRxQzJ3REVka2dCZXRzNjdhaHRqWXNKT0hwNjJXckpZWHNCcXV4YlBfc2N3XzZmOGVGY2luUEh0Ym5EVGRuZ2VVVFdib0JuTmxyQVF6SkM3anFjYmIzU29YZW1SYngyZV9mWlFFamNmb2pmQUJKZGpUbHh5MXBQU1lCak1QTEhBRUMyWXoybHlpbDctMjRxbG12cWc5a0R6ZS1zZV9DLVFGVnZZU3FZWTJJMmFOSVlMOC14OURvM3ZINQ?oc=5,Gestão e RH,Especializados (Nichos),Xique-Xique,busca_automatica,correta
2026-03-24,Jornada Social 2026,Nonato Notícias,https://nonatonoticias.blogspot.com/2026/03/prefeitura-de-senhor-do-bonfim-inicia_24.html,Extensão,Imprensa Local,Senhor do Bonfim,curadoria_dicom,correta
2026-03-24,Jornada Social 2026,Blog do Netto Maravilha,https://www.blogdonettomaravilha.com.br/2026/03/prefeitura-de-senhor-do-bonfim-inicia_24.html,Extensão,Imprensa Local,Senhor do Bonfim,curadoria_dicom,correta
2026-03-24,Seleção professor substituto,PCI Concursos,https://www.pciconcursos.com.br/noticias/if-baiano-ba-abre-processo-seletivo-para-docente-substituto-de-matematica-em-xique-xique,Gestão e RH,Especializados (Nichos),Reitoria (Salvador),curadoria_dicom,correta
2026-03-23,Cerimônia de Posse,Agência Sertão,https://agenciasertao.com/2026/03/23/if-baiano-empossa-14-diretores-gerais-para-gestao-2026-2030/,Institucional,Imprensa Local,Reitoria (Salvador),curadoria_dicom,correta
2026-03-23,Mulheres rurais,Agência Sertão,https://agenciasertao.com/2026/03/23/if-baiano-reune-cerca-de-100-mulheres-rurais-em-evento-sobre-protagonismo-direitos-e-agroindustria-em-guanambi/,Institucional,Imprensa Local,Guanambi,curadoria_dicom,correta
2026-03-23,Seleção professor substituto,Concursos Knews,https://concursonews.com/2026/03/if-baiano-abre-selecao-para-professor-substituto-em-xique-xique-inscricoes-comecam-dia-26/,Gestão e RH,Especializados (Nichos),Xique-Xique,curadoria_dicom,correta
2026-03-23,Protesto de estudantes,Folha do Vale,https://folhadovale.net/ex-diretor-do-if-baiano-afirma-que-protesto-nao-tinha-pauta-especifica.html,Ensino,Imprensa (Nacional),Guanambi,curadoria_dicom,correta
2026-03-23,"IF BAIANO abre concurso para professor com salários de até R$ 8.058,29; saiba como se inscrever",O TEMPO,https://news.google.com/rss/articles/CBMi4AFBVV95cUxONGtzVlRzUGR0bTVFSG4wU0NkRUczUWF5SFN0MXBRSTVXdVBOTjl2cmZ3djFwOVBrcTJiUTAzLTdqeHdBa0VFYUVYN2M5cEd5Mlc0Y284amh6LWFYeUJxNUcwbE1qT1VVWlNxU00xNXNhMGtDVWZpM1F2RHZLdjN1VldxWlVaZHhOMEcwXzVCd3JLei1KSXRRTktPYnFwRjM0b2J1bWpxUk56OU9BSTFoTDY0eHQyMzNRbkQxdnhnamZLamJDRnJNNjZOTXRMYnZINkJGVFJkcW8xQVFxVEUwSg?oc=5,Gestão e RH,Imprensa (Nacional),Geral / Não Especificado,busca_automatica,correta
2026-03-23,"IF Baiano reúne cerca de 100 mulheres rurais em evento sobre protagonismo, direitos e agroindústria em Guanambi",Agência Sertão,https://news.google.com/rss/articles/CBMi4gFBVV95cUxOdjV5ZXpNNVB4dzdGX2tiNEFHR280X1pRTm9SdWhlRWQzWnhUelVwOWtJZlRwNVBXemlwZV9jUHJwX0ZIYTFBcnp6ZnBYdG13bzVmcFdDTWw0T1VsLVBlb0F0eUhnRlJPU0x1ZUt4bVN1ZlZ3MEVqTEp2WExNT3BVMlJnN0tuTEpybnZfWTFhZEQ3dDRjbnBuWnVqMTlSTVlnZnlHdUFkdVdEc015cnJyNDl3TW9CM2xGMUI5Qm80dHluenl0QXVBajBwTzBBejU2UVRnYkNlRmJrMTFreHBXVVpR0gHiAUFVX3lxTE52NXllek01UHh3N0Zfa2I0QUdHbzRfWlFOb1J1aGVFZDNaeFR6VXA5a0lmVHA1UFd6aXBlX2NQcnBfRkhhMUFyenpmcFh0bXdvNWZwV0NNbDRPVWwtUGVvQXR5SGdGUk9TTHVlS3htU3VmVncwRWpMSnZYTE1PcFUyUmc3S25MSnJudl9ZMWFkRDd0NGNucG5adWoxOVJNWWdmeUd1QWR1V0RzTXlycnI0OXdNb0IzbEYxQjlCbzR0eW56eXRBdUFqMHBPMEF6NTZRVGdiQ2VGYmsxMWt4cFdVWlE?oc=5&hl=en-US&gl=US&ceid=US:en,Extensão,Imprensa Local,Guanambi,busca_automatica,correta
2026-03-23,IF Baiano empossa 14 diretores-gerais para gestão 2026-2030,Agência Sertão,https://news.google.com/rss/articles/CBMingFBVV95cUxQTUUtWmJhVHVBQUNOSDRVeVROWlpnZFlDcTE3bGJ3X1F5anZHMXFHYjk4YWgyRi1rN3pxYkJFNk50VGFZbkVmY1ZJcER4MXpjWG5uZFdFYjhQbnNBVHNQa2lEMEhxb3ozZTdYcGNpTzllR2VBTS1LNHVSTko0eC1fT2Z0OFNCVkxGdTlTWVA1R01aME9pNUlGMlQtaDNrQdIBngFBVV95cUxQTUUtWmJhVHVBQUNOSDRVeVROWlpnZFlDcTE3bGJ3X1F5anZHMXFHYjk4YWgyRi1rN3pxYkJFNk50VGFZbkVmY1ZJcER4MXpjWG5uZFdFYjhQbnNBVHNQa2lEMEhxb3ozZTdYcGNpTzllR2VBTS1LNHVSTko0eC1fT2Z0OFNCVkxGdTlTWVA1R01aME9pNUlGMlQtaDNrQQ?oc=5,Institucional,Imprensa Local,Geral / Não Especificado,busca_automatica,correta
2026-03-23,IF Baiano abre vagas para Professor de Matemática,Ache Concursos,https://news.google.com/rss/articles/CBMirgFBVV95cUxNeVlBQm9fMGhQLVRuc0tqNjF6MXdEWVdGWTdGZEJwMHJ4S1lPekpLWWJtV2NUVDdwcEYxN1I3anpkcTRTZ255Sjk0VU51R2FGRUZWc1ZTTk83WEpTVERlZjluM0VuUWxMUjdVRkRGS1RUT2M3T2I3TG1RSVpieWUtSF83VkxMS0o4R29NU2hJQV9QQmYyaWVScWJVbWNXUXV2MGo4bF9OS2tfSTVZaGfSAbMBQVVfeXFMT1VyMzhLdFcxdGV0Zm15RXdocVJEZklINWxBel9CM0NLREZERTh5Rm50eTQ4eWlYLWQzT1pyZ3EtaXF6NXhUSF95dVZRUlFjUHhKdDdyMldhT0l5Y0xYTnJ5TnAzWXV3b2lLZVZTRzh3Y3A1ZHgwWXBvVGVIOEpTdTRfdXRUdWhBeGRla0liUkRUM25BYTVhU3hPUmZUVE5KSlpPNlgyejZBVVJEaUY0Z0lRRG8?oc=5,Gestão e RH,Especializados (Nichos),Geral / Não Especificado,busca_automatica,correta
2026-03-23,Seleção professor substit uto,Ache Concursos,https://www.acheconcursos.com.br/concursos-bahia/processo-seletivo-if-baiano-vagas-professor-matematica-88910,Gestão e RH,Especializados (Nichos),Xique-Xique,curadoria_dicom,correta
2026-03-23,Mulheres rurais,IGuanambi,https://www.iguanambi.com.br/noticias/2026/03/23/evento-reune-cerca-de-100-mulheres-rurais-em-guanambi-e-fortalece-protagonismo-feminino-no-sertao/amp/,Institucional,Imprensa Local,Guanambi,curadoria_dicom,correta
2026-03-22,UFRB recebe visita de estudantes do IF Baiano – UFRB – Universidade Federal do Recôncavo da Bahia,UFRB,https://news.google.com/rss/articles/CBMiigFBVV95cUxNc3BHVG9lbFhlV2ttUjhRS2F3aEpkeTlUcXhXVE9adlUtZm9SRFFLUHUxV0UwQmpFLXZ4X0ZQSG91Z1I0WjZRNklNUWp5c3I4bThBTjY2NGhqS3Q0U2RiSTJrUnIzUWFoalRRSHNmcVpPTi04RnhmU1JHVjY2RjlYY1U0dmpmQ1lfZEE?oc=5&hl=en-US&gl=US&ceid=US:en,Ensino,Outras Instituições de Ensino,Geral / Não Especificado,busca_automatica,correta
2026-03-22,"IF BAIANO abre concurso para professor com salários de até R$ 8.058,29; saiba como se inscrever",O Tempo,https://www.otempo.com.br/emprego-e-concursos/2026/3/23/if-baiano-abre-concurso-para-professor-com-salarios-de-ate-r-805829-saiba-como-se-inscrever,Gestão e RH,Imprensa (Nacional),Geral / Não Especificado,curadoria_dicom,correta
2026-03-21,Prefeitura e IF Baiano firmam termos de compromisso durante a Sealba Alagoinhas,Prefeitura de Alagoinhas,https://news.google.com/rss/articles/CBMiwAFBVV95cUxPMTE0c280bjdxMGJ6RmJxcHdiUzdVaVJsNkpJdWk0TlJNaHc4djVvMkFnNXNQZFk0ajN2cUhncTFsRlBVVng0WFgyTU5wRDUyN2dZT25ma3ljUlRoTXhBN1dYNjJlRHJhX2JoXzM0d0dPaFRuQUZuTElXSEVQLS11N0xyLXhnMlRmNTltMV9IU00xYi1sdU8wc2d5dzJoWmVyWXMxSXExNkpYZTY3MzZOWUhBVjd4cjdHVlNqNFRzckI?oc=5&hl=en-US&gl=US&ceid=US:en,Institucional,Governamental,Alagoinhas,busca_automatica,correta
2026-03-21,Sealba 2026,Portal BA Knews,https://portalbanews.com.br/noticia/36861/prefeitura-e-if-baiano-firmam-termos-de-compromisso-durante-a-sealba-alagoinhas/amp,Institucional,Imprensa Local,Alagoinhas,curadoria_dicom,correta
2026-03-21,Sealba 2026,alagoinhas.ba.gov.br,https://www.alagoinhas.ba.gov.br/index.php/prefeitura-e-if-baiano-firmam-termos-de-compromisso-durante-a-sealba-alagoinhas/,Institucional,Governamental,Alagoinhas,curadoria_dicom,correta
2026-03-19,Prosel graduação,Agência Sertão,https://agenciasertao.com/2026/03/19/if-baiano-oferta-144-vagas-em-guanambi-para-reopcao-ou-transferencia-em-cursos-superiores/,Ensino,Imprensa Local,Guanambi,curadoria_dicom,correta
2026-03-19,Prosel graduação,Caetité Sensacionalista,https://caetitesensacionalista.com/if-baiano-oferta-144-vagas-em-guanambi-para-reopcao-ou-transferencia-em-cursos-superiores/,Ensino,Imprensa Local,Guanambi,curadoria_dicom,correta
2026-03-19,IF Baiano oferta 144 vagas em Guanambi para reopção ou transferência em cursos superiores,Agência Sertão,https://news.google.com/rss/articles/CBMixgFBVV95cUxPcHpkeGhHSGRpZlNaWUxfTzVYa01sYVpmOXdzZE1EcE9EZ3F0Njc5dlRqekNvTGp1XzBZTElnZmZiWklQMF82bUFta1dweC1RcTFzRXNKcjZKU2hjSGtqX3p5ZWhwd3c1a2pmaXU5SEVFdnpqLWt0b0k0Z3R0R1F0UXM4VlEyWlFtZV9yek44YzlJaFQ2dDlGaHV4YUJHNGNSMkplUmtDdVA0UVRWcl9JQ3dSY1YzSnQ0M3gxWFc4S0UxRFFpd2fSAcYBQVVfeXFMT3B6ZHhoR0hkaWZTWllMX081WGtNbGFaZjl3c2RNRHBPRGdxdDY3OXZUanpDb0xqdV8wWUxJZ2ZmYlpJUDBfNm1BbWtXcHgtUXExc0VzSnI2SlNoY0hral96eWVocHd3NWtqZml1OUhFRXZ6ai1rdG9JNGd0dEdRdFFzOFZRMlpRbWVfcnpOOGM5SWhUNnQ5Rmh1eGFCRzRjUjJKZVJrQ3VQNFFUVnJfSUN3UmNWM0p0NDN4MVhXOEtFMURRaXdn?oc=5&hl=en-US&gl=US&ceid=US:en,Gestão e RH,Imprensa Local,Guanambi,busca_automatica,correta
2026-03-19,Matrículas no Ensino técnico,Fala Você Notícias,https://www.falavoce.com.br/noticias/5099-2026/03/19/guanambi-se-destaca-no-ensino-tecnico-e-esta-entre-lideres-em-matriculas-no-nordeste,Ensino,Imprensa Local,Guanambi,curadoria_dicom,correta
2026-03-19,Sealba 2026,Plantão Bahia,https://www.plantaobahia.com.br/2026/03/programacao-da-sealba-alagoinhas-tera.html,Institucional,Imprensa Local,Alagoinhas,curadoria_dicom,correta
2026-03-18,Sealba 2026,bonfimdigital.com,https://bonfimdigital.com/noticia/20627/programacao-da-sealba-alagoinhas-tera-oficinas-do-if-baiano,Institucional,Imprensa Local,Alagoinhas,curadoria_dicom,correta
2026-03-18,Sealba 2026,Diga Notícias,https://diganoticias.com.br/noticia/182999/programacao-da-sealba-alagoinhas-tera-oficinas-do-if-baiano,Institucional,Imprensa Local,Alagoinhas,curadoria_dicom,correta
2026-03-18,Sealba 2026,Gazeta Bahia,https://gazetabahia.com.br/noticia/80942/programacao-da-sealba-alagoinhas-tera-oficinas-do-if-baiano/amp,Institucional,Imprensa Local,Alagoinhas,curadoria_dicom,correta
2026-03-18,Sealba 2026,N1 da Bahia,https://numero1dabahia.com.br/noticia/6992/programacao-da-sealba-alagoinhas-tera-oficinas-do-if-baiano,Institucional,Imprensa Local,Alagoinhas,curadoria_dicom,correta
2026-03-18,Sealba 2026,Resenha de noticias,https://resenhadenoticias.com.br/noticia/18762/programacao-da-sealba-alagoinhas-tera-oficinas-do-if-baiano,Institucional,Imprensa Local,Alagoinhas,curadoria_dicom,correta
2026-03-18,Sealba 2026,Âncora Notícias,https://www.ancoranoticias.com.br/noticia/63143/programacao-da-sealba-alagoinhas-tera-oficinas-do-if-baiano,Institucional,Imprensa Local,Alagoinhas,curadoria_dicom,correta
2026-03-18,Sealba 2026,Mustach,https://www.mustach.com.br/noticia/78946/programacao-da-sealba-alagoinhas-tera-oficinas-do-if-baiano,Institucional,Imprensa Local,Alagoinhas,curadoria_dicom,correta
2026-03-18,Sealba 2026,Noticias no Ar,https://www.noticiasnoar.com.br/noticia/106032/programacao-da-sealba-alagoinhas-tera-oficinas-do-if-baiano,Institucional,Imprensa Local,Alagoinhas,curadoria_dicom,correta
2026-03-18,Sealba 2026,Portal da Feira,https://www.portaldafeira.com.br/noticia/158195/programacao-da-sealba-alagoinhas-tera-oficinas-do-if-baiano,Institucional,Imprensa Local,Alagoinhas,curadoria_dicom,correta
2026-03-18,Sealba 2026,Portal Euclidense,https://www.portaleuclidense.com.br/noticia/82718/programacao-da-sealba-alagoinhas-tera-oficinas-do-if-baiano,Institucional,Imprensa Local,Alagoinhas,curadoria_dicom,correta
2026-03-17,Programação da Sealba Alagoinhas terá oficinas do IF Baiano,Prefeitura de Alagoinhas,https://news.google.com/rss/articles/CBMifEFVX3lxTE0wNTJPMkFXdkFnemZOYVNtY1l0UXpsaDJGYXNsbXo2emVoRDlvZE5YZGszOUVuWVJ3elVqZE1QR2twSEVXVjVPNDVGUmRyNjlxSHNMeGFFYnU1Qm1xRElvUlpmbnFlaExfaDBfSnAzOXJZRWVhTl84SGg4NFA?oc=5&hl=en-US&gl=US&ceid=US:en,Extensão,Governamental,Alagoinhas,busca_automatica,correta
2026-03-17,Sealba 2026,alagoinhas.ba.gov.br,https://www.alagoinhas.ba.gov.br/index.php/programacao-sealba-if-baiano/,Institucional,Governamental,Alagoinhas,curadoria_dicom,correta
2026-03-16,Sealba 2026,Bom dia Feira,https://bomdiafeira.com.br/sealba-2026-impulsiona-agronegocio-em-alagoinhas-confira-a-programacao/,Institucional,Imprensa Local,Alagoinhas,curadoria_dicom,correta
2026-03-16,Buracos na BR-349,Bom Jesus da Lapa Notícias,https://www.bomjesusdalapanoticias.com.br/bom-jesus-da-lapa/buracos-e-desniveis-na-br-349-geram-reclamacoes-de-motoristas-em-bom-jesus-da-lapa/,Institucional,Imprensa Local,Bom Jesus da Lapa,curadoria_dicom,correta
2026-03-13,SAMU adota sistema digital desenvolvido no IF Baiano,Tribuna da Bahia,https://news.google.com/rss/articles/CBMilwFBVV95cUxQY1ZfRFFYWHJ2eHI3RWI1MDBpMFVpbmxFdGZqR05EeVhyWGVQS3VWRVpYTVNVNEpNMXlhNHRCdGNjTFpaUjhsVExBX3RjR0NCakllYmZiMDdtYm9ueVRSeVZGcFE2bXV6R0IzdE1QenYwcDRBZWdHZVNPeUljdzh3czlDcnZqME5mdVV0NENGUUctT0kzbzd3?oc=5&hl=en-US&gl=US&ceid=US:en,Institucional,Imprensa Regional (Bahia),Geral / Não Especificado,busca_automatica,correta
2026-03-13,Sistema Integrado de Regulação e Urgência em Saúde - SIRUS,Tribuna da Bahia,https://www.trbn.com.br/materia/I150681/samu-adota-sistema-digital-desenvolvido-no-if-baiano,Institucional,Imprensa Regional (Bahia),Guanambi,curadoria_dicom,correta
2026-03-12,Novos campi de institutos federais,Folha de Matogrosso,https://folhadematogrosso.com.br/nacional/novos-campi-de-institutos-federais-ofertam-ensino-medio-integrado/,Institucional,Imprensa (Nacional),Santo Estêvão,curadoria_dicom,correta
2026-03-12,Novos campi de institutos federais,JB News,https://jbnews.com.br/novos-campi-de-institutos-federais-ofertam-ensino-medio-integrado/,Institucional,Imprensa Local,Santo Estêvão,curadoria_dicom,correta
2026-03-12,Novos campi de institutos federais,"Remanso, Ruy Barbosa, Santo Estevão",https://jornaldovale.com/novos-campi-de-institutos-federais-ofertam-ensino-medio-integrado/,Institucional,Imprensa Local,Santo Estêvão,curadoria_dicom,correta
2026-03-12,Novos campi de institutos federais,Leia Agora,https://leiagora.com.br/novos-campi-de-institutos-federais-ofertam-ensino-medio-integrado/,Institucional,Imprensa Local,Santo Estêvão,curadoria_dicom,correta
2026-03-12,Novos campi de institutos federais,Minuto MT,https://minutomt.com.br/educacao/novos-campi-de-institutos-federais-ofertam-ensino-medio-integrado/,Institucional,Imprensa Local,Santo Estêvão,curadoria_dicom,correta
2026-03-12,IF Baiano oferta 38 vagas para três cursos superiores em Guanambi,Agência Sertão,https://news.google.com/rss/articles/CBMipgFBVV95cUxPN1ZHWXlwUnJPTGJiWlFvUHY2NEx4RGp1ZFRrNXNaU1B4X3BlS3VFN3pneEJ3TURsZ2hsSjlmUVlxYkJvOEZQSzl6ckl5NFcwdUExNVJJMU02Q2Z4Y0JyQ0FBakNOanpQQ0NKSDZpX2pJb0I2NFM4T3BnUF90b3dFNVRjcjJORXdYNGRFOVMydUZITTA5TXViUHpKT0diS0VWT056Z3JR0gGmAUFVX3lxTE83VkdZeXBSck9MYmJaUW9QdjY0THhEanVkVGs1c1pTUHhfcGVLdUU3emd4QndNRGxnaGxKOWZRWXFiQm84RlBLOXpySXk0VzB1QTE1UkkxTTZDZnhjQnJDQUFqQ05qelBDQ0pINmlfaklvQjY0UzhPcGdQX3Rvd0U1VGNyMk5Fd1g0ZEU5UzJ1RkhNMDlNdWJQekpPR2JLRVZPTnpnclE?oc=5,Gestão e RH,Imprensa Local,Guanambi,busca_automatica,correta
2026-03-12,IF Baiano prorroga inscrições de curso preparatório gratuito até sexta (13),Panorama da Bahia,https://news.google.com/rss/articles/CBMiqAFBVV95cUxOdjkxZEtVb2xYajNsMHAyQnBUOXpoM1RzN3JfNEtYa0UwVDNyWEY3bkhwYS01RTZPS2hxRkthcVhBbHNmWmZpME5GOWJTaVQtd2FNMnRPenYzX3J4WUhHZTRRcUJTcmRUNHU4a2U5QmlTUGx6RFFMZFE2Y3h4aEwtZ2hWUHM0TEYzQjRZSVhoREVkNDhGellRQmVOTm1SM0Z3TjJXMnFpdV8?oc=5&hl=en-US&gl=US&ceid=US:en,Ensino,Imprensa Local,Geral / Não Especificado,busca_automatica,correta
2026-03-12,Novos campi de institutos federais,Notícia Marajó,https://noticiamarajo.com.br/educacao/novos-campi-de-institutos-federais-ofertam-ensino-medio-integrado/,Institucional,Imprensa Local,Santo Estêvão,curadoria_dicom,correta
2026-03-12,Novos campi de institutos federais,Novidades MT,https://novidadesmt.com.br/educacao/novos-campi-de-institutos-federais-ofertam-ensino-medio-integrado/,Institucional,Imprensa Local,Santo Estêvão,curadoria_dicom,correta
2026-03-12,Novos campi de institutos federais,Plantão News,https://plantaonews.com.br/novos-campi-de-institutos-federais-ofertam-ensino-medio-integrado/,Institucional,Imprensa Local,Santo Estêvão,curadoria_dicom,correta
2026-03-12,Novos campi de institutos federais,Radar Digital Brasília,https://radardigitalbrasilia.com.br/educacao/novos-campi-de-institutos-federais-ofertam-ensino-medio-integrado/,Institucional,Imprensa Local,Santo Estêvão,curadoria_dicom,correta
2026-03-12,Pós Graduação,Cacau chocolate e turismo,https://www.cacauechocolate.com.br/v1/2026/03/12/if-baiano-abre-inscricoes-para-especializacao-em-ciencia-e-tecnologia-de-alimentos-com-enfase-em-cacau-e-chocolate/,Ensino,Imprensa Local,Uruçuca,curadoria_dicom,correta
2026-03-12,Novos campi de institutos federais,Pontapora Informa,https://www.pontaporainforma.com.br/novos-campi-de-institutos-federais-ofertam-ensino-medio-integrado/,Institucional,Imprensa Local,Santo Estêvão,curadoria_dicom,correta
2026-03-11,Pós Graduação,Diga aí Feira,https://digaifeira.com.br/especializacao-em-ciencia-e-tecnologia-de-alimentos-com-enfase-em-cacau-e-chocolate-recebe-inscricoes-de-11-a-25-de-marco/,Ensino,Imprensa Local,Uruçuca,curadoria_dicom,correta
2026-03-11,Partiu IF 2026,Portal Massapê,https://portalmassape.com.br/if-baiano-prorroga-inscricoes-para-cursinho-preparatorio-gratuito-e-abre-vagas-para-estudantes-em-serrinha/,Ensino,Imprensa Local,Reitoria (Salvador),curadoria_dicom,correta
2026-03-10,Partiu IF 2026,Catu Notícias,https://catunoticias.com.br/noticia/429/if-baiano-prorroga-inscricoes-do-programa-partiu-if-ate-13-de-marco.html,Ensino,Imprensa Local,Reitoria (Salvador),curadoria_dicom,correta
2026-03-10,Partiu IF 2026,Diga Bahia,https://digabahia.com.br/if-baiano-prorroga-inscricoes-do-programa-partiu-if-ate-13-de-marco/,Ensino,Imprensa Local,Reitoria (Salvador),curadoria_dicom,correta
2026-03-10,Partiu IF 2026,Itabuna Acontece,https://itabunaacontece.com.br/com-vagas-em-urucuca-if-baiano-prorroga-inscricoes-para-curso-preparatorio/,Ensino,Imprensa Local,Reitoria (Salvador),curadoria_dicom,correta
2026-03-10,Partiu IF 2026,O Sistema é bruto,https://osistemaebruto.com.br/if-baiano-prorroga-inscricoes-do-programa-partiu-if-ate-13-de-marco/,Ensino,Imprensa Local,Reitoria (Salvador),curadoria_dicom,correta
2026-03-10,V Festival de Teatro Albertina Rodrigues,TV Cacau,https://tvcacau.com.br/noticia/festival-de-teatro-do-if-baiano-celebra-arte-educacao-e-homenageia-atriz-de-alagoinhas,Institucional,Imprensa Local,Alagoinhas,curadoria_dicom,correta
2026-03-09,Partiu IF 2026,Agência Sertão,https://agenciasertao.com/2026/03/09/if-baiano-prorrogou-inscricoes-do-partiuif-ate-13-de-marco/,Ensino,Imprensa Local,Reitoria (Salvador),curadoria_dicom,correta
2026-03-09,Partiu IF 2026,Conexão de Notícias,https://conexaodenoticias.com.br/if-baiano-prorroga-inscricoes-do-programa-partiu-if-ate-13-de-marco/,Ensino,Imprensa Local,Reitoria (Salvador),curadoria_dicom,correta
2026-03-09,Partiu IF 2026,FM News,https://fmnews.com.br/2026/03/09/if-baiano-prorroga-inscricoes-do-programa-partiu-if-ate-13-de-marco/,Ensino,Imprensa Local,Reitoria (Salvador),curadoria_dicom,correta
2026-03-09,Partiu IF 2026,G1 Bahia,https://g1.globo.com/ba/bahia/noticia/2026/03/09/if-baiano-prorroga-inscricoes-para-curso-preparatorio-gratuito-para-institutos-federais.ghtml,Ensino,Imprensa (Nacional),Reitoria (Salvador),curadoria_dicom,correta
2026-03-09,IF Baiano prorroga inscrições para curso preparatório gratuito para institutos federais,G1,https://news.google.com/rss/articles/CBMi2gFBVV95cUxQMGZsMmNBcmY4UmNIYTdRTFQ2WHdmT3JwWDJyeXhkcWpTeXd0UGRlZlh4RXBGbE11OE5MdzVvREJPNEFmelVTeVVpWVVaLXV1SFdEcnVXcWJpZ194ZVRPd3l5eDFlclRVWk1GNTFHYlBURnRMNFJRVzd4UnlwWUJINHNVd3AyVUVlM3hTYjdMbHI4VjJTVE12X3pTeTBIT1lPMjJKQlFoa0llZ0xudFF4OWExeUxiSUhmWUtZUUpOT3RPVHVGcUZEd25ZWmppd0hqMWxYQlVNWkt0Z9IB6AFBVV95cUxQb3doamlEWE93SVdVU1lmM3Nkb0JSSDJFY1dyRFBfSUZGV2NpSWhNblpNS1JXOFlUbEd4TkJjUTJsUFdkdHNFVFNROEw3dVE4NzVGRVJYc0pMS3RPRFVTZmo1RVdhX1RUeHVyUENmT1VMNXhjZjRqczd3T01IRVRBSXZlZERPNUdOcmFYSXhMUWlmNjUyQzNLUDVZWmlhRTlSOENPdFRxQms0MDZ0NkNIdDM5VFhua0xzVm5yZmU4bDZMTkJRMGpyMXNMaXpQTG1IYlB5MEw1QWpDSHl0NDZMWW01Zmt0ang2?oc=5&hl=en-US&gl=US&ceid=US:en,Ensino,Imprensa (Nacional),Geral / Não Especificado,busca_automatica,correta
2026-03-09,IF Baiano prorroga inscrições para curso preparatório gratuito,Se Ligue Bahia,https://news.google.com/rss/articles/CBMingFBVV95cUxOelFfRUZPOU5YWWRUbVBSc0hMVGI3eHdxSG0tY1ZJZkZLRDgwdUVXeURORnFsdVdHdGItd01wa3BGSVVrTURfdVp3U19UTHFjTF9HN0VXSk8yY3RrUHNqQVNPQ2VNUHJ6bHhTNVVKcFRndXpTYlpqMzFjd3lFdHJWaU5nWmxrbk9jVUxUMVBvcDhxQ3dMX2dmcmoxeFlmUQ?oc=5,Ensino,Imprensa Local,Geral / Não Especificado,busca_automatica,correta
2026-03-09,IF Baiano prorroga inscrições para curso preparatório gratuito aos IFs - iBahia,iBahia,https://news.google.com/rss/articles/CBMiugFBVV95cUxQX2FzRUtfUlFKN09UQ1AzTHlWR1dJRzM3c2hhNGtQbDhlb3NIeDdNMFg2M3hFbllxZm1zWlJoYmtEZEJNX2MzNlI4SVkxdFVOSHpkTFpXQTQ3RV81bmNVQjlxRlp4VTY3WDhMQ3RFUldfbjFWX29meElINEQ3dWxIeUFOZm9aUThzQS03NTM3cnN4Mk1VU3V0UVphT2lDeUFqQlREMXhPU09YQjhmcGVfVTBPYi1TTmo0emfSAcIBQVVfeXFMUFJ4UlJvVkVnbG9DbFpLQ2lqS21LNlh4Q1lDUGRJZlNTWWJ5NmRKUHNlSFVsdTFUVU9UcjdfczcxVUs5MXdpS1AwOXVlTlBGTDBLd1lWcWlrS282ZFpaYTdrcDBqblB6VXIzcFk3MzgwOE1HUVpxZmNyWWNxY2oxaWZ2TzFRYVJWaW9tek1RNjZnZmNuWlgwQWEwVTU0Z3J3aUxHajYyTC1ObWlWMEd3UkVKbGpvNzY4Smhrbmw0LWRuUnc?oc=5&hl=en-US&gl=US&ceid=US:en,Ensino,Imprensa Regional (Bahia),Geral / Não Especificado,busca_automatica,correta
2026-03-09,Partiu IF 2026,Panorama da Bahia,https://panoramadabahia.com.br/if-baiano-prorroga-inscricoes-de-curso-preparatorio-gratuito-ate-sexta-13/,Ensino,Imprensa Local,Reitoria (Salvador),curadoria_dicom,correta
2026-03-09,Partiu IF 2026,Pimenta Blog,https://pimenta.blog.br/2026/03/09/com-vagas-em-urucuca-if-baiano-prorroga-inscricoes-para-curso-preparatorio/,Ensino,Imprensa Local,Reitoria (Salvador),curadoria_dicom,correta
2026-03-09,Partiu IF 2026,Se ligue Bahia,https://seliguebahia.com.br/bahia/if-baiano-prorroga-inscricoes-para-curso-preparatorio-gratuito/,Ensino,Imprensa Local,Reitoria (Salvador),curadoria_dicom,correta
2026-03-09,Partiu IF 2026,iBahia,https://www.ibahia.com/noticias/educacao/if-baiano-prorroga-inscricoes-para-curso-preparatorio-gratuito-aos-ifs-363107?_=amp,Ensino,Imprensa Regional (Bahia),Reitoria (Salvador),curadoria_dicom,correta
2026-03-09,Partiu IF 2026,Folha do Estado,https://www.jornalfolhadoestado.com/educacao/if-baiano-prorroga-inscricoes-do-programa-partiu-if-ate-13-de-marco,Ensino,Imprensa (Nacional),Reitoria (Salvador),curadoria_dicom,correta
2026-03-09,Partiu IF 2026,Política in rosa,https://www.politicainrosa.com.br/tag/programa-partiu-if/,Ensino,Imprensa Local,Reitoria (Salvador),curadoria_dicom,correta
2026-03-07,Partiu IF 2026,Sua Cidade em revista,https://suacidadeemrevista.com.br/noticia/47381/cursos-tecnicos-do-if-baiano-com-inscricoes-abertas-em-marco-em-5-unidades-itaberaba-catu-alagoinhas-teixeira-de-freitas-e-serrinha,Ensino,Imprensa Local,Reitoria (Salvador),curadoria_dicom,correta
2026-03-06,Prosel cursos EaD,Alerta Bahia,https://alertabahia.com.br/parceria-entre-prefeitura-de-iuiu-e-if-baiano-abre-vaga-para-cursos-de-formacao-tecnica-gratuita/,Ensino,Imprensa Local,Guanambi,curadoria_dicom,correta
2026-03-06,Sistema Integrado de Regulação e Urgência em Saúde - SIRUS,Sertão Hoje,https://www.sertaohoje.com.br/noticias/23188-2026/03/06/sistema-desenvolvido-pelo-if-baiano-moderniza-regulacao-medica-do-samu-em-guanambi,Institucional,Imprensa Local,Guanambi,curadoria_dicom,correta
2026-03-05,Sistema Integrado de Regulação e Urgência em Saúde - SIRUS,HR Bahia,https://hrba.com.br/samu-de-guanambi-comeca-a-utilizar-sistema-criado-pelo-if-baiano-para-tornar-o-atendimento-mais-rapido-e-digitalizado/,Institucional,Imprensa Local,Guanambi,curadoria_dicom,correta
2026-03-05,Apoio para Expedição científica,Luciano Reis Notícias,https://www.lucianoreisnoticias.com.br/2026/03/05/estudantes-do-if-baiano-buscam-apoio-para-expedicao-cientifica-na-argentina/,Pesquisa,Imprensa Local,Alagoinhas,curadoria_dicom,correta
2026-03-02,Partiu IF,Baixo Sul em pauta,https://baixosulempauta.com.br/if-baiano-abre-selecao-para-contratar-apoio-pedagogico-no-programa-partiu-if-2026/,Ensino,Imprensa Local,Reitoria (Salvador),curadoria_dicom,correta
2026-03-01,Concurso IF Baiano: inscrições prorrogadas para Professor!,Estratégia Concursos,https://news.google.com/rss/articles/CBMicEFVX3lxTE5tZXZvMDZvX2prM1ZBS1NQSE5EZVJaUThZSWhzMW1jdEx2VFhIbGdDSy1yNklFMlk4Q3B0a2RhQ0dRUlJTMTUxNlJhekhIUkFNclhGNWFIb2pMMk1vbF9peFQ1dThGSkdBMk5ESE9XMHLSAXZBVV95cUxONGxyOHJDQWNvSERBOHY0NS1ROGJHbVlsRy16cnk5ellHeUdBSmQ5cHJ5RHNrcFpTY3RyamQ2bFJyb2ZrTkQwQS1tZXJtSkRkM0lZcEpfbXFXVG1majcyR1J3OS1EYkRtR1Y0amtJTXZOVjJ0THJR?oc=5,Gestão e RH,Especializados (Nichos),Geral / Não Especificado,busca_automatica,correta
2026-03-01,IF Baiano abre vagas para professores substitutos em Valença - iBahia,iBahia,https://news.google.com/rss/articles/CBMipwFBVV95cUxNSWt6bnN5R0RONVIzNUhkbHAtMnNJU2pzUXFsOFJLSjNHQkRlOGd0NFpfOWUtQzBwN0dGckN5ZFQ0aVJyVkNRLUFFZWZwTEhyUlV1X2JyMVZHb1JkRE5TY0ktU1hFd2dpUW1maEZaLUs4Nnd4dm5JODdMRnNxX2gweUFCSlZyYmU2U1N0dktTbWNON09adktsOEhZUUdaMEJtYnFPZ3lhQdIBrwFBVV95cUxPRDNIVTVvNU93bDJZRVM2cmREQ0Rfc1pxMThmMDZfdzMwRl9zRF9FUU1wZWUzMXRWVzlBeDlPUURQWnRid010VHNnS0R6ekdsTDVNSzVqSThzRS1DWWhjRVUzeUEtNHRhY3JkeDY0MXNqaEZYX2U0THFDcEFnS0ZGZ1pDaVZZcENEem1HYVI0Nng0LTNxaEtNaWw1TUN6ZXBQWm9qLXRaSHRzNWNOQTBv?oc=5&hl=en-US&gl=US&ceid=US:en,Gestão e RH,Imprensa Regional (Bahia),Valença,busca_automatica,correta
2026-02-28,Partiu IF 2026,Bahia na Política,https://bahianapolitica.com.br/inscricoes-prorrogadas-ate-6-de-marco-para-o-programa-partiu-if/,Ensino,Imprensa Local,Reitoria (Salvador),curadoria_dicom,correta
2026-02-28,Partiu IF 2026,FM News,https://fmnews.com.br/2026/02/28/if-baiano-esta-com-inscricoes-abertas-para-cursinho-preparatorio-com-bolsa-auxilio-mensal/,Ensino,Imprensa Local,Reitoria (Salvador),curadoria_dicom,correta
2026-02-28,Partiu IF 2026,Acorda Cidade,https://www.acordacidade.com.br/educacao/inscricoes-prorrogadas-ate-6-de-marco-para-o-programa-partiu-if/,Ensino,Imprensa Regional (Bahia),Reitoria (Salvador),curadoria_dicom,correta
2026-02-28,Partiu IF 2026,TV ALBA,https://www.youtube.com/watch?v=94Yqj580D1E,Ensino,Imprensa Local,Reitoria (Salvador),curadoria_dicom,correta
2026-02-26,Partiu IF 2026,Agência DC,https://agenciadc.com/if-baiano-abre-560-vagas-para-o-partiu-if-2026-com-bolsa-auxilio-mensal-2/,Ensino,Imprensa Local,Reitoria (Salvador),curadoria_dicom,correta
2026-02-26,Partil IF 2026,Bahia Cotidiano,https://bahiacotidiano.com/1203/if-baiano-disponibiliza-560-vagas-e-bolsa-auxilio-para-o-programa-partiu-2026/49/,Institucional,Imprensa Local,Reitoria (Salvador),curadoria_dicom,correta
2026-02-26,Partil IF 2026,Cerrado em Foco,https://cerradoemfoco.com.br/2026/02/26/if-baiano-abre-inscricoes-para-560-vagas-em-curso-preparatorio-gratuito-para-institutos-federais/,Institucional,Imprensa Local,Reitoria (Salvador),curadoria_dicom,correta
2026-02-26,Partiu IF 2026,Ipirá City,https://ipiracity.com/if-baiano-oferta-560-vagas-distribuidas-em-14-campi-em-municipios-baianos/,Ensino,Imprensa Local,Reitoria (Salvador),curadoria_dicom,correta
2026-02-26,Partiu IF 2026,Fala Você Notícias,https://www.falavoce.com.br/noticias/4606-2026/02/26/instituto-federal-baiano-abre-560-vagas-em-cursinho-gratuito-para-institutos-federais,Ensino,Imprensa Local,Reitoria (Salvador),curadoria_dicom,correta
2026-02-25,Partiu IF 2026,Aratu On,https://aratuon.com.br/educacao/if-baiano-oferece-560-vagas-com-bolsa-de-r-1-600-para-alunos-confira/,Ensino,Imprensa Regional (Bahia),Reitoria (Salvador),curadoria_dicom,correta
2026-02-25,Partiu IF 2026,A Tarde,https://atarde.com.br/educacao/if-baiano-abre-vagas-para-curso-preparatorio-gratis-com-bolsa-auxilio-1380838,Ensino,Imprensa Regional (Bahia),Reitoria (Salvador),curadoria_dicom,correta
2026-02-25,Partiu IF 2026,Bahia Econômica,https://bahiaeconomica.com.br/wp/2026/02/25/if-baiano-abre-560-vagas-para-curso-preparatorio-gratuito-do-partiu-if-na-bahia/,Ensino,Imprensa Local,Reitoria (Salvador),curadoria_dicom,correta
2026-02-25,Partiu IF 2026,Bahia na Política,https://bahianapolitica.com.br/if-baiano-esta-com-inscricoes-abertas-para-cursinho-preparatorio-com-bolsa-auxilio-mensal/,Ensino,Imprensa Local,Reitoria (Salvador),curadoria_dicom,correta
2026-02-25,Partiu IF 2026,Campo Formoso Notícias,https://campoformosonoticias.com.br/2026/02/if-baiano-abre-560-vagas-para-curso-preparatorio-gratuito-com-bolsa-auxilio-de-r-16-mil/,Ensino,Imprensa Local,Reitoria (Salvador),curadoria_dicom,correta
2026-02-25,Partiu IF 2026,Cleriston Silva,https://cleristonsilva.com/index.php?id_navegue=2&id_blog=32033,Ensino,Imprensa Local,Reitoria (Salvador),curadoria_dicom,correta
2026-02-25,Partiu IF 2026,Conectado News,https://conectadonews.com.br/if-baiano-esta-com-inscricoes-abertas-para-cursinho-preparatorio-com-bolsa-auxilio-mensal/,Ensino,Imprensa Local,Reitoria (Salvador),curadoria_dicom,correta
2026-02-25,Partiu IF 2026,Diário do Estado,https://diariodoestadogo.com.br/inscricoes-abertas-if-baiano-oferece-560-vagas-em-curso-preparatorio-partiu-de-na-bahia-624962/,Ensino,Imprensa Local,Reitoria (Salvador),curadoria_dicom,correta
2026-02-25,Partiu IF 2026,G1,https://g1.globo.com/ba/bahia/videos-jornal-da-manha/video/if-baiano-abre-inscricoes-para-560-vagas-em-curso-preparatorio-gratuito-14377372.ghtml,Ensino,Imprensa (Nacional),Reitoria (Salvador),curadoria_dicom,correta
2026-02-25,Partiu IF 2026,Ipirá Notícias,https://ipiranoticias.com/bahia/118069/if-baiano-abre-560-vagas-para-o-partiu-if-2026-com-bolsa-auxilio-mensal/,Ensino,Imprensa Local,Reitoria (Salvador),curadoria_dicom,correta
2026-02-25,Partiu IF 2026,Jequié Repórter,https://jequiereporter.com/if-baiano-abre-40-vagas-em-curso-preparatoria-para-ensino-profissional/,Ensino,Imprensa Local,Reitoria (Salvador),curadoria_dicom,correta
2026-02-25,"IF Baiano abre 560 vagas para curso preparatório gratuito com bolsa-auxílio de R$ 1,6 mil",Jornal Correio,https://news.google.com/rss/articles/CBMi1AFBVV95cUxNbGdSMjFMY0Exa2RFRWZtM2FBQy01a3lpUXozZDk5YlFadnhNNVYxSUR3YUQxdV9NXzl5aUQ0d3pHcmlpTkJXamhVN25vSnIzLTVqTUlBVEc3MlpfQklZQ2ZINUVxZWotY0pqY2UtRkdPUDhUUEpPZUFpMkoxT1lpVjhTeU9Dc0RMRmpvUFJPZXpJbmdfX1dqMFJNRmswRmljamtjeDRxWWxXN0xCSWhzSms0MHNzUmQzVlgtNEk1QjJjdm0tSzlmcVVuUW1yUnoyT3RMQg?oc=5,Gestão e RH,Imprensa Regional (Bahia),Geral / Não Especificado,busca_automatica,correta
2026-02-25,IF Baiano abre vagas do Partiu IF e oferta 40 oportunidades em Bom Jesus da Lapa,Notícias da Lapa,https://news.google.com/rss/articles/CBMi2AFBVV95cUxPbWNIb2hKaDF6Q0YyTGZnVFZTbjdBXzJfSHg1aU1DRmFackZzT3o3MjY2YTdGdTl1eWYtTlR2MXhoXzd4QW5YeEk2cWZ2bnlzTGpab2ktbHoyUVdqTjlBd254ejAyUDNNU0dEM2tZOWxpUTVUVFZzNEVEa2htdG54NlA0ZjdxZHdFZ2VTUlpkTEppemlWaVJLWVRnbTNhcFIzWlhGVE1pVFI2bTNOLTdDTThTV3ZaZWVEOEZtc2JXRnJtTGNka1NSZm5iU3RRaGw0M045M2FkbWY?oc=5&hl=en-US&gl=US&ceid=US:en,Gestão e RH,Imprensa Local,Bom Jesus da Lapa,busca_automatica,correta
2026-02-25,IF Baiano abre inscrições para 560 vagas em curso preparatório gratuito para institutos federais,G1,https://news.google.com/rss/articles/CBMi8wFBVV95cUxQSGpJNVcyUXVTdzhJc2F6aWozZ1BUU2F6QV9kTjBiZjBjRzBGU3ozUkRNUmFDN2Q5MHFqT3IwM3ZnaHhwLXVrSTd3VklnQlROdUZJQ2lHaFoyNGU1am9lM0FpVWdOSF9IX0NDTHVkUmFvN2pQSDJNajd2eEVGemdDWFozTHVNNkdvS3JRaFdEenRmNW9MbUhITU5ROFg2ZGZUSUJYNWZaU1FNTXFzbjczS2tVMHhHdzV6ampKYTZKT2ZrdUJpUGVLb3NaYWtaWnBSeEJYd0RUYmZkM0JZaW9CdUdYYUltcUxIMDI5dmxXWnVGcWPSAYICQVVfeXFMUHE5Y1FKcS12aVBoZHo1OGx2c2l1RnVTT1JfSTlEbGhwX3NialRYMFRLTmNuek1EenluVjMyeHRhN21FTFBOc0xFMzJ2Z2d0d3dZOXRoWmZFR3FFRHp5NUZCanJMcTltWExoTF90bWxmRndJc1NmWTh1ZVNPNl9YejJtdTdrNXNQNWxWVjFqZTZ5cWRqZkx1bHozMlF6MDJTRDdVWHJjeGUyaXM1S0NaLXBXbGJEamxRLUZGalVrN18zNUZLQlpiNUxFdWFxdVJ0Rksxa3RKb0wyLXVheGJkSWxaeE1GWUZ6eFlzMzBTUkltUXFVdEpDRGpqNXphandkRm5R?oc=5,Gestão e RH,Imprensa (Nacional),Geral / Não Especificado,busca_automatica,correta
2026-02-25,IF Baiano está com vagas abertas para curso preparatório; alunos ganham auxílio para custear transporte e ali…,Bnews,https://news.google.com/rss/articles/CBMihAJBVV95cUxNZ0hFRmRlRVVobTA4OFFuLTNWOF9Ea1FRUXpfQ25BeEZ3MzU5bldZd1JTLTcxeGRaQldyYXhqWVh0WU80WUZoY0ZPcV9xNUdyN1Z6TzVvak4teWtmTVV1aUUtQkFIODd1cTJXTGQ0RGRiMnpJSkZ1SjNiOHNodUx6V1dPNEpRLWdCZEdzbzQ0M3ZncmRNRDhwZmYyc24yUWl6a1NHVVkwbDR5cy1CLVJ3aXZHVHNPdC1fX3F4VE5Za05UQ0xleVNaM3REeHlPVG5kbmhMd1FNRFA2TjJlU1dua3BiSEtKYjJxcGdZVTdZcFo3RlFXNW5WUlJWelhPZXlhNVpyRdIBigJBVV95cUxPYUJTRTQ5aXVNS3hhRUZ2cDlxZHZ0bFNTMHI0WmhvaGdkeUxNTm5xWEdDT20ycU1VTEdjVXdOYnlLeEMyRXFQajZSUEF4SlQ1LWtsLVBiTkJsc2dpclpMR3E4eWJLTmo0bnZBNDJwMV9UM3dlRXhYaFctUTBRdEN0VWhHU3VjRnprMnBhSEYwMlNaaHR5MW1fUjVhM3JhYURVZlpCVWh4Uldza2NneHlTV3RqaUVUQXNDZklzZWpzazZTU2NtY2lqaU9saGE5YkRBUkxfYkc4cWg4WDVHVTUzcDFHZnM1MDNlaG1jT2x2VTFSN3NNQnlERFJCVlNsUjZPQndCT25aWHViUQ?oc=5,Gestão e RH,Imprensa Regional (Bahia),Geral / Não Especificado,busca_automatica,correta
2026-02-25,"IF Baiano oferece 560 vagas em curso gratuito com bolsa de R$ 1,6 mil",Panorama da Bahia,https://news.google.com/rss/articles/CBMioAFBVV95cUxNVUhsaTBVdjhQNWNLbXhNdmNNTS05dk9VM3p2U0lIN0xHTm1aYkNBZ1J6ZVVmQ2dpUFBrdUhPVHRGMC0wbHFGbkdqeXhDdGc0Wl84bzZYUG5QR1Y0Ml9kTXJnekl6Wm9XdTVpa2dLVnlwZzdpbTdiVUtER2lkUFRTWXRKdnlNSGtCMERzaVYwNW1mbVQxNnNCRUN4cTFTR25K?oc=5,Gestão e RH,Imprensa Local,Geral / Não Especificado,busca_automatica,correta
2026-02-25,IF Baiano abre 560 vagas em curso preparatório gratuito; veja como participar,Aratu On,https://news.google.com/rss/articles/CBMiowFBVV95cUxNeFJuSDd1VHRuR3BjLThoRmQ5LXZuYzlYLWhsdmxGN1pHTXN6Qzh1NWhTMFFGWk45Zjhrby14S1JNQXdoZ3lnLW16dURYYWlMNjZ1eVFqVDl6cGtmX2hUOU90M21ZWGJ4YmIwbUN0bmVndS1QX0JDMFNuUE1RQVRZZUlNRlYyOF9KVk0yTElDVkF3ZnZ2TW9xZGRTalN1cjFDckU0?oc=5,Gestão e RH,Imprensa Regional (Bahia),Geral / Não Especificado,busca_automatica,correta
2026-02-25,IF Baiano abre vagas para curso preparatório grátis com bolsa auxílio,A TARDE,https://news.google.com/rss/articles/CBMirAFBVV95cUxOQUdPai1NUE1QMG5FMXFmT0hXU2h2RG1wT3ZkUDl2Yzdia3BxVmcyT1dWQkNtTkNicEc3ZXUxOFJjcjQ0clNMZldpSVVQRDVpVGVDX3FZRlM4MW1kWW9ZazgzQ0NKeEpTWVlhUlhPMk93eTJHMUlEc01NRERjYlBzclVhU1FRaFZxUXZpam05dnJBMVpkbVF0aElSbjZGeWIyS0Y2MTkzZTdQbXl00gG0AUFVX3lxTFBDeVNqVUtRa3UzMlM2X1ZtdUstZ1QwN3ZHTmZQYk9lZzlBWEFFcHI2Wk5SRXFLeDdSZXIwa0xDUzR6amd6emZyMjlxWHdFOFJGTDl6QmY2aTFoTFBEV0hULTZic2dWT3JqRTRKdTlKV0JWWnZXMktsU0pNZnFnQzF2ZDFaVkxDdmNPS1lGU25IQXRjSXNFTUZVRkdtOC1zajRDOTJER0xZdV9JVUxLUHRTZ0Jjdg?oc=5,Gestão e RH,Imprensa Regional (Bahia),Geral / Não Especificado,busca_automatica,correta
2026-02-25,IF BAIANO ABRE 560 VAGAS PARA CURSO PREPARATÓRIO GRATUITO DO PARTIU IF NA BAHIA -,- Bahia Economica,https://news.google.com/rss/articles/CBMiwgFBVV95cUxOdFhVRDVVbGVaZW8zamNCOGJnTF9RTlFPbG5LZG9BdE92SkJKaC1vZTRxUEE2VnlTQmtvZDFRVUtnWVVpbk1xZ29mRmM5VU1vWm4yeGVOU3E5SHNKV3lxYW91R1NRQnBoNUMwZXV2V0tlRTRBTXZlSVVBc214RDg3SzRzQk9oNlY5b0k2aFVKZ0p0ZTBoUUdGdzZLbWxZcWxKdUtMeVZQenc2Z0thVjFuQzFPMTB3VU80RTBuQ243UFh3QQ?oc=5,Gestão e RH,Imprensa Local,Geral / Não Especificado,busca_automatica,correta
2026-02-25,IF Baiano abre inscrições para o Partiu IF 2026 com 560 vagas além de bolsa-auxílio,Acorda Cidade,https://news.google.com/rss/articles/CBMiwwFBVV95cUxQRHk2Q2tWNnZoMHE2LTlRODNEdEZTMXNCTnpjenN1d18zSGJtSmVOZHpnYkhRV2tHMFBKeXVBWWp4YUk4Sm1xMjJMOXk3TzB6SEpQYlFKTjVLQWZsb3lmLUhQVWhYREkwX3lzYnliZ2tPUEZKLUJaWUh3am54SHRXNHk3U0pkZEh0VDNJdWJvRFE5cVFtUTBHRkl5dDNpUzdQZlpsMHlxTFk4Tko3NmpEQ29RUHJXbTBJUklmdHV4cW5jcFk?oc=5,Gestão e RH,Imprensa Regional (Bahia),Geral / Não Especificado,busca_automatica,correta
2026-02-25,Partiu IF 2026,Notícias da Bahia,https://noticiasdabahia.com.br/curso-gratuito-if-baiano-abre-560-vagas-com-bolsa-auxilio/,Ensino,Imprensa Local,Reitoria (Salvador),curadoria_dicom,correta
2026-02-25,Partiu IF 2026,Panorama da Bahia,https://panoramadabahia.com.br/if-baiano-oferece-560-vagas-em-curso-gratuito-com-bolsa-de-r-16-mil/,Ensino,Imprensa Local,Reitoria (Salvador),curadoria_dicom,correta
2026-02-25,Partiu IF 2026,Pimenta Blog,https://pimenta.blog.br/2026/02/25/urucuca-if-baiano-abre-40-vagas-em-curso-preparatorio-para-ensino-profissional/,Ensino,Imprensa Local,Reitoria (Salvador),curadoria_dicom,correta
2026-02-25,Partiu IF 2026,Portal Aílton Pimentel,https://portalailtonpimentel.com/if-baiano-abre-560-vagas-para-curso-preparatorio-gratuito-do-partiu-if-na-bahia/,Ensino,Imprensa Local,Reitoria (Salvador),curadoria_dicom,correta
2026-02-25,Partiu IF 2026,Portal Espaço Aberto,https://portalespacoaberto.com.br/if-baiano-abre-560-vagas-para-o-partiu-if-2026-com-bolsa-auxilio-mensal/,Ensino,Imprensa Local,Reitoria (Salvador),curadoria_dicom,correta
2026-02-25,Partiu IF 2026,Portal Umbu,https://portalumbu.com.br/if-baiano-abre-inscricoes-para-cursinho-preparatorio-gratuito/,Ensino,Imprensa Local,Reitoria (Salvador),curadoria_dicom,correta
2026-02-25,Partiu IF 2026,Siga a Notícia,https://sigaanoticia.com.br/if-baiano-abre-vagas-em-teixeira-de-freitas-para-curso-preparatorio-gratuito-com-bolsa-auxilio/,Ensino,Imprensa Local,Reitoria (Salvador),curadoria_dicom,correta
2026-02-25,Partiu IF 2026,Taktá no ar,https://takta.com.br/municipios/if-baiano-abre-560-vagas-para-curso-preparatorio-gratuito-na-bahia/,Ensino,Imprensa Local,Reitoria (Salvador),curadoria_dicom,correta
2026-02-25,Partiu IF 2026,Bahia Notícias,https://www.bnews.com.br/noticias/economia-e-mercado/if-baiano-esta-com-vagas-abertas-para-curso-preparatorio-alunos-ganham-auxilio-para-custear-transporte-e-alimentacao.html,Ensino,Imprensa Regional (Bahia),Reitoria (Salvador),curadoria_dicom,correta
2026-02-25,Partiu IF 2026,Notícias da Lapa,https://www.bomjesusdalapanoticias.com.br/bom-jesus-da-lapa/if-baiano-abre-vagas-do-partiu-if-e-oferta-40-oportunidades-em-bom-jesus-da-lapa/,Ensino,Imprensa Local,Reitoria (Salvador),curadoria_dicom,correta
2026-02-25,Partiu IF 2026,Contas FM,https://www.contasfm.com.br/if-baiano-abre-560-vagas-gratuitas-em-curso-preparatoria-para-ensino-profissional/,Ensino,Imprensa Local,Reitoria (Salvador),curadoria_dicom,correta
2026-02-25,Partiu IF 2026,Correio,https://www.correio24horas.com.br/minha-bahia/if-baiano-abre-560-vagas-para-curso-preparatorio-gratuito-com-bolsa-auxilio-de-r-16-mil-0226,Ensino,Imprensa Regional (Bahia),Reitoria (Salvador),curadoria_dicom,correta
2026-02-25,Partiu IF 2026,Mídia Recôncavo,https://www.midiareconcavo.com.br/destaque/107687/if-baiano-abre-inscricoes-para-560-vagas-em-curso-preparatorio-gratuito-para-institutos-federais/,Ensino,Imprensa Local,Reitoria (Salvador),curadoria_dicom,correta
2026-02-24,SNCT,G1,https://g1.globo.com/ba/feira-de-santana-regiao/noticia/2026/02/24/semana-de-ciencia-e-tecnologia-em-alagoinhas.ghtml,Institucional,Imprensa (Nacional),Alagoinhas,curadoria_dicom,correta
2026-02-24,Vagas limitadas – IF Baiano abre nova turma do curso técnico em Vendas para Ribeira do Pombal,Portal Alerta,https://news.google.com/rss/articles/CBMi3gFBVV95cUxOMVJrWHozUzdKRHp2VHdjaXBOTnEwc1B4bDRBTGdrLXgxZVBhMjBGRi1rZ2cyWHdwWm1RbGlOSmdIV1FKRkxUMXlMLThldC1RUHQySUxmSWpBRDdMOEphR3BLSzJ4X3FSSExzYk5lQWloaUVYREFxQlFxczhxSkJJWDlhVWc1T0J3UnBBWnNnVUhVMTEycFFPUGE4ZTlxOW4zYUJaai10NzhEX251RDRwcUZxUmROMWRaem1QZjZpZDZqYy16bkx2MVB6dUg5VDJxalhRVHZzQ2ZZNVpfY1E?oc=5&hl=en-US&gl=US&ceid=US:en,Gestão e RH,Imprensa Local,Ribeira do Pombal,busca_automatica,correta
2026-02-24,IF Baiano está com inscrições abertas para cursinho com bolsa-auxílio,Tribuna da Bahia,https://news.google.com/rss/articles/CBMirwFBVV95cUxQdG1fV19pa3pvblVCamQ2dC1DU0hVdmUzeXhXMzlwQWFFWXRLSjlLNFVrWjNrYml1a1VMdXJISWtfZmFaZTRZYURteEFkMHZ2SHVydl9YeTFyTVY3SnJ2am5jVXp1TjNsZWVxSGREQ01KMlU2bW9DS3FCZkpZMWtPQnEtRlhzQTVScXBGdG5MY0tYY0hEZnhkZGlET0FWelhNMUJZYzAzN3FaSzFscF9r?oc=5,Ensino,Imprensa Regional (Bahia),Geral / Não Especificado,busca_automatica,correta
2026-02-24,IF Baiano promove Semana de Ciência e Tecnologia com palestras e oficinas em Alagoinhas; veja programação,G1,https://news.google.com/rss/articles/CBMiuAFBVV95cUxPSzJtdnJXaWxheE9Gdzc3SUN4M0V2NnNQQnZyT0FubU1tRjkwUWlNRU1YU0RPQ2hxcFUwbXY4dW1YaXdEWUJlbWp0TGdpTndqOWRSQWdSUkdsWXBrU0pDMTc0V0lGa2YtZ3dtMzNDUVFVd2RxLXF2Q1h2RG45U2pRSTNOYjBGLTQ1T043TXRNZi1wdW5MWjI5QjhickJJakJjekNNR3ZmMlVnRVVwRHdybkxmNEFxb1Fa0gHHAUFVX3lxTFBIYm03Yy1odUdTb0ExUmIzZlpnRGRBTjRUUXMya3R5MndZQWdxbEJEV2gxZnJSY2JnZ0Iwb0l4S3JvNkszY3FuUC1rcFh6d2xob3VXMkZzVkdNdU9EN1VlMVJiX25GWThIdmVGb0JMUjM2cDZNWF9EWThKVV9aYUxidFBiVkhIdDJWcmJ0V1pZa093RmxpWEZteV9SbHpkRjRnODZsN1hlVS10ZjRNQmtEdkxKUkcyUDEzSGRneUZYcmVVOHZOMHM?oc=5&hl=en-US&gl=US&ceid=US:en,Pesquisa,Imprensa (Nacional),Alagoinhas,busca_automatica,correta
2026-02-23,IF Baiano abre seleção do Programa PartiuIF com bolsas mensais,SulBahiaNews,https://news.google.com/rss/articles/CBMimwFBVV95cUxOQUE2aHVsUlBXRW5MME4tdW9INzdIUXh4ZHFvSHFfMVRlVHNBZ3R6ay1xdlhLSDJfQ25ZTmNoMEIwVFRMcVN0MzJUZFBpSm5oNWVTbEtWWTdXNm5hdkVBbHhxU21jRTVxNlFhVjRPUVZqVm5BN3hNZEZSZ05nc2piOGw0ZTk5X2NybndwdmV3c1pWX2dLU2UxbDU1MA?oc=5&hl=en-US&gl=US&ceid=US:en,Gestão e RH,Imprensa Local,Geral / Não Especificado,busca_automatica,correta
2026-02-23,IF Baiano Alagoinhas realiza Semana Nacional de Ciência e Tecnologia de 24 a 27 de fevereiro,ba.gov.br,https://news.google.com/rss/articles/CBMixAFBVV95cUxOcEdsMGcyRXlPN1RCSEVwNmVCamI2Nlg0UEhIOVc4RjRLeWxWXzM2MnpBWDl0RUF0QkZNejhjdVlCTF9NdEVicGNuOUZQOWtsdF9yc3lnSVN1M2hWRWdSTFAxWG13N3BZOHJQNTF2YjhNNERHRFFpZDViSUhQOWFlOE9DdGJweU43RVd6VTc2aVBxeV9SUkhBdzhvcV9NNjZJYzJrTkhzZHFPSDQ0Ni11b3BwdG5mclJCdS0tR0c0eFA1WEVQ?oc=5,Pesquisa,Governamental,Alagoinhas,busca_automatica,correta
2026-02-23,SNCT,Portal do Governo da Bahia,https://www.ba.gov.br/secti/noticias/2026-02/2866/if-baiano-alagoinhas-realiza-semana-nacional-de-ciencia-e-tecnologia-de-24-27,Institucional,Governamental,Alagoinhas,curadoria_dicom,correta
2026-02-23,Cursos subsequentes ead,Portal Alerta,https://www.portalalerta.com.br/index.php/2026/02/24/vagas-limitadas-if-baiano-abre-nova-turma-do-curso-tecnico-em-vendas-para-ribeira-do-pombal/,Ensino,Imprensa Local,Serrinha,curadoria_dicom,correta
2026-02-23,Partiu IF 2026,Sul Bahia News,https://www.sulbahianews.com.br/if-baiano-abre-selecao-do-programa-partiuif-com-bolsas-mensais/,Ensino,Imprensa Local,Reitoria (Salvador),curadoria_dicom,correta
2026-02-21,Vagas limitadas - IF Baiano abre nova turma do curso técnico em Vendas para Ribeira do Pombal,Prefeitura de Ribeira do Pombal,https://news.google.com/rss/articles/CBMi0wFBVV95cUxPRm93aGxkZDlCaVZjaFltSXlqbUU1MUx6bzh5SEVsdmVUZnI5elFDYzE2Y2tYYkM1QTB1YjRNVFh4dVR5X2lCa0lGZ1JfRnZ4QTE5ZndpbnR1bHBGb2t2MExPODJtdnA4eUhGVHJkak9LQ1BpQ1MzYkZIeVVWaGpyNFdhWndpNXhjUE5kVFBNNWJidGlYa2FIeWNaOWRLc3NNT3pKMFRwNWV1NTQ0WGdWT3RoQjJiWHZfdEdsRWFqSTV2ZF9LVl92Y1Z2YkNtckhUaVF3?oc=5&hl=en-US&gl=US&ceid=US:en,Gestão e RH,Governamental,Ribeira do Pombal,busca_automatica,correta
2026-02-21,Prosel cursos Ead,Prefeitura de Ribeira do Pombal,https://ribeiradopombal.ba.gov.br/2026/02/21/vagas-limitadas-if-baiano-abre-nova-turma-do-curso-tecnico-em-vendas-para-ribeira-do-pombal/,Ensino,Governamental,Ribeira do Pombal,curadoria_dicom,correta
2026-02-20,Partiu IF,Agência Sertão,https://agenciasertao.com/2026/02/20/if-baiano-inscreve-ate-dia-28-para-560-vagas-no-partiuif-em-14-cidades/,Ensino,Imprensa Local,Reitoria (Salvador),curadoria_dicom,correta
2026-02-20,IF Baiano inscreve até dia 28 para 560 vagas no PartiuIF em 14 cidades,Agência Sertão,https://news.google.com/rss/articles/CBMirAFBVV95cUxPb1hOMVZLU2N1RFJCZkFmcFZIcDMwRTJ2QUlJb045SU9aWlMtZkpxUHAybWxOZ0tWMzRkOV82a3N0WjBsdmYzTV8wemg3bHFOckljRl9FbTdCbkh2Tnd3elBIYnRJVHZIbkZfUHlwVm9YVWhNa09ZVHBjZ0g5U2pBaS1qVE5wdFk4b2RRR3dfTm51eUw4VFlqWjNCdVZFRkVfZ3pOZnZyMlRvV0hI0gGsAUFVX3lxTE9vWE4xVktTY3VEUkJmQWZwVkhwMzBFMnZBSUlvTjlJT1paUy1mSnFQcDJtbE5nS1YzNGQ5XzZrc3RaMGx2ZjNNXzB6aDdscU5ySWNGX0VtN0JuSHZOd3d6UEhidElUdkhuRl9QeXBWb1hVaE1rT1lUcGNnSDlTakFpLWpUTnB0WThvZFFHd19ObnV5TDhUWWpaM0J1VkVGRV9nek5mdnIyVG9XSEg?oc=5&hl=en-US&gl=US&ceid=US:en,Gestão e RH,Imprensa Local,Geral / Não Especificado,busca_automatica,correta
2026-02-15,SNCT,TV Cacau,https://www.tvcacau.com.br/noticia/snct-alagoinhas-aposta-em-programacao-noturna-com-ciencia-inovacao-e-empreendedorismo,Institucional,Imprensa Local,Alagoinhas,curadoria_dicom,correta
2026-02-09,Concursos no nordeste,NE9,https://ne9.com.br/nordeste-tem-mais-de-9-300-vagas-em-concursos-publicos/,Gestão e RH,Imprensa Local,Reitoria (Salvador),curadoria_dicom,correta
2026-02-07,Visita do MEC,Blog do Eloilton Cajuhy,https://blogdoeloiltoncajuhy.com.br/site/mec-se-reune-com-estudantes-e-gestores-do-if-baiano/,Institucional,Imprensa Local,Reitoria (Salvador),curadoria_dicom,correta
2026-02-07,Projeto Manoel Quirino,Cacau e chocolate,https://www.cacauechocolate.com.br/v1/2026/02/07/almadina-recebe-autoridades-estaduais-e-federais-para-lancamento-do-projeto-manoel-quirino-e-anuncio-do-4o-encontro-nacional-do-projeto-cacau-500/,Extensão,Imprensa Local,Uruçuca,curadoria_dicom,correta
2026-02-06,Jornada Pedagógica,Atualiza Bahia,https://atualizabahia.com.br/pre-jornada-pedagogica-2026-prefeitura-de-valenca-inicia-com-foco-na-equidade-e-inclusao/,Extensão,Imprensa Local,Valença,curadoria_dicom,correta
2026-02-06,Jornada Pedagógica,Classe Política,https://classepolitica.com.br/noticia/prefeitura-de-valenca-inicia-pre-jornada-pedagogica-2026-com-foco-na-equidade-e-inclusao,Extensão,Imprensa Local,Valença,curadoria_dicom,correta
2026-02-06,MEC se reúne com estudantes e gestores do IF Baiano — Ministério da Educação,www.gov.br,https://news.google.com/rss/articles/CBMiswFBVV95cUxQdThreDF3NjRnUUZHV1dPZFo2a1JqWGZ1Q3YyaTJvZzZzSTdwd1BWM19vazg1b3RFaTdjaDczR29RQ1I3Rkw0UTFEbVFCNTBWR1hIUUROWUNNMUhGWnUyNTNxUFRrTTNxVEU2YndSeWs2bkFJdmp1SGdMU0tiSklLU1hQeE56MXhQN2hYOTZKOHBuY0tpa2hnRUxaS0dxNnRjcG5ybThEa3lKQ1B3YzdrUjNyQQ?oc=5&hl=en-US&gl=US&ceid=US:en,Ensino,Governamental,Geral / Não Especificado,busca_automatica,correta
2026-02-06,Visita do MEC,Novidades MT,https://novidadesmt.com.br/educacao/mec-se-reune-com-estudantes-e-gestores-do-if-baiano/,Institucional,Imprensa Local,Reitoria (Salvador),curadoria_dicom,correta
2026-02-06,Visita do MEC,Radar Digital Brasília,https://radardigitalbrasilia.com.br/educacao/mec-se-reune-com-estudantes-e-gestores-do-if-baiano/,Institucional,Imprensa Local,Reitoria (Salvador),curadoria_dicom,correta
2026-02-06,Visita do MEC,Portal do Governo Federal,https://www.gov.br/mec/pt-br/assuntos/noticias/2026/fevereiro/mec-se-reune-com-estudantes-e-gestores-do-if-baiano,Institucional,Governamental,Reitoria (Salvador),curadoria_dicom,correta
2026-02-05,Visita do MEC,Bahia.ba,https://bahia.ba/politica/camilo-santana-cumpre-agenda-em-salvador-nesta-quinta-5-para-inaugurar-obras-e-novos-campi/,Institucional,Imprensa Regional (Bahia),Reitoria (Salvador),curadoria_dicom,correta
2026-01-29,Sisu 2026,Portal PNE,https://portalpne.com/sisu-enem/ifbaiano-sisu-2026-resultado-aprovados/,Ensino,Imprensa Local,Reitoria (Salvador),curadoria_dicom,correta
2026-01-27,Partiu IF 2026,Portal Brasil,https://portalbrasil.com.br/partiu-if-2026-lista-completa-de-instituicoes-vagas-e-bolsa-de-apoio-para-estudantes-da-rede-publica/,Ensino,Imprensa Local,Reitoria (Salvador),curadoria_dicom,correta
2026-01-23,IF Baiano – Campus Uruçuca abre inscrições para cursos superiores com vagas pelo SISU 2026,InfoEducação,https://news.google.com/rss/articles/CBMiuAFBVV95cUxOTTBoVkZKVEJYNzdlV2xpWDBDd0I1aDdjWGJoNDV2emNRY3hpWlFrRUlzb3I3LXRBbHlHbXlJZVVFMWNuUEdBNW1xbVJ5enp5Rk41QWluRW5vS2ktbEU4am5TVjhDazRWWmFUOG9kbVctU2lMZTJKaVRaY014ZUxxREZYZzFzMHUwQUxFR1IweGxOSTBVN0hGMHlIMHpRUTJoMHdwZDR1UzR3Q3o4cGpDbzhwVUgydEc4?oc=5,Gestão e RH,Especializados (Nichos),Uruçuca,busca_automatica,correta
2026-01-23,Caminhos Abertos pela Igualdade Racial,Portal do Governo Federal,https://www.gov.br/igualdaderacial/pt-br/assuntos/copy2_of_noticias/caminhos-abertos-pela-igualdade-racial-promove-encontro-de-pesquisadores-em-camacari,Institucional,Governamental,Reitoria (Salvador),curadoria_dicom,correta
2026-01-21,Sisu 2026,Ilheus 24h,https://ilheus24h.com.br/if-baiano-campus-urucuca-abre-inscricoes-para-cursos-superiores-com-vagas-pelo-sisu-2026/,Ensino,Imprensa Local,Uruçuca,curadoria_dicom,correta
2026-01-21,Sisu 2026,Info Educação,https://infoeducacao.com.br/if-baiano-campus-urucuca-abre-inscricoes-para-cursos-superiores-com-vagas-pelo-sisu-2026/,Ensino,Especializados (Nichos),Uruçuca,curadoria_dicom,correta
2026-01-20,Sisu 2026,Grupo Lomes de Comunicação,https://glomes.com.br/if-baiano-amplia-oferta-de-vagas-no-sisu-em-29-cursos-presenciais/,Ensino,Imprensa Local,Reitoria (Salvador),curadoria_dicom,correta
2026-01-20,IF Baiano amplia oferta de vagas no SiSU 2026 em 29 cursos presenciais,Grupo Lomes de Comunicação,https://news.google.com/rss/articles/CBMikgFBVV95cUxPbE5GWk5UQXJlY2NOWXY2ZzR2WmVxbkNUTjNRaDZLcjAzTDVlbWNwaDgxUmhnTnBNUmY1U21jUGlaWGVfNFF2czBXWkNLVnE5YzQxR3dtdnJIdVNyS0FQa1FYdURKMTFOMlFPeWdVVC1ROWVqOW1RNmppSUNLRkk0dWcyclRTSVNyLVFjb2Njc0ktQQ?oc=5,Gestão e RH,Imprensa Local,Geral / Não Especificado,busca_automatica,correta
2026-01-20,IF Baiano – Campus Uruçuca abre inscrições para cursos superiores com vagas pelo SISU 2026,blog do gusmão,https://news.google.com/rss/articles/CBMixwFBVV95cUxQU0thcjk3YmVzZFhrN1BkNTJpZEczNEpBcWVfQ2FGdjdTT2MxZ1RQTC05clFNWl9aSkVUVkV1Zk56R0F1aEhTY0I2OGtIdHgySm5uUmotU3VxdVNnVFlsbWxjSXM0VGszNnJRaFFnaGU5am9rbGdrTmRBWEFFT0lIRmIzNWp4YTZlUS1rOVM1cjVXbXNxd3dPX3BueEhibHliZTNjaUFVel9BdWl1RENDUngxLWV5MXhZMVRKQVl2QnduS2Rfako0?oc=5&hl=en-US&gl=US&ceid=US:en,Gestão e RH,Imprensa Local,Uruçuca,busca_automatica,correta
2026-01-20,Sisu 2026,Folha do Estado,https://www.jornalfolhadoestado.com/educacao/if-baiano-amplia-oferta-de-vagas-no-sisu-em-29-cursos-presenciais,Ensino,Imprensa (Nacional),Reitoria (Salvador),curadoria_dicom,correta
2026-01-19,Sisu 2026,Muita Informação,https://muitainformacao.com.br/cidades/sisu-2026-abre-inscricoes-nesta-segunda-feira-e-oferta-mais-de-24-mil-vagas-na-bahia/,Ensino,Imprensa Local,Reitoria (Salvador),curadoria_dicom,correta
2026-01-19,Sisu 2026: veja cursos e vagas do IF Baiano,Tribuna da Bahia,https://news.google.com/rss/articles/CBMiigFBVV95cUxNVzEwdEwtY1pXUW9rRmNlb3ZWTmh4ZXJhbEpLa2NwWXA5Wk12MkJsNUxqQ0Y0V0R5amJ5WDBCS2FpMFJYaVBOb1ZhY2Yza3d2RE1ZbWUzTVZvSGhVTDR4MVhfTWZTb0QtaG9RTDJoSXoxN3J3Q1Z6eEdzel95VGJueWxGRGYwZ0xPRXc?oc=5,Gestão e RH,Imprensa Regional (Bahia),Geral / Não Especificado,busca_automatica,correta
2026-01-19,Notas de corte IFBAIANO SISU 2025 – Escola pública – renda – PcD,Blog do Vestibular,https://news.google.com/rss/articles/CBMiowFBVV95cUxOQ2YwWWcwNXMxWXpmRHk0QmtlQm4weEJJVmQ5TmZUT2FaSXNGNS0yZEhIWEU3MnRadEhRamdQVS1IR2s1dENjQ0NUWGFqLTVYLUtjUlZGdmdGSkJrQk4tb2tIRElBMzdJd0lQSFVEd2huSHZpUHZNWkZuRV9yZVhUZlprODVCa1hOdUJybkEybXZyeGhiZlkwQThQYUx3OWRtRTlz?oc=5&hl=en-US&gl=US&ceid=US:en,Ensino,Especializados (Nichos),Geral / Não Especificado,busca_automatica,correta
2026-01-19,Sisu 2026,Se ligue Bahia,https://seliguebahia.com.br/brasil/sisu-2026-abre-inscricoes-na-segunda-com-2748-mil-vagas-em-universidades-publicas/,Ensino,Imprensa Local,Reitoria (Salvador),curadoria_dicom,correta
2026-01-19,Sisu 2026,Farol da Bahia,https://www.faroldabahia.com.br/noticia/inscricoes-para-o-sisu-2026-comecam-na-segunda-feira-19-e-ofertara-quase-25-mil-vagas-na-bahia,Ensino,Imprensa Regional (Bahia),Reitoria (Salvador),curadoria_dicom,correta
2026-01-19,Projeto Uruçu na Cabruca,Tabôa,https://www.taboa.org.br/a-taboa/noticias/496-meliponicultura-lancados-novos-videos-sobre-manejo-de-urucu-amarela,Extensão,Imprensa Local,Uruçuca,curadoria_dicom,correta
2026-01-19,Sisu 2026,Tribuna da Bahia,https://www.trbn.com.br/materia/I147008/sisu-2026-veja-cursos-e-vagas-do-if-baiano,Ensino,Imprensa Regional (Bahia),Reitoria (Salvador),curadoria_dicom,correta
2026-01-18,Notas de corte – IFBAIANO/SISU 2025 – Ampla Concorrência,Blog do Vestibular,https://news.google.com/rss/articles/CBMimwFBVV95cUxQOHRFTFVWVThIVTVYMmdfMFR4UlQzRzBBWk8taU5fOFFWWElmdEttalV4eWZ1X0RtcDlMS3JFUlJFc2NpcG1WREtuMU4ydjZaTjlqbTJnaktQbkpzM2tTVHpaSmFVS2V4QnFNWjQ1amI0NHN4NzVZNjZoWEJFanpGNnVrUFZpdU53UEJpMU11UDBpNWlwRDNZUUVrYw?oc=5&hl=en-US&gl=US&ceid=US:en,Ensino,Especializados (Nichos),Geral / Não Especificado,busca_automatica,correta
2026-01-18,Guanambi tem 273 vagas em cursos superiores pelo Sisu no IF Baiano e na Uneb,Agência Sertão,https://news.google.com/rss/articles/CBMitAFBVV95cUxNcXpBYjBVZHlZT1ZacmR2T0pPdzJaYjExWnRpT3Z6bnlYTlNkUTNrWVNXWl9uZWl0SnZ5SnF2cEZLc1VQbFRDLXR5Z3dpbkJSZFU0ZzdJZmdYTk9GYzd1YTF6R0FHMF9XX3dpRk1BMEhhY3hfbFB2TzBOOFZlcXcxT3V0NDZiM1FPd2tBcUcwT1Vra2dSd1dGT2F5RjZpRWpNMzVKVjM5SUV1TVI3MHI5MHN5eEHSAbQBQVVfeXFMTXF6QWIwVWR5WU9WWnJkdk9KT3cyWmIxMVp0aU92em55WE5TZFEza1lTV1pfbmVpdEp2eUpxdnBGS3NVUGxUQy10eWd3aW5CUmRVNGc3SWZnWE5PRmM3dWExekdBRzBfV193aUZNQTBIYWN4X2xQdk8wTjhWZXF3MU91dDQ2YjNRT3drQXFHME9Va2tnUndXRk9heUY2aUVqTTM1SlYzOUlFdU1SNzByOTBzeXhB?oc=5&hl=en-US&gl=US&ceid=US:en,Gestão e RH,Imprensa Local,Guanambi,busca_automatica,correta
2026-01-16,Sisu 2026,CN1,"https://www.cn1.com.br/noticias/13/139051,quase-25-mil-vagas-do-sisu-2026-estao-disponiveis-nas-universidades-baianas",Ensino,Imprensa Local,Reitoria (Salvador),curadoria_dicom,correta
2026-01-15,Campus do IF Baiano de Bom Jesus da Lapa abre 45 vagas para os cursos de Engenharia Agronômica e Gestão da Tecnologia da Informação,Notícias da Lapa,https://news.google.com/rss/articles/CBMinAJBVV95cUxNYlRNbGppSm9vNVRnWmY1YXhMNVpyXzkwZDFYUDYtSVcxdm9YdTRGY1ZBWGJObmF5Q3l1T0lTWFBTNjkzZWhZWXJDbVVsTGltclpucGVXTWxpZGNqMG9mcG15R181RGxCNXk5RHFxTkZwR3dxMUpfTmhkakRfLXlSS3gxRTU4TDg4eXNyU2ZjU2FIeDQySnkxbUNCV0ZiaFRNb3BtZDB6MndEMTRfZkVoeUZxVS1Pdm5RZ0YtN2lDVU5VWHlLbVByYmJnakV3dUt5NXRkWmpZNmpEQ1FNdE02U0t0REJvZUR4UFFuQzl4NDdHLUFlbjhCV1owX01LWC11ZUdvR1EyOGphMGVBQmpWNnNEb0M5XzBfNUx0eQ?oc=5&hl=en-US&gl=US&ceid=US:en,Gestão e RH,Imprensa Local,Bom Jesus da Lapa,busca_automatica,correta
2026-01-15,Instituto Federal Baiano abre processo seletivo com 1 vaga em Serrinha BA,Folha Dirigida,https://news.google.com/rss/articles/CBMipwFBVV95cUxNeHdXNVZkQ1VXZXl1R1gzQ2VMeDA2QS1BbFZfRVB3RDFKYUdnVjBlVm1OM2RyVi1jSmJaUmoyWVFXNnBDVk9tZHNHR1RkeE5xdEFoNlUyZHNEVGJ0cUJXVVdaYXFJYXJuVVVmM2V2X1oybTIyQ2hSdXBqbzJNMksxVmw5QlZHUzY2NEJPSkFaNHVGRF9tUDJVNVVxQTZsVXVWajUtSGlzRQ?oc=5,Gestão e RH,Imprensa (Nacional),Serrinha,busca_automatica,correta
2026-01-15,IF Baiano oferta 190 vagas no SiSU 2026 para cursos de graduação no Campus Guanambi,Agência Sertão,https://news.google.com/rss/articles/CBMivgFBVV95cUxQTW84VjU3bG1vVjhLUVB5Yzk5a3lzc3pJSkF4bVgtLTZVMmVETmpzeS1odVBJZ3RBWGdWT2FyWGhlT0toUkNiRFk0QlRIYUlwNm5FN3BTVHcxb0Q3Ukhzc0FpZWRTbFowQU9VS2pHQzFNMk12anlwdTFfN0tQWk53U1UteTdfSVNtZDN5YmRuYjNaVTdORXR3ZklZNUxvZkhGUUlIZzNxQks0ODRkM0NqNGFrMVZCUjVEbi1SWXBn0gG-AUFVX3lxTFBNbzhWNTdsbW9WOEtRUHljOTlreXNzeklKQXhtWC0tNlUyZUROanN5LWh1UElndEFYZ1ZPYXJYaGVPS2hSQ2JEWTRCVEhhSXA2bkU3cFNUdzFvRDdSSHNzQWllZFNsWjBBT1VLakdDMU0yTXZqeXB1MV83S1BaTndTVS15N19JU21kM3liZG5iM1pVN05FdHdmSVk1TG9mSEZRSUhnM3FCSzQ4NGQzQ2o0YWsxVkJSNURuLVJZcGc?oc=5&hl=en-US&gl=US&ceid=US:en,Gestão e RH,Imprensa Local,Guanambi,busca_automatica,correta
2026-01-14,IF Baiano lança novo Processo Seletivo no Campus Serrinha,PCI Concursos,https://news.google.com/rss/articles/CBMinwFBVV95cUxNcmNBbFhCWG1YVHpyU3pMekx6czZMUkp0c3pGcWdpcGI2RjlfR2lJbWpMcG9CNzlzekNXVEdueXIwRzRiN0VzVTdSclZkYXRYcmJ1TDRTQWVhYVdOZEZjRHpydWtPdWtUd2F6bGRTaHJjcDBnSm1TWVMxODczcVpVUTF6dE56alhtcE9fYnFrU2NTZVEzaUFIOHBsSC16cjQ?oc=5,Gestão e RH,Especializados (Nichos),Serrinha,busca_automatica,correta
2026-01-14,IF BAIANO ABRE INSCRIÇÕES EM PROCESSO SELETIVO PARA CURSOS TÉCNICOS NO SUL DA BAHIA,Pimenta Blog,https://news.google.com/rss/articles/CBMiuwFBVV95cUxOUEJpNlVYVnlMX1JFUGlWWnM1dW9hWDNfVVMzUTdLdEQzRTBnWEVpZjJDelBRU2lFR25aZkRZWUdjSldLa0puUWxHcmxPVWFuV19oZUVvVHNzN1RDZGpaalZqVU9jaE0yZFc3cE5XbzJTMlppc0xoaUdEX1IweFBQd0dlTkg1MXQ0Nk96OElDNHhNamFNd1FYaEkzNHhhOXo0TFUxenpZamg1QklHamVjU2ZzYnpzMFEzSTZv?oc=5,Gestão e RH,Imprensa Local,Geral / Não Especificado,busca_automatica,correta
2026-01-14,Prosel vagas remanescentes,Pimenta Blog,https://pimenta.blog.br/2026/01/14/if-baiano-abre-inscricoes-em-processo-seletivo-para-cursos-tecnicos-no-sul-da-bahia/,Gestão e RH,Imprensa Local,Uruçuca,curadoria_dicom,correta
2026-01-13,Sisu 2026,CNN Brasil,https://www.cnnbrasil.com.br/educacao/sisu-2026-mec-divulga-numero-de-vagas-por-estado-confira-lista/,Ensino,Imprensa (Nacional),Reitoria (Salvador),curadoria_dicom,correta
2026-01-13,Seleção tradutor de libras,Librasol,https://www.librasol.com.br/if-baiano-abre-seletivo-para-tradutor-e-interprete-de-libras-com-salario-de-r-49-mil/,Gestão e RH,Imprensa Local,Valença,curadoria_dicom,correta
2026-01-12,Concurso professor substituto,Concursos no Brasil,https://concursosnobrasil.com/concursos/ba/2026/01/12/if-baiano-abre-seletivo-para-tradutor-e-interprete-de-libras-com-salario-de-r-49-mil/,Gestão e RH,Especializados (Nichos),Valença,curadoria_dicom,correta
2026-01-09,Visita técnica do MEC,Pombal Notícias,https://pombalnoticias.com.br/2026/01/09/visita-tecnica-do-mec-marca-avanco-para-implantacao-do-if-baiano-em-ribeira-do-pombal/,Institucional,Imprensa Local,Ribeira do Pombal,curadoria_dicom,correta
2026-01-08,Concurso IF Baiano Valença BA abre 1 vaga para tradutor de Libras,Folha Dirigida,https://news.google.com/rss/articles/CBMioAFBVV95cUxNS3dtU1RaMy1LVnJ2WW5TRzhxNXZGMExwY2NhcGFTeUtxdWg0MWd0Y3hqejBZa21YdzZRUWU0UC0wTUQ2MVRQMTdDT1FuNEZFZVBPOTJyWERTUnZVSVRzYlNSbFZJQWM1MG96ZU1hbm1YR21QckF2THZ0a1NyQzJPdlhJcmhZTHZrenVUS2I1c2F6UnJpR0NiaXEwMkpZeUJL?oc=5&hl=en-US&gl=US&ceid=US:en,Gestão e RH,Imprensa (Nacional),Valença,busca_automatica,correta
2026-01-08,Concurso IF Baiano Teixeira de Freitas BA: 1 vaga para professor substituto,Folha Dirigida,https://news.google.com/rss/articles/CBMisAFBVV95cUxOb0k5WE1yZlZ5NXlRV3Z5WmVlNWdNN1NaRFdmRmpuOXQwdVNZcHYtOXAwZEFpa0tReVlfTGNWa0Ezck9nQTlVNE9xTmVLd211Nlp0c3BfY1k2akpMOE5Ca3NCZ0RlbzQ1QVlmU3BiNnJORE9BN3ZEVGQ5UXViZEkxa2d1RXVtaURkenl4T2d6cXdPWHBSTE04a0NzSjZNNWpZak5oVHMzcFlMeGxIbnZqLQ?oc=5&hl=en-US&gl=US&ceid=US:en,Gestão e RH,Imprensa (Nacional),Teixeira de Freitas,busca_automatica,correta
2026-01-08,IF Baiano lança edital de Processo Seletivo para o campus de Teixeira de Freitas,PCI Concursos,https://news.google.com/rss/articles/CBMivgFBVV95cUxPSV9memhUMHhYV1BST2FTS3lDaVJzUEZNa19HRmcxWTRDYWNVWXVQak9QTVRsQUZORWtxdmpJNHJQN0p5N3hKVHROSndBQXM5YUhNS09nSGF4SHp0dUk5TlBqRlU4N1NrVjhBMldWV2FUYnhzRGJOeFNHTXZEcU41TDJBV2hBVTJLcGIwQ1VRbEdCUTJNcUtKYWtTYnIyWUFjNDJLRmhHd2ZpaGJERDFvZTlQd0J1X1Vac3NBTHZn?oc=5&hl=en-US&gl=US&ceid=US:en,Gestão e RH,Especializados (Nichos),Teixeira de Freitas,busca_automatica,correta
2026-01-08,Visita técnica do MEC marca avanço para implantação do IF Baiano em Ribeira do Pombal,Prefeitura de Ribeira do Pombal,https://news.google.com/rss/articles/CBMiywFBVV95cUxOQUQyWFYxRDhFVzJIWDBzY0gtQm8tbnhHLXdEbllGSkZUd2Fwd2d0QkJaZHVoYVRCSmJCYjVIX2twOU1mNUZDcUhtWXJPcDZjMHQ0ZFJMQmRNNmRDUno2M2luQktyc0ZyR2pGTDJVTXhGSGtwbVE4Mi02VWFxRkF5VkN4MXJ3MmU0YVlCZjVJQUdzSXdnXzU2MUxSN0pOVHBPTGxjcS1Dd3laNUgxTmd5ZUx4akN6T0hvSWVSblNOamswc3FGZDhDeDJqQQ?oc=5&hl=en-US&gl=US&ceid=US:en,Institucional,Governamental,Ribeira do Pombal,busca_automatica,correta
2026-01-07,IF Baiano abriu processos seletivos para professores em três cidades,Agência Sertão,https://news.google.com/rss/articles/CBMiqgFBVV95cUxPdmhsc3dVLUE5aU9yNVZ2RG5nMUppRkI2Mm0xQzFJX182aDllQ1pIVVhsa2pieFo5bk05clRHaEhmVGhCRk8yQzBaR21FYlIzeDJVTnVaZGFpSXJYX3R0WlNrcjMyVzlyR0w1aERJMW84OGVsY2RyVUZCMjhUYWg5X3poanpxSTZDaUJxMnBRQ253SjhJYk96SFZ4TURWMkkxeEllQnoxRUppd9IBqgFBVV95cUxPdmhsc3dVLUE5aU9yNVZ2RG5nMUppRkI2Mm0xQzFJX182aDllQ1pIVVhsa2pieFo5bk05clRHaEhmVGhCRk8yQzBaR21FYlIzeDJVTnVaZGFpSXJYX3R0WlNrcjMyVzlyR0w1aERJMW84OGVsY2RyVUZCMjhUYWg5X3poanpxSTZDaUJxMnBRQ253SjhJYk96SFZ4TURWMkkxeEllQnoxRUppdw?oc=5&hl=en-US&gl=US&ceid=US:en,Gestão e RH,Imprensa Local,Geral / Não Especificado,busca_automatica,correta
2026-01-07,IF Baiano lança edital de Processo Seletivo para o campus de Valença,PCI Concursos,https://news.google.com/rss/articles/CBMirgFBVV95cUxOTGhjWTdpNmxvOHJiaUQzcHhoekZsd0laYk03S0FBbHIwRlpXal9LdkpjWXBHTjdDTU9DcUtPYVZrX3JuYWFnWl90aU1ZeVFCYzZjVGFMamVXNFpZQ09yRGpzUVE1ZW9YbnBleE1kajBNZU1DYUtjR2lyNXdzeXo4dkVfRUZZNWthZlhPUVVxUERGRHVlOS1TQUlwRjNnNEhQTUhwOGVfOGRxY1dlTnc?oc=5&hl=en-US&gl=US&ceid=US:en,Gestão e RH,Especializados (Nichos),Valença,busca_automatica,correta
2026-01-07,"IFBAIANO abre concurso com 1 vaga; salário chega a R$ 4.967,04",O TEMPO,https://news.google.com/rss/articles/CBMiswFBVV95cUxPVjhKZ05kdVFmcXRCOGh3LXAwX1FXTnVqVUFwMnhaZUEzbjNBaWtQX1F2eGFyQ2w0Z0VBU2pSeUNIa2dHd0RhVjBYNkR0UW5LX0lOTEItbDlYdXI3Y1VacmpueGRUaXhkTFZ4cVNRTHNTRlRzeGVMdkhtdVhPeDVwT1NMU3A1WUFtWnJKU1hBQXZ3bTRfWk9wa0d0QXg4bjVTcWRrLVhpa0NUVkNQSWFfZG5pYw?oc=5&hl=en-US&gl=US&ceid=US:en,Gestão e RH,Imprensa (Nacional),Geral / Não Especificado,busca_automatica,correta
2026-01-07,IF Baiano abre vaga para Técnico em Libras em Valença,Ache Concursos,https://news.google.com/rss/articles/CBMitgFBVV95cUxNd0ZPcGFzd0Rlb1p5LUkyMXVxWjE5SmJuNzlDNmI4Vk9BLUk3bTRmU2kyallpbC1mZ3hzN2hBWHdkRDh4eVlLaXpqYUNWdk1oNDBDMi16aUpiMDZwOW8wTEs2TGxFdUF5dU52UmdubkhfaFNzY3VIdnFwTUZSNTVKRENDbG9jWGZuVEtLMlY4UnUwazEyS1Fsc0ppam9iNzRvd1prcUNSLVM3RldMdGxlNHJNZW1yQdIBuwFBVV95cUxQTkNzMmR5UkxaZUpaOU5od3NUMjUyWnQxdWdHaGprOWllcmJKU3l5R3B4bmkwblJFU0JSbUx5VU1iVzJIM28tRWJhaVBCNGc0YklKbXNjTF9lcTBZbWIySTZvSU1VUlV5cy0xczlrdXdkZW92TURVRGxzTzB6UVVJS3dYX3VaYldON3RLZS1XY2ZmODNFYjFZczNhNFFFbUh1MXFHT0N1V3dINGhRNWRuZDFsOExJZkVpcWdj?oc=5&hl=en-US&gl=US&ceid=US:en,Gestão e RH,Especializados (Nichos),Valença,busca_automatica,correta
2026-01-06,Seleção professor substituto,QConcursos,https://folha.qconcursos.com/n/if-baiano-abre-processo-seletivo-para-professor-substituto-de-sociologia-no-campus-catu,Gestão e RH,Especializados (Nichos),Catu,curadoria_dicom,correta
2026-01-06,"IFBAIANO abre concurso para professor com salários de até R$ 8.058,29; saiba como se inscrever",O TEMPO,https://news.google.com/rss/articles/CBMi3gFBVV95cUxNQVNYT0F4ZmxWeXZmWTFyb1FfYTlzVm5UV0RnQlVVQkNTd2FUbmIwQWtIZXVOcVktSGxhYzBSTm44Z0o5MHNGRF9fMUhtVjdPXzB2eUcxT2xaM0JTRDl3NEw3Q293cVlxclN0S3pFQnZsOVViWFNuQ3VlM1JPR1NEMGlWTFFhLTMzakh1T1Fid0NHUzlOOVNVRm11WkoteXVGX1AzTXNhUjlQbUhzWUJxX0tGVE56VFdieXlRWjRHZVA5NXFUdVNkbzh3bHd3S2JlV3hXQmJuY0VOekVCcmc?oc=5&hl=en-US&gl=US&ceid=US:en,Gestão e RH,Imprensa (Nacional),Geral / Não Especificado,busca_automatica,correta
2026-01-06,Concurso IF Baiano Santa Inês BA: 1 vaga professor substituto Artes,Folha Dirigida,https://news.google.com/rss/articles/CBMipwFBVV95cUxOZF9VUFFPQ2VyRm5SOHhfOWVWSmJJbW9Yc295alB0eGh2eHFNX3RHNTZaZHhnQkdrNDZidm5KanhsTFMwU3RlNEFqVVlEZ0wzM3ZULXE1VXhiUWJCSWdvbHp1QUowT19TY1FpQ29zbVVRekd1LWwzcFYxMi11NmxzbE9oN0t2ZDZFVUJfN284dVBBTnVNRnItMkwwQWNYZXpJQnE1SFB5Zw?oc=5&hl=en-US&gl=US&ceid=US:en,Gestão e RH,Imprensa (Nacional),Santa Inês,busca_automatica,correta
2026-01-06,IF Baiano abre vagas para Professor de Arte,Ache Concursos,https://news.google.com/rss/articles/CBMirAFBVV95cUxNaFI2dm8wT1ZtYjZBNjdRSjVTVktDcVZCOTZSUzRRXzBpZjRpbHhyazZjOU85Mks5RlVOWFV1MHNUQUhrcUN0VkhXR0dpTVp4ZXZMbERyVi1aSk1VaXA5Q0Z3Nk1fZEJRbnJITUhVUThDQ1h4NkRkVi1GYVhUVFpxMURzZUkzOHg5anFHQ1MtU0dGTV9lcDNPaGlodFRZNXR6MTBOSGZIYVpuRTlN0gGyAUFVX3lxTE9fS2ZFVU9ZejJoeEtPeTdCaDN6bWxmWlZGbmVrbGFDVlBmRkZKVm41MXdWRE8zblNrMG9Mb1dFS2dtOWpPYU5XREZ4Zlhyd0xPNDVvX3dDU2tRWlBVd2puVmg1bC1IaWFDZmNQTnJacUlVR1h1Tk9UZXRBaVlpTjdyVVA1TzJTemUwMFdmWWYtRDNWamwxUUdTN1lfczR4QWlHUFFoOGZtR0lQU0JtaUMxdmc?oc=5,Gestão e RH,Especializados (Nichos),Geral / Não Especificado,busca_automatica,correta
2026-01-06,IF Baiano publica edital de Processo Seletivo para o campus de Santa Inês,PCI Concursos,https://news.google.com/rss/articles/CBMitAFBVV95cUxPREp4c1lDYWdkdmRGY0t2b180c1V2VnFvTmxrNVg0YVdMMVVDejRDNHFpQWF0MkFQbmNOM21qU3BCeTJyaTh5eGdWM1d4QU01a2NIZlVzcVhXVjVncXBqTUZlaWNqN2tQb2dod3RDc1NJTFZacjRjejJwNV8yZmFRSFdEeS14cGVmT3JqcWFYeGlOS3A0OVNHZ2Y5ckR2Q1gtOFV6MjlJaVdoNWZLZWhfMklEeGg?oc=5&hl=en-US&gl=US&ceid=US:en,Gestão e RH,Especializados (Nichos),Santa Inês,busca_automatica,correta
2026-01-06,IF Baiano Catu abre processo seletivo para professor de sociologia,Folha Dirigida,https://news.google.com/rss/articles/CBMiugFBVV95cUxQTGt6clE3enVOQU5xaHRZVjdXUFYyeGN5MldkcHlFWWlBN0lCUDBCUlJXZldGS013Qk9iMXJxVW1Sc2VkZVpUbkFxMld1cXQ3MExNdDlPMmx1UXBYZE1DNVRzYTE4UU9sMjgxdjJjajNHM295RmRneW44NnJ3cFZpM0tiLXFzYU9fTVhDYTZJSnhYVGhjc3RvVW82Wmp1ZEJCeVBBblc3Umh4Zld2VXR0YVJUOHRRMTZvMlE?oc=5&hl=en-US&gl=US&ceid=US:en,Gestão e RH,Imprensa (Nacional),Catu,busca_automatica,correta
2026-01-06,IF Baiano abre Processo Seletivo para Professor Substituto de Sociologia no Campus Catu,PCI Concursos,https://news.google.com/rss/articles/CBMixwFBVV95cUxNbWxGYW5oVkFDNldKLTEwb1RBOUV2S2V0SVAwNlVZUGZGWnk0TzNaNmItZzlBTjI1R2VYWnVIRVNaYmNVREl4N3FSVVI0SGI1THRKYjNjTFVUWm81SXpzNUxiTGFYdW1QVWJ5R18ycURsV0pWMnZ5VkVqR1dqQXJIX1UwWXpYWjhsTk5TZTg5eUx1S2Y3ajZsclV3Q1FlWDdFZHlwejYzQXpBOHR2eDRCeU1TZ3lhb2RLZlBCX3p1UGttemFVWFFF?oc=5,Gestão e RH,Especializados (Nichos),Catu,busca_automatica,correta
2026-01-06,Concurso professor substituto,O Tempo,https://www.otempo.com.br/emprego-e-concursos/2026/1/6/ifbaiano-abre-concurso-para-professor-com-salarios-de-ate-r-805829-saiba-como-se-inscrever,Gestão e RH,Imprensa (Nacional),Santa Inês,curadoria_dicom,correta
2026-01-01,Apoio para Expedição científica,News Infoco,https://newsinfoco.com.br/inicio/estudantes-do-if-baiano-buscam-apoio-para-expedicao-cientifica-na-argentina/,Pesquisa,Imprensa Local,Alagoinhas,curadoria_dicom,correta
2026-01-01,IF Baiano inicia atividades acadêmicas em Santo Estêvão ...,https://www.threads.com/@jornalgrandebahia/post/Dd64DWNoK7-/if-baiano-inicia-atividades-academicas-em-santo-estevao-com-curso-de/,https://www.threads.com/@jornalgrandebahia/post/Dd64DWNoK7-/if-baiano-inicia-atividades-academicas-em-santo-estevao-com-curso-de/,Institucional,Especializados (Nichos),Santo Estêvão,busca_automatica,correta
